ISO-10303-21;
HEADER;
FILE_DESCRIPTION (( 'STEP AP214' ),
    '1' );
FILE_NAME ('LED-TH_4P-BD5.8-P1.30-RGB.step',
    '2026-03-13T01:31:23',
    ( '' ),
    ( '' ),
    'SwSTEP 2.0',
    'SolidWorks 2021',
    '' );
FILE_SCHEMA (( 'AUTOMOTIVE_DESIGN' ));
ENDSEC;

DATA;
#1 = CARTESIAN_POINT ( 'NONE',  ( 2.500000000000000000, 0.3015592481772202960, 0.3775764221548519872 ) ) ;
#2 = AXIS2_PLACEMENT_3D ( 'NONE', #770, #3563, #11187 ) ;
#3 = CARTESIAN_POINT ( 'NONE',  ( -0.9000000000000000222, 0.2500000000000000000, -3.182398797249132245E-17 ) ) ;
#4 = B_SPLINE_CURVE_WITH_KNOTS ( 'NONE', 3,
 ( #4650, #10536, #9615, #5641 ),
 .UNSPECIFIED., .F., .F.,
 ( 4, 4 ),
 ( 6.000000000000000000, 7.000000000000000000 ),
 .UNSPECIFIED. ) ;
#5 = CARTESIAN_POINT ( 'NONE',  ( 2.500000000000000000, 1.097026042056302497, 0.4323716643446927632 ) ) ;
#6 = CIRCLE ( 'NONE', #6877, 2.500000000000000000 ) ;
#7 = MECHANICAL_DESIGN_GEOMETRIC_PRESENTATION_REPRESENTATION (  '', ( #9491 ), #395 ) ;
#8 = CARTESIAN_POINT ( 'NONE',  ( 2.500000000000000000, 0.1298432282970055640, 0.2521816174471440686 ) ) ;
#9 = VERTEX_POINT ( 'NONE', #1655 ) ;
#10 = PRESENTATION_LAYER_ASSIGNMENT (  '', '', ( #2385 ) ) ;
#11 = PRESENTATION_LAYER_ASSIGNMENT (  '', '', ( #4944 ) ) ;
#12 = MECHANICAL_DESIGN_GEOMETRIC_PRESENTATION_REPRESENTATION (  '', ( #5724 ), #583 ) ;
#13 = FACE_OUTER_BOUND ( 'NONE', #2137, .T. ) ;
#14 = LINE ( 'NONE', #5559, #8692 ) ;
#15 = VECTOR ( 'NONE', #1383, 1000.000000000000000 ) ;
#16 = VECTOR ( 'NONE', #3799, 1000.000000000000000 ) ;
#17 =( NAMED_UNIT ( * ) PLANE_ANGLE_UNIT ( ) SI_UNIT ( $, .RADIAN. ) );
#18 = MECHANICAL_DESIGN_GEOMETRIC_PRESENTATION_REPRESENTATION (  '', ( #12044 ), #2973 ) ;
#19 = FILL_AREA_STYLE_COLOUR ( '', #190 ) ;
#20 = ORIENTED_EDGE ( 'NONE', *, *, #10854, .T. ) ;
#21 = B_SPLINE_SURFACE_WITH_KNOTS ( 'NONE', 3, 1, ( 
 ( #1658, #2748 ),
 ( #10312, #719 ),
 ( #10205, #8567 ),
 ( #6739, #10559 ) ),
 .UNSPECIFIED., .F., .F., .F.,
 ( 4, 4 ),
 ( 2, 2 ),
 ( 5.000000000000000000, 6.000000000000000000 ),
 ( 0.000000000000000000, 1.000000000000000000 ),
 .UNSPECIFIED. ) ;
#23 = VERTEX_POINT ( 'NONE', #3505 ) ;
#22 =( NAMED_UNIT ( * ) SI_UNIT ( $, .STERADIAN. ) SOLID_ANGLE_UNIT ( ) );
#24 = DIRECTION ( 'NONE',  ( -1.000000000000000000, -0.000000000000000000, -0.000000000000000000 ) ) ;
#25 = ORIENTED_EDGE ( 'NONE', *, *, #10695, .F. ) ;
#26 = COLOUR_RGB ( '',0.000000000000000000, 0.000000000000000000, 0.000000000000000000 ) ;
#27 =( GEOMETRIC_REPRESENTATION_CONTEXT ( 3 ) GLOBAL_UNCERTAINTY_ASSIGNED_CONTEXT ( ( #2667 ) ) GLOBAL_UNIT_ASSIGNED_CONTEXT ( ( #6496, #10421, #5707 ) ) REPRESENTATION_CONTEXT ( 'NONE', 'WORKASPACE' ) );
#29 = ORIENTED_EDGE ( 'NONE', *, *, #8836, .T. ) ;
#28 = COLOUR_RGB ( '',0.000000000000000000, 0.000000000000000000, 0.000000000000000000 ) ;
#30 = CARTESIAN_POINT ( 'NONE',  ( -0.9000000000000002442, 0.2500000000000000000, -3.000000000000000000 ) ) ;
#31 = CARTESIAN_POINT ( 'NONE',  ( 2.500000000000000000, 0.3189232053793272237, 0.5715952493389055977 ) ) ;
#32 = B_SPLINE_SURFACE_WITH_KNOTS ( 'NONE', 3, 1, ( 
 ( #11071, #6332 ),
 ( #5414, #9244 ),
 ( #3466, #731 ),
 ( #10325, #12031 ),
 ( #11016, #6262 ),
 ( #3572, #7341 ),
 ( #2523, #2651 ) ),
 .UNSPECIFIED., .F., .F., .F.,
 ( 4, 3, 4 ),
 ( 2, 2 ),
 ( 0.000000000000000000, 1.000000000000000000, 2.000000000000000000 ),
 ( 0.000000000000000000, 1.000000000000000000 ),
 .UNSPECIFIED. ) ;
#33 = MECHANICAL_DESIGN_GEOMETRIC_PRESENTATION_REPRESENTATION (  '', ( #2189 ), #5331 ) ;
#34 = FILL_AREA_STYLE ('',( #3610 ) ) ;
#35 = UNCERTAINTY_MEASURE_WITH_UNIT (LENGTH_MEASURE( 1.000000000000000082E-05 ), #11003, 'distance_accuracy_value', 'NONE');
#36 = DIRECTION ( 'NONE',  ( 0.000000000000000000, 1.000000000000000000, 3.862017820300888103E-15 ) ) ;
#37 = LINE ( 'NONE', #1116, #9418 ) ;
#38 = LINE ( 'NONE', #7560, #7911 ) ;
#39 =( GEOMETRIC_REPRESENTATION_CONTEXT ( 3 ) GLOBAL_UNCERTAINTY_ASSIGNED_CONTEXT ( ( #3343 ) ) GLOBAL_UNIT_ASSIGNED_CONTEXT ( ( #905, #4812, #8525 ) ) REPRESENTATION_CONTEXT ( 'NONE', 'WORKASPACE' ) );
#40 = PRESENTATION_STYLE_ASSIGNMENT (( #2737 ) ) ;
#41 = EDGE_CURVE ( 'NONE', #2107, #4518, #3770, .T. ) ;
#42 = EDGE_CURVE ( 'NONE', #5570, #4382, #4555, .T. ) ;
#43 = LINE ( 'NONE', #2874, #9384 ) ;
#44 = VECTOR ( 'NONE', #5276, 1000.000000000000000 ) ;
#45 = ORIENTED_EDGE ( 'NONE', *, *, #6757, .F. ) ;
#46 = SURFACE_STYLE_USAGE ( .BOTH. , #4906 ) ;
#47 = VECTOR ( 'NONE', #10644, 1000.000000000000000 ) ;
#48 = SURFACE_STYLE_USAGE ( .BOTH. , #769 ) ;
#49 = CARTESIAN_POINT ( 'NONE',  ( 2.501000000000000334, -0.7498160402476569120, 0.6056923570868752993 ) ) ;
#50 = DIRECTION ( 'NONE',  ( -0.000000000000000000, -0.000000000000000000, -1.000000000000000000 ) ) ;
#51 = VECTOR ( 'NONE', #6805, 1000.000000000000000 ) ;
#52 = CARTESIAN_POINT ( 'NONE',  ( 2.501000000000000334, 0.2025742945436621034, 0.3438882656657539227 ) ) ;
#53 = CARTESIAN_POINT ( 'NONE',  ( 2.501000000000000334, 0.7658111578125366137, 0.3205976883404589861 ) ) ;
#54 = ORIENTED_EDGE ( 'NONE', *, *, #7006, .F. ) ;
#55 = DIRECTION ( 'NONE',  ( -0.000000000000000000, 1.000000000000000000, 2.803077450325792700E-15 ) ) ;
#56 = EDGE_CURVE ( 'NONE', #9659, #4257, #11184, .T. ) ;
#57 = PRESENTATION_LAYER_ASSIGNMENT (  '', '', ( #5354 ) ) ;
#58 = COLOUR_RGB ( '',0.000000000000000000, 0.000000000000000000, 0.000000000000000000 ) ;
#59 = ORIENTED_EDGE ( 'NONE', *, *, #5250, .F. ) ;
#60 = VERTEX_POINT ( 'NONE', #9156 ) ;
#61 = AXIS2_PLACEMENT_3D ( 'NONE', #1405, #3402, #1469 ) ;
#62 = CARTESIAN_POINT ( 'NONE',  ( 2.500000000000000000, 0.4407308452763668560, 0.2878453139763706425 ) ) ;
#63 = SURFACE_STYLE_FILL_AREA ( #9460 ) ;
#64 = CARTESIAN_POINT ( 'NONE',  ( 2.501000000000000334, -0.9247805347721449465, 0.3005890310000325361 ) ) ;
#65 =( NAMED_UNIT ( * ) SI_UNIT ( $, .STERADIAN. ) SOLID_ANGLE_UNIT ( ) );
#66 = ORIENTED_EDGE ( 'NONE', *, *, #4723, .F. ) ;
#67 = VECTOR ( 'NONE', #590, 1000.000000000000000 ) ;
#68 =( GEOMETRIC_REPRESENTATION_CONTEXT ( 3 ) GLOBAL_UNCERTAINTY_ASSIGNED_CONTEXT ( ( #10340 ) ) GLOBAL_UNIT_ASSIGNED_CONTEXT ( ( #2420, #3580, #10968 ) ) REPRESENTATION_CONTEXT ( 'NONE', 'WORKASPACE' ) );
#69 = CARTESIAN_POINT ( 'NONE',  ( 2.500000000000000000, -0.6717327661321198518, 0.1328545412775395118 ) ) ;
#70 = CARTESIAN_POINT ( 'NONE',  ( 2.500000000000000000, 0.6607436203678370701, 0.7252714693714786831 ) ) ;
#71 = ORIENTED_EDGE ( 'NONE', *, *, #8164, .F. ) ;
#72 = CARTESIAN_POINT ( 'NONE',  ( 2.500000000000000000, -0.06297218938474401229, 0.4307278763517052855 ) ) ;
#73 = ADVANCED_FACE ( 'NONE', ( #11120 ), #1774, .T. ) ;
#74 = DIRECTION ( 'NONE',  ( -1.000000000000000000, -0.000000000000000000, -0.000000000000000000 ) ) ;
#75 = VECTOR ( 'NONE', #9269, 1000.000000000000000 ) ;
#76 = STYLED_ITEM ( 'NONE', ( #2354 ), #8457 ) ;
#77 = UNCERTAINTY_MEASURE_WITH_UNIT (LENGTH_MEASURE( 1.000000000000000082E-05 ), #3056, 'distance_accuracy_value', 'NONE');
#78 = FILL_AREA_STYLE_COLOUR ( '', #3564 ) ;
#79 = FILL_AREA_STYLE ('',( #5557 ) ) ;
#80 =( NAMED_UNIT ( * ) PLANE_ANGLE_UNIT ( ) SI_UNIT ( $, .RADIAN. ) );
#81 = CARTESIAN_POINT ( 'NONE',  ( 2.501000000000000334, 0.2699506075211635103, 0.2883651929339415276 ) ) ;
#82 = VECTOR ( 'NONE', #11743, 1000.000000000000114 ) ;
#83 = FACE_OUTER_BOUND ( 'NONE', #448, .T. ) ;
#84 = CARTESIAN_POINT ( 'NONE',  ( 2.500000000000000000, 0.6979149658781654830, 0.6298216926528421578 ) ) ;
#85 = VECTOR ( 'NONE', #3174, 1000.000000000000227 ) ;
#86 = MECHANICAL_DESIGN_GEOMETRIC_PRESENTATION_REPRESENTATION (  '', ( #9368 ), #656 ) ;
#88 = FILL_AREA_STYLE ('',( #4832 ) ) ;
#87 = DIRECTION ( 'NONE',  ( 0.000000000000000000, 1.000000000000000000, 0.000000000000000000 ) ) ;
#89 = ORIENTED_EDGE ( 'NONE', *, *, #10815, .T. ) ;
#90 = LINE ( 'NONE', #11348, #5593 ) ;
#91 = EDGE_CURVE ( 'NONE', #699, #10216, #8387, .T. ) ;
#93 = ORIENTED_EDGE ( 'NONE', *, *, #9163, .T. ) ;
#92 = CARTESIAN_POINT ( 'NONE',  ( 2.501000000000000334, 0.1035893409101107526, 0.7550085457775238540 ) ) ;
#94 = EDGE_CURVE ( 'NONE', #6798, #8294, #1585, .T. ) ;
#95 = ORIENTED_EDGE ( 'NONE', *, *, #8442, .T. ) ;
#96 = PRESENTATION_LAYER_ASSIGNMENT (  '', '', ( #3038 ) ) ;
#97 =( NAMED_UNIT ( * ) PLANE_ANGLE_UNIT ( ) SI_UNIT ( $, .RADIAN. ) );
#98 = PRESENTATION_LAYER_ASSIGNMENT (  '', '', ( #5400 ) ) ;
#99 =( NAMED_UNIT ( * ) PLANE_ANGLE_UNIT ( ) SI_UNIT ( $, .RADIAN. ) );
#100 = DIRECTION ( 'NONE',  ( 0.000000000000000000, -1.000000000000000000, 0.000000000000000000 ) ) ;
#101 = VECTOR ( 'NONE', #8154, 1000.000000000000000 ) ;
#102 = ORIENTED_EDGE ( 'NONE', *, *, #6878, .F. ) ;
#103 = CARTESIAN_POINT ( 'NONE',  ( 2.500000000000000000, 0.4159846068678096365, 0.3737293178647023151 ) ) ;
#104 = CARTESIAN_POINT ( 'NONE',  ( 2.501000000000000334, 0.4304892298005331686, 0.2463589731154729734 ) ) ;
#105 = VERTEX_POINT ( 'NONE', #2065 ) ;
#106 = UNCERTAINTY_MEASURE_WITH_UNIT (LENGTH_MEASURE( 1.000000000000000082E-05 ), #244, 'distance_accuracy_value', 'NONE');
#107 = CARTESIAN_POINT ( 'NONE',  ( 2.501000000000000334, 0.3285929540011503502, 0.2289950159133569696 ) ) ;
#108 = ORIENTED_EDGE ( 'NONE', *, *, #5094, .T. ) ;
#109 = CARTESIAN_POINT ( 'NONE',  ( 2.501000000000000334, -0.6037713580830842419, 0.7893326508708256029 ) ) ;
#110 =( NAMED_UNIT ( * ) SI_UNIT ( $, .STERADIAN. ) SOLID_ANGLE_UNIT ( ) );
#111 = PRESENTATION_LAYER_ASSIGNMENT (  '', '', ( #7783 ) ) ;
#112 = EDGE_CURVE ( 'NONE', #6714, #5483, #10011, .T. ) ;
#113 = CARTESIAN_POINT ( 'NONE',  ( 2.500000000000000000, 0.8302241607284335245, 0.7175772607897984434 ) ) ;
#114 = EDGE_CURVE ( 'NONE', #9932, #2263, #5387, .T. ) ;
#115 = SURFACE_SIDE_STYLE ('',( #1270 ) ) ;
#116 = FILL_AREA_STYLE ('',( #5527 ) ) ;
#117 = SURFACE_STYLE_FILL_AREA ( #9451 ) ;
#118 = SURFACE_STYLE_USAGE ( .BOTH. , #8575 ) ;
#119 = SURFACE_SIDE_STYLE ('',( #4914 ) ) ;
#120 = FILL_AREA_STYLE_COLOUR ( '', #4974 ) ;
#121 = CARTESIAN_POINT ( 'NONE',  ( 2.501000000000000334, 0.3279171113556229034, 0.2514537869051606811 ) ) ;
#122 = ORIENTED_EDGE ( 'NONE', *, *, #3106, .T. ) ;
#123 = ORIENTED_EDGE ( 'NONE', *, *, #8209, .T. ) ;
#124 = UNCERTAINTY_MEASURE_WITH_UNIT (LENGTH_MEASURE( 1.000000000000000082E-05 ), #349, 'distance_accuracy_value', 'NONE');
#125 = FACE_OUTER_BOUND ( 'NONE', #4255, .T. ) ;
#126 = CARTESIAN_POINT ( 'NONE',  ( 2.500000000000000000, 0.3249538012940281773, 0.2661143735251563225 ) ) ;
#127 = FACE_OUTER_BOUND ( 'NONE', #1109, .T. ) ;
#128 = EDGE_CURVE ( 'NONE', #2729, #3907, #12166, .T. ) ;
#129 = SURFACE_STYLE_USAGE ( .BOTH. , #3755 ) ;
#130 = SURFACE_STYLE_FILL_AREA ( #11260 ) ;
#131 = VECTOR ( 'NONE', #2804, 1000.000000000000114 ) ;
#132 = ORIENTED_EDGE ( 'NONE', *, *, #1509, .T. ) ;
#133 = FILL_AREA_STYLE_COLOUR ( '', #11957 ) ;
#134 = PLANE ( 'NONE',  #1508 ) ;
#135 = SURFACE_STYLE_USAGE ( .BOTH. , #4939 ) ;
#136 = ORIENTED_EDGE ( 'NONE', *, *, #1258, .T. ) ;
#137 =( NAMED_UNIT ( * ) SI_UNIT ( $, .STERADIAN. ) SOLID_ANGLE_UNIT ( ) );
#138 = ORIENTED_EDGE ( 'NONE', *, *, #9955, .F. ) ;
#139 =( LENGTH_UNIT ( ) NAMED_UNIT ( * ) SI_UNIT ( .MILLI., .METRE. ) );
#140 = VECTOR ( 'NONE', #11691, 1000.000000000000000 ) ;
#141 = LINE ( 'NONE', #4010, #5375 ) ;
#142 = DIRECTION ( 'NONE',  ( 1.301042606982605321E-16, -0.000000000000000000, 1.000000000000000000 ) ) ;
#143 = B_SPLINE_CURVE_WITH_KNOTS ( 'NONE', 3,
 ( #1419, #5350, #9109, #9179 ),
 .UNSPECIFIED., .F., .F.,
 ( 4, 4 ),
 ( 7.000000000000000000, 8.000000000000000000 ),
 .UNSPECIFIED. ) ;
#144 = ADVANCED_FACE ( 'NONE', ( #2009 ), #6661, .T. ) ;
#145 = FILL_AREA_STYLE ('',( #6415 ) ) ;
#146 = UNCERTAINTY_MEASURE_WITH_UNIT (LENGTH_MEASURE( 1.000000000000000082E-05 ), #2440, 'distance_accuracy_value', 'NONE');
#147 = CARTESIAN_POINT ( 'NONE',  ( 2.500000000000000000, 0.8716065257978243830, 0.4089771112278833276 ) ) ;
#148 = CARTESIAN_POINT ( 'NONE',  ( 2.501000000000000334, 0.4383913899645445755, 0.7316139926607148070 ) ) ;
#149 = VERTEX_POINT ( 'NONE', #107 ) ;
#150 =( GEOMETRIC_REPRESENTATION_CONTEXT ( 3 ) GLOBAL_UNCERTAINTY_ASSIGNED_CONTEXT ( ( #9756 ) ) GLOBAL_UNIT_ASSIGNED_CONTEXT ( ( #5616, #6631, #3822 ) ) REPRESENTATION_CONTEXT ( 'NONE', 'WORKASPACE' ) );
#151 = ORIENTED_EDGE ( 'NONE', *, *, #10180, .F. ) ;
#152 = VERTEX_POINT ( 'NONE', #7617 ) ;
#153 = B_SPLINE_CURVE_WITH_KNOTS ( 'NONE', 3,
 ( #1122, #5258, #2191, #6064 ),
 .UNSPECIFIED., .F., .F.,
 ( 4, 4 ),
 ( 10.00000000000000000, 11.00000000000000000 ),
 .UNSPECIFIED. ) ;
#154 = ORIENTED_EDGE ( 'NONE', *, *, #3093, .T. ) ;
#155 = LINE ( 'NONE', #3892, #10679 ) ;
#156 = B_SPLINE_CURVE_WITH_KNOTS ( 'NONE', 3,
 ( #2544, #4478, #8412, #6464 ),
 .UNSPECIFIED., .F., .F.,
 ( 4, 4 ),
 ( 3.000000000000000000, 4.000000000000000000 ),
 .UNSPECIFIED. ) ;
#157 = FILL_AREA_STYLE_COLOUR ( '', #5764 ) ;
#159 = EDGE_CURVE ( 'NONE', #6132, #11417, #2147, .T. ) ;
#158 = ORIENTED_EDGE ( 'NONE', *, *, #11329, .T. ) ;
#160 = UNCERTAINTY_MEASURE_WITH_UNIT (LENGTH_MEASURE( 1.000000000000000082E-05 ), #5366, 'distance_accuracy_value', 'NONE');
#162 =( NAMED_UNIT ( * ) SI_UNIT ( $, .STERADIAN. ) SOLID_ANGLE_UNIT ( ) );
#161 = FILL_AREA_STYLE ('',( #1062 ) ) ;
#163 = CARTESIAN_POINT ( 'NONE',  ( 2.501000000000000334, 0.9197993052196431485, 0.5516318973461920017 ) ) ;
#164 = DIRECTION ( 'NONE',  ( -0.000000000000000000, -0.000000000000000000, -1.000000000000000000 ) ) ;
#165 = LINE ( 'NONE', #1318, #1885 ) ;
#166 = ORIENTED_EDGE ( 'NONE', *, *, #11614, .T. ) ;
#167 = DIRECTION ( 'NONE',  ( -1.000000000000000000, -0.000000000000000000, -0.000000000000000000 ) ) ;
#168 = CARTESIAN_POINT ( 'NONE',  ( 2.501000000000000334, 0.8726462837143441620, 0.4323716643446921526 ) ) ;
#169 = SURFACE_STYLE_FILL_AREA ( #2930 ) ;
#170 = LINE ( 'NONE', #2194, #7327 ) ;
#171 =( NAMED_UNIT ( * ) SI_UNIT ( $, .STERADIAN. ) SOLID_ANGLE_UNIT ( ) );
#172 = FILL_AREA_STYLE_COLOUR ( '', #9785 ) ;
#173 = CARTESIAN_POINT ( 'NONE',  ( 2.501000000000000334, -0.6731787588190680793, 0.3324007046244421559 ) ) ;
#174 = VERTEX_POINT ( 'NONE', #11418 ) ;
#175 = ORIENTED_EDGE ( 'NONE', *, *, #10831, .F. ) ;
#176 = EDGE_LOOP ( 'NONE', ( #5635, #476, #7766, #4609 ) ) ;
#177 = CARTESIAN_POINT ( 'NONE',  ( 2.500000000000000000, 0.6948476800243674756, 0.5801212642526935026 ) ) ;
#178 = CARTESIAN_POINT ( 'NONE',  ( 2.501000000000000334, 0.3887429494601593594, 0.3350503233774336787 ) ) ;
#179 = SURFACE_STYLE_FILL_AREA ( #5048 ) ;
#180 = CARTESIAN_POINT ( 'NONE',  ( 2.500000000000000000, 0.4243026701985699867, 0.3204937125489485950 ) ) ;
#181 = CARTESIAN_POINT ( 'NONE',  ( 2.501000000000000334, 0.4866881451771898903, 0.2685058167327331602 ) ) ;
#182 = CARTESIAN_POINT ( 'NONE',  ( 2.501000000000000334, 0.3998163712687935467, 0.2284751369544077149 ) ) ;
#183 = AXIS2_PLACEMENT_3D ( 'NONE', #3264, #11778, #3075 ) ;
#184 = DIRECTION ( 'NONE',  ( 0.000000000000000000, -0.3416038306902493549, 0.9398440417738186392 ) ) ;
#185 =( NAMED_UNIT ( * ) SI_UNIT ( $, .STERADIAN. ) SOLID_ANGLE_UNIT ( ) );
#186 =( NAMED_UNIT ( * ) PLANE_ANGLE_UNIT ( ) SI_UNIT ( $, .RADIAN. ) );
#187 = EDGE_CURVE ( 'NONE', #10507, #11613, #6735, .T. ) ;
#188 = EDGE_LOOP ( 'NONE', ( #11347, #3716, #3458, #10960 ) ) ;
#189 = EDGE_CURVE ( 'NONE', #1530, #1504, #10555, .T. ) ;
#190 = COLOUR_RGB ( '',0.000000000000000000, 0.000000000000000000, 0.000000000000000000 ) ;
#191 = SURFACE_STYLE_FILL_AREA ( #2094 ) ;
#192 = AXIS2_PLACEMENT_3D ( 'NONE', #9508, #9864, #11369 ) ;
#193 = CARTESIAN_POINT ( 'NONE',  ( 2.501000000000000334, -0.9175505575494772303, 0.6230441176359816646 ) ) ;
#194 = SURFACE_SIDE_STYLE ('',( #3881 ) ) ;
#195 = FILL_AREA_STYLE ('',( #1038 ) ) ;
#196 =( NAMED_UNIT ( * ) PLANE_ANGLE_UNIT ( ) SI_UNIT ( $, .RADIAN. ) );
#197 = VECTOR ( 'NONE', #655, 1000.000000000000000 ) ;
#198 = PRESENTATION_STYLE_ASSIGNMENT (( #7651 ) ) ;
#199 = PRESENTATION_LAYER_ASSIGNMENT (  '', '', ( #7492 ) ) ;
#200 = PRESENTATION_LAYER_ASSIGNMENT (  '', '', ( #6659 ) ) ;
#201 = SURFACE_SIDE_STYLE ('',( #1299 ) ) ;
#202 =( GEOMETRIC_REPRESENTATION_CONTEXT ( 3 ) GLOBAL_UNCERTAINTY_ASSIGNED_CONTEXT ( ( #8561 ) ) GLOBAL_UNIT_ASSIGNED_CONTEXT ( ( #10491, #11314, #2936 ) ) REPRESENTATION_CONTEXT ( 'NONE', 'WORKASPACE' ) );
#203 = ORIENTED_EDGE ( 'NONE', *, *, #2972, .F. ) ;
#204 = CARTESIAN_POINT ( 'NONE',  ( 2.500000000000000000, 0.2129718737067689827, 0.2289950159133565255 ) ) ;
#205 = ORIENTED_EDGE ( 'NONE', *, *, #2089, .T. ) ;
#206 = EDGE_CURVE ( 'NONE', #5640, #2586, #4904, .T. ) ;
#207 = ORIENTED_EDGE ( 'NONE', *, *, #5592, .T. ) ;
#208 = VECTOR ( 'NONE', #8408, 1000.000000000000000 ) ;
#209 = STYLED_ITEM ( 'NONE', ( #8799 ), #11242 ) ;
#210 = CARTESIAN_POINT ( 'NONE',  ( 2.501000000000000334, 0.9027472753920724458, 0.2289950159133589402 ) ) ;
#211 = FACE_OUTER_BOUND ( 'NONE', #10953, .T. ) ;
#212 = PRESENTATION_LAYER_ASSIGNMENT (  '', '', ( #10889 ) ) ;
#213 = ORIENTED_EDGE ( 'NONE', *, *, #5082, .F. ) ;
#214 = AXIS2_PLACEMENT_3D ( 'NONE', #2768, #9526, #3637 ) ;
#215 = PLANE ( 'NONE',  #8589 ) ;
#216 =( NAMED_UNIT ( * ) SI_UNIT ( $, .STERADIAN. ) SOLID_ANGLE_UNIT ( ) );
#217 = ORIENTED_EDGE ( 'NONE', *, *, #7268, .F. ) ;
#218 = FILL_AREA_STYLE_COLOUR ( '', #5151 ) ;
#219 =( GEOMETRIC_REPRESENTATION_CONTEXT ( 3 ) GLOBAL_UNCERTAINTY_ASSIGNED_CONTEXT ( ( #8638 ) ) GLOBAL_UNIT_ASSIGNED_CONTEXT ( ( #6816, #2946, #307 ) ) REPRESENTATION_CONTEXT ( 'NONE', 'WORKASPACE' ) );
#220 = CARTESIAN_POINT ( 'NONE',  ( 2.501000000000000334, -0.8929688197783932635, 0.2658853168416816515 ) ) ;
#221 = CARTESIAN_POINT ( 'NONE',  ( 2.500000000000000000, 0.2278404119097885427, 0.5944699234981505320 ) ) ;
#222 =( NAMED_UNIT ( * ) SI_UNIT ( $, .STERADIAN. ) SOLID_ANGLE_UNIT ( ) );
#223 = PRESENTATION_LAYER_ASSIGNMENT (  '', '', ( #9706 ) ) ;
#224 = EDGE_CURVE ( 'NONE', #5447, #2662, #9424, .T. ) ;
#225 = UNCERTAINTY_MEASURE_WITH_UNIT (LENGTH_MEASURE( 1.000000000000000082E-05 ), #1193, 'distance_accuracy_value', 'NONE');
#226 = CARTESIAN_POINT ( 'NONE',  ( 2.501000000000000334, 0.4175962316383408646, 0.3479433215389325373 ) ) ;
#227 = FACE_OUTER_BOUND ( 'NONE', #9800, .T. ) ;
#228 = AXIS2_PLACEMENT_3D ( 'NONE', #11952, #2506, #3444 ) ;
#229 = SURFACE_SIDE_STYLE ('',( #3261 ) ) ;
#230 = DIRECTION ( 'NONE',  ( -1.000000000000000000, -0.000000000000000000, -0.000000000000000000 ) ) ;
#231 = SURFACE_STYLE_FILL_AREA ( #7812 ) ;
#232 = SURFACE_STYLE_USAGE ( .BOTH. , #9639 ) ;
#233 = SURFACE_STYLE_FILL_AREA ( #8904 ) ;
#234 = PRESENTATION_LAYER_ASSIGNMENT (  '', '', ( #5939 ) ) ;
#235 =( NAMED_UNIT ( * ) SI_UNIT ( $, .STERADIAN. ) SOLID_ANGLE_UNIT ( ) );
#236 = EDGE_CURVE ( 'NONE', #3422, #5740, #3485, .T. ) ;
#237 = ORIENTED_EDGE ( 'NONE', *, *, #3520, .T. ) ;
#238 = ORIENTED_EDGE ( 'NONE', *, *, #9580, .F. ) ;
#239 = VECTOR ( 'NONE', #10240, 1000.000000000000000 ) ;
#240 = SURFACE_SIDE_STYLE ('',( #4573 ) ) ;
#241 = LINE ( 'NONE', #11551, #3753 ) ;
#242 = CARTESIAN_POINT ( 'NONE',  ( 2.501000000000000334, 0.7936766699699597805, 0.6302375958202814932 ) ) ;
#243 = FILL_AREA_STYLE_COLOUR ( '', #1826 ) ;
#244 =( LENGTH_UNIT ( ) NAMED_UNIT ( * ) SI_UNIT ( .MILLI., .METRE. ) );
#245 = LINE ( 'NONE', #3925, #4344 ) ;
#246 = DIRECTION ( 'NONE',  ( -1.000000000000000000, -0.000000000000000000, -0.000000000000000000 ) ) ;
#247 = ORIENTED_EDGE ( 'NONE', *, *, #6968, .T. ) ;
#248 = CIRCLE ( 'NONE', #7128, 2.899999999999999911 ) ;
#249 = DIRECTION ( 'NONE',  ( -0.000000000000000000, 1.000000000000000000, 2.762237911336029498E-15 ) ) ;
#250 = CARTESIAN_POINT ( 'NONE',  ( 2.501000000000000334, -0.3695214254184770453, 0.4755535117352027719 ) ) ;
#251 = UNCERTAINTY_MEASURE_WITH_UNIT (LENGTH_MEASURE( 1.000000000000000082E-05 ), #625, 'distance_accuracy_value', 'NONE');
#252 = SURFACE_STYLE_FILL_AREA ( #11435 ) ;
#253 = SURFACE_SIDE_STYLE ('',( #436 ) ) ;
#254 = PRESENTATION_LAYER_ASSIGNMENT (  '', '', ( #9536 ) ) ;
#255 = ORIENTED_EDGE ( 'NONE', *, *, #11593, .T. ) ;
#256 = DIRECTION ( 'NONE',  ( 0.000000000000000000, -7.474873200869227028E-15, 1.000000000000000000 ) ) ;
#257 = VECTOR ( 'NONE', #2372, 1000.000000000000000 ) ;
#258 = CARTESIAN_POINT ( 'NONE',  ( 2.500000000000000000, -0.9175505575494772303, 0.6230441176359816646 ) ) ;
#259 =( LENGTH_UNIT ( ) NAMED_UNIT ( * ) SI_UNIT ( .MILLI., .METRE. ) );
#260 = SURFACE_STYLE_FILL_AREA ( #1226 ) ;
#262 = ORIENTED_EDGE ( 'NONE', *, *, #7960, .T. ) ;
#261 = EDGE_CURVE ( 'NONE', #5876, #12160, #4227, .T. ) ;
#263 = EDGE_CURVE ( 'NONE', #149, #447, #6529, .T. ) ;
#265 = DIRECTION ( 'NONE',  ( 0.000000000000000000, 0.000000000000000000, -1.000000000000000000 ) ) ;
#264 = DIRECTION ( 'NONE',  ( -1.000000000000000000, -0.000000000000000000, -0.000000000000000000 ) ) ;
#266 = COLOUR_RGB ( '',0.000000000000000000, 0.000000000000000000, 0.000000000000000000 ) ;
#267 = VECTOR ( 'NONE', #11290, 1000.000000000000000 ) ;
#269 = ORIENTED_EDGE ( 'NONE', *, *, #4943, .F. ) ;
#268 = FILL_AREA_STYLE_COLOUR ( '', #7310 ) ;
#270 = CARTESIAN_POINT ( 'NONE',  ( 2.501000000000000334, 0.6948476800243674756, 0.5801212642526935026 ) ) ;
#271 = VERTEX_POINT ( 'NONE', #1697 ) ;
#272 = ORIENTED_EDGE ( 'NONE', *, *, #2641, .F. ) ;
#273 = CARTESIAN_POINT ( 'NONE',  ( 2.500000000000000000, -0.6731787588190678573, 0.2196136611919111969 ) ) ;
#274 = EDGE_LOOP ( 'NONE', ( #2441, #1570, #10760, #6321, #10261, #11664, #9583, #10764, #6192, #7709, #262, #4685, #6773, #6842, #9597, #7266, #10364, #5857, #6713, #9987, #8622 ) ) ;
#275 =( LENGTH_UNIT ( ) NAMED_UNIT ( * ) SI_UNIT ( .MILLI., .METRE. ) );
#277 = CARTESIAN_POINT ( 'NONE',  ( 2.500000000000000000, 1.124735590525067552, 0.2846220644353034679 ) ) ;
#276 = SURFACE_STYLE_USAGE ( .BOTH. , #1014 ) ;
#278 = CARTESIAN_POINT ( 'NONE',  ( 2.500000000000000000, 0.9303008601735733851, 0.3898455655672723452 ) ) ;
#279 = ORIENTED_EDGE ( 'NONE', *, *, #3293, .F. ) ;
#280 = VECTOR ( 'NONE', #8662, 1000.000000000000000 ) ;
#281 = CARTESIAN_POINT ( 'NONE',  ( 2.500000000000000000, -0.8091015611271364927, 0.2311816578447544734 ) ) ;
#282 = EDGE_CURVE ( 'NONE', #1706, #10438, #2548, .T. ) ;
#283 = DIRECTION ( 'NONE',  ( 0.000000000000000000, -0.3315284183503985349, -0.9434452330824948385 ) ) ;
#284 = UNCERTAINTY_MEASURE_WITH_UNIT (LENGTH_MEASURE( 1.000000000000000082E-05 ), #6667, 'distance_accuracy_value', 'NONE');
#286 = VERTEX_POINT ( 'NONE', #6359 ) ;
#285 =( NAMED_UNIT ( * ) SI_UNIT ( $, .STERADIAN. ) SOLID_ANGLE_UNIT ( ) );
#287 = CARTESIAN_POINT ( 'NONE',  ( 2.500000000000000000, 0.2452563570083526878, 0.5759622325880048299 ) ) ;
#288 = SURFACE_STYLE_FILL_AREA ( #1183 ) ;
#289 =( GEOMETRIC_REPRESENTATION_CONTEXT ( 3 ) GLOBAL_UNCERTAINTY_ASSIGNED_CONTEXT ( ( #686 ) ) GLOBAL_UNIT_ASSIGNED_CONTEXT ( ( #6857, #1266, #3320 ) ) REPRESENTATION_CONTEXT ( 'NONE', 'WORKASPACE' ) );
#290 = STYLED_ITEM ( 'NONE', ( #3455 ), #9188 ) ;
#291 =( GEOMETRIC_REPRESENTATION_CONTEXT ( 3 ) GLOBAL_UNCERTAINTY_ASSIGNED_CONTEXT ( ( #2830 ) ) GLOBAL_UNIT_ASSIGNED_CONTEXT ( ( #3696, #6342, #9354 ) ) REPRESENTATION_CONTEXT ( 'NONE', 'WORKASPACE' ) );
#292 = ORIENTED_EDGE ( 'NONE', *, *, #6373, .F. ) ;
#293 = CARTESIAN_POINT ( 'NONE',  ( 2.500000000000000000, -0.9175505575494772303, 0.6230441176359816646 ) ) ;
#294 = B_SPLINE_CURVE_WITH_KNOTS ( 'NONE', 3,
 ( #8834, #3069, #1320, #5889 ),
 .UNSPECIFIED., .F., .F.,
 ( 4, 4 ),
 ( 4.000000000000000000, 5.000000000000000000 ),
 .UNSPECIFIED. ) ;
#295 =( GEOMETRIC_REPRESENTATION_CONTEXT ( 3 ) GLOBAL_UNCERTAINTY_ASSIGNED_CONTEXT ( ( #9130 ) ) GLOBAL_UNIT_ASSIGNED_CONTEXT ( ( #7548, #6364, #3839 ) ) REPRESENTATION_CONTEXT ( 'NONE', 'WORKASPACE' ) );
#296 = DIRECTION ( 'NONE',  ( 0.000000000000000000, -0.3493954794973186950, 0.9369753459439787990 ) ) ;
#297 = EDGE_CURVE ( 'NONE', #6678, #10337, #1713, .T. ) ;
#298 = CARTESIAN_POINT ( 'NONE',  ( 2.501000000000000334, 0.3232382007319779538, 0.7584397469016190829 ) ) ;
#299 = PRESENTATION_LAYER_ASSIGNMENT (  '', '', ( #6387 ) ) ;
#300 = PLANE ( 'NONE',  #2028 ) ;
#301 = FACE_OUTER_BOUND ( 'NONE', #1395, .T. ) ;
#302 = ORIENTED_EDGE ( 'NONE', *, *, #5574, .T. ) ;
#303 = CARTESIAN_POINT ( 'NONE',  ( 2.500000000000000000, 0.2467120180916191341, 0.6766107988878468094 ) ) ;
#304 = ORIENTED_EDGE ( 'NONE', *, *, #2283, .T. ) ;
#305 = ORIENTED_EDGE ( 'NONE', *, *, #1384, .T. ) ;
#306 = VECTOR ( 'NONE', #11178, 1000.000000000000000 ) ;
#307 =( NAMED_UNIT ( * ) SI_UNIT ( $, .STERADIAN. ) SOLID_ANGLE_UNIT ( ) );
#308 = CARTESIAN_POINT ( 'NONE',  ( 2.501000000000000334, 1.097026042056302497, 0.4323716643446928742 ) ) ;
#309 = CARTESIAN_POINT ( 'NONE',  ( 2.500000000000000000, 0.3887429494601591373, 0.3479433215389324263 ) ) ;
#310 = DIRECTION ( 'NONE',  ( 0.000000000000000000, 0.3283461648125151067, -0.9445574604294398879 ) ) ;
#311 = FACE_OUTER_BOUND ( 'NONE', #10778, .T. ) ;
#312 = CARTESIAN_POINT ( 'NONE',  ( 2.500000000000000000, 0.8264290443340454040, 0.7228800261639030111 ) ) ;
#313 = ADVANCED_FACE ( 'NONE', ( #2677 ), #8366, .F. ) ;
#314 = FILL_AREA_STYLE ('',( #6028 ) ) ;
#315 = VERTEX_POINT ( 'NONE', #10185 ) ;
#316 = AXIS2_PLACEMENT_3D ( 'NONE', #3372, #1560, #3585 ) ;
#317 = DIRECTION ( 'NONE',  ( -1.000000000000000000, -0.000000000000000000, -0.000000000000000000 ) ) ;
#318 = CARTESIAN_POINT ( 'NONE',  ( 2.501000000000000334, 1.097026042056302497, 0.4323716643446928742 ) ) ;
#319 = EDGE_LOOP ( 'NONE', ( #2693, #2775, #8586 ) ) ;
#320 = DIRECTION ( 'NONE',  ( -1.000000000000000000, -0.000000000000000000, -0.000000000000000000 ) ) ;
#321 = PRESENTATION_STYLE_ASSIGNMENT (( #5004 ) ) ;
#322 = CARTESIAN_POINT ( 'NONE',  ( 2.500000000000000000, -0.2061248861754226280, 0.6201521460534846764 ) ) ;
#323 = DIRECTION ( 'NONE',  ( 1.000000000000000000, -0.000000000000000000, 0.000000000000000000 ) ) ;
#324 = ORIENTED_EDGE ( 'NONE', *, *, #9311, .T. ) ;
#325 = EDGE_LOOP ( 'NONE', ( #5758, #827, #10017, #9051 ) ) ;
#326 = STYLED_ITEM ( 'NONE', ( #11094 ), #5757 ) ;
#327 = ORIENTED_EDGE ( 'NONE', *, *, #6121, .F. ) ;
#328 = SURFACE_STYLE_FILL_AREA ( #6844 ) ;
#329 = EDGE_CURVE ( 'NONE', #1506, #3862, #3169, .T. ) ;
#330 = SURFACE_SIDE_STYLE ('',( #2315 ) ) ;
#331 = CARTESIAN_POINT ( 'NONE',  ( 2.500000000000000000, 0.9027472753920724458, 0.2289950159133589402 ) ) ;
#332 = ORIENTED_EDGE ( 'NONE', *, *, #9135, .T. ) ;
#333 = B_SPLINE_SURFACE_WITH_KNOTS ( 'NONE', 3, 1, ( 
 ( #11641, #6578 ),
 ( #9477, #8599 ),
 ( #8543, #84 ),
 ( #2907, #7653 ) ),
 .UNSPECIFIED., .F., .F., .F.,
 ( 4, 4 ),
 ( 2, 2 ),
 ( 3.000000000000000000, 4.000000000000000000 ),
 ( 0.000000000000000000, 1.000000000000000000 ),
 .UNSPECIFIED. ) ;
#334 = LINE ( 'NONE', #3249, #11719 ) ;
#335 = FILL_AREA_STYLE ('',( #10671 ) ) ;
#337 = ORIENTED_EDGE ( 'NONE', *, *, #9278, .F. ) ;
#336 = CARTESIAN_POINT ( 'NONE',  ( 2.501000000000000334, -0.6948685387969689708, 0.5970164285479810928 ) ) ;
#338 = LINE ( 'NONE', #8685, #7773 ) ;
#339 = CARTESIAN_POINT ( 'NONE',  ( 2.501000000000000334, 0.8704108041940397111, 0.2521816174471465666 ) ) ;
#340 = ADVANCED_FACE ( 'NONE', ( #1753 ), #7427, .T. ) ;
#341 = STYLED_ITEM ( 'NONE', ( #6454 ), #6358 ) ;
#342 = ADVANCED_FACE ( 'NONE', ( #7598 ), #7718, .F. ) ;
#343 = CARTESIAN_POINT ( 'NONE',  ( 2.500000000000000000, 0.2754613244775989123, 0.2486464405315313431 ) ) ;
#344 = LINE ( 'NONE', #6065, #2615 ) ;
#345 =( LENGTH_UNIT ( ) NAMED_UNIT ( * ) SI_UNIT ( .MILLI., .METRE. ) );
#346 = CARTESIAN_POINT ( 'NONE',  ( 0.000000000000000000, 0.000000000000000000, 8.699999999999999289 ) ) ;
#347 = FILL_AREA_STYLE_COLOUR ( '', #2987 ) ;
#349 =( LENGTH_UNIT ( ) NAMED_UNIT ( * ) SI_UNIT ( .MILLI., .METRE. ) );
#348 = CARTESIAN_POINT ( 'NONE',  ( 2.501000000000000334, 0.4007521533937969949, 0.3057291501374355680 ) ) ;
#350 = ORIENTED_EDGE ( 'NONE', *, *, #8889, .F. ) ;
#351 = VERTEX_POINT ( 'NONE', #1933 ) ;
#352 = EDGE_LOOP ( 'NONE', ( #6971, #3774, #11285, #95, #6330, #1397, #1054 ) ) ;
#353 = ADVANCED_FACE ( 'NONE', ( #1164 ), #6579, .T. ) ;
#354 =( NAMED_UNIT ( * ) SI_UNIT ( $, .STERADIAN. ) SOLID_ANGLE_UNIT ( ) );
#355 = FILL_AREA_STYLE ('',( #3702 ) ) ;
#356 = FILL_AREA_STYLE_COLOUR ( '', #4734 ) ;
#357 = CARTESIAN_POINT ( 'NONE',  ( 2.501000000000000334, 0.4304892298005331686, 0.2463589731154729734 ) ) ;
#358 =( NAMED_UNIT ( * ) PLANE_ANGLE_UNIT ( ) SI_UNIT ( $, .RADIAN. ) );
#359 = ORIENTED_EDGE ( 'NONE', *, *, #10803, .F. ) ;
#360 = ORIENTED_EDGE ( 'NONE', *, *, #11233, .T. ) ;
#361 = UNCERTAINTY_MEASURE_WITH_UNIT (LENGTH_MEASURE( 1.000000000000000082E-05 ), #7632, 'distance_accuracy_value', 'NONE');
#362 = CARTESIAN_POINT ( 'NONE',  ( 2.500000000000000000, -0.3304798159407296154, 0.3179408329191652505 ) ) ;
#363 = CARTESIAN_POINT ( 'NONE',  ( 2.501000000000000334, 0.3714309801537973854, 0.7501216835708589548 ) ) ;
#364 = VERTEX_POINT ( 'NONE', #5813 ) ;
#365 = EDGE_CURVE ( 'NONE', #11841, #3251, #1262, .T. ) ;
#366 = VERTEX_POINT ( 'NONE', #1105 ) ;
#367 = SURFACE_SIDE_STYLE ('',( #5921 ) ) ;
#368 = CARTESIAN_POINT ( 'NONE',  ( 2.500000000000000000, -0.8076555270701600842, 0.3280628093057441075 ) ) ;
#370 =( LENGTH_UNIT ( ) NAMED_UNIT ( * ) SI_UNIT ( .MILLI., .METRE. ) );
#369 = DIRECTION ( 'NONE',  ( -1.000000000000000000, -0.000000000000000000, -0.000000000000000000 ) ) ;
#371 = ORIENTED_EDGE ( 'NONE', *, *, #9664, .F. ) ;
#372 = ORIENTED_EDGE ( 'NONE', *, *, #4834, .F. ) ;
#373 =( GEOMETRIC_REPRESENTATION_CONTEXT ( 3 ) GLOBAL_UNCERTAINTY_ASSIGNED_CONTEXT ( ( #9657 ) ) GLOBAL_UNIT_ASSIGNED_CONTEXT ( ( #10111, #9999, #7175 ) ) REPRESENTATION_CONTEXT ( 'NONE', 'WORKASPACE' ) );
#374 = ADVANCED_FACE ( 'NONE', ( #9008, #7093 ), #445, .T. ) ;
#375 = ORIENTED_EDGE ( 'NONE', *, *, #6527, .T. ) ;
#376 = CARTESIAN_POINT ( 'NONE',  ( 2.500000000000000000, 0.9154323219705446935, 0.4026345879372592029 ) ) ;
#377 = VERTEX_POINT ( 'NONE', #8868 ) ;
#378 =( NAMED_UNIT ( * ) SI_UNIT ( $, .STERADIAN. ) SOLID_ANGLE_UNIT ( ) );
#379 =( GEOMETRIC_REPRESENTATION_CONTEXT ( 3 ) GLOBAL_UNCERTAINTY_ASSIGNED_CONTEXT ( ( #1552 ) ) GLOBAL_UNIT_ASSIGNED_CONTEXT ( ( #8552, #924, #5502 ) ) REPRESENTATION_CONTEXT ( 'NONE', 'WORKASPACE' ) );
#380 = CARTESIAN_POINT ( 'NONE',  ( 2.500000000000000000, 0.6756121585722466572, 0.7124824470001057675 ) ) ;
#381 = ORIENTED_EDGE ( 'NONE', *, *, #1308, .T. ) ;
#382 = MECHANICAL_DESIGN_GEOMETRIC_PRESENTATION_REPRESENTATION (  '', ( #11268 ), #379 ) ;
#383 = PRESENTATION_LAYER_ASSIGNMENT (  '', '', ( #3923 ) ) ;
#384 =( GEOMETRIC_REPRESENTATION_CONTEXT ( 3 ) GLOBAL_UNCERTAINTY_ASSIGNED_CONTEXT ( ( #4455 ) ) GLOBAL_UNIT_ASSIGNED_CONTEXT ( ( #786, #9348, #10382 ) ) REPRESENTATION_CONTEXT ( 'NONE', 'WORKASPACE' ) );
#385 = UNCERTAINTY_MEASURE_WITH_UNIT (LENGTH_MEASURE( 1.000000000000000082E-05 ), #5460, 'distance_accuracy_value', 'NONE');
#386 = SURFACE_STYLE_USAGE ( .BOTH. , #11468 ) ;
#387 = FACE_OUTER_BOUND ( 'NONE', #4889, .T. ) ;
#388 = EDGE_LOOP ( 'NONE', ( #1715, #2911, #4315, #2408 ) ) ;
#389 = SURFACE_STYLE_USAGE ( .BOTH. , #8886 ) ;
#390 = MECHANICAL_DESIGN_GEOMETRIC_PRESENTATION_REPRESENTATION (  '', ( #11265 ), #3551 ) ;
#391 = DIRECTION ( 'NONE',  ( -1.000000000000000000, -0.000000000000000000, -0.000000000000000000 ) ) ;
#392 = CARTESIAN_POINT ( 'NONE',  ( 2.501000000000000334, -0.7035444949165748918, 0.3324007046244421004 ) ) ;
#393 = SURFACE_STYLE_USAGE ( .BOTH. , #9876 ) ;
#394 = VECTOR ( 'NONE', #2592, 1000.000000000000000 ) ;
#395 =( GEOMETRIC_REPRESENTATION_CONTEXT ( 3 ) GLOBAL_UNCERTAINTY_ASSIGNED_CONTEXT ( ( #9206 ) ) GLOBAL_UNIT_ASSIGNED_CONTEXT ( ( #3902, #4715, #7561 ) ) REPRESENTATION_CONTEXT ( 'NONE', 'WORKASPACE' ) );
#397 = ORIENTED_EDGE ( 'NONE', *, *, #3004, .T. ) ;
#396 = COLOUR_RGB ( '',0.000000000000000000, 0.000000000000000000, 0.000000000000000000 ) ;
#398 = COLOUR_RGB ( '',0.000000000000000000, 0.000000000000000000, 0.000000000000000000 ) ;
#399 = SURFACE_STYLE_USAGE ( .BOTH. , #5954 ) ;
#400 = CARTESIAN_POINT ( 'NONE',  ( 2.501000000000000334, -0.8727249497459994565, 0.6678697254408471062 ) ) ;
#401 = SURFACE_STYLE_FILL_AREA ( #11482 ) ;
#402 = CARTESIAN_POINT ( 'NONE',  ( 2.501000000000000334, 0.6169178241951169817, 0.7316139926607154731 ) ) ;
#403 = CARTESIAN_POINT ( 'NONE',  ( 2.501000000000000334, -0.6731787588190678573, 0.2196136611919111969 ) ) ;
#404 = COLOUR_RGB ( '',0.000000000000000000, 0.000000000000000000, 0.000000000000000000 ) ;
#405 = DIRECTION ( 'NONE',  ( 0.000000000000000000, 0.000000000000000000, 1.000000000000000000 ) ) ;
#406 = EDGE_CURVE ( 'NONE', #11616, #8369, #3291, .T. ) ;
#407 = FILL_AREA_STYLE_COLOUR ( '', #5134 ) ;
#408 = PRESENTATION_STYLE_ASSIGNMENT (( #8901 ) ) ;
#409 = CARTESIAN_POINT ( 'NONE',  ( 2.500000000000000000, -0.06297218938474401229, 0.4307278763517052855 ) ) ;
#410 = COLOUR_RGB ( '',0.000000000000000000, 0.000000000000000000, 0.000000000000000000 ) ;
#411 = ADVANCED_FACE ( 'NONE', ( #5243 ), #1300, .F. ) ;
#412 =( GEOMETRIC_REPRESENTATION_CONTEXT ( 3 ) GLOBAL_UNCERTAINTY_ASSIGNED_CONTEXT ( ( #251 ) ) GLOBAL_UNIT_ASSIGNED_CONTEXT ( ( #625, #3530, #688 ) ) REPRESENTATION_CONTEXT ( 'NONE', 'WORKASPACE' ) );
#413 = SURFACE_STYLE_FILL_AREA ( #6809 ) ;
#414 = ORIENTED_EDGE ( 'NONE', *, *, #2671, .T. ) ;
#415 = ORIENTED_EDGE ( 'NONE', *, *, #5126, .T. ) ;
#416 = VERTEX_POINT ( 'NONE', #617 ) ;
#417 = ORIENTED_EDGE ( 'NONE', *, *, #7596, .T. ) ;
#418 = CARTESIAN_POINT ( 'NONE',  ( 2.500000000000000000, -0.8944147573046110633, 0.4610936400299214255 ) ) ;
#419 = PRESENTATION_LAYER_ASSIGNMENT (  '', '', ( #7316 ) ) ;
#420 = CARTESIAN_POINT ( 'NONE',  ( 2.501000000000000334, -0.5705136641923931329, 0.7228172406794666216 ) ) ;
#421 = VECTOR ( 'NONE', #8493, 1000.000000000000000 ) ;
#422 = CARTESIAN_POINT ( 'NONE',  ( 2.500000000000000000, -0.5632837007590397738, 0.3743344097954774408 ) ) ;
#423 = CARTESIAN_POINT ( 'NONE',  ( 2.501000000000000334, 0.3885869857728882493, 0.2340898297030533093 ) ) ;
#424 =( NAMED_UNIT ( * ) SI_UNIT ( $, .STERADIAN. ) SOLID_ANGLE_UNIT ( ) );
#425 = CARTESIAN_POINT ( 'NONE',  ( 2.501000000000000334, -0.5271340490744740315, 0.2774532583344879177 ) ) ;
#426 = PRESENTATION_STYLE_ASSIGNMENT (( #3276 ) ) ;
#427 = VECTOR ( 'NONE', #4205, 1000.000000000000000 ) ;
#428 = CARTESIAN_POINT ( 'NONE',  ( 2.500000000000000000, 0.2666753700843376707, 0.5930142624155795295 ) ) ;
#429 = EDGE_LOOP ( 'NONE', ( #6513, #3789, #7547, #3076 ) ) ;
#430 = EDGE_CURVE ( 'NONE', #5788, #11573, #4630, .T. ) ;
#431 =( LENGTH_UNIT ( ) NAMED_UNIT ( * ) SI_UNIT ( .MILLI., .METRE. ) );
#432 = ORIENTED_EDGE ( 'NONE', *, *, #10533, .F. ) ;
#433 = CARTESIAN_POINT ( 'NONE',  ( 2.501000000000000334, 0.2631921810651727256, 0.2699614778153062167 ) ) ;
#434 = CARTESIAN_POINT ( 'NONE',  ( 2.501000000000000334, 0.4797217671381801551, 0.3463836846648498113 ) ) ;
#435 =( GEOMETRIC_REPRESENTATION_CONTEXT ( 3 ) GLOBAL_UNCERTAINTY_ASSIGNED_CONTEXT ( ( #4088 ) ) GLOBAL_UNIT_ASSIGNED_CONTEXT ( ( #1323, #3002, #5780 ) ) REPRESENTATION_CONTEXT ( 'NONE', 'WORKASPACE' ) );
#436 = SURFACE_STYLE_FILL_AREA ( #4203 ) ;
#437 = DIRECTION ( 'NONE',  ( 0.000000000000000000, 3.169437117124707915E-15, -1.000000000000000000 ) ) ;
#438 = FILL_AREA_STYLE ('',( #11073 ) ) ;
#439 = STYLED_ITEM ( 'NONE', ( #1342 ), #3179 ) ;
#440 =( NAMED_UNIT ( * ) PLANE_ANGLE_UNIT ( ) SI_UNIT ( $, .RADIAN. ) );
#441 = SURFACE_SIDE_STYLE ('',( #10786 ) ) ;
#442 = EDGE_LOOP ( 'NONE', ( #7792, #2837, #9065, #1243 ) ) ;
#443 = EDGE_CURVE ( 'NONE', #10677, #6423, #3523, .T. ) ;
#445 = PLANE ( 'NONE',  #2269 ) ;
#444 = SURFACE_STYLE_USAGE ( .BOTH. , #1426 ) ;
#446 = MECHANICAL_DESIGN_GEOMETRIC_PRESENTATION_REPRESENTATION (  '', ( #9536 ), #3218 ) ;
#447 = VERTEX_POINT ( 'NONE', #852 ) ;
#448 = EDGE_LOOP ( 'NONE', ( #255, #11900, #10386, #4402 ) ) ;
#449 =( LENGTH_UNIT ( ) NAMED_UNIT ( * ) SI_UNIT ( .MILLI., .METRE. ) );
#450 =( GEOMETRIC_REPRESENTATION_CONTEXT ( 3 ) GLOBAL_UNCERTAINTY_ASSIGNED_CONTEXT ( ( #5074 ) ) GLOBAL_UNIT_ASSIGNED_CONTEXT ( ( #9777, #5169, #2581 ) ) REPRESENTATION_CONTEXT ( 'NONE', 'WORKASPACE' ) );
#451 = VECTOR ( 'NONE', #2493, 1000.000000000000000 ) ;
#452 = FACE_OUTER_BOUND ( 'NONE', #1553, .T. ) ;
#453 = ORIENTED_EDGE ( 'NONE', *, *, #9327, .T. ) ;
#454 =( GEOMETRIC_REPRESENTATION_CONTEXT ( 3 ) GLOBAL_UNCERTAINTY_ASSIGNED_CONTEXT ( ( #5773 ) ) GLOBAL_UNIT_ASSIGNED_CONTEXT ( ( #9663, #1155, #10717 ) ) REPRESENTATION_CONTEXT ( 'NONE', 'WORKASPACE' ) );
#455 =( LENGTH_UNIT ( ) NAMED_UNIT ( * ) SI_UNIT ( .MILLI., .METRE. ) );
#456 = DIRECTION ( 'NONE',  ( -1.000000000000000000, -0.000000000000000000, -0.000000000000000000 ) ) ;
#457 = PRESENTATION_STYLE_ASSIGNMENT (( #11762 ) ) ;
#458 = EDGE_CURVE ( 'NONE', #6236, #6711, #1741, .T. ) ;
#459 = COLOUR_RGB ( '',0.000000000000000000, 0.000000000000000000, 0.000000000000000000 ) ;
#460 = EDGE_CURVE ( 'NONE', #3861, #3108, #4515, .T. ) ;
#461 = CARTESIAN_POINT ( 'NONE',  ( 2.501000000000000334, 1.068952578314464219, 0.4323716643446927632 ) ) ;
#463 = ORIENTED_EDGE ( 'NONE', *, *, #11951, .T. ) ;
#462 = DIRECTION ( 'NONE',  ( -1.000000000000000000, -0.000000000000000000, -0.000000000000000000 ) ) ;
#464 = FILL_AREA_STYLE_COLOUR ( '', #10462 ) ;
#465 =( NAMED_UNIT ( * ) PLANE_ANGLE_UNIT ( ) SI_UNIT ( $, .RADIAN. ) );
#466 = PRESENTATION_LAYER_ASSIGNMENT (  '', '', ( #6750 ) ) ;
#467 = CARTESIAN_POINT ( 'NONE',  ( 2.500000000000000000, 0.2705744622709291836, 0.2530134237792435181 ) ) ;
#468 = DIRECTION ( 'NONE',  ( -0.000000000000000000, -0.3283461648125150512, 0.9445574604294397769 ) ) ;
#469 = STYLED_ITEM ( 'NONE', ( #11725 ), #3765 ) ;
#470 = CARTESIAN_POINT ( 'NONE',  ( 2.500000000000000000, 0.5196484711243036791, 0.1824138612613750154 ) ) ;
#471 =( NAMED_UNIT ( * ) PLANE_ANGLE_UNIT ( ) SI_UNIT ( $, .RADIAN. ) );
#472 = VECTOR ( 'NONE', #10702, 1000.000000000000000 ) ;
#473 = PRESENTATION_LAYER_ASSIGNMENT (  '', '', ( #7991 ) ) ;
#474 =( LENGTH_UNIT ( ) NAMED_UNIT ( * ) SI_UNIT ( .MILLI., .METRE. ) );
#475 = VERTEX_POINT ( 'NONE', #4583 ) ;
#476 = ORIENTED_EDGE ( 'NONE', *, *, #4356, .F. ) ;
#477 = VERTEX_POINT ( 'NONE', #5425 ) ;
#478 = VECTOR ( 'NONE', #4768, 1000.000000000000000 ) ;
#479 = FILL_AREA_STYLE ('',( #7959 ) ) ;
#480 = SURFACE_STYLE_FILL_AREA ( #5333 ) ;
#481 = EDGE_CURVE ( 'NONE', #951, #11299, #3332, .T. ) ;
#482 = CARTESIAN_POINT ( 'NONE',  ( 2.501000000000000334, 0.8142638767131364919, 0.7550085457775261855 ) ) ;
#483 = CARTESIAN_POINT ( 'NONE',  ( 2.500000000000000000, 0.2855469762654683774, 0.3152949229677414755 ) ) ;
#484 = LINE ( 'NONE', #5170, #5508 ) ;
#485 = CARTESIAN_POINT ( 'NONE',  ( 2.501000000000000334, -0.2567344923053233030, 0.3164948678129329562 ) ) ;
#486 = FILL_AREA_STYLE_COLOUR ( '', #12106 ) ;
#487 = SURFACE_SIDE_STYLE ('',( #5100 ) ) ;
#488 =( LENGTH_UNIT ( ) NAMED_UNIT ( * ) SI_UNIT ( .MILLI., .METRE. ) );
#489 = ORIENTED_EDGE ( 'NONE', *, *, #6077, .T. ) ;
#490 = FILL_AREA_STYLE ('',( #4931 ) ) ;
#491 = VERTEX_POINT ( 'NONE', #9254 ) ;
#492 = CARTESIAN_POINT ( 'NONE',  ( 2.501000000000000334, 0.4539877587088579358, 0.2798391780201487378 ) ) ;
#493 = UNCERTAINTY_MEASURE_WITH_UNIT (LENGTH_MEASURE( 1.000000000000000082E-05 ), #11913, 'distance_accuracy_value', 'NONE');
#494 = VECTOR ( 'NONE', #11720, 1000.000000000000000 ) ;
#495 = FILL_AREA_STYLE ('',( #1416 ) ) ;
#496 = ORIENTED_EDGE ( 'NONE', *, *, #2867, .F. ) ;
#497 =( LENGTH_UNIT ( ) NAMED_UNIT ( * ) SI_UNIT ( .MILLI., .METRE. ) );
#498 = EDGE_CURVE ( 'NONE', #8264, #1855, #8348, .T. ) ;
#499 = FILL_AREA_STYLE ('',( #10906 ) ) ;
#500 = PRESENTATION_STYLE_ASSIGNMENT (( #9184 ) ) ;
#501 = AXIS2_PLACEMENT_3D ( 'NONE', #4912, #405, #2276 ) ;
#502 = DIRECTION ( 'NONE',  ( -1.301042606982605321E-16, 0.000000000000000000, -1.000000000000000000 ) ) ;
#503 = ORIENTED_EDGE ( 'NONE', *, *, #3720, .T. ) ;
#505 = FILL_AREA_STYLE_COLOUR ( '', #10355 ) ;
#504 = DIRECTION ( 'NONE',  ( 0.000000000000000000, -1.000000000000000000, -3.452797389170332991E-15 ) ) ;
#506 = ORIENTED_EDGE ( 'NONE', *, *, #7455, .T. ) ;
#507 = ORIENTED_EDGE ( 'NONE', *, *, #3950, .T. ) ;
#508 =( NAMED_UNIT ( * ) SI_UNIT ( $, .STERADIAN. ) SOLID_ANGLE_UNIT ( ) );
#509 = ADVANCED_FACE ( 'NONE', ( #11026 ), #5429, .F. ) ;
#510 = CARTESIAN_POINT ( 'NONE',  ( 2.500000000000000000, 0.2819598114541069234, 0.2464629489069815604 ) ) ;
#512 = ORIENTED_EDGE ( 'NONE', *, *, #10207, .F. ) ;
#511 = SURFACE_SIDE_STYLE ('',( #2497 ) ) ;
#513 = CARTESIAN_POINT ( 'NONE',  ( 2.501000000000000334, 0.7658111578125363916, 0.3438882656657558656 ) ) ;
#514 = LINE ( 'NONE', #4302, #6895 ) ;
#515 = ORIENTED_EDGE ( 'NONE', *, *, #4228, .T. ) ;
#516 = ADVANCED_FACE ( 'NONE', ( #6866 ), #1274, .F. ) ;
#517 = CARTESIAN_POINT ( 'NONE',  ( 2.500000000000000000, 0.4149968368470454694, 0.3315151464618192323 ) ) ;
#518 = CARTESIAN_POINT ( 'NONE',  ( 2.501000000000000334, 1.083873104413248800, 0.3996192899806042531 ) ) ;
#519 =( GEOMETRIC_REPRESENTATION_CONTEXT ( 3 ) GLOBAL_UNCERTAINTY_ASSIGNED_CONTEXT ( ( #10365 ) ) GLOBAL_UNIT_ASSIGNED_CONTEXT ( ( #3280, #7073, #11861 ) ) REPRESENTATION_CONTEXT ( 'NONE', 'WORKASPACE' ) );
#520 = DIRECTION ( 'NONE',  ( 0.000000000000000000, 1.000000000000000000, 3.260615420656684258E-15 ) ) ;
#521 = FACE_OUTER_BOUND ( 'NONE', #4291, .T. ) ;
#522 = SURFACE_STYLE_FILL_AREA ( #9825 ) ;
#523 = ORIENTED_EDGE ( 'NONE', *, *, #2943, .T. ) ;
#524 = PRESENTATION_LAYER_ASSIGNMENT (  '', '', ( #8421 ) ) ;
#525 = ORIENTED_EDGE ( 'NONE', *, *, #8927, .F. ) ;
#526 = EDGE_LOOP ( 'NONE', ( #6182, #10454, #6810, #10744 ) ) ;
#527 = EDGE_CURVE ( 'NONE', #10945, #8114, #10759, .T. ) ;
#528 = CARTESIAN_POINT ( 'NONE',  ( 2.500000000000000000, 0.2680790432718422323, 0.7121705196255647685 ) ) ;
#529 = LINE ( 'NONE', #10769, #3650 ) ;
#530 = DIRECTION ( 'NONE',  ( -1.000000000000000000, -0.000000000000000000, -0.000000000000000000 ) ) ;
#531 = PRESENTATION_STYLE_ASSIGNMENT (( #2461 ) ) ;
#532 = DIRECTION ( 'NONE',  ( 0.000000000000000000, 4.105294533730240877E-15, -1.000000000000000000 ) ) ;
#533 = CARTESIAN_POINT ( 'NONE',  ( 2.500000000000000000, 0.5168931126464334502, 0.7550085457775251863 ) ) ;
#534 = SURFACE_STYLE_FILL_AREA ( #11790 ) ;
#535 = CARTESIAN_POINT ( 'NONE',  ( 2.500000000000000000, -0.6717327385521014715, 0.4234979680790827428 ) ) ;
#536 = EDGE_LOOP ( 'NONE', ( #3838, #9236, #6001, #324 ) ) ;
#537 = ORIENTED_EDGE ( 'NONE', *, *, #1958, .T. ) ;
#538 = VERTEX_POINT ( 'NONE', #5615 ) ;
#539 = ORIENTED_EDGE ( 'NONE', *, *, #11135, .T. ) ;
#541 = CARTESIAN_POINT ( 'NONE',  ( 2.501000000000000334, 0.7152789230802809595, 0.7100910037925296514 ) ) ;
#540 =( NAMED_UNIT ( * ) PLANE_ANGLE_UNIT ( ) SI_UNIT ( $, .RADIAN. ) );
#542 = CARTESIAN_POINT ( 'NONE',  ( 2.501000000000000334, 0.3885869857728882493, 0.2603957049850003647 ) ) ;
#543 = PRESENTATION_STYLE_ASSIGNMENT (( #4282 ) ) ;
#544 = ORIENTED_EDGE ( 'NONE', *, *, #10180, .T. ) ;
#545 =( NAMED_UNIT ( * ) SI_UNIT ( $, .STERADIAN. ) SOLID_ANGLE_UNIT ( ) );
#547 = FILL_AREA_STYLE ('',( #505 ) ) ;
#546 =( LENGTH_UNIT ( ) NAMED_UNIT ( * ) SI_UNIT ( .MILLI., .METRE. ) );
#548 = ADVANCED_FACE ( 'NONE', ( #8704 ), #897, .F. ) ;
#549 = EDGE_CURVE ( 'NONE', #3663, #8369, #43, .T. ) ;
#550 = FILL_AREA_STYLE ('',( #1491 ) ) ;
#551 = ORIENTED_EDGE ( 'NONE', *, *, #7196, .T. ) ;
#552 = ORIENTED_EDGE ( 'NONE', *, *, #10748, .T. ) ;
#553 = CARTESIAN_POINT ( 'NONE',  ( 2.500000000000000000, 0.5111224562105154412, 0.6432345697732937406 ) ) ;
#554 = FACE_OUTER_BOUND ( 'NONE', #9197, .T. ) ;
#555 = DIRECTION ( 'NONE',  ( 7.228014483236695816E-17, -0.000000000000000000, 1.000000000000000000 ) ) ;
#556 =( NAMED_UNIT ( * ) PLANE_ANGLE_UNIT ( ) SI_UNIT ( $, .RADIAN. ) );
#557 = FILL_AREA_STYLE ('',( #11034 ) ) ;
#558 =( NAMED_UNIT ( * ) PLANE_ANGLE_UNIT ( ) SI_UNIT ( $, .RADIAN. ) );
#559 = STYLED_ITEM ( 'NONE', ( #9363 ), #10318 ) ;
#560 = CARTESIAN_POINT ( 'NONE',  ( 2.500000000000000000, 0.2991678049696441799, 0.3568852396201577237 ) ) ;
#561 = EDGE_CURVE ( 'NONE', #6163, #286, #9503, .T. ) ;
#562 = CARTESIAN_POINT ( 'NONE',  ( 2.501000000000000334, 0.3151280889849391031, 0.5482006962220953294 ) ) ;
#564 = VERTEX_POINT ( 'NONE', #10184 ) ;
#563 = PLANE ( 'NONE',  #4359 ) ;
#565 = CARTESIAN_POINT ( 'NONE',  ( 2.501000000000000334, 0.5111224562105154412, 0.6665251470985906757 ) ) ;
#566 = CARTESIAN_POINT ( 'NONE',  ( 2.501000000000000334, -0.9855119931785352172, 0.4582015994973731576 ) ) ;
#567 = SURFACE_SIDE_STYLE ('',( #9074 ) ) ;
#568 = STYLED_ITEM ( 'NONE', ( #5627 ), #2494 ) ;
#569 = EDGE_LOOP ( 'NONE', ( #9611, #2398, #11279, #5690 ) ) ;
#570 =( NAMED_UNIT ( * ) PLANE_ANGLE_UNIT ( ) SI_UNIT ( $, .RADIAN. ) );
#571 = STYLED_ITEM ( 'NONE', ( #8084 ), #10697 ) ;
#572 = VECTOR ( 'NONE', #4170, 1000.000000000000000 ) ;
#573 =( LENGTH_UNIT ( ) NAMED_UNIT ( * ) SI_UNIT ( .MILLI., .METRE. ) );
#574 = PRESENTATION_LAYER_ASSIGNMENT (  '', '', ( #5895 ) ) ;
#575 = CARTESIAN_POINT ( 'NONE',  ( 2.500000000000000000, 0.3176754958797889938, 0.2583161891533536925 ) ) ;
#576 = ADVANCED_FACE ( 'NONE', ( #4876 ), #2092, .F. ) ;
#578 = ORIENTED_EDGE ( 'NONE', *, *, #3004, .F. ) ;
#577 = CARTESIAN_POINT ( 'NONE',  ( 2.501000000000000334, 0.7368019119484687796, 0.5516318973461914466 ) ) ;
#579 = VERTEX_POINT ( 'NONE', #6468 ) ;
#580 = PRESENTATION_LAYER_ASSIGNMENT (  '', '', ( #7870 ) ) ;
#581 = AXIS2_PLACEMENT_3D ( 'NONE', #5821, #4955, #4890 ) ;
#582 = PRESENTATION_LAYER_ASSIGNMENT (  '', '', ( #7886 ) ) ;
#583 =( GEOMETRIC_REPRESENTATION_CONTEXT ( 3 ) GLOBAL_UNCERTAINTY_ASSIGNED_CONTEXT ( ( #5562 ) ) GLOBAL_UNIT_ASSIGNED_CONTEXT ( ( #3662, #4644, #6785 ) ) REPRESENTATION_CONTEXT ( 'NONE', 'WORKASPACE' ) );
#584 = B_SPLINE_SURFACE_WITH_KNOTS ( 'NONE', 3, 1, ( 
 ( #5107, #4400 ),
 ( #8158, #3514 ),
 ( #1598, #9239 ),
 ( #11134, #2643 ) ),
 .UNSPECIFIED., .F., .F., .F.,
 ( 4, 4 ),
 ( 2, 2 ),
 ( 9.000000000000000000, 10.00000000000000000 ),
 ( 0.000000000000000000, 1.000000000000000000 ),
 .UNSPECIFIED. ) ;
#585 = ORIENTED_EDGE ( 'NONE', *, *, #2709, .F. ) ;
#586 = CARTESIAN_POINT ( 'NONE',  ( 2.501000000000000334, 0.2083449509788870557, 0.4323716643446897656 ) ) ;
#587 = LINE ( 'NONE', #8147, #6274 ) ;
#588 = VECTOR ( 'NONE', #10728, 1000.000000000000000 ) ;
#589 = MECHANICAL_DESIGN_GEOMETRIC_PRESENTATION_REPRESENTATION (  '', ( #11275 ), #7501 ) ;
#590 = DIRECTION ( 'NONE',  ( -1.000000000000000000, -0.000000000000000000, -0.000000000000000000 ) ) ;
#591 = FILL_AREA_STYLE ('',( #9093 ) ) ;
#592 = CARTESIAN_POINT ( 'NONE',  ( 2.500000000000000000, -0.3333717461538914240, 0.2282896724708662339 ) ) ;
#593 = CARTESIAN_POINT ( 'NONE',  ( 2.501000000000000334, 0.3285929540011501837, 0.3018820458472852297 ) ) ;
#594 = DIRECTION ( 'NONE',  ( -1.000000000000000000, -0.000000000000000000, -0.000000000000000000 ) ) ;
#595 = EDGE_CURVE ( 'NONE', #2075, #10282, #9366, .T. ) ;
#597 = EDGE_CURVE ( 'NONE', #6305, #7413, #11997, .T. ) ;
#596 = ORIENTED_EDGE ( 'NONE', *, *, #6093, .F. ) ;
#598 = CARTESIAN_POINT ( 'NONE',  ( -2.200000000000000178, -0.2500000000000000000, 0.000000000000000000 ) ) ;
#599 = UNCERTAINTY_MEASURE_WITH_UNIT (LENGTH_MEASURE( 1.000000000000000082E-05 ), #4800, 'distance_accuracy_value', 'NONE');
#600 =( NAMED_UNIT ( * ) PLANE_ANGLE_UNIT ( ) SI_UNIT ( $, .RADIAN. ) );
#601 = STYLED_ITEM ( 'NONE', ( #9219 ), #2041 ) ;
#602 = MECHANICAL_DESIGN_GEOMETRIC_PRESENTATION_REPRESENTATION (  '', ( #5927 ), #27 ) ;
#603 = ORIENTED_EDGE ( 'NONE', *, *, #1092, .F. ) ;
#604 = CARTESIAN_POINT ( 'NONE',  ( 2.501000000000000334, 0.5732999796068045661, 0.2648666640256179261 ) ) ;
#606 =( NAMED_UNIT ( * ) PLANE_ANGLE_UNIT ( ) SI_UNIT ( $, .RADIAN. ) );
#605 = FILL_AREA_STYLE ('',( #5279 ) ) ;
#607 = CARTESIAN_POINT ( 'NONE',  ( 0.3999999999999994116, 0.2500000000000000000, -5.000000000000000000 ) ) ;
#608 = CARTESIAN_POINT ( 'NONE',  ( 2.500000000000000000, 0.5861929777696958110, 0.7316139926607153621 ) ) ;
#609 = CARTESIAN_POINT ( 'NONE',  ( 2.501000000000000334, 0.4703119579951469120, 0.2371051276597024027 ) ) ;
#610 = DIRECTION ( 'NONE',  ( 0.000000000000000000, 1.000000000000000000, 3.536796197963910261E-15 ) ) ;
#611 = DIRECTION ( 'NONE',  ( 0.000000000000000000, 0.000000000000000000, 1.000000000000000000 ) ) ;
#612 = CARTESIAN_POINT ( 'NONE',  ( 2.500000000000000000, 0.2945928701375171710, 0.2973071110151591090 ) ) ;
#613 = VERTEX_POINT ( 'NONE', #9266 ) ;
#614 = AXIS2_PLACEMENT_3D ( 'NONE', #2475, #10037, #9111 ) ;
#615 = LINE ( 'NONE', #7992, #8029 ) ;
#617 = CARTESIAN_POINT ( 'NONE',  ( 2.500000000000000000, 0.3279171113556229034, 0.2514537869051606256 ) ) ;
#616 = SURFACE_STYLE_FILL_AREA ( #9121 ) ;
#618 = VERTEX_POINT ( 'NONE', #3598 ) ;
#619 = MECHANICAL_DESIGN_GEOMETRIC_PRESENTATION_REPRESENTATION (  '', ( #2789 ), #4651 ) ;
#620 = SURFACE_STYLE_USAGE ( .BOTH. , #9125 ) ;
#621 = ORIENTED_EDGE ( 'NONE', *, *, #947, .T. ) ;
#622 = DIRECTION ( 'NONE',  ( 0.000000000000000000, -1.000000000000000000, -3.469208023143580123E-15 ) ) ;
#623 = LINE ( 'NONE', #4350, #3159 ) ;
#624 = COLOUR_RGB ( '',0.000000000000000000, 0.000000000000000000, 0.000000000000000000 ) ;
#625 =( LENGTH_UNIT ( ) NAMED_UNIT ( * ) SI_UNIT ( .MILLI., .METRE. ) );
#626 = DIRECTION ( 'NONE',  ( 0.000000000000000000, -1.000000000000000000, -8.617725714964536457E-15 ) ) ;
#627 = CARTESIAN_POINT ( 'NONE',  ( 2.501000000000000334, -0.9855119931785352172, 0.4582015994973731576 ) ) ;
#628 = ADVANCED_FACE ( 'NONE', ( #867 ), #8235, .F. ) ;
#629 = EDGE_CURVE ( 'NONE', #7096, #12205, #11308, .T. ) ;
#630 = CARTESIAN_POINT ( 'NONE',  ( 2.500000000000000000, 0.3030149092597864691, 0.2255638147892596312 ) ) ;
#631 = STYLED_ITEM ( 'NONE', ( #8331 ), #4705 ) ;
#632 = PLANE ( 'NONE',  #1415 ) ;
#633 =( LENGTH_UNIT ( ) NAMED_UNIT ( * ) SI_UNIT ( .MILLI., .METRE. ) );
#634 = CARTESIAN_POINT ( 'NONE',  ( 2.501000000000000334, 0.2945928701375169489, 0.2973071110151591090 ) ) ;
#635 = CARTESIAN_POINT ( 'NONE',  ( 2.500000000000000000, 1.116625478778722869, 0.3076007143860648441 ) ) ;
#636 = PRESENTATION_LAYER_ASSIGNMENT (  '', '', ( #3783 ) ) ;
#638 = ORIENTED_EDGE ( 'NONE', *, *, #7834, .T. ) ;
#637 = PRESENTATION_STYLE_ASSIGNMENT (( #11103 ) ) ;
#639 = CARTESIAN_POINT ( 'NONE',  ( 2.501000000000000334, 0.9802092401581361525, 0.3332827349189388944 ) ) ;
#640 =( GEOMETRIC_REPRESENTATION_CONTEXT ( 3 ) GLOBAL_UNCERTAINTY_ASSIGNED_CONTEXT ( ( #3063 ) ) GLOBAL_UNIT_ASSIGNED_CONTEXT ( ( #3785, #3900, #216 ) ) REPRESENTATION_CONTEXT ( 'NONE', 'WORKASPACE' ) );
#641 = ORIENTED_EDGE ( 'NONE', *, *, #5110, .F. ) ;
#642 = SURFACE_STYLE_FILL_AREA ( #2622 ) ;
#643 = CARTESIAN_POINT ( 'NONE',  ( 2.501000000000000334, 0.3285929540011500727, 0.3450319993737844815 ) ) ;
#644 = EDGE_CURVE ( 'NONE', #8028, #9932, #9383, .T. ) ;
#645 =( GEOMETRIC_REPRESENTATION_CONTEXT ( 3 ) GLOBAL_UNCERTAINTY_ASSIGNED_CONTEXT ( ( #6650 ) ) GLOBAL_UNIT_ASSIGNED_CONTEXT ( ( #2635, #1835, #1776 ) ) REPRESENTATION_CONTEXT ( 'NONE', 'WORKASPACE' ) );
#646 = CARTESIAN_POINT ( 'NONE',  ( 2.501000000000000334, 0.6129667441148385354, 0.3742491968222730891 ) ) ;
#647 = CARTESIAN_POINT ( 'NONE',  ( 2.500000000000000000, -0.6731787588190678573, 0.2196136611919111969 ) ) ;
#648 = DIRECTION ( 'NONE',  ( 0.000000000000000000, -3.198603716350140242E-15, 1.000000000000000000 ) ) ;
#649 = VERTEX_POINT ( 'NONE', #2142 ) ;
#650 = COLOUR_RGB ( '',0.000000000000000000, 0.000000000000000000, 0.000000000000000000 ) ;
#651 = FILL_AREA_STYLE_COLOUR ( '', #9168 ) ;
#652 = LINE ( 'NONE', #4262, #2374 ) ;
#653 = EDGE_CURVE ( 'NONE', #1198, #11452, #4059, .T. ) ;
#654 =( NAMED_UNIT ( * ) PLANE_ANGLE_UNIT ( ) SI_UNIT ( $, .RADIAN. ) );
#655 = DIRECTION ( 'NONE',  ( -0.000000000000000000, 1.000000000000000000, 3.726750577286288466E-15 ) ) ;
#656 =( GEOMETRIC_REPRESENTATION_CONTEXT ( 3 ) GLOBAL_UNCERTAINTY_ASSIGNED_CONTEXT ( ( #3807 ) ) GLOBAL_UNIT_ASSIGNED_CONTEXT ( ( #5564, #8734, #3947 ) ) REPRESENTATION_CONTEXT ( 'NONE', 'WORKASPACE' ) );
#657 = DIRECTION ( 'NONE',  ( 7.228014483236695816E-17, -0.000000000000000000, 1.000000000000000000 ) ) ;
#658 = SURFACE_SIDE_STYLE ('',( #9167 ) ) ;
#659 = DIRECTION ( 'NONE',  ( -0.000000000000000000, -0.000000000000000000, -1.000000000000000000 ) ) ;
#660 = ORIENTED_EDGE ( 'NONE', *, *, #7505, .F. ) ;
#661 = MECHANICAL_DESIGN_GEOMETRIC_PRESENTATION_REPRESENTATION (  '', ( #469 ), #5798 ) ;
#662 = B_SPLINE_CURVE_WITH_KNOTS ( 'NONE', 3,
 ( #6201, #11064, #6253, #9166 ),
 .UNSPECIFIED., .F., .F.,
 ( 4, 4 ),
 ( 2.000000000000000000, 3.000000000000000000 ),
 .UNSPECIFIED. ) ;
#663 = ORIENTED_EDGE ( 'NONE', *, *, #7716, .F. ) ;
#664 = VECTOR ( 'NONE', #10967, 1000.000000000000000 ) ;
#665 = VECTOR ( 'NONE', #737, 1000.000000000000000 ) ;
#666 = CARTESIAN_POINT ( 'NONE',  ( 0.000000000000000000, 0.000000000000000000, 8.699999999999999289 ) ) ;
#667 = DIRECTION ( 'NONE',  ( -0.000000000000000000, -3.610195539053074430E-15, 1.000000000000000000 ) ) ;
#668 = EDGE_CURVE ( 'NONE', #11431, #4985, #11675, .T. ) ;
#669 = MECHANICAL_DESIGN_GEOMETRIC_PRESENTATION_REPRESENTATION (  '', ( #3453 ), #3827 ) ;
#670 = EDGE_CURVE ( 'NONE', #3166, #9273, #10705, .T. ) ;
#671 = LINE ( 'NONE', #607, #9720 ) ;
#672 = CARTESIAN_POINT ( 'NONE',  ( 2.500000000000000000, 0.1298432282970051477, 0.3438882656657537007 ) ) ;
#673 = DIRECTION ( 'NONE',  ( -0.000000000000000000, -1.000000000000000000, -0.000000000000000000 ) ) ;
#674 = EDGE_LOOP ( 'NONE', ( #9014, #71, #10246, #1289 ) ) ;
#675 = CARTESIAN_POINT ( 'NONE',  ( 2.500000000000000000, 0.4453057801078000866, 0.2255638147892601586 ) ) ;
#676 = DIRECTION ( 'NONE',  ( -0.000000000000000000, -1.000000000000000000, -0.000000000000000000 ) ) ;
#677 = ORIENTED_EDGE ( 'NONE', *, *, #527, .T. ) ;
#678 = PRESENTATION_STYLE_ASSIGNMENT (( #5357 ) ) ;
#679 = DIRECTION ( 'NONE',  ( -1.000000000000000000, -0.000000000000000000, -0.000000000000000000 ) ) ;
#680 =( NAMED_UNIT ( * ) SI_UNIT ( $, .STERADIAN. ) SOLID_ANGLE_UNIT ( ) );
#681 = FILL_AREA_STYLE_COLOUR ( '', #8699 ) ;
#682 = ORIENTED_EDGE ( 'NONE', *, *, #597, .T. ) ;
#683 = DIRECTION ( 'NONE',  ( -1.000000000000000000, 1.224646799147353207E-16, 0.000000000000000000 ) ) ;
#684 = EDGE_LOOP ( 'NONE', ( #10237, #1822, #12132, #6071 ) ) ;
#685 =( NAMED_UNIT ( * ) PLANE_ANGLE_UNIT ( ) SI_UNIT ( $, .RADIAN. ) );
#686 = UNCERTAINTY_MEASURE_WITH_UNIT (LENGTH_MEASURE( 1.000000000000000082E-05 ), #6857, 'distance_accuracy_value', 'NONE');
#687 = PRESENTATION_LAYER_ASSIGNMENT (  '', '', ( #6006 ) ) ;
#688 =( NAMED_UNIT ( * ) SI_UNIT ( $, .STERADIAN. ) SOLID_ANGLE_UNIT ( ) );
#689 = SURFACE_SIDE_STYLE ('',( #8359 ) ) ;
#690 = SURFACE_STYLE_USAGE ( .BOTH. , #865 ) ;
#691 = PRESENTATION_STYLE_ASSIGNMENT (( #11098 ) ) ;
#692 = SURFACE_STYLE_USAGE ( .BOTH. , #2031 ) ;
#693 =( NAMED_UNIT ( * ) PLANE_ANGLE_UNIT ( ) SI_UNIT ( $, .RADIAN. ) );
#694 = B_SPLINE_CURVE_WITH_KNOTS ( 'NONE', 3,
 ( #6009, #8827, #221, #287 ),
 .UNSPECIFIED., .F., .F.,
 ( 4, 4 ),
 ( 2.000000000000000000, 3.000000000000000000 ),
 .UNSPECIFIED. ) ;
#695 = DIRECTION ( 'NONE',  ( 0.000000000000000000, 1.000000000000000000, 3.622438551222426761E-15 ) ) ;
#696 = ORIENTED_EDGE ( 'NONE', *, *, #189, .T. ) ;
#697 = CARTESIAN_POINT ( 'NONE',  ( 2.500000000000000000, 0.3008314176359281333, 0.7347332664088831455 ) ) ;
#698 = FACE_OUTER_BOUND ( 'NONE', #800, .T. ) ;
#699 = VERTEX_POINT ( 'NONE', #4994 ) ;
#700 = CARTESIAN_POINT ( 'NONE',  ( 2.500000000000000000, 0.9802092401581361525, 0.3332827349189388944 ) ) ;
#701 = ORIENTED_EDGE ( 'NONE', *, *, #9653, .T. ) ;
#702 = ORIENTED_EDGE ( 'NONE', *, *, #1813, .F. ) ;
#703 = FILL_AREA_STYLE_COLOUR ( '', #1644 ) ;
#704 = PRESENTATION_LAYER_ASSIGNMENT (  '', '', ( #3481 ) ) ;
#705 = CARTESIAN_POINT ( 'NONE',  ( 2.501000000000000334, -0.06297218938474401229, 0.4307278763517052855 ) ) ;
#706 = CARTESIAN_POINT ( 'NONE',  ( 2.501000000000000334, 0.6979149658781653720, 0.6805618789695090376 ) ) ;
#708 = CARTESIAN_POINT ( 'NONE',  ( 2.501000000000000334, 1.097026042056302497, 0.4323716643446928742 ) ) ;
#707 =( LENGTH_UNIT ( ) NAMED_UNIT ( * ) SI_UNIT ( .MILLI., .METRE. ) );
#710 = ORIENTED_EDGE ( 'NONE', *, *, #10449, .F. ) ;
#709 = CARTESIAN_POINT ( 'NONE',  ( 2.501000000000000334, -0.2842082154503027813, 0.7343851339065498030 ) ) ;
#711 = EDGE_CURVE ( 'NONE', #2359, #4767, #5675, .T. ) ;
#712 = ADVANCED_FACE ( 'NONE', ( #7770 ), #3094, .T. ) ;
#713 = ORIENTED_EDGE ( 'NONE', *, *, #4040, .T. ) ;
#714 = CARTESIAN_POINT ( 'NONE',  ( 2.501000000000000334, 0.1035893409101124873, 0.2289950159133561369 ) ) ;
#715 = VECTOR ( 'NONE', #6079, 1000.000000000000000 ) ;
#716 = CARTESIAN_POINT ( 'NONE',  ( 2.501000000000000334, 0.4205595416992428115, 0.3238209378815272710 ) ) ;
#717 = FACE_OUTER_BOUND ( 'NONE', #325, .T. ) ;
#718 = DIRECTION ( 'NONE',  ( -0.000000000000000000, -0.000000000000000000, -1.000000000000000000 ) ) ;
#719 = CARTESIAN_POINT ( 'NONE',  ( 2.500000000000000000, 0.3249538012940281773, 0.2661143735251563225 ) ) ;
#720 = CARTESIAN_POINT ( 'NONE',  ( 2.500000000000000000, 0.3885869857728883048, 0.2340898297030533370 ) ) ;
#721 = B_SPLINE_CURVE_WITH_KNOTS ( 'NONE', 3,
 ( #3805, #11378, #6506, #10321, #1843, #5725 ),
 .UNSPECIFIED., .F., .F.,
 ( 4, 2, 4 ),
 ( 2.000000000000000000, 3.000000000000000000, 4.000000000000000000 ),
 .UNSPECIFIED. ) ;
#722 = CARTESIAN_POINT ( 'NONE',  ( 2.501000000000000334, -0.1526234049923927139, 0.4292818560854309573 ) ) ;
#723 = CARTESIAN_POINT ( 'NONE',  ( 2.500000000000000000, 0.3959692669786430974, 0.3120716734266724135 ) ) ;
#724 = ORIENTED_EDGE ( 'NONE', *, *, #9958, .F. ) ;
#725 = PLANE ( 'NONE',  #3161 ) ;
#726 = EDGE_CURVE ( 'NONE', #10911, #4268, #9689, .T. ) ;
#727 = DIRECTION ( 'NONE',  ( -0.000000000000000000, 1.000000000000000000, 3.876374764046011028E-15 ) ) ;
#728 = ORIENTED_EDGE ( 'NONE', *, *, #7767, .T. ) ;
#729 = ORIENTED_EDGE ( 'NONE', *, *, #5992, .F. ) ;
#730 =( NAMED_UNIT ( * ) SI_UNIT ( $, .STERADIAN. ) SOLID_ANGLE_UNIT ( ) );
#731 = CARTESIAN_POINT ( 'NONE',  ( 2.500000000000000000, -0.6167852646828184682, 0.2456414743899958675 ) ) ;
#732 =( LENGTH_UNIT ( ) NAMED_UNIT ( * ) SI_UNIT ( .MILLI., .METRE. ) );
#733 = CARTESIAN_POINT ( 'NONE',  ( 2.500000000000000000, 0.9303008601735733851, 0.3898455655672723452 ) ) ;
#734 = CARTESIAN_POINT ( 'NONE',  ( 2.500000000000000000, 0.4703119579951469120, 0.2371051276597024027 ) ) ;
#735 = LINE ( 'NONE', #3418, #6948 ) ;
#736 = ORIENTED_EDGE ( 'NONE', *, *, #5158, .F. ) ;
#737 = DIRECTION ( 'NONE',  ( 0.000000000000000000, 0.000000000000000000, 1.000000000000000000 ) ) ;
#738 =( NAMED_UNIT ( * ) SI_UNIT ( $, .STERADIAN. ) SOLID_ANGLE_UNIT ( ) );
#739 = EDGE_CURVE ( 'NONE', #9737, #5123, #3404, .T. ) ;
#740 = CARTESIAN_POINT ( 'NONE',  ( 2.500000000000000000, 0.5215200353736221262, 0.5748184988799742712 ) ) ;
#741 = B_SPLINE_SURFACE_WITH_KNOTS ( 'NONE', 3, 1, ( 
 ( #7924, #10176 ),
 ( #1692, #5436 ),
 ( #6412, #9262 ),
 ( #2669, #733 ) ),
 .UNSPECIFIED., .F., .F., .F.,
 ( 4, 4 ),
 ( 2, 2 ),
 ( 4.000000000000000000, 5.000000000000000000 ),
 ( 0.000000000000000000, 1.000000000000000000 ),
 .UNSPECIFIED. ) ;
#742 = ORIENTED_EDGE ( 'NONE', *, *, #3202, .F. ) ;
#743 = ORIENTED_EDGE ( 'NONE', *, *, #7066, .F. ) ;
#744 = PRESENTATION_STYLE_ASSIGNMENT (( #9131 ) ) ;
#745 = LINE ( 'NONE', #10232, #4119 ) ;
#746 = CARTESIAN_POINT ( 'NONE',  ( 2.501000000000000334, 0.4453057801077998645, 0.3113438428846952988 ) ) ;
#747 = CARTESIAN_POINT ( 'NONE',  ( 2.501000000000000334, 0.6607436203678370701, 0.7252714693714786831 ) ) ;
#748 = CARTESIAN_POINT ( 'NONE',  ( 2.500000000000000000, -0.4808624485847420305, 0.8095764709139161575 ) ) ;
#749 = CARTESIAN_POINT ( 'NONE',  ( 2.501000000000000334, 0.4168684010963653042, 0.3270441874212105526 ) ) ;
#750 = EDGE_CURVE ( 'NONE', #649, #11746, #4394, .T. ) ;
#751 = EDGE_CURVE ( 'NONE', #10762, #9389, #5358, .T. ) ;
#752 = CARTESIAN_POINT ( 'NONE',  ( 2.501000000000000334, 0.4087972802711399845, 0.2498681560830270376 ) ) ;
#753 = CARTESIAN_POINT ( 'NONE',  ( 2.500000000000000000, -0.6731787588190678573, 0.2196136611919111969 ) ) ;
#754 = ORIENTED_EDGE ( 'NONE', *, *, #1428, .T. ) ;
#755 = DIRECTION ( 'NONE',  ( -0.000000000000000000, 1.000000000000000000, 3.198603716350137876E-15 ) ) ;
#756 = FILL_AREA_STYLE_COLOUR ( '', #11649 ) ;
#757 = COLOUR_RGB ( '',0.8509803921568627194, 0.8509803921568627194, 0.8509803921568627194 ) ;
#758 = DIRECTION ( 'NONE',  ( -0.000000000000000000, -9.310221531588290742E-15, 1.000000000000000000 ) ) ;
#759 = SURFACE_STYLE_USAGE ( .BOTH. , #7317 ) ;
#760 = ORIENTED_EDGE ( 'NONE', *, *, #2233, .T. ) ;
#761 = CARTESIAN_POINT ( 'NONE',  ( 2.501000000000000334, 0.9802092401581361525, 0.3332827349189388944 ) ) ;
#762 = COLOUR_RGB ( '',0.000000000000000000, 0.000000000000000000, 0.000000000000000000 ) ;
#763 = COLOUR_RGB ( '',0.000000000000000000, 0.000000000000000000, 0.000000000000000000 ) ;
#764 = CARTESIAN_POINT ( 'NONE',  ( 2.501000000000000334, 0.9291051385711692756, 0.2384568129507687595 ) ) ;
#765 = AXIS2_PLACEMENT_3D ( 'NONE', #4687, #5747, #5556 ) ;
#766 = CARTESIAN_POINT ( 'NONE',  ( 2.501000000000000334, 0.2748569651886479392, 0.3742102059006248704 ) ) ;
#767 = DIRECTION ( 'NONE',  ( 0.000000000000000000, 1.000000000000000000, 3.862017820491772721E-15 ) ) ;
#768 = ADVANCED_FACE ( 'NONE', ( #10952 ), #7205, .F. ) ;
#769 = SURFACE_SIDE_STYLE ('',( #4662 ) ) ;
#770 = CARTESIAN_POINT ( 'NONE',  ( 2.501000000000000334, 0.2108403699786665364, 0.5516318973461894482 ) ) ;
#771 = EDGE_CURVE ( 'NONE', #1855, #10511, #7260, .T. ) ;
#772 = CARTESIAN_POINT ( 'NONE',  ( 2.501000000000000334, 0.4703119579951469120, 0.2371051276597024027 ) ) ;
#773 = FACE_OUTER_BOUND ( 'NONE', #10899, .T. ) ;
#774 = CARTESIAN_POINT ( 'NONE',  ( 2.500000000000000000, 0.2515468924018349761, 0.3393133308336281351 ) ) ;
#775 = CARTESIAN_POINT ( 'NONE',  ( 2.501000000000000334, 0.6415600868128585876, 0.5748184988799747153 ) ) ;
#776 = AXIS2_PLACEMENT_3D ( 'NONE', #5871, #3160, #2974 ) ;
#777 =( LENGTH_UNIT ( ) NAMED_UNIT ( * ) SI_UNIT ( .MILLI., .METRE. ) );
#778 = VERTEX_POINT ( 'NONE', #6391 ) ;
#779 = CARTESIAN_POINT ( 'NONE',  ( 2.500000000000000000, 0.6158780662799840933, 0.5516318973461910025 ) ) ;
#780 = ORIENTED_EDGE ( 'NONE', *, *, #458, .T. ) ;
#781 = PRESENTATION_LAYER_ASSIGNMENT (  '', '', ( #7900 ) ) ;
#782 = AXIS2_PLACEMENT_3D ( 'NONE', #3359, #7035, #10980 ) ;
#783 = COLOUR_RGB ( '',0.000000000000000000, 0.000000000000000000, 0.000000000000000000 ) ;
#784 = SURFACE_SIDE_STYLE ('',( #10264 ) ) ;
#785 = PRESENTATION_LAYER_ASSIGNMENT (  '', '', ( #5724 ) ) ;
#786 =( LENGTH_UNIT ( ) NAMED_UNIT ( * ) SI_UNIT ( .MILLI., .METRE. ) );
#787 = CARTESIAN_POINT ( 'NONE',  ( 2.501000000000000334, 0.2855469762654684329, 0.3152949229677414755 ) ) ;
#788 = EDGE_CURVE ( 'NONE', #7874, #10507, #11729, .T. ) ;
#789 = DIRECTION ( 'NONE',  ( -1.000000000000000000, -0.000000000000000000, -0.000000000000000000 ) ) ;
#790 = CARTESIAN_POINT ( 'NONE',  ( 2.501000000000000334, 0.4278898350092369962, 0.3551176511616613296 ) ) ;
#791 = EDGE_LOOP ( 'NONE', ( #5465, #4091, #9484, #415 ) ) ;
#792 =( NAMED_UNIT ( * ) PLANE_ANGLE_UNIT ( ) SI_UNIT ( $, .RADIAN. ) );
#793 = B_SPLINE_CURVE_WITH_KNOTS ( 'NONE', 3,
 ( #10858, #1503, #5138, #560 ),
 .UNSPECIFIED., .F., .F.,
 ( 4, 4 ),
 ( 12.00000000000000000, 13.00000000000000000 ),
 .UNSPECIFIED. ) ;
#794 = PRESENTATION_STYLE_ASSIGNMENT (( #5479 ) ) ;
#795 = DIRECTION ( 'NONE',  ( 0.000000000000000000, 0.9345104387417477732, -0.3559357243698730855 ) ) ;
#796 = PRESENTATION_LAYER_ASSIGNMENT (  '', '', ( #6110 ) ) ;
#797 = CARTESIAN_POINT ( 'NONE',  ( 2.501000000000000334, 0.2533664687553985884, 0.6073629216610356707 ) ) ;
#798 = VECTOR ( 'NONE', #12162, 1000.000000000000000 ) ;
#799 = FACE_OUTER_BOUND ( 'NONE', #11797, .T. ) ;
#800 = EDGE_LOOP ( 'NONE', ( #12187, #8741, #7645, #2557 ) ) ;
#801 = B_SPLINE_SURFACE_WITH_KNOTS ( 'NONE', 3, 1, ( 
 ( #4100, #807 ),
 ( #747, #10872 ),
 ( #8233, #4246 ),
 ( #402, #9204 ) ),
 .UNSPECIFIED., .F., .F., .F.,
 ( 4, 4 ),
 ( 2, 2 ),
 ( 5.000000000000000000, 6.000000000000000000 ),
 ( 0.000000000000000000, 1.000000000000000000 ),
 .UNSPECIFIED. ) ;
#802 = UNCERTAINTY_MEASURE_WITH_UNIT (LENGTH_MEASURE( 1.000000000000000082E-05 ), #3769, 'distance_accuracy_value', 'NONE');
#803 = UNCERTAINTY_MEASURE_WITH_UNIT (LENGTH_MEASURE( 1.000000000000000082E-05 ), #9288, 'distance_accuracy_value', 'NONE');
#804 = FILL_AREA_STYLE ('',( #4762 ) ) ;
#805 = CARTESIAN_POINT ( 'NONE',  ( 2.501000000000000334, 0.5111224562105154412, 0.6432345697732937406 ) ) ;
#806 = EDGE_CURVE ( 'NONE', #8212, #2206, #662, .T. ) ;
#807 = CARTESIAN_POINT ( 'NONE',  ( 2.500000000000000000, 0.6756121585722466572, 0.7124824470001057675 ) ) ;
#808 = CARTESIAN_POINT ( 'NONE',  ( 2.500000000000000000, -0.2842082154503027813, 0.7343851339065498030 ) ) ;
#809 = DIRECTION ( 'NONE',  ( -0.000000000000000000, -9.310221531588290742E-15, 1.000000000000000000 ) ) ;
#810 = DIRECTION ( 'NONE',  ( 1.000000000000000000, 0.000000000000000000, 0.000000000000000000 ) ) ;
#811 = COLOUR_RGB ( '',0.000000000000000000, 0.000000000000000000, 0.000000000000000000 ) ;
#813 = ORIENTED_EDGE ( 'NONE', *, *, #7962, .T. ) ;
#812 =( NAMED_UNIT ( * ) PLANE_ANGLE_UNIT ( ) SI_UNIT ( $, .RADIAN. ) );
#814 = CARTESIAN_POINT ( 'NONE',  ( 2.501000000000000334, 1.082729370706597916, 0.4063777164358939320 ) ) ;
#815 = LINE ( 'NONE', #5317, #8379 ) ;
#816 = VERTEX_POINT ( 'NONE', #9233 ) ;
#817 = EDGE_CURVE ( 'NONE', #11837, #4840, #4367, .T. ) ;
#818 = SURFACE_STYLE_FILL_AREA ( #4544 ) ;
#819 = EDGE_CURVE ( 'NONE', #5329, #286, #11158, .T. ) ;
#820 = APPLICATION_CONTEXT ( 'automotive_design' ) ;
#821 = AXIS2_PLACEMENT_3D ( 'NONE', #1970, #9405, #4746 ) ;
#822 =( LENGTH_UNIT ( ) NAMED_UNIT ( * ) SI_UNIT ( .MILLI., .METRE. ) );
#823 = PLANE ( 'NONE',  #228 ) ;
#825 = EDGE_LOOP ( 'NONE', ( #9975, #9862, #9741, #9783 ) ) ;
#824 =( LENGTH_UNIT ( ) NAMED_UNIT ( * ) SI_UNIT ( .MILLI., .METRE. ) );
#826 = PRESENTATION_LAYER_ASSIGNMENT (  '', '', ( #11689 ) ) ;
#827 = ORIENTED_EDGE ( 'NONE', *, *, #5292, .F. ) ;
#828 = SURFACE_STYLE_FILL_AREA ( #7253 ) ;
#829 = VECTOR ( 'NONE', #10851, 1000.000000000000000 ) ;
#830 = CARTESIAN_POINT ( 'NONE',  ( -0.3999999999999999667, -0.2500000000000000000, 0.000000000000000000 ) ) ;
#831 = CARTESIAN_POINT ( 'NONE',  ( 2.501000000000000334, 0.4999450586103734162, 0.3742491968222727561 ) ) ;
#832 = SURFACE_STYLE_FILL_AREA ( #2879 ) ;
#833 = FACE_OUTER_BOUND ( 'NONE', #4567, .T. ) ;
#834 =( LENGTH_UNIT ( ) NAMED_UNIT ( * ) SI_UNIT ( .MILLI., .METRE. ) );
#835 = B_SPLINE_SURFACE_WITH_KNOTS ( 'NONE', 3, 1, ( 
 ( #627, #11402 ),
 ( #2723, #3942 ),
 ( #1868, #3768 ),
 ( #7713, #6463 ) ),
 .UNSPECIFIED., .F., .F., .F.,
 ( 4, 4 ),
 ( 2, 2 ),
 ( 7.000000000000000000, 8.000000000000000000 ),
 ( 0.000000000000000000, 1.000000000000000000 ),
 .UNSPECIFIED. ) ;
#836 = MECHANICAL_DESIGN_GEOMETRIC_PRESENTATION_REPRESENTATION (  '', ( #6946 ), #4606 ) ;
#837 = PRESENTATION_LAYER_ASSIGNMENT (  '', '', ( #11704 ) ) ;
#838 = VERTEX_POINT ( 'NONE', #10147 ) ;
#839 = FILL_AREA_STYLE ('',( #4506 ) ) ;
#840 = DIRECTION ( 'NONE',  ( -1.000000000000000000, -0.000000000000000000, -0.000000000000000000 ) ) ;
#841 = DIRECTION ( 'NONE',  ( -1.000000000000000000, -0.000000000000000000, -0.000000000000000000 ) ) ;
#842 = EDGE_CURVE ( 'NONE', #618, #4458, #10210, .T. ) ;
#843 = LINE ( 'NONE', #4403, #8514 ) ;
#844 = ADVANCED_FACE ( 'NONE', ( #9576 ), #10373, .F. ) ;
#845 = CARTESIAN_POINT ( 'NONE',  ( 2.500000000000000000, 0.2826356541003285372, 0.3775764221548518762 ) ) ;
#846 = VECTOR ( 'NONE', #167, 1000.000000000000000 ) ;
#847 = EDGE_LOOP ( 'NONE', ( #1960, #3095, #7003, #3732 ) ) ;
#848 = FACE_OUTER_BOUND ( 'NONE', #9857, .T. ) ;
#849 = B_SPLINE_CURVE_WITH_KNOTS ( 'NONE', 3,
 ( #2695, #8251, #6323, #4558 ),
 .UNSPECIFIED., .F., .F.,
 ( 4, 4 ),
 ( 4.000000000000000000, 5.000000000000000000 ),
 .UNSPECIFIED. ) ;
#850 = VERTEX_POINT ( 'NONE', #4860 ) ;
#851 = PLANE ( 'NONE',  #4297 ) ;
#852 = CARTESIAN_POINT ( 'NONE',  ( 2.500000000000000000, 0.3285929540011503502, 0.2289950159133570251 ) ) ;
#853 = CARTESIAN_POINT ( 'NONE',  ( 2.501000000000000334, 0.2467120180916193561, 0.6267024189046717098 ) ) ;
#854 =( GEOMETRIC_REPRESENTATION_CONTEXT ( 3 ) GLOBAL_UNCERTAINTY_ASSIGNED_CONTEXT ( ( #3844 ) ) GLOBAL_UNIT_ASSIGNED_CONTEXT ( ( #10950, #2462, #5269 ) ) REPRESENTATION_CONTEXT ( 'NONE', 'WORKASPACE' ) );
#855 = EDGE_CURVE ( 'NONE', #11417, #2301, #10135, .T. ) ;
#856 = LINE ( 'NONE', #9196, #208 ) ;
#857 = ORIENTED_EDGE ( 'NONE', *, *, #11164, .T. ) ;
#858 = EDGE_CURVE ( 'NONE', #3010, #1506, #6665, .T. ) ;
#859 = B_SPLINE_CURVE_WITH_KNOTS ( 'NONE', 3,
 ( #10518, #2044, #5810, #9602 ),
 .UNSPECIFIED., .F., .F.,
 ( 4, 4 ),
 ( 26.00000000000000000, 27.00000000000000000 ),
 .UNSPECIFIED. ) ;
#860 = DIRECTION ( 'NONE',  ( -1.000000000000000000, -0.000000000000000000, -0.000000000000000000 ) ) ;
#861 = CARTESIAN_POINT ( 'NONE',  ( 2.500000000000000000, 0.4866881451771898903, 0.2685058167327331602 ) ) ;
#862 = PRESENTATION_LAYER_ASSIGNMENT (  '', '', ( #5969 ) ) ;
#863 = DIRECTION ( 'NONE',  ( 1.000000000000000000, 0.000000000000000000, -6.123233995736768501E-17 ) ) ;
#864 =( GEOMETRIC_REPRESENTATION_CONTEXT ( 3 ) GLOBAL_UNCERTAINTY_ASSIGNED_CONTEXT ( ( #10301 ) ) GLOBAL_UNIT_ASSIGNED_CONTEXT ( ( #1953, #3684, #2752 ) ) REPRESENTATION_CONTEXT ( 'NONE', 'WORKASPACE' ) );
#865 = SURFACE_SIDE_STYLE ('',( #3653 ) ) ;
#866 = CARTESIAN_POINT ( 'NONE',  ( 2.501000000000000334, 0.3234981402114526228, 0.7347332664088832566 ) ) ;
#867 = FACE_OUTER_BOUND ( 'NONE', #5356, .T. ) ;
#868 = FILL_AREA_STYLE ('',( #1696 ) ) ;
#869 = CARTESIAN_POINT ( 'NONE',  ( -2.200000000000000178, 0.2500000000000000000, 0.000000000000000000 ) ) ;
#870 =( NAMED_UNIT ( * ) PLANE_ANGLE_UNIT ( ) SI_UNIT ( $, .RADIAN. ) );
#871 = SURFACE_STYLE_FILL_AREA ( #3836 ) ;
#872 = FACE_OUTER_BOUND ( 'NONE', #8249, .T. ) ;
#873 = EDGE_CURVE ( 'NONE', #8946, #5652, #4782, .T. ) ;
#874 =( GEOMETRIC_REPRESENTATION_CONTEXT ( 3 ) GLOBAL_UNCERTAINTY_ASSIGNED_CONTEXT ( ( #10262 ) ) GLOBAL_UNIT_ASSIGNED_CONTEXT ( ( #822, #1828, #5698 ) ) REPRESENTATION_CONTEXT ( 'NONE', 'WORKASPACE' ) );
#875 = CARTESIAN_POINT ( 'NONE',  ( 2.500000000000000000, 0.9526036674781064306, 0.3071848112200114000 ) ) ;
#876 = CARTESIAN_POINT ( 'NONE',  ( 2.501000000000000334, 0.3565624419500829090, 0.5761701841710316074 ) ) ;
#877 = VECTOR ( 'NONE', #3904, 1000.000000000000000 ) ;
#878 = UNCERTAINTY_MEASURE_WITH_UNIT (LENGTH_MEASURE( 1.000000000000000082E-05 ), #8612, 'distance_accuracy_value', 'NONE');
#879 = FILL_AREA_STYLE ('',( #11235 ) ) ;
#880 = DIRECTION ( 'NONE',  ( -1.000000000000000000, -0.000000000000000000, -0.000000000000000000 ) ) ;
#881 = ORIENTED_EDGE ( 'NONE', *, *, #932, .F. ) ;
#882 = CARTESIAN_POINT ( 'NONE',  ( 2.501000000000000334, 0.9699676246816081315, 0.2765119526889580626 ) ) ;
#883 = CARTESIAN_POINT ( 'NONE',  ( 2.500000000000000000, 0.4015839597265973282, 0.2510378837391080697 ) ) ;
#884 = EDGE_CURVE ( 'NONE', #8030, #3105, #2016, .T. ) ;
#885 = ORIENTED_EDGE ( 'NONE', *, *, #9064, .T. ) ;
#886 = B_SPLINE_SURFACE_WITH_KNOTS ( 'NONE', 3, 1, ( 
 ( #7150, #4590 ),
 ( #5560, #12165 ),
 ( #6576, #981 ),
 ( #81, #3831 ) ),
 .UNSPECIFIED., .F., .F., .F.,
 ( 4, 4 ),
 ( 2, 2 ),
 ( 0.000000000000000000, 1.000000000000000000 ),
 ( 0.000000000000000000, 1.000000000000000000 ),
 .UNSPECIFIED. ) ;
#887 =( NAMED_UNIT ( * ) PLANE_ANGLE_UNIT ( ) SI_UNIT ( $, .RADIAN. ) );
#888 = CARTESIAN_POINT ( 'NONE',  ( 2.500000000000000000, 0.3232382007319779538, 0.7584397469016190829 ) ) ;
#889 = SURFACE_SIDE_STYLE ('',( #8439 ) ) ;
#890 = SURFACE_SIDE_STYLE ('',( #3855 ) ) ;
#891 = FILL_AREA_STYLE ('',( #2013 ) ) ;
#892 =( LENGTH_UNIT ( ) NAMED_UNIT ( * ) SI_UNIT ( .MILLI., .METRE. ) );
#893 = CARTESIAN_POINT ( 'NONE',  ( 2.501000000000000334, 0.2900179353060841625, 0.2464629489069816159 ) ) ;
#894 = CARTESIAN_POINT ( 'NONE',  ( 2.199999999999999289, 0.2500000000000000000, -3.500000000000000000 ) ) ;
#895 = DIRECTION ( 'NONE',  ( -1.000000000000000000, -0.000000000000000000, -0.000000000000000000 ) ) ;
#896 = CARTESIAN_POINT ( 'NONE',  ( 2.500000000000000000, -0.8944147573046110633, 0.4610936400299214255 ) ) ;
#897 = B_SPLINE_SURFACE_WITH_KNOTS ( 'NONE', 3, 1, ( 
 ( #3985, #7950 ),
 ( #8463, #11724 ),
 ( #3265, #7757 ),
 ( #4151, #8499 ) ),
 .UNSPECIFIED., .F., .F., .F.,
 ( 4, 4 ),
 ( 2, 2 ),
 ( 8.000000000000000000, 9.000000000000000000 ),
 ( 0.000000000000000000, 1.000000000000000000 ),
 .UNSPECIFIED. ) ;
#898 = CARTESIAN_POINT ( 'NONE',  ( 2.501000000000000334, 0.4383913899645447976, 0.6432345697732935186 ) ) ;
#899 = ORIENTED_EDGE ( 'NONE', *, *, #918, .F. ) ;
#900 = CARTESIAN_POINT ( 'NONE',  ( 2.500000000000000000, 0.4383913899645447976, 0.6665251470985904536 ) ) ;
#901 = ADVANCED_FACE ( 'NONE', ( #4666, #2700, #10253, #10488, #5784 ), #7448, .F. ) ;
#902 = ORIENTED_EDGE ( 'NONE', *, *, #6215, .T. ) ;
#903 = VERTEX_POINT ( 'NONE', #6864 ) ;
#904 = DIRECTION ( 'NONE',  ( 0.000000000000000000, 3.528747247177437243E-15, -1.000000000000000000 ) ) ;
#905 =( LENGTH_UNIT ( ) NAMED_UNIT ( * ) SI_UNIT ( .MILLI., .METRE. ) );
#906 = CARTESIAN_POINT ( 'NONE',  ( 2.500000000000000000, 0.2631921810651727256, 0.2699614778153062167 ) ) ;
#907 = STYLED_ITEM ( 'NONE', ( #8131 ), #6052 ) ;
#908 = DIRECTION ( 'NONE',  ( 0.000000000000000000, -1.000000000000000000, -5.120907607230711934E-15 ) ) ;
#909 = SURFACE_STYLE_USAGE ( .BOTH. , #5795 ) ;
#910 =( LENGTH_UNIT ( ) NAMED_UNIT ( * ) SI_UNIT ( .MILLI., .METRE. ) );
#911 = PLANE ( 'NONE',  #8115 ) ;
#912 = ORIENTED_EDGE ( 'NONE', *, *, #1935, .F. ) ;
#913 = VECTOR ( 'NONE', #7353, 1000.000000000000000 ) ;
#914 = UNCERTAINTY_MEASURE_WITH_UNIT (LENGTH_MEASURE( 1.000000000000000082E-05 ), #1087, 'distance_accuracy_value', 'NONE');
#915 = CARTESIAN_POINT ( 'NONE',  ( 2.501000000000000334, -0.2480585361857174653, 0.2282896724708665392 ) ) ;
#916 = CARTESIAN_POINT ( 'NONE',  ( 2.500000000000000000, 0.2191584333087385761, 0.6822254916351049303 ) ) ;
#917 = CARTESIAN_POINT ( 'NONE',  ( 2.501000000000000334, 0.3568743693253202398, 0.7307821863272226937 ) ) ;
#918 = EDGE_CURVE ( 'NONE', #4328, #8028, #3006, .T. ) ;
#919 = EDGE_CURVE ( 'NONE', #7919, #11779, #1543, .T. ) ;
#921 = SURFACE_SIDE_STYLE ('',( #6291 ) ) ;
#920 = PRESENTATION_STYLE_ASSIGNMENT (( #11222 ) ) ;
#922 = EDGE_LOOP ( 'NONE', ( #1916, #11288, #9466, #2860 ) ) ;
#923 = FILL_AREA_STYLE_COLOUR ( '', #7162 ) ;
#924 =( NAMED_UNIT ( * ) PLANE_ANGLE_UNIT ( ) SI_UNIT ( $, .RADIAN. ) );
#925 = ORIENTED_EDGE ( 'NONE', *, *, #4273, .T. ) ;
#926 = LINE ( 'NONE', #814, #4491 ) ;
#927 = SURFACE_STYLE_USAGE ( .BOTH. , #1818 ) ;
#928 = LINE ( 'NONE', #4700, #8286 ) ;
#929 = ORIENTED_EDGE ( 'NONE', *, *, #8736, .F. ) ;
#930 = ORIENTED_EDGE ( 'NONE', *, *, #10123, .T. ) ;
#931 = B_SPLINE_SURFACE_WITH_KNOTS ( 'NONE', 3, 1, ( 
 ( #3270, #528 ),
 ( #9446, #945 ),
 ( #2579, #7326 ),
 ( #6324, #7445 ) ),
 .UNSPECIFIED., .F., .F., .F.,
 ( 4, 4 ),
 ( 2, 2 ),
 ( 8.000000000000000000, 9.000000000000000000 ),
 ( 0.000000000000000000, 1.000000000000000000 ),
 .UNSPECIFIED. ) ;
#932 = EDGE_CURVE ( 'NONE', #9273, #1497, #8973, .T. ) ;
#933 = CARTESIAN_POINT ( 'NONE',  ( 2.501000000000000334, 0.4797217671381802662, 0.3711299230727123644 ) ) ;
#934 = DIRECTION ( 'NONE',  ( 0.000000000000000000, 3.912738504820334588E-15, -1.000000000000000000 ) ) ;
#936 = ORIENTED_EDGE ( 'NONE', *, *, #2522, .F. ) ;
#935 = CARTESIAN_POINT ( 'NONE',  ( 2.500000000000000000, -0.1511773847254291314, 0.2557634507765713661 ) ) ;
#937 = CARTESIAN_POINT ( 'NONE',  ( 2.501000000000000334, 0.9802092401581361525, 0.3332827349189388944 ) ) ;
#938 = ORIENTED_EDGE ( 'NONE', *, *, #1922, .F. ) ;
#939 = UNCERTAINTY_MEASURE_WITH_UNIT (LENGTH_MEASURE( 1.000000000000000082E-05 ), #2935, 'distance_accuracy_value', 'NONE');
#940 = DIRECTION ( 'NONE',  ( 0.000000000000000000, -7.343273320721139662E-15, 1.000000000000000000 ) ) ;
#941 = ORIENTED_EDGE ( 'NONE', *, *, #1922, .T. ) ;
#942 = COLOUR_RGB ( '',0.000000000000000000, 0.000000000000000000, 0.000000000000000000 ) ;
#943 = FACE_OUTER_BOUND ( 'NONE', #6382, .T. ) ;
#944 = LINE ( 'NONE', #1719, #10475 ) ;
#945 = CARTESIAN_POINT ( 'NONE',  ( 2.500000000000000000, 0.2823757146208525914, 0.7272470094116147976 ) ) ;
#946 = SURFACE_STYLE_USAGE ( .BOTH. , #4618 ) ;
#947 = EDGE_CURVE ( 'NONE', #10194, #9895, #9988, .T. ) ;
#948 = CARTESIAN_POINT ( 'NONE',  ( 2.501000000000000334, 0.4325167577371252237, 0.3163346808828755852 ) ) ;
#949 = CARTESIAN_POINT ( 'NONE',  ( 2.501000000000000334, -0.6428130227208699310, 0.3324007046244422670 ) ) ;
#950 = FILL_AREA_STYLE ('',( #6751 ) ) ;
#951 = VERTEX_POINT ( 'NONE', #470 ) ;
#952 = VECTOR ( 'NONE', #11803, 1000.000000000000000 ) ;
#953 = CARTESIAN_POINT ( 'NONE',  ( 2.501000000000000334, -0.1526234049923927139, 0.4292818560854309573 ) ) ;
#954 = STYLED_ITEM ( 'NONE', ( #7254 ), #11433 ) ;
#955 = EDGE_LOOP ( 'NONE', ( #512, #9049, #6351, #3986 ) ) ;
#956 = CARTESIAN_POINT ( 'NONE',  ( 2.500000000000000000, 0.5216240111658261291, 0.1605789450186506373 ) ) ;
#957 = UNCERTAINTY_MEASURE_WITH_UNIT (LENGTH_MEASURE( 1.000000000000000082E-05 ), #9315, 'distance_accuracy_value', 'NONE');
#958 = B_SPLINE_CURVE_WITH_KNOTS ( 'NONE', 3,
 ( #2681, #6425, #10352, #4537 ),
 .UNSPECIFIED., .F., .F.,
 ( 4, 4 ),
 ( 12.00000000000000000, 13.00000000000000000 ),
 .UNSPECIFIED. ) ;
#959 = CARTESIAN_POINT ( 'NONE',  ( 2.500000000000000000, 0.2515468924018347541, 0.3640595692428862384 ) ) ;
#960 = SURFACE_STYLE_USAGE ( .BOTH. , #10576 ) ;
#961 = MECHANICAL_DESIGN_GEOMETRIC_PRESENTATION_REPRESENTATION (  '', ( #4923 ), #3741 ) ;
#962 = ADVANCED_BREP_SHAPE_REPRESENTATION ( 'LED-TH_4P-BD5.8-P1.30-RGB', ( #6838, #8935 ), #10883 ) ;
#963 = VECTOR ( 'NONE', #2241, 1000.000000000000000 ) ;
#964 = MECHANICAL_DESIGN_GEOMETRIC_PRESENTATION_REPRESENTATION (  '', ( #2953 ), #3357 ) ;
#965 = EDGE_CURVE ( 'NONE', #2812, #4031, #7193, .T. ) ;
#966 = CARTESIAN_POINT ( 'NONE',  ( 2.500000000000000000, 0.3887429494601593594, 0.3350503233774336787 ) ) ;
#967 = EDGE_CURVE ( 'NONE', #3907, #903, #12145, .T. ) ;
#968 = FACE_OUTER_BOUND ( 'NONE', #9748, .T. ) ;
#969 = FILL_AREA_STYLE_COLOUR ( '', #12212 ) ;
#970 = ORIENTED_EDGE ( 'NONE', *, *, #9767, .T. ) ;
#971 =( NAMED_UNIT ( * ) PLANE_ANGLE_UNIT ( ) SI_UNIT ( $, .RADIAN. ) );
#972 = CARTESIAN_POINT ( 'NONE',  ( 0.9000000000000001332, 0.2500000000000000000, -6.123233995736767268E-17 ) ) ;
#973 = PRESENTATION_LAYER_ASSIGNMENT (  '', '', ( #4923 ) ) ;
#974 = CARTESIAN_POINT ( 'NONE',  ( 2.501000000000000334, -0.6717327661321198518, 0.1328545412775395118 ) ) ;
#975 = VECTOR ( 'NONE', #7997, 1000.000000000000000 ) ;
#976 = MECHANICAL_DESIGN_GEOMETRIC_PRESENTATION_REPRESENTATION (  '', ( #1580 ), #2571 ) ;
#977 = CARTESIAN_POINT ( 'NONE',  ( 2.501000000000000334, 0.6930800915672590268, 0.3205976883404587086 ) ) ;
#978 = VERTEX_POINT ( 'NONE', #4439 ) ;
#979 = COLOUR_RGB ( '',0.000000000000000000, 0.000000000000000000, 0.000000000000000000 ) ;
#980 = DIRECTION ( 'NONE',  ( -1.000000000000000000, -0.000000000000000000, -0.000000000000000000 ) ) ;
#981 = CARTESIAN_POINT ( 'NONE',  ( 2.500000000000000000, 0.2744735544568344121, 0.2927321761830329883 ) ) ;
#982 = VECTOR ( 'NONE', #4517, 1000.000000000000000 ) ;
#984 = COLOUR_RGB ( '',0.000000000000000000, 0.000000000000000000, 0.000000000000000000 ) ;
#983 = PRODUCT_DEFINITION_CONTEXT ( 'detailed design', #820, 'design' ) ;
#985 = CARTESIAN_POINT ( 'NONE',  ( 2.501000000000000334, -0.2061248861754226280, 0.6201521460534846764 ) ) ;
#986 = COLOUR_RGB ( '',0.8509803921568627194, 0.8509803921568627194, 0.8509803921568627194 ) ;
#987 = PLANE ( 'NONE',  #6660 ) ;
#988 = ORIENTED_EDGE ( 'NONE', *, *, #4052, .T. ) ;
#989 = B_SPLINE_SURFACE_WITH_KNOTS ( 'NONE', 3, 1, ( 
 ( #9819, #9146 ),
 ( #3438, #7380 ),
 ( #643, #11044 ),
 ( #2561, #11524 ) ),
 .UNSPECIFIED., .F., .F., .F.,
 ( 4, 4 ),
 ( 2, 2 ),
 ( 11.00000000000000000, 12.00000000000000000 ),
 ( 0.000000000000000000, 1.000000000000000000 ),
 .UNSPECIFIED. ) ;
#990 = CARTESIAN_POINT ( 'NONE',  ( 2.501000000000000334, 0.5599390903821084287, 0.7550085457775252973 ) ) ;
#992 = ORIENTED_EDGE ( 'NONE', *, *, #9311, .F. ) ;
#991 = LINE ( 'NONE', #7430, #4553 ) ;
#993 = PRESENTATION_STYLE_ASSIGNMENT (( #927 ) ) ;
#994 = CARTESIAN_POINT ( 'NONE',  ( 2.501000000000000334, 0.4121375025776595202, 0.7550085457775248532 ) ) ;
#995 = COLOUR_RGB ( '',0.000000000000000000, 0.000000000000000000, 0.000000000000000000 ) ;
#996 = ADVANCED_FACE ( 'NONE', ( #9954 ), #4378, .F. ) ;
#998 = ORIENTED_EDGE ( 'NONE', *, *, #187, .F. ) ;
#997 = AXIS2_PLACEMENT_3D ( 'NONE', #3786, #934, #4714 ) ;
#999 = ADVANCED_FACE ( 'NONE', ( #4309 ), #12004, .F. ) ;
#1000 = MECHANICAL_DESIGN_GEOMETRIC_PRESENTATION_REPRESENTATION (  '', ( #6320 ), #3960 ) ;
#1001 = UNCERTAINTY_MEASURE_WITH_UNIT (LENGTH_MEASURE( 1.000000000000000082E-05 ), #10913, 'distance_accuracy_value', 'NONE');
#1002 = LINE ( 'NONE', #8310, #5819 ) ;
#1003 = CARTESIAN_POINT ( 'NONE',  ( 2.501000000000000334, 0.4605382335818141160, 0.2529094479877349588 ) ) ;
#1004 = AXIS2_PLACEMENT_3D ( 'NONE', #10810, #8633, #10616 ) ;
#1006 = ORIENTED_EDGE ( 'NONE', *, *, #10136, .F. ) ;
#1005 = DIRECTION ( 'NONE',  ( -1.000000000000000000, 0.000000000000000000, 0.000000000000000000 ) ) ;
#1007 = VERTEX_POINT ( 'NONE', #8022 ) ;
#1008 = CARTESIAN_POINT ( 'NONE',  ( 2.501000000000000334, -0.2654103932648921305, 0.5420688443579295690 ) ) ;
#1009 = EDGE_LOOP ( 'NONE', ( #4954, #2529, #7661, #3103 ) ) ;
#1010 = EDGE_CURVE ( 'NONE', #3167, #5772, #11049, .T. ) ;
#1011 = SURFACE_STYLE_FILL_AREA ( #7794 ) ;
#1012 = SURFACE_STYLE_FILL_AREA ( #9509 ) ;
#1013 = PRODUCT_DEFINITION_SHAPE ( 'NONE', 'NONE',  #10530 ) ;
#1014 = SURFACE_SIDE_STYLE ('',( #1247 ) ) ;
#1015 = FACE_OUTER_BOUND ( 'NONE', #9631, .T. ) ;
#1016 =( NAMED_UNIT ( * ) PLANE_ANGLE_UNIT ( ) SI_UNIT ( $, .RADIAN. ) );
#1017 = LINE ( 'NONE', #4980, #3502 ) ;
#1018 = LINE ( 'NONE', #11486, #3752 ) ;
#1019 = CARTESIAN_POINT ( 'NONE',  ( 2.501000000000000334, 0.2467120180916191341, 0.6510327541464869805 ) ) ;
#1020 = STYLED_ITEM ( 'NONE', ( #8803 ), #2852 ) ;
#1021 = ORIENTED_EDGE ( 'NONE', *, *, #855, .F. ) ;
#1022 = EDGE_CURVE ( 'NONE', #5483, #2683, #2123, .T. ) ;
#1023 = CARTESIAN_POINT ( 'NONE',  ( 2.500000000000000000, 0.2373541968443407257, 0.2678819619836516064 ) ) ;
#1024 = CARTESIAN_POINT ( 'NONE',  ( 2.501000000000000334, 0.5051958360880290932, 0.1853251834279087962 ) ) ;
#1025 = CARTESIAN_POINT ( 'NONE',  ( 2.500000000000000000, 0.6668262041796806372, 0.4323716643446913754 ) ) ;
#1026 = CARTESIAN_POINT ( 'NONE',  ( 2.501000000000000334, 0.8700468889237408243, 0.6072589458695244469 ) ) ;
#1027 = PLANE ( 'NONE',  #9578 ) ;
#1028 = CARTESIAN_POINT ( 'NONE',  ( 2.501000000000000334, 0.5168931126464334502, 0.7550085457775251863 ) ) ;
#1029 = ORIENTED_EDGE ( 'NONE', *, *, #4356, .T. ) ;
#1030 = FILL_AREA_STYLE_COLOUR ( '', #4539 ) ;
#1031 = FACE_OUTER_BOUND ( 'NONE', #5043, .T. ) ;
#1032 = ADVANCED_FACE ( 'NONE', ( #7438 ), #9560, .F. ) ;
#1033 = VECTOR ( 'NONE', #9776, 1000.000000000000000 ) ;
#1034 = ORIENTED_EDGE ( 'NONE', *, *, #8095, .T. ) ;
#1035 = CARTESIAN_POINT ( 'NONE',  ( 2.501000000000000334, 0.9197993052196431485, 0.5516318973461920017 ) ) ;
#1036 = SURFACE_STYLE_FILL_AREA ( #6638 ) ;
#1037 = CARTESIAN_POINT ( 'NONE',  ( 2.501000000000000334, 0.5732999796068045661, 0.2648666640256179261 ) ) ;
#1038 = FILL_AREA_STYLE_COLOUR ( '', #5306 ) ;
#1039 = VECTOR ( 'NONE', #6893, 1000.000000000000000 ) ;
#1040 = CARTESIAN_POINT ( 'NONE',  ( 2.500000000000000000, 0.2666753700843376707, 0.5930142624155795295 ) ) ;
#1041 = FACE_BOUND ( 'NONE', #8708, .T. ) ;
#1042 = SURFACE_STYLE_USAGE ( .BOTH. , #5928 ) ;
#1043 = VECTOR ( 'NONE', #11737, 1000.000000000000000 ) ;
#1045 = DIRECTION ( 'NONE',  ( 0.000000000000000000, 9.310221531588289164E-15, -1.000000000000000000 ) ) ;
#1044 = LINE ( 'NONE', #9666, #9482 ) ;
#1046 = VERTEX_POINT ( 'NONE', #12126 ) ;
#1047 = ORIENTED_EDGE ( 'NONE', *, *, #1153, .F. ) ;
#1048 = LINE ( 'NONE', #7604, #588 ) ;
#1049 = VERTEX_POINT ( 'NONE', #5579 ) ;
#1050 = ADVANCED_FACE ( 'NONE', ( #5644 ), #9380, .F. ) ;
#1051 = ORIENTED_EDGE ( 'NONE', *, *, #6718, .T. ) ;
#1052 = CARTESIAN_POINT ( 'NONE',  ( 2.500000000000000000, 0.7255205385554218678, 0.6559196163531543222 ) ) ;
#1053 = STYLED_ITEM ( 'NONE', ( #1260 ), #3878 ) ;
#1054 = ORIENTED_EDGE ( 'NONE', *, *, #3949, .T. ) ;
#1055 = VECTOR ( 'NONE', #6885, 1000.000000000000000 ) ;
#1056 = STYLED_ITEM ( 'NONE', ( #2242 ), #411 ) ;
#1057 = CARTESIAN_POINT ( 'NONE',  ( 2.501000000000000334, 0.6169178241951168706, 0.7316139926607154731 ) ) ;
#1058 = CARTESIAN_POINT ( 'NONE',  ( 2.500000000000000000, 0.3714309801537977740, 0.5852160780437705156 ) ) ;
#1059 = ORIENTED_EDGE ( 'NONE', *, *, #10403, .T. ) ;
#1060 = PRESENTATION_LAYER_ASSIGNMENT (  '', '', ( #7572 ) ) ;
#1061 = CARTESIAN_POINT ( 'NONE',  ( 2.500000000000000000, 0.5168931126464334502, 0.7316139926607150290 ) ) ;
#1062 = FILL_AREA_STYLE_COLOUR ( '', #7007 ) ;
#1063 =( GEOMETRIC_REPRESENTATION_CONTEXT ( 3 ) GLOBAL_UNCERTAINTY_ASSIGNED_CONTEXT ( ( #12206 ) ) GLOBAL_UNIT_ASSIGNED_CONTEXT ( ( #488, #8854, #6961 ) ) REPRESENTATION_CONTEXT ( 'NONE', 'WORKASPACE' ) );
#1065 = ORIENTED_EDGE ( 'NONE', *, *, #11931, .F. ) ;
#1064 = LINE ( 'NONE', #5583, #2929 ) ;
#1066 = CARTESIAN_POINT ( 'NONE',  ( 2.500000000000000000, 0.2129718737067689827, 0.2521816174471442906 ) ) ;
#1067 = ORIENTED_EDGE ( 'NONE', *, *, #4882, .F. ) ;
#1068 = UNCERTAINTY_MEASURE_WITH_UNIT (LENGTH_MEASURE( 1.000000000000000082E-05 ), #5330, 'distance_accuracy_value', 'NONE');
#1069 = CARTESIAN_POINT ( 'NONE',  ( 2.501000000000000334, 0.2681310311675959568, 0.7484580709052610636 ) ) ;
#1070 = ORIENTED_EDGE ( 'NONE', *, *, #3417, .T. ) ;
#1071 = CARTESIAN_POINT ( 'NONE',  ( 2.500000000000000000, 0.9291051385711689425, 0.4234297462634666331 ) ) ;
#1072 = FILL_AREA_STYLE ('',( #5163 ) ) ;
#1073 = CARTESIAN_POINT ( 'NONE',  ( 2.501000000000000334, 0.8907900593541902001, 0.5516318973461918906 ) ) ;
#1074 = FILL_AREA_STYLE ('',( #9572 ) ) ;
#1075 = SURFACE_SIDE_STYLE ('',( #10424 ) ) ;
#1076 =( NAMED_UNIT ( * ) SI_UNIT ( $, .STERADIAN. ) SOLID_ANGLE_UNIT ( ) );
#1077 = CARTESIAN_POINT ( 'NONE',  ( 2.500000000000000000, -0.8539271551406060201, 0.2427495441775232576 ) ) ;
#1078 = DIRECTION ( 'NONE',  ( 0.000000000000000000, -0.3658589216693586277, 0.9306703226357517789 ) ) ;
#1079 = EDGE_CURVE ( 'NONE', #4985, #5815, #3784, .T. ) ;
#1080 = EDGE_CURVE ( 'NONE', #3167, #850, #1002, .T. ) ;
#1081 = FACE_OUTER_BOUND ( 'NONE', #6062, .T. ) ;
#1082 = ORIENTED_EDGE ( 'NONE', *, *, #9000, .T. ) ;
#1083 = UNCERTAINTY_MEASURE_WITH_UNIT (LENGTH_MEASURE( 1.000000000000000082E-05 ), #497, 'distance_accuracy_value', 'NONE');
#1084 = CARTESIAN_POINT ( 'NONE',  ( 2.501000000000000334, -0.7180043390425292493, 0.6895595329987668221 ) ) ;
#1085 = CARTESIAN_POINT ( 'NONE',  ( 2.500000000000000000, 0.6480585737893667098, 0.5516318973461911135 ) ) ;
#1086 = CARTESIAN_POINT ( 'NONE',  ( 2.501000000000000334, 0.3887429494601593594, 0.3261084052962081592 ) ) ;
#1087 =( LENGTH_UNIT ( ) NAMED_UNIT ( * ) SI_UNIT ( .MILLI., .METRE. ) );
#1088 =( LENGTH_UNIT ( ) NAMED_UNIT ( * ) SI_UNIT ( .MILLI., .METRE. ) );
#1089 =( LENGTH_UNIT ( ) NAMED_UNIT ( * ) SI_UNIT ( .MILLI., .METRE. ) );
#1090 = ORIENTED_EDGE ( 'NONE', *, *, #11046, .F. ) ;
#1091 =( NAMED_UNIT ( * ) PLANE_ANGLE_UNIT ( ) SI_UNIT ( $, .RADIAN. ) );
#1092 = EDGE_CURVE ( 'NONE', #5762, #6207, #11413, .T. ) ;
#1093 = UNCERTAINTY_MEASURE_WITH_UNIT (LENGTH_MEASURE( 1.000000000000000082E-05 ), #12078, 'distance_accuracy_value', 'NONE');
#1094 = LINE ( 'NONE', #2091, #3973 ) ;
#1095 =( LENGTH_UNIT ( ) NAMED_UNIT ( * ) SI_UNIT ( .MILLI., .METRE. ) );
#1096 = B_SPLINE_SURFACE_WITH_KNOTS ( 'NONE', 3, 1, ( 
 ( #11709, #10806 ),
 ( #392, #2325 ),
 ( #6060, #1381 ),
 ( #5145, #8964 ),
 ( #8299, #2618 ),
 ( #10189, #753 ) ),
 .UNSPECIFIED., .F., .F., .F.,
 ( 4, 2, 4 ),
 ( 2, 2 ),
 ( 2.000000000000000000, 3.000000000000000000, 4.000000000000000000 ),
 ( 0.000000000000000000, 1.000000000000000000 ),
 .UNSPECIFIED. ) ;
#1097 = ORIENTED_EDGE ( 'NONE', *, *, #1781, .F. ) ;
#1098 = VECTOR ( 'NONE', #7721, 1000.000000000000000 ) ;
#1099 =( LENGTH_UNIT ( ) NAMED_UNIT ( * ) SI_UNIT ( .MILLI., .METRE. ) );
#1100 = CARTESIAN_POINT ( 'NONE',  ( 2.500000000000000000, 0.2533664687553985884, 0.6073629216610356707 ) ) ;
#1101 = FILL_AREA_STYLE ('',( #9604 ) ) ;
#1102 = UNCERTAINTY_MEASURE_WITH_UNIT (LENGTH_MEASURE( 1.000000000000000082E-05 ), #824, 'distance_accuracy_value', 'NONE');
#1103 = ADVANCED_FACE ( 'NONE', ( #10609 ), #6808, .T. ) ;
#1105 = CARTESIAN_POINT ( 'NONE',  ( 2.501000000000000334, 0.5599390903821090948, 0.5516318973461907804 ) ) ;
#1104 =( NAMED_UNIT ( * ) PLANE_ANGLE_UNIT ( ) SI_UNIT ( $, .RADIAN. ) );
#1106 = STYLED_ITEM ( 'NONE', ( #457 ), #6054 ) ;
#1107 = VERTEX_POINT ( 'NONE', #7932 ) ;
#1108 = CARTESIAN_POINT ( 'NONE',  ( 2.500000000000000000, -0.7223422895219664408, 0.6056923570868754103 ) ) ;
#1109 = EDGE_LOOP ( 'NONE', ( #6020, #1832, #1685, #3478 ) ) ;
#1110 = ORIENTED_EDGE ( 'NONE', *, *, #9050, .T. ) ;
#1111 = ORIENTED_EDGE ( 'NONE', *, *, #5759, .T. ) ;
#1112 = EDGE_CURVE ( 'NONE', #1992, #10911, #10847, .T. ) ;
#1113 = UNCERTAINTY_MEASURE_WITH_UNIT (LENGTH_MEASURE( 1.000000000000000082E-05 ), #139, 'distance_accuracy_value', 'NONE');
#1114 = EDGE_CURVE ( 'NONE', #11559, #7047, #5213, .T. ) ;
#1115 = CARTESIAN_POINT ( 'NONE',  ( 2.500000000000000000, 3.061616997868382648E-16, 6.199999999999999289 ) ) ;
#1116 = CARTESIAN_POINT ( 'NONE',  ( 2.500000000000000000, 0.6930800915672588047, 0.3438882656657556436 ) ) ;
#1117 = ORIENTED_EDGE ( 'NONE', *, *, #6215, .F. ) ;
#1118 = CARTESIAN_POINT ( 'NONE',  ( 2.199999999999999289, -0.2500000000000000000, -3.500000000000000000 ) ) ;
#1119 = DIRECTION ( 'NONE',  ( -1.000000000000000000, -0.000000000000000000, -0.000000000000000000 ) ) ;
#1120 = ORIENTED_EDGE ( 'NONE', *, *, #9722, .F. ) ;
#1121 =( NAMED_UNIT ( * ) PLANE_ANGLE_UNIT ( ) SI_UNIT ( $, .RADIAN. ) );
#1122 = CARTESIAN_POINT ( 'NONE',  ( 2.501000000000000334, -0.6717327661321198518, 0.1328545412775395118 ) ) ;
#1123 = FILL_AREA_STYLE_COLOUR ( '', #12060 ) ;
#1124 = CARTESIAN_POINT ( 'NONE',  ( 2.501000000000000334, 0.6761840254269584349, 0.5960295603722350899 ) ) ;
#1125 = CARTESIAN_POINT ( 'NONE',  ( 2.500000000000000000, -0.7498160402476569120, 0.6056923570868752993 ) ) ;
#1126 = SURFACE_STYLE_FILL_AREA ( #3008 ) ;
#1127 = VERTEX_POINT ( 'NONE', #1061 ) ;
#1128 = SURFACE_SIDE_STYLE ('',( #2499 ) ) ;
#1129 = VERTEX_POINT ( 'NONE', #1115 ) ;
#1130 = ORIENTED_EDGE ( 'NONE', *, *, #9877, .T. ) ;
#1131 = CARTESIAN_POINT ( 'NONE',  ( 2.501000000000000334, 0.3959692669786430974, 0.3120716734266724135 ) ) ;
#1132 = EDGE_CURVE ( 'NONE', #4038, #649, #4846, .T. ) ;
#1133 = ADVANCED_FACE ( 'NONE', ( #10670 ), #215, .F. ) ;
#1134 = CARTESIAN_POINT ( 'NONE',  ( 2.500000000000000000, 1.040047308240521273, 0.2846220644353033014 ) ) ;
#1135 = SURFACE_SIDE_STYLE ('',( #10629 ) ) ;
#1136 = CARTESIAN_POINT ( 'NONE',  ( 2.500000000000000000, 0.3390425210600110928, 0.5715952493389055977 ) ) ;
#1137 = PRESENTATION_STYLE_ASSIGNMENT (( #9651 ) ) ;
#1138 = CARTESIAN_POINT ( 'NONE',  ( 2.501000000000000334, 0.4243026701985699867, 0.3204937125489485950 ) ) ;
#1139 = CARTESIAN_POINT ( 'NONE',  ( 2.500000000000000000, 0.6930800915672590268, 0.3205976883404587086 ) ) ;
#1140 = VECTOR ( 'NONE', #5488, 1000.000000000000000 ) ;
#1141 = FACE_OUTER_BOUND ( 'NONE', #11199, .T. ) ;
#1142 = ORIENTED_EDGE ( 'NONE', *, *, #1022, .F. ) ;
#1143 =( LENGTH_UNIT ( ) NAMED_UNIT ( * ) SI_UNIT ( .MILLI., .METRE. ) );
#1144 = B_SPLINE_CURVE_WITH_KNOTS ( 'NONE', 3,
 ( #2256, #8954, #10921, #7796 ),
 .UNSPECIFIED., .F., .F.,
 ( 4, 4 ),
 ( 10.00000000000000000, 11.00000000000000000 ),
 .UNSPECIFIED. ) ;
#1145 = CARTESIAN_POINT ( 'NONE',  ( 2.501000000000000334, -0.3218039149811601218, 0.3164948678129326787 ) ) ;
#1146 = CARTESIAN_POINT ( 'NONE',  ( 2.501000000000000334, 0.2699506075211635103, 0.2883651929339415276 ) ) ;
#1147 = COLOUR_RGB ( '',0.000000000000000000, 0.000000000000000000, 0.000000000000000000 ) ;
#1148 = ORIENTED_EDGE ( 'NONE', *, *, #9793, .T. ) ;
#1149 = CARTESIAN_POINT ( 'NONE',  ( 2.501000000000000334, 0.6158780662799840933, 0.5516318973461910025 ) ) ;
#1150 = EDGE_LOOP ( 'NONE', ( #6949, #359, #2521, #6837 ) ) ;
#1151 = MECHANICAL_DESIGN_GEOMETRIC_PRESENTATION_REPRESENTATION (  '', ( #10445 ), #2745 ) ;
#1152 = AXIS2_PLACEMENT_3D ( 'NONE', #9029, #4072, #5117 ) ;
#1153 = EDGE_CURVE ( 'NONE', #5123, #11559, #793, .T. ) ;
#1154 = CARTESIAN_POINT ( 'NONE',  ( 2.501000000000000334, 0.2834154725373658756, 0.2255638147892595757 ) ) ;
#1155 =( NAMED_UNIT ( * ) PLANE_ANGLE_UNIT ( ) SI_UNIT ( $, .RADIAN. ) );
#1156 = COLOUR_RGB ( '',0.000000000000000000, 0.000000000000000000, 0.000000000000000000 ) ;
#1157 =( NAMED_UNIT ( * ) SI_UNIT ( $, .STERADIAN. ) SOLID_ANGLE_UNIT ( ) );
#1158 = CARTESIAN_POINT ( 'NONE',  ( 2.501000000000000334, 0.9308727270282786126, 0.2733926789394044432 ) ) ;
#1159 = STYLED_ITEM ( 'NONE', ( #8323 ), #2697 ) ;
#1160 = ORIENTED_EDGE ( 'NONE', *, *, #6983, .T. ) ;
#1161 = VECTOR ( 'NONE', #317, 1000.000000000000000 ) ;
#1162 = MECHANICAL_DESIGN_GEOMETRIC_PRESENTATION_REPRESENTATION (  '', ( #6480 ), #8104 ) ;
#1164 = FACE_OUTER_BOUND ( 'NONE', #4602, .T. ) ;
#1163 = FILL_AREA_STYLE_COLOUR ( '', #1782 ) ;
#1165 = FACE_OUTER_BOUND ( 'NONE', #10637, .T. ) ;
#1166 = AXIS2_PLACEMENT_3D ( 'NONE', #1647, #11896, #3441 ) ;
#1167 = EDGE_LOOP ( 'NONE', ( #1034, #7228, #8211, #7252 ) ) ;
#1168 = ORIENTED_EDGE ( 'NONE', *, *, #858, .F. ) ;
#1169 = CARTESIAN_POINT ( 'NONE',  ( 2.501000000000000334, 0.2799842714132768640, 0.5787695789616340569 ) ) ;
#1170 = SURFACE_STYLE_USAGE ( .BOTH. , #8213 ) ;
#1171 = ORIENTED_EDGE ( 'NONE', *, *, #1308, .F. ) ;
#1172 =( LENGTH_UNIT ( ) NAMED_UNIT ( * ) SI_UNIT ( .MILLI., .METRE. ) );
#1173 = EDGE_CURVE ( 'NONE', #9440, #2407, #1389, .T. ) ;
#1174 = CARTESIAN_POINT ( 'NONE',  ( 2.500000000000000000, 0.9495363816256957579, 0.2574843828198626894 ) ) ;
#1175 =( NAMED_UNIT ( * ) PLANE_ANGLE_UNIT ( ) SI_UNIT ( $, .RADIAN. ) );
#1176 = VECTOR ( 'NONE', #5463, 1000.000000000000000 ) ;
#1177 = EDGE_LOOP ( 'NONE', ( #496, #2396, #11379, #10404 ) ) ;
#1178 = MECHANICAL_DESIGN_GEOMETRIC_PRESENTATION_REPRESENTATION (  '', ( #4944 ), #9903 ) ;
#1179 = DIRECTION ( 'NONE',  ( -1.000000000000000000, -0.000000000000000000, -0.000000000000000000 ) ) ;
#1180 = EDGE_LOOP ( 'NONE', ( #11925, #10157, #54, #453 ) ) ;
#1181 = SURFACE_STYLE_FILL_AREA ( #3969 ) ;
#1182 = CARTESIAN_POINT ( 'NONE',  ( 2.500000000000000000, -0.8929688197783932635, 0.2658853168416816515 ) ) ;
#1183 = FILL_AREA_STYLE ('',( #7111 ) ) ;
#1184 = DIRECTION ( 'NONE',  ( -1.000000000000000000, -0.000000000000000000, -0.000000000000000000 ) ) ;
#1185 = MECHANICAL_DESIGN_GEOMETRIC_PRESENTATION_REPRESENTATION (  '', ( #3955 ), #9711 ) ;
#1186 = ORIENTED_EDGE ( 'NONE', *, *, #10975, .T. ) ;
#1187 = ORIENTED_EDGE ( 'NONE', *, *, #12063, .F. ) ;
#1188 = EDGE_CURVE ( 'NONE', #4671, #5255, #5308, .T. ) ;
#1189 = EDGE_CURVE ( 'NONE', #7114, #2172, #6230, .T. ) ;
#1190 = CARTESIAN_POINT ( 'NONE',  ( 2.501000000000000334, 0.2373541968443407257, 0.2678819619836516064 ) ) ;
#1191 = VECTOR ( 'NONE', #4337, 1000.000000000000000 ) ;
#1192 = CARTESIAN_POINT ( 'NONE',  ( 2.500000000000000000, 0.8312119307491993014, 0.7147699144161706597 ) ) ;
#1193 =( LENGTH_UNIT ( ) NAMED_UNIT ( * ) SI_UNIT ( .MILLI., .METRE. ) );
#1194 = CARTESIAN_POINT ( 'NONE',  ( 2.501000000000000334, 0.5734559432940760093, 0.2070561238791161218 ) ) ;
#1195 =( LENGTH_UNIT ( ) NAMED_UNIT ( * ) SI_UNIT ( .MILLI., .METRE. ) );
#1197 = DIRECTION ( 'NONE',  ( -0.000000000000000000, 1.000000000000000000, -0.000000000000000000 ) ) ;
#1196 = CARTESIAN_POINT ( 'NONE',  ( 2.501000000000000334, -0.6457050080940718306, 0.6649777538569622282 ) ) ;
#1198 = VERTEX_POINT ( 'NONE', #4232 ) ;
#1199 = VECTOR ( 'NONE', #3642, 1000.000000000000000 ) ;
#1200 = ORIENTED_EDGE ( 'NONE', *, *, #8945, .T. ) ;
#1201 = ORIENTED_EDGE ( 'NONE', *, *, #3950, .F. ) ;
#1202 = AXIS2_PLACEMENT_3D ( 'NONE', #7945, #11540, #296 ) ;
#1203 = AXIS2_PLACEMENT_3D ( 'NONE', #2656, #9189, #6404 ) ;
#1204 = DIRECTION ( 'NONE',  ( 0.000000000000000000, -0.9445574604294398879, -0.3283461648125151067 ) ) ;
#1205 = COLOUR_RGB ( '',0.000000000000000000, 0.000000000000000000, 0.000000000000000000 ) ;
#1206 = SURFACE_STYLE_USAGE ( .BOTH. , #8582 ) ;
#1207 = CARTESIAN_POINT ( 'NONE',  ( 2.501000000000000334, 0.7255205385554218678, 0.6559196163531543222 ) ) ;
#1208 =( NAMED_UNIT ( * ) SI_UNIT ( $, .STERADIAN. ) SOLID_ANGLE_UNIT ( ) );
#1209 = CARTESIAN_POINT ( 'NONE',  ( 2.501000000000000334, 0.2083449509788870557, 0.4323716643446897656 ) ) ;
#1210 = ORIENTED_EDGE ( 'NONE', *, *, #10002, .T. ) ;
#1211 = MECHANICAL_DESIGN_GEOMETRIC_PRESENTATION_REPRESENTATION (  '', ( #10720 ), #5755 ) ;
#1212 = LINE ( 'NONE', #434, #5386 ) ;
#1213 = DIRECTION ( 'NONE',  ( 0.000000000000000000, -2.973606876999092638E-15, 1.000000000000000000 ) ) ;
#1214 = LINE ( 'NONE', #8042, #5978 ) ;
#1215 = EDGE_CURVE ( 'NONE', #10511, #4815, #8621, .T. ) ;
#1216 = UNCERTAINTY_MEASURE_WITH_UNIT (LENGTH_MEASURE( 1.000000000000000082E-05 ), #1224, 'distance_accuracy_value', 'NONE');
#1217 = FILL_AREA_STYLE_COLOUR ( '', #6156 ) ;
#1218 =( GEOMETRIC_REPRESENTATION_CONTEXT ( 3 ) GLOBAL_UNCERTAINTY_ASSIGNED_CONTEXT ( ( #7508 ) ) GLOBAL_UNIT_ASSIGNED_CONTEXT ( ( #11372, #9406, #3691 ) ) REPRESENTATION_CONTEXT ( 'NONE', 'WORKASPACE' ) );
#1219 = EDGE_LOOP ( 'NONE', ( #507, #11727, #1602, #11796, #5042, #4086, #9801, #1613, #4084, #10652, #7125, #4163, #2481, #1687, #551 ) ) ;
#1220 = EDGE_LOOP ( 'NONE', ( #1906, #12120, #8949, #7951 ) ) ;
#1221 = CARTESIAN_POINT ( 'NONE',  ( 2.500000000000000000, 0.7762087369763365219, 0.2521816174471461225 ) ) ;
#1222 = PRESENTATION_LAYER_ASSIGNMENT (  '', '', ( #9351 ) ) ;
#1223 = VECTOR ( 'NONE', #5438, 1000.000000000000000 ) ;
#1224 =( LENGTH_UNIT ( ) NAMED_UNIT ( * ) SI_UNIT ( .MILLI., .METRE. ) );
#1225 = CARTESIAN_POINT ( 'NONE',  ( 0.8999999999999994671, 0.2500000000000000000, -5.000000000000000000 ) ) ;
#1226 = FILL_AREA_STYLE ('',( #8731 ) ) ;
#1227 = ORIENTED_EDGE ( 'NONE', *, *, #6586, .T. ) ;
#1228 = CARTESIAN_POINT ( 'NONE',  ( 2.501000000000000334, 0.5196484711243036791, 0.1824138612613750154 ) ) ;
#1229 =( GEOMETRIC_REPRESENTATION_CONTEXT ( 3 ) GLOBAL_UNCERTAINTY_ASSIGNED_CONTEXT ( ( #3529 ) ) GLOBAL_UNIT_ASSIGNED_CONTEXT ( ( #4067, #3143, #3281 ) ) REPRESENTATION_CONTEXT ( 'NONE', 'WORKASPACE' ) );
#1230 = FACE_OUTER_BOUND ( 'NONE', #3395, .T. ) ;
#1232 = FILL_AREA_STYLE ('',( #4766 ) ) ;
#1231 = CARTESIAN_POINT ( 'NONE',  ( 2.500000000000000000, 0.8142638767131364919, 0.7550085457775261855 ) ) ;
#1233 = EDGE_CURVE ( 'NONE', #5740, #3489, #8126, .T. ) ;
#1234 = ADVANCED_FACE ( 'NONE', ( #5203 ), #1635, .F. ) ;
#1235 = VECTOR ( 'NONE', #4649, 1000.000000000000000 ) ;
#1236 = ORIENTED_EDGE ( 'NONE', *, *, #11904, .F. ) ;
#1237 = DIRECTION ( 'NONE',  ( -0.000000000000000000, 1.000000000000000000, 4.148852035256676393E-15 ) ) ;
#1238 = SURFACE_STYLE_FILL_AREA ( #3104 ) ;
#1239 = SURFACE_STYLE_FILL_AREA ( #9736 ) ;
#1240 = VERTEX_POINT ( 'NONE', #11332 ) ;
#1241 = VERTEX_POINT ( 'NONE', #8349 ) ;
#1242 = CARTESIAN_POINT ( 'NONE',  ( 2.501000000000000334, 0.2373541968443407257, 0.2548849880292575754 ) ) ;
#1243 = ORIENTED_EDGE ( 'NONE', *, *, #6573, .T. ) ;
#1245 =( LENGTH_UNIT ( ) NAMED_UNIT ( * ) SI_UNIT ( .MILLI., .METRE. ) );
#1244 = CARTESIAN_POINT ( 'NONE',  ( 2.500000000000000000, 0.4159846068678096365, 0.3737293178647023151 ) ) ;
#1246 = MECHANICAL_DESIGN_GEOMETRIC_PRESENTATION_REPRESENTATION (  '', ( #3796 ), #10947 ) ;
#1248 = CARTESIAN_POINT ( 'NONE',  ( 2.501000000000000334, 0.9291051385711692756, 0.2384568129507687595 ) ) ;
#1247 = SURFACE_STYLE_FILL_AREA ( #9510 ) ;
#1249 =( NAMED_UNIT ( * ) SI_UNIT ( $, .STERADIAN. ) SOLID_ANGLE_UNIT ( ) );
#1250 = ORIENTED_EDGE ( 'NONE', *, *, #1188, .F. ) ;
#1251 = VECTOR ( 'NONE', #2655, 1000.000000000000000 ) ;
#1252 = PRESENTATION_LAYER_ASSIGNMENT (  '', '', ( #9368 ) ) ;
#1253 =( NAMED_UNIT ( * ) SI_UNIT ( $, .STERADIAN. ) SOLID_ANGLE_UNIT ( ) );
#1254 = UNCERTAINTY_MEASURE_WITH_UNIT (LENGTH_MEASURE( 1.000000000000000082E-05 ), #2349, 'distance_accuracy_value', 'NONE');
#1255 = CARTESIAN_POINT ( 'NONE',  ( 2.500000000000000000, 0.9303008601735733851, 0.3898455655672723452 ) ) ;
#1257 = FACE_OUTER_BOUND ( 'NONE', #2386, .T. ) ;
#1256 =( NAMED_UNIT ( * ) SI_UNIT ( $, .STERADIAN. ) SOLID_ANGLE_UNIT ( ) );
#1258 = EDGE_CURVE ( 'NONE', #315, #3952, #1484, .T. ) ;
#1259 = LINE ( 'NONE', #7854, #11076 ) ;
#1260 = PRESENTATION_STYLE_ASSIGNMENT (( #4969 ) ) ;
#1261 = COLOUR_RGB ( '',0.8509803921568627194, 0.8509803921568627194, 0.8509803921568627194 ) ;
#1262 = B_SPLINE_CURVE_WITH_KNOTS ( 'NONE', 3,
 ( #4887, #10596, #11755, #1490 ),
 .UNSPECIFIED., .F., .F.,
 ( 4, 4 ),
 ( 22.00000000000000000, 23.00000000000000000 ),
 .UNSPECIFIED. ) ;
#1263 = DIRECTION ( 'NONE',  ( -1.000000000000000000, -0.000000000000000000, -0.000000000000000000 ) ) ;
#1264 = CARTESIAN_POINT ( 'NONE',  ( 2.500000000000000000, -0.5271340490744740315, 0.2817912088146252714 ) ) ;
#1265 = ORIENTED_EDGE ( 'NONE', *, *, #4615, .F. ) ;
#1266 =( NAMED_UNIT ( * ) PLANE_ANGLE_UNIT ( ) SI_UNIT ( $, .RADIAN. ) );
#1267 =( NAMED_UNIT ( * ) SI_UNIT ( $, .STERADIAN. ) SOLID_ANGLE_UNIT ( ) );
#1268 = VECTOR ( 'NONE', #9655, 1000.000000000000000 ) ;
#1269 = CARTESIAN_POINT ( 'NONE',  ( 2.500000000000000000, 0.6948476800243670315, 0.7280788157451079101 ) ) ;
#1270 = SURFACE_STYLE_FILL_AREA ( #2199 ) ;
#1271 =( NAMED_UNIT ( * ) SI_UNIT ( $, .STERADIAN. ) SOLID_ANGLE_UNIT ( ) );
#1272 = CARTESIAN_POINT ( 'NONE',  ( 2.501000000000000334, 0.3285929540011501837, 0.3018820458472852297 ) ) ;
#1273 = EDGE_CURVE ( 'NONE', #7089, #5447, #9301, .T. ) ;
#1274 = PLANE ( 'NONE',  #1860 ) ;
#1275 = ORIENTED_EDGE ( 'NONE', *, *, #3843, .F. ) ;
#1276 = CARTESIAN_POINT ( 'NONE',  ( 2.500000000000000000, 0.2680790432718422323, 0.7121705196255647685 ) ) ;
#1277 = ORIENTED_EDGE ( 'NONE', *, *, #498, .F. ) ;
#1278 = VERTEX_POINT ( 'NONE', #740 ) ;
#1279 = PRESENTATION_STYLE_ASSIGNMENT (( #8643 ) ) ;
#1280 = PLANE ( 'NONE',  #11296 ) ;
#1281 = CARTESIAN_POINT ( 'NONE',  ( 2.501000000000000334, -0.2769782795976637457, 0.5420688443579295690 ) ) ;
#1282 = FILL_AREA_STYLE_COLOUR ( '', #2834 ) ;
#1283 = DIRECTION ( 'NONE',  ( -1.000000000000000000, -0.000000000000000000, -0.000000000000000000 ) ) ;
#1284 = CARTESIAN_POINT ( 'NONE',  ( 2.501000000000000334, 0.3015592481772202960, 0.3775764221548519872 ) ) ;
#1285 = PLANE ( 'NONE',  #3000 ) ;
#1286 = ORIENTED_EDGE ( 'NONE', *, *, #7237, .F. ) ;
#1287 = EDGE_CURVE ( 'NONE', #9675, #10656, #6123, .T. ) ;
#1288 = CARTESIAN_POINT ( 'NONE',  ( 2.501000000000000334, 0.2631921810651727256, 0.2699614778153062167 ) ) ;
#1290 = EDGE_CURVE ( 'NONE', #1534, #3010, #5979, .T. ) ;
#1289 = ORIENTED_EDGE ( 'NONE', *, *, #3843, .T. ) ;
#1291 =( LENGTH_UNIT ( ) NAMED_UNIT ( * ) SI_UNIT ( .MILLI., .METRE. ) );
#1292 = CARTESIAN_POINT ( 'NONE',  ( 2.501000000000000334, 0.2278404119097885427, 0.5944699234981505320 ) ) ;
#1293 = DIRECTION ( 'NONE',  ( 0.000000000000000000, -0.000000000000000000, -1.000000000000000000 ) ) ;
#1294 = CARTESIAN_POINT ( 'NONE',  ( 2.501000000000000334, 0.6930800915672588047, 0.3438882656657556436 ) ) ;
#1295 =( GEOMETRIC_REPRESENTATION_CONTEXT ( 3 ) GLOBAL_UNCERTAINTY_ASSIGNED_CONTEXT ( ( #8752 ) ) GLOBAL_UNIT_ASSIGNED_CONTEXT ( ( #2378, #2321, #11821 ) ) REPRESENTATION_CONTEXT ( 'NONE', 'WORKASPACE' ) );
#1296 = CARTESIAN_POINT ( 'NONE',  ( 2.500000000000000000, -0.5632837007590397738, 0.3743344097954774408 ) ) ;
#1297 = CARTESIAN_POINT ( 'NONE',  ( 2.501000000000000334, -0.8076555270701600842, 0.3280628093057441075 ) ) ;
#1298 = SURFACE_STYLE_FILL_AREA ( #10469 ) ;
#1300 = PLANE ( 'NONE',  #8377 ) ;
#1299 = SURFACE_STYLE_FILL_AREA ( #7841 ) ;
#1301 = ORIENTED_EDGE ( 'NONE', *, *, #817, .T. ) ;
#1302 = ORIENTED_EDGE ( 'NONE', *, *, #5202, .T. ) ;
#1303 = DIRECTION ( 'NONE',  ( -0.000000000000000000, 0.3667976789509216351, 0.9303007377811847167 ) ) ;
#1304 = VERTEX_POINT ( 'NONE', #4184 ) ;
#1305 = CARTESIAN_POINT ( 'NONE',  ( 2.501000000000000334, 0.4293974839882578332, 0.3775764221548524313 ) ) ;
#1306 =( LENGTH_UNIT ( ) NAMED_UNIT ( * ) SI_UNIT ( .MILLI., .METRE. ) );
#1307 = SURFACE_STYLE_FILL_AREA ( #3109 ) ;
#1308 = EDGE_CURVE ( 'NONE', #2729, #6892, #5165, .T. ) ;
#1309 = EDGE_CURVE ( 'NONE', #4815, #6641, #6698, .T. ) ;
#1310 = ORIENTED_EDGE ( 'NONE', *, *, #11504, .F. ) ;
#1311 = B_SPLINE_SURFACE_WITH_KNOTS ( 'NONE', 3, 1, ( 
 ( #5143, #2118 ),
 ( #220, #1182 ),
 ( #8759, #1077 ),
 ( #10487, #3073 ) ),
 .UNSPECIFIED., .F., .F., .F.,
 ( 4, 4 ),
 ( 2, 2 ),
 ( 8.000000000000000000, 9.000000000000000000 ),
 ( 0.000000000000000000, 1.000000000000000000 ),
 .UNSPECIFIED. ) ;
#1312 = CARTESIAN_POINT ( 'NONE',  ( 2.500000000000000000, -0.7353562237017230441, 0.1328545412775392898 ) ) ;
#1313 = VECTOR ( 'NONE', #727, 1000.000000000000000 ) ;
#1314 = SURFACE_STYLE_USAGE ( .BOTH. , #2780 ) ;
#1316 = ORIENTED_EDGE ( 'NONE', *, *, #4706, .T. ) ;
#1315 = CARTESIAN_POINT ( 'NONE',  ( 2.501000000000000334, -0.7180043390425292493, 0.6895595329987668221 ) ) ;
#1317 = CARTESIAN_POINT ( 'NONE',  ( 2.501000000000000334, 0.000000000000000000, 0.000000000000000000 ) ) ;
#1318 = CARTESIAN_POINT ( 'NONE',  ( 2.501000000000000334, 0.5569237924247600890, 0.2293069432879014657 ) ) ;
#1319 = PRESENTATION_STYLE_ASSIGNMENT (( #8833 ) ) ;
#1320 = CARTESIAN_POINT ( 'NONE',  ( 2.500000000000000000, -0.7396941466011416333, 0.6924515045812676961 ) ) ;
#1321 = EDGE_CURVE ( 'NONE', #7346, #8223, #5267, .T. ) ;
#1322 = UNCERTAINTY_MEASURE_WITH_UNIT (LENGTH_MEASURE( 1.000000000000000082E-05 ), #2422, 'distance_accuracy_value', 'NONE');
#1323 =( LENGTH_UNIT ( ) NAMED_UNIT ( * ) SI_UNIT ( .MILLI., .METRE. ) );
#1324 = CARTESIAN_POINT ( 'NONE',  ( 2.501000000000000334, -0.9855119931785352172, 0.4582015994973731576 ) ) ;
#1325 = LINE ( 'NONE', #5084, #2799 ) ;
#1326 = CARTESIAN_POINT ( 'NONE',  ( 2.501000000000000334, 0.3714309801537973854, 0.7501216835708589548 ) ) ;
#1327 = CARTESIAN_POINT ( 'NONE',  ( 2.500000000000000000, 0.7152789230802812925, 0.5991488341217902081 ) ) ;
#1328 = CARTESIAN_POINT ( 'NONE',  ( 2.500000000000000000, -0.06297218938474381800, 0.3801183253818423147 ) ) ;
#1330 = SURFACE_SIDE_STYLE ('',( #413 ) ) ;
#1329 = SURFACE_SIDE_STYLE ('',( #6942 ) ) ;
#1331 = ORIENTED_EDGE ( 'NONE', *, *, #9841, .T. ) ;
#1332 = VERTEX_POINT ( 'NONE', #7063 ) ;
#1333 = VERTEX_POINT ( 'NONE', #7964 ) ;
#1334 = CARTESIAN_POINT ( 'NONE',  ( 2.501000000000000334, 0.6668262041796813033, 0.2289950159133581076 ) ) ;
#1335 = EDGE_CURVE ( 'NONE', #1504, #6890, #8642, .T. ) ;
#1336 = LINE ( 'NONE', #2460, #7199 ) ;
#1337 = SURFACE_SIDE_STYLE ('',( #9838 ) ) ;
#1338 = B_SPLINE_CURVE_WITH_KNOTS ( 'NONE', 3,
 ( #3309, #4233, #8009, #3180 ),
 .UNSPECIFIED., .F., .F.,
 ( 4, 4 ),
 ( 21.00000000000000000, 22.00000000000000000 ),
 .UNSPECIFIED. ) ;
#1339 =( NAMED_UNIT ( * ) SI_UNIT ( $, .STERADIAN. ) SOLID_ANGLE_UNIT ( ) );
#1340 = LINE ( 'NONE', #5854, #1055 ) ;
#1341 =( NAMED_UNIT ( * ) SI_UNIT ( $, .STERADIAN. ) SOLID_ANGLE_UNIT ( ) );
#1342 = PRESENTATION_STYLE_ASSIGNMENT (( #9843 ) ) ;
#1343 = CARTESIAN_POINT ( 'NONE',  ( 2.500000000000000000, 0.6480585737893667098, 0.5516318973461911135 ) ) ;
#1344 = VERTEX_POINT ( 'NONE', #11733 ) ;
#1345 =( NAMED_UNIT ( * ) PLANE_ANGLE_UNIT ( ) SI_UNIT ( $, .RADIAN. ) );
#1346 = CARTESIAN_POINT ( 'NONE',  ( 2.501000000000000334, 0.2705744622709291836, 0.2530134237792435181 ) ) ;
#1347 = ORIENTED_EDGE ( 'NONE', *, *, #12208, .F. ) ;
#1348 = CARTESIAN_POINT ( 'NONE',  ( 2.500000000000000000, 0.7658111578125366137, 0.3205976883404589861 ) ) ;
#1349 = UNCERTAINTY_MEASURE_WITH_UNIT (LENGTH_MEASURE( 1.000000000000000082E-05 ), #6143, 'distance_accuracy_value', 'NONE');
#1350 = PLANE ( 'NONE',  #12082 ) ;
#1351 = CARTESIAN_POINT ( 'NONE',  ( 2.500000000000000000, 0.9027472753920724458, 0.2289950159133589402 ) ) ;
#1352 = CARTESIAN_POINT ( 'NONE',  ( 2.500000000000000000, 1.082105515956131025, 0.4063777164358939320 ) ) ;
#1353 = EDGE_CURVE ( 'NONE', #3126, #7996, #10274, .T. ) ;
#1354 = EDGE_CURVE ( 'NONE', #7576, #8997, #529, .T. ) ;
#1355 = SURFACE_STYLE_USAGE ( .BOTH. , #2042 ) ;
#1356 = COLOUR_RGB ( '',0.000000000000000000, 0.000000000000000000, 0.000000000000000000 ) ;
#1357 = FACE_OUTER_BOUND ( 'NONE', #11091, .T. ) ;
#1358 = CARTESIAN_POINT ( 'NONE',  ( 2.501000000000000334, -0.6789627019854547196, 0.7358311196984924640 ) ) ;
#1359 = CARTESIAN_POINT ( 'NONE',  ( 2.501000000000000334, 0.9164200919913106924, 0.2592519712769720819 ) ) ;
#1360 = ORIENTED_EDGE ( 'NONE', *, *, #1483, .F. ) ;
#1361 = CARTESIAN_POINT ( 'NONE',  ( 2.501000000000000334, 1.040047308240521273, 0.2846220644353033014 ) ) ;
#1362 = MECHANICAL_DESIGN_GEOMETRIC_PRESENTATION_REPRESENTATION (  '', ( #12009 ), #3138 ) ;
#1363 = MECHANICAL_DESIGN_GEOMETRIC_PRESENTATION_REPRESENTATION (  '', ( #9472 ), #8894 ) ;
#1364 =( NAMED_UNIT ( * ) PLANE_ANGLE_UNIT ( ) SI_UNIT ( $, .RADIAN. ) );
#1365 = ORIENTED_EDGE ( 'NONE', *, *, #8442, .F. ) ;
#1366 = VECTOR ( 'NONE', #9742, 1000.000000000000000 ) ;
#1367 = DIRECTION ( 'NONE',  ( -0.000000000000000000, -3.169437117124707915E-15, 1.000000000000000000 ) ) ;
#1368 = EDGE_LOOP ( 'NONE', ( #7995, #7629, #1472, #4097 ) ) ;
#1369 = FILL_AREA_STYLE_COLOUR ( '', #11053 ) ;
#1370 = FILL_AREA_STYLE_COLOUR ( '', #6112 ) ;
#1371 = AXIS2_PLACEMENT_3D ( 'NONE', #1628, #11816, #7103 ) ;
#1373 = CARTESIAN_POINT ( 'NONE',  ( 2.501000000000000334, 0.6393765951883095822, 0.3742491968222732002 ) ) ;
#1372 =( NAMED_UNIT ( * ) SI_UNIT ( $, .STERADIAN. ) SOLID_ANGLE_UNIT ( ) );
#1374 = STYLED_ITEM ( 'NONE', ( #8856 ), #2231 ) ;
#1375 = VECTOR ( 'NONE', #8953, 1000.000000000000227 ) ;
#1376 = PRESENTATION_LAYER_ASSIGNMENT (  '', '', ( #6275 ) ) ;
#1377 = VECTOR ( 'NONE', #9788, 1000.000000000000114 ) ;
#1378 = UNCERTAINTY_MEASURE_WITH_UNIT (LENGTH_MEASURE( 1.000000000000000082E-05 ), #3039, 'distance_accuracy_value', 'NONE');
#1379 = DIRECTION ( 'NONE',  ( 0.000000000000000000, 3.622438551222426761E-15, -1.000000000000000000 ) ) ;
#1380 = PLANE ( 'NONE',  #3164 ) ;
#1381 = CARTESIAN_POINT ( 'NONE',  ( 2.500000000000000000, -0.7295722529553175795, 0.3078189116926355329 ) ) ;
#1382 = EDGE_CURVE ( 'NONE', #1841, #5223, #1336, .T. ) ;
#1383 = DIRECTION ( 'NONE',  ( -0.000000000000000000, 1.000000000000000000, 2.973606876999093033E-15 ) ) ;
#1384 = EDGE_CURVE ( 'NONE', #10583, #1762, #165, .T. ) ;
#1385 = AXIS2_PLACEMENT_3D ( 'NONE', #9485, #9374, #6366 ) ;
#1386 =( GEOMETRIC_REPRESENTATION_CONTEXT ( 3 ) GLOBAL_UNCERTAINTY_ASSIGNED_CONTEXT ( ( #6258 ) ) GLOBAL_UNIT_ASSIGNED_CONTEXT ( ( #3272, #8202, #3508 ) ) REPRESENTATION_CONTEXT ( 'NONE', 'WORKASPACE' ) );
#1387 = STYLED_ITEM ( 'NONE', ( #10672 ), #11990 ) ;
#1388 = CARTESIAN_POINT ( 'NONE',  ( 2.500000000000000000, 0.4205595416992428115, 0.3238209378815272710 ) ) ;
#1389 = B_SPLINE_CURVE_WITH_KNOTS ( 'NONE', 3,
 ( #3486, #7106, #9069, #2549 ),
 .UNSPECIFIED., .F., .F.,
 ( 4, 4 ),
 ( 2.000000000000000000, 3.000000000000000000 ),
 .UNSPECIFIED. ) ;
#1390 =( NAMED_UNIT ( * ) PLANE_ANGLE_UNIT ( ) SI_UNIT ( $, .RADIAN. ) );
#1391 = CARTESIAN_POINT ( 'NONE',  ( 2.501000000000000334, -0.3753053961641879543, 0.2731152526957092985 ) ) ;
#1392 = FILL_AREA_STYLE_COLOUR ( '', #10119 ) ;
#1393 = STYLED_ITEM ( 'NONE', ( #2517 ), #7028 ) ;
#1395 = EDGE_LOOP ( 'NONE', ( #3083, #881, #11576, #7029 ) ) ;
#1394 = CARTESIAN_POINT ( 'NONE',  ( 2.501000000000000334, 0.6157221025927129832, 0.5748184988799746042 ) ) ;
#1396 = EDGE_CURVE ( 'NONE', #3542, #2491, #2994, .T. ) ;
#1397 = ORIENTED_EDGE ( 'NONE', *, *, #9118, .T. ) ;
#1398 = ORIENTED_EDGE ( 'NONE', *, *, #2781, .F. ) ;
#1399 = SURFACE_SIDE_STYLE ('',( #3331 ) ) ;
#1400 = FACE_OUTER_BOUND ( 'NONE', #9894, .T. ) ;
#1401 = DIRECTION ( 'NONE',  ( -0.000000000000000000, 1.000000000000000000, 3.726750577286288466E-15 ) ) ;
#1402 = MECHANICAL_DESIGN_GEOMETRIC_PRESENTATION_REPRESENTATION (  '', ( #10113 ), #6507 ) ;
#1403 = CARTESIAN_POINT ( 'NONE',  ( 2.501000000000000334, 0.4453057801077998645, 0.3113438428846952988 ) ) ;
#1404 =( LENGTH_UNIT ( ) NAMED_UNIT ( * ) SI_UNIT ( .MILLI., .METRE. ) );
#1405 = CARTESIAN_POINT ( 'NONE',  ( 2.501000000000000334, 0.6930800915672588047, 0.3438882656657556436 ) ) ;
#1406 = CARTESIAN_POINT ( 'NONE',  ( -0.3999999999999999667, 0.2500000000000000000, -6.244015795117517112E-17 ) ) ;
#1407 = AXIS2_PLACEMENT_3D ( 'NONE', #10754, #10015, #5218 ) ;
#1408 = SURFACE_STYLE_USAGE ( .BOTH. , #7828 ) ;
#1409 = ORIENTED_EDGE ( 'NONE', *, *, #6119, .T. ) ;
#1410 = DIRECTION ( 'NONE',  ( -0.000000000000000000, -1.000000000000000000, -3.912738504820334588E-15 ) ) ;
#1411 = ORIENTED_EDGE ( 'NONE', *, *, #5202, .F. ) ;
#1412 = CARTESIAN_POINT ( 'NONE',  ( 0.9000000000000001332, -0.2500000000000000000, -6.123233995736767268E-17 ) ) ;
#1413 = PRESENTATION_STYLE_ASSIGNMENT (( #2085 ) ) ;
#1414 = EDGE_CURVE ( 'NONE', #2129, #10107, #8623, .T. ) ;
#1415 = AXIS2_PLACEMENT_3D ( 'NONE', #4231, #1631, #9868 ) ;
#1416 = FILL_AREA_STYLE_COLOUR ( '', #12103 ) ;
#1417 = CARTESIAN_POINT ( 'NONE',  ( 2.501000000000000334, 0.5196484711243036791, 0.1824138612613750154 ) ) ;
#1418 = VECTOR ( 'NONE', #3699, 1000.000000000000000 ) ;
#1420 = SURFACE_STYLE_USAGE ( .BOTH. , #4336 ) ;
#1419 = CARTESIAN_POINT ( 'NONE',  ( 2.500000000000000000, -0.9855119931785352172, 0.4582015994973731576 ) ) ;
#1421 = CARTESIAN_POINT ( 'NONE',  ( 2.500000000000000000, 0.9197993052196431485, 0.5516318973461920017 ) ) ;
#1422 =( NAMED_UNIT ( * ) SI_UNIT ( $, .STERADIAN. ) SOLID_ANGLE_UNIT ( ) );
#1423 =( GEOMETRIC_REPRESENTATION_CONTEXT ( 3 ) GLOBAL_UNCERTAINTY_ASSIGNED_CONTEXT ( ( #11640 ) ) GLOBAL_UNIT_ASSIGNED_CONTEXT ( ( #4319, #7963, #5266 ) ) REPRESENTATION_CONTEXT ( 'NONE', 'WORKASPACE' ) );
#1424 = SURFACE_STYLE_FILL_AREA ( #2304 ) ;
#1425 = EDGE_LOOP ( 'NONE', ( #9623, #11663, #10556, #5458 ) ) ;
#1426 = SURFACE_SIDE_STYLE ('',( #616 ) ) ;
#1427 = PRESENTATION_LAYER_ASSIGNMENT (  '', '', ( #9160 ) ) ;
#1428 = EDGE_CURVE ( 'NONE', #4657, #7413, #4902, .T. ) ;
#1429 = ORIENTED_EDGE ( 'NONE', *, *, #750, .F. ) ;
#1430 = SURFACE_STYLE_USAGE ( .BOTH. , #2487 ) ;
#1431 = COLOUR_RGB ( '',0.000000000000000000, 0.000000000000000000, 0.000000000000000000 ) ;
#1432 =( GEOMETRIC_REPRESENTATION_CONTEXT ( 3 ) GLOBAL_UNCERTAINTY_ASSIGNED_CONTEXT ( ( #8226 ) ) GLOBAL_UNIT_ASSIGNED_CONTEXT ( ( #2067, #8440, #110 ) ) REPRESENTATION_CONTEXT ( 'NONE', 'WORKASPACE' ) );
#1433 = ORIENTED_EDGE ( 'NONE', *, *, #10504, .F. ) ;
#1434 = UNCERTAINTY_MEASURE_WITH_UNIT (LENGTH_MEASURE( 1.000000000000000082E-05 ), #5482, 'distance_accuracy_value', 'NONE');
#1435 =( NAMED_UNIT ( * ) SI_UNIT ( $, .STERADIAN. ) SOLID_ANGLE_UNIT ( ) );
#1436 = CARTESIAN_POINT ( 'NONE',  ( 2.500000000000000000, 0.2705744622709291836, 0.2530134237792435181 ) ) ;
#1437 = PLANE ( 'NONE',  #10228 ) ;
#1438 = CARTESIAN_POINT ( 'NONE',  ( 2.500000000000000000, 0.1298432282970044815, 0.5748184988799728279 ) ) ;
#1439 = COLOUR_RGB ( '',1.000000000000000000, 1.000000000000000000, 1.000000000000000000 ) ;
#1440 = AXIS2_PLACEMENT_3D ( 'NONE', #3517, #3346, #7081 ) ;
#1441 = EDGE_CURVE ( 'NONE', #2471, #6798, #7675, .T. ) ;
#1443 = ORIENTED_EDGE ( 'NONE', *, *, #8065, .T. ) ;
#1442 = LINE ( 'NONE', #5313, #8696 ) ;
#1444 = B_SPLINE_CURVE_WITH_KNOTS ( 'NONE', 3,
 ( #7117, #5451, #2446, #8135 ),
 .UNSPECIFIED., .F., .F.,
 ( 4, 4 ),
 ( 18.00000000000000000, 19.00000000000000000 ),
 .UNSPECIFIED. ) ;
#1445 = PLANE ( 'NONE',  #5603 ) ;
#1446 = DIRECTION ( 'NONE',  ( -1.000000000000000000, -0.000000000000000000, -0.000000000000000000 ) ) ;
#1447 = ORIENTED_EDGE ( 'NONE', *, *, #236, .T. ) ;
#1448 = MECHANICAL_DESIGN_GEOMETRIC_PRESENTATION_REPRESENTATION (  '', ( #10534 ), #8362 ) ;
#1449 = STYLED_ITEM ( 'NONE', ( #3019 ), #8694 ) ;
#1450 = CARTESIAN_POINT ( 'NONE',  ( 2.500000000000000000, 0.4149968368470454694, 0.3373377907934927422 ) ) ;
#1451 = CARTESIAN_POINT ( 'NONE',  ( 2.501000000000000334, 0.2705744622709291836, 0.2530134237792435181 ) ) ;
#1452 = CARTESIAN_POINT ( 'NONE',  ( 2.500000000000000000, 0.3011953329062287410, 0.2464629489069816715 ) ) ;
#1453 = SURFACE_STYLE_USAGE ( .BOTH. , #10994 ) ;
#1454 = CARTESIAN_POINT ( 'NONE',  ( 1.699999999999999956, -0.2500000000000000000, 0.000000000000000000 ) ) ;
#1455 = CARTESIAN_POINT ( 'NONE',  ( 2.501000000000000334, 0.2373541968443407257, 0.2678819619836516064 ) ) ;
#1456 =( NAMED_UNIT ( * ) SI_UNIT ( $, .STERADIAN. ) SOLID_ANGLE_UNIT ( ) );
#1457 = FILL_AREA_STYLE_COLOUR ( '', #11866 ) ;
#1458 = CARTESIAN_POINT ( 'NONE',  ( 2.501000000000000334, 0.8704108041940397111, 0.2521816174471465666 ) ) ;
#1459 = STYLED_ITEM ( 'NONE', ( #426 ), #9086 ) ;
#1460 = PRESENTATION_LAYER_ASSIGNMENT (  '', '', ( #1056 ) ) ;
#1461 = LINE ( 'NONE', #1394, #2130 ) ;
#1462 = ORIENTED_EDGE ( 'NONE', *, *, #5696, .T. ) ;
#1463 = B_SPLINE_CURVE_WITH_KNOTS ( 'NONE', 3,
 ( #3825, #7589, #2903, #7356 ),
 .UNSPECIFIED., .F., .F.,
 ( 4, 4 ),
 ( 2.000000000000000000, 3.000000000000000000 ),
 .UNSPECIFIED. ) ;
#1464 = FILL_AREA_STYLE ('',( #9966 ) ) ;
#1465 = CARTESIAN_POINT ( 'NONE',  ( 2.500000000000000000, -0.6731787312390495881, 0.5840025495275701362 ) ) ;
#1466 =( GEOMETRIC_REPRESENTATION_CONTEXT ( 3 ) GLOBAL_UNCERTAINTY_ASSIGNED_CONTEXT ( ( #7669 ) ) GLOBAL_UNIT_ASSIGNED_CONTEXT ( ( #4392, #10892, #4450 ) ) REPRESENTATION_CONTEXT ( 'NONE', 'WORKASPACE' ) );
#1467 = CARTESIAN_POINT ( 'NONE',  ( 2.500000000000000000, -0.7180043390425292493, 0.6895595329987668221 ) ) ;
#1468 = EDGE_CURVE ( 'NONE', #5863, #1654, #6928, .T. ) ;
#1469 = DIRECTION ( 'NONE',  ( 0.000000000000000000, 1.000000000000000000, 2.981400461885572221E-15 ) ) ;
#1470 = EDGE_CURVE ( 'NONE', #9659, #8629, #11645, .T. ) ;
#1471 = CARTESIAN_POINT ( 'NONE',  ( 2.501000000000000334, -0.3753053961641878433, 0.2499794800301714248 ) ) ;
#1472 = ORIENTED_EDGE ( 'NONE', *, *, #7646, .F. ) ;
#1473 = ORIENTED_EDGE ( 'NONE', *, *, #5618, .F. ) ;
#1474 = DIRECTION ( 'NONE',  ( -0.000000000000000000, -3.331453071941913615E-15, 1.000000000000000000 ) ) ;
#1475 = UNCERTAINTY_MEASURE_WITH_UNIT (LENGTH_MEASURE( 1.000000000000000082E-05 ), #5514, 'distance_accuracy_value', 'NONE');
#1476 = ORIENTED_EDGE ( 'NONE', *, *, #9722, .T. ) ;
#1477 = CARTESIAN_POINT ( 'NONE',  ( 2.501000000000000334, -0.3695214254184770453, 0.4755535117352027719 ) ) ;
#1478 = CARTESIAN_POINT ( 'NONE',  ( 0.8999999999999994671, 0.2500000000000000000, -5.000000000000000000 ) ) ;
#1479 = CARTESIAN_POINT ( 'NONE',  ( 2.501000000000000334, 0.3189232053793272237, 0.5715952493389055977 ) ) ;
#1480 = CARTESIAN_POINT ( 'NONE',  ( 2.501000000000000334, 0.5663855894628643250, 0.2650746156086442595 ) ) ;
#1481 = CARTESIAN_POINT ( 'NONE',  ( 2.500000000000000000, -0.3333717461538915350, 0.2282896724708665392 ) ) ;
#1482 = DIRECTION ( 'NONE',  ( -0.000000000000000000, 0.000000000000000000, 1.000000000000000000 ) ) ;
#1483 = EDGE_CURVE ( 'NONE', #491, #2827, #10878, .T. ) ;
#1484 = CIRCLE ( 'NONE', #9398, 2.899999999999999911 ) ;
#1485 = CARTESIAN_POINT ( 'NONE',  ( -2.500000000000000000, 0.000000000000000000, 6.199999999999999289 ) ) ;
#1486 = DIRECTION ( 'NONE',  ( -1.000000000000000000, -0.000000000000000000, -0.000000000000000000 ) ) ;
#1487 = EDGE_LOOP ( 'NONE', ( #6032, #4488, #11318, #2395 ) ) ;
#1488 = CARTESIAN_POINT ( 'NONE',  ( 2.500000000000000000, -0.3333717461538915350, 0.2282896724708665392 ) ) ;
#1490 = CARTESIAN_POINT ( 'NONE',  ( 2.500000000000000000, -0.2654103932648921305, 0.5420688443579295690 ) ) ;
#1489 = CARTESIAN_POINT ( 'NONE',  ( 2.500000000000000000, 1.083873104413248800, 0.3996192899806042531 ) ) ;
#1491 = FILL_AREA_STYLE_COLOUR ( '', #11647 ) ;
#1492 = ORIENTED_EDGE ( 'NONE', *, *, #1729, .F. ) ;
#1493 = PRESENTATION_STYLE_ASSIGNMENT (( #1430 ) ) ;
#1494 = ORIENTED_EDGE ( 'NONE', *, *, #9075, .F. ) ;
#1495 = FILL_AREA_STYLE ('',( #10845 ) ) ;
#1496 = MECHANICAL_DESIGN_GEOMETRIC_PRESENTATION_REPRESENTATION (  '', ( #3481 ), #4048 ) ;
#1497 = VERTEX_POINT ( 'NONE', #1118 ) ;
#1499 = DIRECTION ( 'NONE',  ( 0.000000000000000000, -0.000000000000000000, -1.000000000000000000 ) ) ;
#1498 = CARTESIAN_POINT ( 'NONE',  ( 2.500000000000000000, -0.7035444949165748918, 0.3324007046244421004 ) ) ;
#1500 = LINE ( 'NONE', #12051, #1140 ) ;
#1501 = EDGE_CURVE ( 'NONE', #7665, #5805, #3254, .T. ) ;
#1502 = LINE ( 'NONE', #10183, #4198 ) ;
#1503 = CARTESIAN_POINT ( 'NONE',  ( 2.500000000000000000, 0.2658955516472936154, 0.3509586194969750439 ) ) ;
#1504 = VERTEX_POINT ( 'NONE', #7742 ) ;
#1505 = FILL_AREA_STYLE ('',( #7183 ) ) ;
#1506 = VERTEX_POINT ( 'NONE', #11534 ) ;
#1507 = ORIENTED_EDGE ( 'NONE', *, *, #11701, .F. ) ;
#1508 = AXIS2_PLACEMENT_3D ( 'NONE', #2960, #6696, #10508 ) ;
#1509 = EDGE_CURVE ( 'NONE', #4612, #9440, #3061, .T. ) ;
#1510 = FILL_AREA_STYLE_COLOUR ( '', #4733 ) ;
#1511 = CARTESIAN_POINT ( 'NONE',  ( 0.000000000000000000, -0.2500000000000000000, 0.000000000000000000 ) ) ;
#1512 =( NAMED_UNIT ( * ) SI_UNIT ( $, .STERADIAN. ) SOLID_ANGLE_UNIT ( ) );
#1513 = FILL_AREA_STYLE ('',( #4494 ) ) ;
#1514 = FILL_AREA_STYLE ('',( #7624 ) ) ;
#1515 = SURFACE_SIDE_STYLE ('',( #6436 ) ) ;
#1516 =( NAMED_UNIT ( * ) SI_UNIT ( $, .STERADIAN. ) SOLID_ANGLE_UNIT ( ) );
#1518 = VERTEX_POINT ( 'NONE', #4970 ) ;
#1517 = FILL_AREA_STYLE ('',( #8079 ) ) ;
#1519 = VECTOR ( 'NONE', #6534, 1000.000000000000000 ) ;
#1520 = FILL_AREA_STYLE ('',( #8858 ) ) ;
#1521 = ORIENTED_EDGE ( 'NONE', *, *, #5007, .T. ) ;
#1522 = ORIENTED_EDGE ( 'NONE', *, *, #10932, .T. ) ;
#1523 = DIRECTION ( 'NONE',  ( 0.000000000000000000, 0.000000000000000000, -1.000000000000000000 ) ) ;
#1524 =( LENGTH_UNIT ( ) NAMED_UNIT ( * ) SI_UNIT ( .MILLI., .METRE. ) );
#1525 = CARTESIAN_POINT ( 'NONE',  ( 2.501000000000000334, 0.2699506075211635103, 0.2883651929339415276 ) ) ;
#1526 = CARTESIAN_POINT ( 'NONE',  ( 2.501000000000000334, 0.3232382007319779538, 0.7584397469016190829 ) ) ;
#1527 = CARTESIAN_POINT ( 'NONE',  ( 2.501000000000000334, -0.2567344923053233030, 0.3164948678129329562 ) ) ;
#1528 = PLANE ( 'NONE',  #7761 ) ;
#1529 = CARTESIAN_POINT ( 'NONE',  ( 2.501000000000000334, 0.6487864043313419371, 0.7550085457775257414 ) ) ;
#1530 = VERTEX_POINT ( 'NONE', #4094 ) ;
#1531 = FILL_AREA_STYLE ('',( #6255 ) ) ;
#1532 = ORIENTED_EDGE ( 'NONE', *, *, #1335, .F. ) ;
#1533 = EDGE_CURVE ( 'NONE', #2829, #7955, #7002, .T. ) ;
#1534 = VERTEX_POINT ( 'NONE', #6800 ) ;
#1535 = EDGE_CURVE ( 'NONE', #3972, #2172, #2187, .T. ) ;
#1536 = DIRECTION ( 'NONE',  ( 0.000000000000000000, 0.000000000000000000, 1.000000000000000000 ) ) ;
#1537 = PLANE ( 'NONE',  #614 ) ;
#1538 = CARTESIAN_POINT ( 'NONE',  ( 2.501000000000000334, 0.5051958360880289822, 0.1853251834279087962 ) ) ;
#1539 = LINE ( 'NONE', #2419, #1251 ) ;
#1540 = DIRECTION ( 'NONE',  ( 0.000000000000000000, -0.3385350342956530700, -0.9409537876827113179 ) ) ;
#1541 = LINE ( 'NONE', #3349, #10153 ) ;
#1542 = EDGE_LOOP ( 'NONE', ( #5631, #1275, #6193, #3493 ) ) ;
#1543 = B_SPLINE_CURVE_WITH_KNOTS ( 'NONE', 3,
 ( #1391, #3121, #4176, #5154 ),
 .UNSPECIFIED., .F., .F.,
 ( 4, 4 ),
 ( 28.00000000000000000, 29.00000000000000000 ),
 .UNSPECIFIED. ) ;
#1545 = SURFACE_STYLE_FILL_AREA ( #2483 ) ;
#1544 = LINE ( 'NONE', #8170, #1971 ) ;
#1546 = CARTESIAN_POINT ( 'NONE',  ( 2.500000000000000000, -0.2842082154503027813, 0.7343851339065498030 ) ) ;
#1547 = ORIENTED_EDGE ( 'NONE', *, *, #1825, .F. ) ;
#1548 = DIRECTION ( 'NONE',  ( 0.000000000000000000, 0.000000000000000000, 1.000000000000000000 ) ) ;
#1549 = VERTEX_POINT ( 'NONE', #8829 ) ;
#1550 =( NAMED_UNIT ( * ) SI_UNIT ( $, .STERADIAN. ) SOLID_ANGLE_UNIT ( ) );
#1551 = ADVANCED_FACE ( 'NONE', ( #9143 ), #6410, .F. ) ;
#1552 = UNCERTAINTY_MEASURE_WITH_UNIT (LENGTH_MEASURE( 1.000000000000000082E-05 ), #8552, 'distance_accuracy_value', 'NONE');
#1553 = EDGE_LOOP ( 'NONE', ( #7339, #3989, #1433, #1160, #136, #1331 ) ) ;
#1554 = MECHANICAL_DESIGN_GEOMETRIC_PRESENTATION_REPRESENTATION (  '', ( #12192 ), #3527 ) ;
#1555 = PLANE ( 'NONE',  #765 ) ;
#1556 = CARTESIAN_POINT ( 'NONE',  ( 2.500000000000000000, 0.4797217671381801551, 0.3711299230727124199 ) ) ;
#1557 = CARTESIAN_POINT ( 'NONE',  ( 2.501000000000000334, 0.2834154725373658756, 0.2255638147892595757 ) ) ;
#1558 = CARTESIAN_POINT ( 'NONE',  ( 2.500000000000000000, 0.3959692669786430974, 0.3120716734266724135 ) ) ;
#1559 = MECHANICAL_DESIGN_GEOMETRIC_PRESENTATION_REPRESENTATION (  '', ( #559 ), #2547 ) ;
#1560 = DIRECTION ( 'NONE',  ( -0.000000000000000000, 1.000000000000000000, 8.762561441094639049E-15 ) ) ;
#1561 =( GEOMETRIC_REPRESENTATION_CONTEXT ( 3 ) GLOBAL_UNCERTAINTY_ASSIGNED_CONTEXT ( ( #35 ) ) GLOBAL_UNIT_ASSIGNED_CONTEXT ( ( #11003, #11185, #11959 ) ) REPRESENTATION_CONTEXT ( 'NONE', 'WORKASPACE' ) );
#1563 = VERTEX_POINT ( 'NONE', #11769 ) ;
#1562 = CARTESIAN_POINT ( 'NONE',  ( 2.501000000000000334, -0.7874117121978027045, 0.3830103383357544300 ) ) ;
#1564 = CARTESIAN_POINT ( 'NONE',  ( 2.501000000000000334, -0.9247805347721449465, 0.3005890310000325361 ) ) ;
#1565 =( LENGTH_UNIT ( ) NAMED_UNIT ( * ) SI_UNIT ( .MILLI., .METRE. ) );
#1566 = EDGE_CURVE ( 'NONE', #174, #7210, #5384, .T. ) ;
#1567 = VERTEX_POINT ( 'NONE', #5207 ) ;
#1568 = VECTOR ( 'NONE', #10890, 1000.000000000000000 ) ;
#1569 = B_SPLINE_CURVE_WITH_KNOTS ( 'NONE', 3,
 ( #4646, #8424, #12175, #3715 ),
 .UNSPECIFIED., .F., .F.,
 ( 4, 4 ),
 ( 34.00000000000000000, 35.00000000000000000 ),
 .UNSPECIFIED. ) ;
#1570 = ORIENTED_EDGE ( 'NONE', *, *, #8724, .T. ) ;
#1571 = MECHANICAL_DESIGN_GEOMETRIC_PRESENTATION_REPRESENTATION (  '', ( #2560 ), #2744 ) ;
#1572 = MECHANICAL_DESIGN_GEOMETRIC_PRESENTATION_REPRESENTATION (  '', ( #6275 ), #7679 ) ;
#1573 = MECHANICAL_DESIGN_GEOMETRIC_PRESENTATION_REPRESENTATION (  '', ( #10666 ), #384 ) ;
#1574 =( LENGTH_UNIT ( ) NAMED_UNIT ( * ) SI_UNIT ( .MILLI., .METRE. ) );
#1575 = STYLED_ITEM ( 'NONE', ( #6743 ), #2818 ) ;
#1576 = CARTESIAN_POINT ( 'NONE',  ( 2.501000000000000334, 0.4155167158053020282, 0.2463589731154729179 ) ) ;
#1577 =( LENGTH_UNIT ( ) NAMED_UNIT ( * ) SI_UNIT ( .MILLI., .METRE. ) );
#1578 =( GEOMETRIC_REPRESENTATION_CONTEXT ( 3 ) GLOBAL_UNCERTAINTY_ASSIGNED_CONTEXT ( ( #1686 ) ) GLOBAL_UNIT_ASSIGNED_CONTEXT ( ( #431, #3142, #9782 ) ) REPRESENTATION_CONTEXT ( 'NONE', 'WORKASPACE' ) );
#1579 = COLOUR_RGB ( '',0.8509803921568627194, 0.8509803921568627194, 0.8509803921568627194 ) ;
#1580 = STYLED_ITEM ( 'NONE', ( #11836 ), #11892 ) ;
#1581 = EDGE_CURVE ( 'NONE', #11527, #9386, #4487, .T. ) ;
#1582 = MECHANICAL_DESIGN_GEOMETRIC_PRESENTATION_REPRESENTATION (  '', ( #7690 ), #7095 ) ;
#1583 = EDGE_CURVE ( 'NONE', #8353, #11616, #514, .T. ) ;
#1584 = B_SPLINE_SURFACE_WITH_KNOTS ( 'NONE', 3, 1, ( 
 ( #6339, #9187 ),
 ( #8166, #675 ),
 ( #11924, #11975 ),
 ( #3521, #734 ) ),
 .UNSPECIFIED., .F., .F., .F.,
 ( 4, 4 ),
 ( 2, 2 ),
 ( 18.00000000000000000, 19.00000000000000000 ),
 ( 0.000000000000000000, 1.000000000000000000 ),
 .UNSPECIFIED. ) ;
#1585 = LINE ( 'NONE', #4497, #5575 ) ;
#1586 = CARTESIAN_POINT ( 'NONE',  ( 2.500000000000000000, 0.4453057801077998645, 0.3113438428846952988 ) ) ;
#1587 = CARTESIAN_POINT ( 'NONE',  ( 2.501000000000000334, -0.9247805347721449465, 0.3005890310000325361 ) ) ;
#1588 = SURFACE_STYLE_USAGE ( .BOTH. , #10078 ) ;
#1589 = VECTOR ( 'NONE', #4103, 1000.000000000000000 ) ;
#1590 = LINE ( 'NONE', #7259, #7075 ) ;
#1591 = VECTOR ( 'NONE', #860, 1000.000000000000000 ) ;
#1592 = DIRECTION ( 'NONE',  ( 0.000000000000000000, 2.981400461857163367E-15, -1.000000000000000000 ) ) ;
#1593 = CARTESIAN_POINT ( 'NONE',  ( 2.500000000000000000, 0.8312119307491994125, 0.7147699144161706597 ) ) ;
#1594 = PRESENTATION_STYLE_ASSIGNMENT (( #3511 ) ) ;
#1595 = B_SPLINE_CURVE_WITH_KNOTS ( 'NONE', 3,
 ( #4721, #8505, #109, #7049 ),
 .UNSPECIFIED., .F., .F.,
 ( 4, 4 ),
 ( 2.000000000000000000, 3.000000000000000000 ),
 .UNSPECIFIED. ) ;
#1596 = ORIENTED_EDGE ( 'NONE', *, *, #1483, .T. ) ;
#1597 = DIRECTION ( 'NONE',  ( -0.000000000000000000, 1.000000000000000000, 3.452797389200804321E-15 ) ) ;
#1598 = CARTESIAN_POINT ( 'NONE',  ( 2.501000000000000334, -0.7353562237017230441, 0.1328545412775392898 ) ) ;
#1599 = UNCERTAINTY_MEASURE_WITH_UNIT (LENGTH_MEASURE( 1.000000000000000082E-05 ), #1764, 'distance_accuracy_value', 'NONE');
#1600 = B_SPLINE_CURVE_WITH_KNOTS ( 'NONE', 3,
 ( #10293, #5499, #697, #1815 ),
 .UNSPECIFIED., .F., .F.,
 ( 4, 4 ),
 ( 8.000000000000000000, 9.000000000000000000 ),
 .UNSPECIFIED. ) ;
#1601 = STYLED_ITEM ( 'NONE', ( #3678 ), #2010 ) ;
#1602 = ORIENTED_EDGE ( 'NONE', *, *, #2742, .T. ) ;
#1603 = ORIENTED_EDGE ( 'NONE', *, *, #7581, .F. ) ;
#1604 = PLANE ( 'NONE',  #7807 ) ;
#1605 = SURFACE_STYLE_FILL_AREA ( #11072 ) ;
#1606 = PRESENTATION_LAYER_ASSIGNMENT (  '', '', ( #11292 ) ) ;
#1607 = CARTESIAN_POINT ( 'NONE',  ( 2.501000000000000334, 0.3104491783612968736, 0.2504140289886409576 ) ) ;
#1608 = CARTESIAN_POINT ( 'NONE',  ( 2.501000000000000334, 0.8700468889237408243, 0.6072589458695244469 ) ) ;
#1609 = CARTESIAN_POINT ( 'NONE',  ( 2.501000000000000334, 0.3285929540011502947, 0.3213255188824415409 ) ) ;
#1610 = DIRECTION ( 'NONE',  ( -0.000000000000000000, -0.000000000000000000, 1.000000000000000000 ) ) ;
#1611 = FILL_AREA_STYLE ('',( #6401 ) ) ;
#1612 = B_SPLINE_CURVE_WITH_KNOTS ( 'NONE', 3,
 ( #2337, #3669, #11360, #2802 ),
 .UNSPECIFIED., .F., .F.,
 ( 4, 4 ),
 ( 2.000000000000000000, 3.000000000000000000 ),
 .UNSPECIFIED. ) ;
#1613 = ORIENTED_EDGE ( 'NONE', *, *, #6655, .T. ) ;
#1614 = SURFACE_SIDE_STYLE ('',( #3758 ) ) ;
#1615 = MECHANICAL_DESIGN_GEOMETRIC_PRESENTATION_REPRESENTATION (  '', ( #8520 ), #7522 ) ;
#1616 = VECTOR ( 'NONE', #5199, 1000.000000000000000 ) ;
#1617 = CARTESIAN_POINT ( 'NONE',  ( 2.501000000000000334, 0.2817518598710800348, 0.3568852396201577237 ) ) ;
#1619 = FILL_AREA_STYLE_COLOUR ( '', #5793 ) ;
#1618 = CARTESIAN_POINT ( 'NONE',  ( 2.501000000000000334, 0.5168931126464334502, 0.7550085457775251863 ) ) ;
#1620 = CARTESIAN_POINT ( 'NONE',  ( 2.501000000000000334, 0.3285929540011502947, 0.3213255188824415409 ) ) ;
#1621 = AXIS2_PLACEMENT_3D ( 'NONE', #3762, #3935, #6634 ) ;
#1622 = VERTEX_POINT ( 'NONE', #11825 ) ;
#1623 = SURFACE_STYLE_FILL_AREA ( #5299 ) ;
#1624 = EDGE_LOOP ( 'NONE', ( #5193, #9709, #11409, #8603 ) ) ;
#1625 = DIRECTION ( 'NONE',  ( -0.000000000000000000, -2.319788234798266667E-15, 1.000000000000000000 ) ) ;
#1626 = CARTESIAN_POINT ( 'NONE',  ( 2.500000000000000000, 0.7762087369763365219, 0.2289950159133584962 ) ) ;
#1627 = DIRECTION ( 'NONE',  ( 0.000000000000000000, 1.000000000000000000, 3.176678786081147677E-15 ) ) ;
#1628 = CARTESIAN_POINT ( 'NONE',  ( 2.501000000000000334, 0.5457463948239241747, 0.2028970922130428900 ) ) ;
#1629 = DIRECTION ( 'NONE',  ( -0.000000000000000000, -0.000000000000000000, 1.000000000000000000 ) ) ;
#1630 =( GEOMETRIC_REPRESENTATION_CONTEXT ( 3 ) GLOBAL_UNCERTAINTY_ASSIGNED_CONTEXT ( ( #225 ) ) GLOBAL_UNIT_ASSIGNED_CONTEXT ( ( #1193, #1390, #8971 ) ) REPRESENTATION_CONTEXT ( 'NONE', 'WORKASPACE' ) );
#1631 = DIRECTION ( 'NONE',  ( 0.000000000000000000, 3.528747247336798979E-15, -1.000000000000000000 ) ) ;
#1632 = EDGE_CURVE ( 'NONE', #8274, #3344, #11598, .T. ) ;
#1633 = ADVANCED_FACE ( 'NONE', ( #8242 ), #7611, .F. ) ;
#1634 = CARTESIAN_POINT ( 'NONE',  ( 2.500000000000000000, 0.4304892298005331686, 0.2463589731154729734 ) ) ;
#1635 = PLANE ( 'NONE',  #316 ) ;
#1636 = EDGE_LOOP ( 'NONE', ( #158, #6841 ) ) ;
#1637 = CARTESIAN_POINT ( 'NONE',  ( 2.500000000000000000, -0.3753053961641895642, 0.7228172406794672877 ) ) ;
#1638 = COLOUR_RGB ( '',0.000000000000000000, 0.000000000000000000, 0.000000000000000000 ) ;
#1639 = MECHANICAL_DESIGN_GEOMETRIC_PRESENTATION_REPRESENTATION (  '', ( #3602 ), #9169 ) ;
#1640 = ORIENTED_EDGE ( 'NONE', *, *, #855, .T. ) ;
#1641 =( NAMED_UNIT ( * ) PLANE_ANGLE_UNIT ( ) SI_UNIT ( $, .RADIAN. ) );
#1642 = SURFACE_SIDE_STYLE ('',( #2826 ) ) ;
#1643 = VERTEX_POINT ( 'NONE', #3778 ) ;
#1644 = COLOUR_RGB ( '',0.000000000000000000, 0.000000000000000000, 0.000000000000000000 ) ;
#1645 = ORIENTED_EDGE ( 'NONE', *, *, #3106, .F. ) ;
#1646 = MECHANICAL_DESIGN_GEOMETRIC_PRESENTATION_REPRESENTATION (  '', ( #10934 ), #5566 ) ;
#1647 = CARTESIAN_POINT ( 'NONE',  ( 2.500000000000000000, 1.469693845669906240, 1.000000000000000000 ) ) ;
#1648 = MECHANICAL_DESIGN_GEOMETRIC_PRESENTATION_REPRESENTATION (  '', ( #7953 ), #68 ) ;
#1649 =( NAMED_UNIT ( * ) SI_UNIT ( $, .STERADIAN. ) SOLID_ANGLE_UNIT ( ) );
#1650 = EDGE_CURVE ( 'NONE', #11137, #5329, #11228, .T. ) ;
#1651 = LINE ( 'NONE', #2626, #7724 ) ;
#1652 =( NAMED_UNIT ( * ) SI_UNIT ( $, .STERADIAN. ) SOLID_ANGLE_UNIT ( ) );
#1653 = CARTESIAN_POINT ( 'NONE',  ( 2.501000000000000334, 0.1035893409101114049, 0.5516318973461891151 ) ) ;
#1654 = VERTEX_POINT ( 'NONE', #11173 ) ;
#1655 = CARTESIAN_POINT ( 'NONE',  ( 2.501000000000000334, 0.3234981402114526228, 0.7347332664088832566 ) ) ;
#1656 = CARTESIAN_POINT ( 'NONE',  ( 2.500000000000000000, 0.4781621302634043169, 0.2925242246000139823 ) ) ;
#1657 = CARTESIAN_POINT ( 'NONE',  ( 2.501000000000000334, 0.2515468924018348096, 0.3640595692428862939 ) ) ;
#1658 = CARTESIAN_POINT ( 'NONE',  ( 2.501000000000000334, 0.3176754958797889938, 0.2583161891533536925 ) ) ;
#1659 = COLOUR_RGB ( '',0.8509803921568627194, 0.8509803921568627194, 0.8509803921568627194 ) ;
#1660 = CARTESIAN_POINT ( 'NONE',  ( 2.500000000000000000, -0.2567344923053233030, 0.3164948678129329562 ) ) ;
#1661 = CARTESIAN_POINT ( 'NONE',  ( 2.500000000000000000, -0.1526234049923924918, 0.3699963765752876110 ) ) ;
#1662 = EDGE_CURVE ( 'NONE', #6851, #8274, #958, .T. ) ;
#1663 = MECHANICAL_DESIGN_GEOMETRIC_PRESENTATION_REPRESENTATION (  '', ( #9557 ), #5586 ) ;
#1664 = FACE_OUTER_BOUND ( 'NONE', #11942, .T. ) ;
#1665 = SURFACE_STYLE_USAGE ( .BOTH. , #11128 ) ;
#1666 = SURFACE_STYLE_FILL_AREA ( #6327 ) ;
#1667 = EDGE_LOOP ( 'NONE', ( #1360, #596, #7695, #1316 ) ) ;
#1668 = LINE ( 'NONE', #9237, #8106 ) ;
#1669 = CARTESIAN_POINT ( 'NONE',  ( 2.500000000000000000, 0.9802092401581361525, 0.3332827349189388944 ) ) ;
#1670 = ORIENTED_EDGE ( 'NONE', *, *, #7434, .T. ) ;
#1671 = PRESENTATION_LAYER_ASSIGNMENT (  '', '', ( #10552 ) ) ;
#1672 = STYLED_ITEM ( 'NONE', ( #2857 ), #353 ) ;
#1673 = VERTEX_POINT ( 'NONE', #5506 ) ;
#1674 = FILL_AREA_STYLE_COLOUR ( '', #11449 ) ;
#1675 = MECHANICAL_DESIGN_GEOMETRIC_PRESENTATION_REPRESENTATION (  '', ( #5400 ), #9962 ) ;
#1676 = ADVANCED_FACE ( 'NONE', ( #10239 ), #3666, .F. ) ;
#1677 = LINE ( 'NONE', #8053, #2046 ) ;
#1678 =( NAMED_UNIT ( * ) PLANE_ANGLE_UNIT ( ) SI_UNIT ( $, .RADIAN. ) );
#1679 = CARTESIAN_POINT ( 'NONE',  ( 2.501000000000000334, 0.9451693983765955265, 0.3770565431959047586 ) ) ;
#1680 = VECTOR ( 'NONE', #11963, 1000.000000000000000 ) ;
#1681 = CARTESIAN_POINT ( 'NONE',  ( 2.500000000000000000, 0.2991678049696441799, 0.3568852396201577237 ) ) ;
#1683 = DIRECTION ( 'NONE',  ( -0.000000000000000000, -3.169437117124707915E-15, 1.000000000000000000 ) ) ;
#1682 = SURFACE_STYLE_FILL_AREA ( #10168 ) ;
#1684 = PRESENTATION_STYLE_ASSIGNMENT (( #8172 ) ) ;
#1685 = ORIENTED_EDGE ( 'NONE', *, *, #3613, .F. ) ;
#1686 = UNCERTAINTY_MEASURE_WITH_UNIT (LENGTH_MEASURE( 1.000000000000000082E-05 ), #431, 'distance_accuracy_value', 'NONE');
#1687 = ORIENTED_EDGE ( 'NONE', *, *, #7291, .T. ) ;
#1688 = DIRECTION ( 'NONE',  ( -1.000000000000000000, 0.000000000000000000, 0.000000000000000000 ) ) ;
#1689 = UNCERTAINTY_MEASURE_WITH_UNIT (LENGTH_MEASURE( 1.000000000000000082E-05 ), #4092, 'distance_accuracy_value', 'NONE');
#1690 = DIRECTION ( 'NONE',  ( 6.195440985631455317E-17, 0.000000000000000000, -1.000000000000000000 ) ) ;
#1691 = FILL_AREA_STYLE ('',( #6353 ) ) ;
#1692 = CARTESIAN_POINT ( 'NONE',  ( 2.501000000000000334, 0.9526036674781059865, 0.3579249975366796122 ) ) ;
#1693 = CARTESIAN_POINT ( 'NONE',  ( 2.500000000000000000, 0.3176754958797889938, 0.2583161891533536925 ) ) ;
#1694 = DIRECTION ( 'NONE',  ( 0.000000000000000000, -0.000000000000000000, -1.000000000000000000 ) ) ;
#1695 = FACE_BOUND ( 'NONE', #6912, .T. ) ;
#1697 = CARTESIAN_POINT ( 'NONE',  ( -0.9000000000000000222, -0.2500000000000000000, -3.182398797249132245E-17 ) ) ;
#1696 = FILL_AREA_STYLE_COLOUR ( '', #2550 ) ;
#1698 = B_SPLINE_SURFACE_WITH_KNOTS ( 'NONE', 3, 1, ( 
 ( #2220, #6147 ),
 ( #1471, #4326 ),
 ( #8091, #11009 ),
 ( #9095, #592 ) ),
 .UNSPECIFIED., .F., .F., .F.,
 ( 4, 4 ),
 ( 2, 2 ),
 ( 28.00000000000000000, 29.00000000000000000 ),
 ( 0.000000000000000000, 1.000000000000000000 ),
 .UNSPECIFIED. ) ;
#1699 = CARTESIAN_POINT ( 'NONE',  ( 2.501000000000000334, -0.3304798159407296154, 0.3179408329191652505 ) ) ;
#1701 = EDGE_LOOP ( 'NONE', ( #4342, #7262, #4635, #1277, #7144, #4206, #9907, #3237 ) ) ;
#1700 = CARTESIAN_POINT ( 'NONE',  ( 2.501000000000000334, 0.6169178241951169817, 0.7316139926607154731 ) ) ;
#1702 = CARTESIAN_POINT ( 'NONE',  ( 2.501000000000000334, 0.5861929777696958110, 0.7316139926607153621 ) ) ;
#1703 = CARTESIAN_POINT ( 'NONE',  ( 2.501000000000000334, -0.9638221856206155014, 0.3439685909572182121 ) ) ;
#1704 = CARTESIAN_POINT ( 'NONE',  ( 2.500000000000000000, -0.9855119931785352172, 0.4582015994973731576 ) ) ;
#1705 = EDGE_CURVE ( 'NONE', #4833, #4098, #1569, .T. ) ;
#1706 = VERTEX_POINT ( 'NONE', #994 ) ;
#1707 = EDGE_CURVE ( 'NONE', #579, #1563, #4525, .T. ) ;
#1708 = SURFACE_SIDE_STYLE ('',( #10196 ) ) ;
#1709 = B_SPLINE_SURFACE_WITH_KNOTS ( 'NONE', 3, 1, ( 
 ( #1288, #9908 ),
 ( #11793, #7975 ),
 ( #2297, #9845 ),
 ( #1346, #5105 ) ),
 .UNSPECIFIED., .F., .F., .F.,
 ( 4, 4 ),
 ( 2, 2 ),
 ( 2.000000000000000000, 3.000000000000000000 ),
 ( 0.000000000000000000, 1.000000000000000000 ),
 .UNSPECIFIED. ) ;
#1710 = MECHANICAL_DESIGN_GEOMETRIC_PRESENTATION_REPRESENTATION (  '', ( #2303 ), #9432 ) ;
#1711 = CARTESIAN_POINT ( 'NONE',  ( 2.500000000000000000, 0.2025742945436621034, 0.3438882656657539227 ) ) ;
#1712 =( LENGTH_UNIT ( ) NAMED_UNIT ( * ) SI_UNIT ( .MILLI., .METRE. ) );
#1713 = B_SPLINE_CURVE_WITH_KNOTS ( 'NONE', 3,
 ( #11223, #5378, #9208, #12170 ),
 .UNSPECIFIED., .F., .F.,
 ( 4, 4 ),
 ( 27.00000000000000000, 28.00000000000000000 ),
 .UNSPECIFIED. ) ;
#1714 = VERTEX_POINT ( 'NONE', #5637 ) ;
#1715 = ORIENTED_EDGE ( 'NONE', *, *, #8600, .T. ) ;
#1716 = ORIENTED_EDGE ( 'NONE', *, *, #12048, .F. ) ;
#1717 = COLOUR_RGB ( '',0.000000000000000000, 0.000000000000000000, 0.000000000000000000 ) ;
#1718 = EDGE_CURVE ( 'NONE', #613, #1643, #928, .T. ) ;
#1719 = CARTESIAN_POINT ( 'NONE',  ( 2.500000000000000000, 0.3885869857728882493, 0.2340898297030533093 ) ) ;
#1720 = CARTESIAN_POINT ( 'NONE',  ( 2.501000000000000334, 0.4615260036025796708, 0.3053132469699955664 ) ) ;
#1721 = PRESENTATION_STYLE_ASSIGNMENT (( #11244 ) ) ;
#1722 = CARTESIAN_POINT ( 'NONE',  ( 2.500000000000000000, 0.9291051385711689425, 0.4234297462634666331 ) ) ;
#1723 = CARTESIAN_POINT ( 'NONE',  ( 2.500000000000000000, 0.5216240111658261291, 0.1605789450186506373 ) ) ;
#1724 = DIRECTION ( 'NONE',  ( 0.000000000000000000, -1.000000000000000000, 0.000000000000000000 ) ) ;
#1725 = VERTEX_POINT ( 'NONE', #5449 ) ;
#1726 = CARTESIAN_POINT ( 'NONE',  ( -1.699999999999999067, 0.2500000000000000000, -2.000000000000000000 ) ) ;
#1727 = CARTESIAN_POINT ( 'NONE',  ( 2.501000000000000334, -0.9175505575494772303, 0.6230441176359816646 ) ) ;
#1728 = ORIENTED_EDGE ( 'NONE', *, *, #9676, .T. ) ;
#1729 = EDGE_CURVE ( 'NONE', #2491, #1841, #7305, .T. ) ;
#1730 = UNCERTAINTY_MEASURE_WITH_UNIT (LENGTH_MEASURE( 1.000000000000000082E-05 ), #11775, 'distance_accuracy_value', 'NONE');
#1731 = FACE_OUTER_BOUND ( 'NONE', #2942, .T. ) ;
#1732 = FILL_AREA_STYLE ('',( #1674 ) ) ;
#1733 = CARTESIAN_POINT ( 'NONE',  ( 2.500000000000000000, 0.8253372985217704016, 0.7180971397487506680 ) ) ;
#1734 = CARTESIAN_POINT ( 'NONE',  ( 2.500000000000000000, 0.3176754958797889938, 0.2583161891533536925 ) ) ;
#1736 = DIRECTION ( 'NONE',  ( -3.252606517456513302E-16, 0.000000000000000000, 1.000000000000000000 ) ) ;
#1735 = CARTESIAN_POINT ( 'NONE',  ( 2.501000000000000334, -0.2769782795976637457, 0.5420688443579295690 ) ) ;
#1737 = DIRECTION ( 'NONE',  ( -1.000000000000000000, 0.000000000000000000, 0.000000000000000000 ) ) ;
#1738 =( NAMED_UNIT ( * ) SI_UNIT ( $, .STERADIAN. ) SOLID_ANGLE_UNIT ( ) );
#1739 = ORIENTED_EDGE ( 'NONE', *, *, #4435, .T. ) ;
#1740 = CARTESIAN_POINT ( 'NONE',  ( 2.500000000000000000, 0.2515468924018350316, 0.3393133308336281351 ) ) ;
#1741 = LINE ( 'NONE', #1800, #4619 ) ;
#1742 = DIRECTION ( 'NONE',  ( 1.000000000000000000, 0.000000000000000000, 0.000000000000000000 ) ) ;
#1743 = ORIENTED_EDGE ( 'NONE', *, *, #6458, .T. ) ;
#1744 = CARTESIAN_POINT ( 'NONE',  ( 2.500000000000000000, 0.5111224562105154412, 0.6665251470985907867 ) ) ;
#1745 = EDGE_CURVE ( 'NONE', #1857, #7628, #1048, .T. ) ;
#1746 = EDGE_CURVE ( 'NONE', #3588, #1304, #7754, .T. ) ;
#1747 = CARTESIAN_POINT ( 'NONE',  ( 1.699999999999999956, 0.2500000000000000000, 0.000000000000000000 ) ) ;
#1748 = CARTESIAN_POINT ( 'NONE',  ( 2.500000000000000000, -0.8091015611271364927, 0.2311816578447544734 ) ) ;
#1749 = PLANE ( 'NONE',  #1371 ) ;
#1750 = FILL_AREA_STYLE ('',( #2675 ) ) ;
#1751 = CARTESIAN_POINT ( 'NONE',  ( 2.500000000000000000, 0.4383913899645447976, 0.6432345697732935186 ) ) ;
#1752 = LINE ( 'NONE', #2726, #4591 ) ;
#1753 = FACE_OUTER_BOUND ( 'NONE', #5119, .T. ) ;
#1754 = CARTESIAN_POINT ( 'NONE',  ( 2.501000000000000334, -0.6717327661321198518, 0.1328545412775395118 ) ) ;
#1755 = PRESENTATION_STYLE_ASSIGNMENT (( #5633 ) ) ;
#1757 = ORIENTED_EDGE ( 'NONE', *, *, #9256, .F. ) ;
#1756 = FACE_OUTER_BOUND ( 'NONE', #7565, .T. ) ;
#1758 = FILL_AREA_STYLE_COLOUR ( '', #3630 ) ;
#1759 = LINE ( 'NONE', #6424, #3046 ) ;
#1760 = PRESENTATION_STYLE_ASSIGNMENT (( #10402 ) ) ;
#1761 = VERTEX_POINT ( 'NONE', #6788 ) ;
#1762 = VERTEX_POINT ( 'NONE', #8740 ) ;
#1763 = SURFACE_SIDE_STYLE ('',( #818 ) ) ;
#1764 =( LENGTH_UNIT ( ) NAMED_UNIT ( * ) SI_UNIT ( .MILLI., .METRE. ) );
#1765 = COLOUR_RGB ( '',0.000000000000000000, 0.000000000000000000, 0.000000000000000000 ) ;
#1766 = DIRECTION ( 'NONE',  ( -0.000000000000000000, -1.000000000000000000, -4.105294533730240877E-15 ) ) ;
#1767 = FACE_OUTER_BOUND ( 'NONE', #3198, .T. ) ;
#1768 = ADVANCED_FACE ( 'NONE', ( #4021 ), #7787, .T. ) ;
#1770 = VERTEX_POINT ( 'NONE', #5296 ) ;
#1769 = CARTESIAN_POINT ( 'NONE',  ( -1.699999999999999734, 0.2500000000000000000, -3.061616997868386099E-17 ) ) ;
#1771 = ORIENTED_EDGE ( 'NONE', *, *, #10748, .F. ) ;
#1772 =( GEOMETRIC_REPRESENTATION_CONTEXT ( 3 ) GLOBAL_UNCERTAINTY_ASSIGNED_CONTEXT ( ( #2735 ) ) GLOBAL_UNIT_ASSIGNED_CONTEXT ( ( #7293, #10178, #9263 ) ) REPRESENTATION_CONTEXT ( 'NONE', 'WORKASPACE' ) );
#1773 = STYLED_ITEM ( 'NONE', ( #3052 ), #11420 ) ;
#1774 = PLANE ( 'NONE',  #8356 ) ;
#1775 = SURFACE_STYLE_FILL_AREA ( #11958 ) ;
#1776 =( NAMED_UNIT ( * ) SI_UNIT ( $, .STERADIAN. ) SOLID_ANGLE_UNIT ( ) );
#1777 = FACE_OUTER_BOUND ( 'NONE', #11650, .T. ) ;
#1778 = DIRECTION ( 'NONE',  ( 1.000000000000000000, 0.000000000000000000, 0.000000000000000000 ) ) ;
#1779 =( GEOMETRIC_REPRESENTATION_CONTEXT ( 3 ) GLOBAL_UNCERTAINTY_ASSIGNED_CONTEXT ( ( #6540 ) ) GLOBAL_UNIT_ASSIGNED_CONTEXT ( ( #732, #4626, #6509 ) ) REPRESENTATION_CONTEXT ( 'NONE', 'WORKASPACE' ) );
#1780 = FILL_AREA_STYLE ('',( #172 ) ) ;
#1781 = EDGE_CURVE ( 'NONE', #6203, #10598, #3295, .T. ) ;
#1782 = COLOUR_RGB ( '',0.000000000000000000, 0.000000000000000000, 0.000000000000000000 ) ;
#1783 = VECTOR ( 'NONE', #10635, 1000.000000000000000 ) ;
#1784 = EDGE_CURVE ( 'NONE', #416, #8386, #3524, .T. ) ;
#1785 = PRESENTATION_LAYER_ASSIGNMENT (  '', '', ( #2575 ) ) ;
#1786 = SURFACE_STYLE_USAGE ( .BOTH. , #10255 ) ;
#1787 =( LENGTH_UNIT ( ) NAMED_UNIT ( * ) SI_UNIT ( .MILLI., .METRE. ) );
#1788 = CARTESIAN_POINT ( 'NONE',  ( 2.500000000000000000, 0.6668262041796813033, 0.2289950159133581076 ) ) ;
#1789 = CARTESIAN_POINT ( 'NONE',  ( 2.501000000000000334, 0.2693267527713898990, 0.2255638147892595202 ) ) ;
#1790 = VERTEX_POINT ( 'NONE', #12045 ) ;
#1791 = CARTESIAN_POINT ( 'NONE',  ( 2.501000000000000334, 0.1298432282970049256, 0.4089771112278807186 ) ) ;
#1792 = COLOUR_RGB ( '',0.000000000000000000, 0.000000000000000000, 0.000000000000000000 ) ;
#1793 =( GEOMETRIC_REPRESENTATION_CONTEXT ( 3 ) GLOBAL_UNCERTAINTY_ASSIGNED_CONTEXT ( ( #1599 ) ) GLOBAL_UNIT_ASSIGNED_CONTEXT ( ( #1764, #10243, #1649 ) ) REPRESENTATION_CONTEXT ( 'NONE', 'WORKASPACE' ) );
#1794 =( GEOMETRIC_REPRESENTATION_CONTEXT ( 3 ) GLOBAL_UNCERTAINTY_ASSIGNED_CONTEXT ( ( #4693 ) ) GLOBAL_UNIT_ASSIGNED_CONTEXT ( ( #6979, #6045, #3102 ) ) REPRESENTATION_CONTEXT ( 'NONE', 'WORKASPACE' ) );
#1795 = FILL_AREA_STYLE ('',( #10266 ) ) ;
#1796 = FILL_AREA_STYLE ('',( #10439 ) ) ;
#1797 = FILL_AREA_STYLE ('',( #10269 ) ) ;
#1798 = ORIENTED_EDGE ( 'NONE', *, *, #430, .T. ) ;
#1799 = ADVANCED_FACE ( 'NONE', ( #11271 ), #911, .F. ) ;
#1800 = CARTESIAN_POINT ( 'NONE',  ( 2.501000000000000334, 0.7658111578125363916, 0.3438882656657558656 ) ) ;
#1801 = PRESENTATION_LAYER_ASSIGNMENT (  '', '', ( #5524 ) ) ;
#1802 = DIRECTION ( 'NONE',  ( 0.000000000000000000, 1.000000000000000000, 3.104947329619024145E-15 ) ) ;
#1803 = DIRECTION ( 'NONE',  ( -0.000000000000000000, -1.000000000000000000, -3.912738504820334588E-15 ) ) ;
#1804 = DIRECTION ( 'NONE',  ( 0.000000000000000000, -0.9676172723861847791, -0.2524218971878630091 ) ) ;
#1805 = DIRECTION ( 'NONE',  ( 0.000000000000000000, -1.000000000000000000, -3.169437117124707915E-15 ) ) ;
#1806 = VERTEX_POINT ( 'NONE', #12159 ) ;
#1807 = UNCERTAINTY_MEASURE_WITH_UNIT (LENGTH_MEASURE( 1.000000000000000082E-05 ), #1095, 'distance_accuracy_value', 'NONE');
#1808 = SURFACE_STYLE_USAGE ( .BOTH. , #9419 ) ;
#1809 = COLOUR_RGB ( '',0.000000000000000000, 0.000000000000000000, 0.000000000000000000 ) ;
#1810 = CARTESIAN_POINT ( 'NONE',  ( 2.500000000000000000, 1.082105515956131248, 0.4063777164358939320 ) ) ;
#1811 = CARTESIAN_POINT ( 'NONE',  ( 2.501000000000000334, -0.3695214254184770453, 0.4755535117352027719 ) ) ;
#1812 = CARTESIAN_POINT ( 'NONE',  ( 2.501000000000000334, -0.5271340490744736984, 0.1979239639526812200 ) ) ;
#1813 = EDGE_CURVE ( 'NONE', #9389, #5805, #856, .T. ) ;
#1814 = DIRECTION ( 'NONE',  ( 0.000000000000000000, -0.4673073067545587822, 0.8840949502478796518 ) ) ;
#1815 = CARTESIAN_POINT ( 'NONE',  ( 2.500000000000000000, 0.3234981402114526228, 0.7347332664088832566 ) ) ;
#1817 = VERTEX_POINT ( 'NONE', #3700 ) ;
#1816 = CARTESIAN_POINT ( 'NONE',  ( 2.500000000000000000, 0.3959692669786430974, 0.3120716734266724135 ) ) ;
#1818 = SURFACE_SIDE_STYLE ('',( #10298 ) ) ;
#1819 = CARTESIAN_POINT ( 'NONE',  ( 2.500000000000000000, 0.4539877587088579358, 0.2798391780201487378 ) ) ;
#1820 = AXIS2_PLACEMENT_3D ( 'NONE', #6078, #7129, #11846 ) ;
#1821 = VERTEX_POINT ( 'NONE', #7466 ) ;
#1822 = ORIENTED_EDGE ( 'NONE', *, *, #561, .F. ) ;
#1823 = VECTOR ( 'NONE', #809, 1000.000000000000000 ) ;
#1824 = FILL_AREA_STYLE ('',( #7313 ) ) ;
#1825 = EDGE_CURVE ( 'NONE', #11573, #6236, #9416, .T. ) ;
#1826 = COLOUR_RGB ( '',0.000000000000000000, 0.000000000000000000, 0.000000000000000000 ) ;
#1827 = AXIS2_PLACEMENT_3D ( 'NONE', #11611, #11673, #9654 ) ;
#1828 =( NAMED_UNIT ( * ) PLANE_ANGLE_UNIT ( ) SI_UNIT ( $, .RADIAN. ) );
#1829 = CARTESIAN_POINT ( 'NONE',  ( 2.501000000000000334, -0.9175505575494772303, 0.6230441176359816646 ) ) ;
#1830 = CARTESIAN_POINT ( 'NONE',  ( 2.501000000000000334, -0.1164737257285018007, 0.2933590951473956654 ) ) ;
#1831 = ORIENTED_EDGE ( 'NONE', *, *, #6199, .F. ) ;
#1832 = ORIENTED_EDGE ( 'NONE', *, *, #6458, .F. ) ;
#1833 = COLOUR_RGB ( '',0.000000000000000000, 0.000000000000000000, 0.000000000000000000 ) ;
#1834 = PRESENTATION_LAYER_ASSIGNMENT (  '', '', ( #10514 ) ) ;
#1835 =( NAMED_UNIT ( * ) PLANE_ANGLE_UNIT ( ) SI_UNIT ( $, .RADIAN. ) );
#1836 = CARTESIAN_POINT ( 'NONE',  ( 2.501000000000000334, -0.7512620329339118053, 0.6924515045812676961 ) ) ;
#1837 =( NAMED_UNIT ( * ) PLANE_ANGLE_UNIT ( ) SI_UNIT ( $, .RADIAN. ) );
#1838 = CARTESIAN_POINT ( 'NONE',  ( 2.501000000000000334, -0.8944147573046113964, 0.5406229344117308155 ) ) ;
#1839 =( NAMED_UNIT ( * ) PLANE_ANGLE_UNIT ( ) SI_UNIT ( $, .RADIAN. ) );
#1840 = LINE ( 'NONE', #11191, #1176 ) ;
#1841 = VERTEX_POINT ( 'NONE', #8 ) ;
#1842 = CARTESIAN_POINT ( 'NONE',  ( 2.500000000000000000, 0.9526036674781059865, 0.3579249975366796122 ) ) ;
#1843 = CARTESIAN_POINT ( 'NONE',  ( 2.501000000000000334, -0.7035444949165744477, 0.2196136611919110859 ) ) ;
#1844 = VERTEX_POINT ( 'NONE', #3763 ) ;
#1845 = UNCERTAINTY_MEASURE_WITH_UNIT (LENGTH_MEASURE( 1.000000000000000082E-05 ), #1712, 'distance_accuracy_value', 'NONE');
#1846 = STYLED_ITEM ( 'NONE', ( #1684 ), #4433 ) ;
#1847 = CARTESIAN_POINT ( 'NONE',  ( 2.501000000000000334, -0.8539271551406060201, 0.2427495441775232576 ) ) ;
#1848 = ADVANCED_FACE ( 'NONE', ( #11335 ), #2847, .F. ) ;
#1849 = PLANE ( 'NONE',  #2429 ) ;
#1850 = CARTESIAN_POINT ( 'NONE',  ( 2.501000000000000334, 0.5569237924247600890, 0.2293069432879014657 ) ) ;
#1851 = EDGE_CURVE ( 'NONE', #5025, #9458, #7165, .T. ) ;
#1852 = MECHANICAL_DESIGN_GEOMETRIC_PRESENTATION_REPRESENTATION (  '', ( #11344 ), #8987 ) ;
#1853 = FILL_AREA_STYLE ('',( #3814 ) ) ;
#1854 = DIRECTION ( 'NONE',  ( -0.000000000000000000, -0.000000000000000000, -1.000000000000000000 ) ) ;
#1855 = VERTEX_POINT ( 'NONE', #4276 ) ;
#1856 = PLANE ( 'NONE',  #1827 ) ;
#1857 = VERTEX_POINT ( 'NONE', #7983 ) ;
#1858 = CARTESIAN_POINT ( 'NONE',  ( 2.500000000000000000, 0.3540670229509982336, 0.3224692525890843209 ) ) ;
#1859 = COLOUR_RGB ( '',0.000000000000000000, 0.000000000000000000, 0.000000000000000000 ) ;
#1860 = AXIS2_PLACEMENT_3D ( 'NONE', #10568, #9828, #10690 ) ;
#1861 = ORIENTED_EDGE ( 'NONE', *, *, #4148, .T. ) ;
#1862 = FILL_AREA_STYLE ('',( #1926 ) ) ;
#1863 = ORIENTED_EDGE ( 'NONE', *, *, #4834, .T. ) ;
#1864 = PRESENTATION_LAYER_ASSIGNMENT (  '', '', ( #9778 ) ) ;
#1865 = CARTESIAN_POINT ( 'NONE',  ( 2.500000000000000000, 1.124735590525067552, 0.2846220644353035789 ) ) ;
#1866 = EDGE_CURVE ( 'NONE', #1673, #6207, #6089, .T. ) ;
#1867 = VECTOR ( 'NONE', #3375, 1000.000000000000000 ) ;
#1868 = CARTESIAN_POINT ( 'NONE',  ( 2.501000000000000334, -0.9638221856206155014, 0.3439685909572182121 ) ) ;
#1869 = CARTESIAN_POINT ( 'NONE',  ( 2.501000000000000334, 0.3714309801537978295, 0.5852160780437705156 ) ) ;
#1870 = PRESENTATION_LAYER_ASSIGNMENT (  '', '', ( #8579 ) ) ;
#1871 = PLANE ( 'NONE',  #10336 ) ;
#1872 = CARTESIAN_POINT ( 'NONE',  ( 2.501000000000000334, 0.000000000000000000, 0.000000000000000000 ) ) ;
#1873 = VERTEX_POINT ( 'NONE', #7905 ) ;
#1875 = ORIENTED_EDGE ( 'NONE', *, *, #11046, .T. ) ;
#1874 = FILL_AREA_STYLE ('',( #8368 ) ) ;
#1876 = CARTESIAN_POINT ( 'NONE',  ( 2.501000000000000334, 0.1298432282970051477, 0.3438882656657537007 ) ) ;
#1877 = CARTESIAN_POINT ( 'NONE',  ( 2.500000000000000000, 0.4605382335818141160, 0.2660103977336463199 ) ) ;
#1878 = COLOUR_RGB ( '',0.000000000000000000, 0.000000000000000000, 0.000000000000000000 ) ;
#1879 = ORIENTED_EDGE ( 'NONE', *, *, #2578, .T. ) ;
#1880 = ORIENTED_EDGE ( 'NONE', *, *, #3798, .F. ) ;
#1881 = SURFACE_SIDE_STYLE ('',( #5692 ) ) ;
#1882 = EDGE_CURVE ( 'NONE', #315, #8114, #3285, .T. ) ;
#1883 = SURFACE_SIDE_STYLE ('',( #11462 ) ) ;
#1884 = PRESENTATION_STYLE_ASSIGNMENT (( #2734 ) ) ;
#1885 = VECTOR ( 'NONE', #3971, 1000.000000000000000 ) ;
#1886 = B_SPLINE_CURVE_WITH_KNOTS ( 'NONE', 3,
 ( #9686, #2060, #103, #3060 ),
 .UNSPECIFIED., .F., .F.,
 ( 4, 4 ),
 ( 7.000000000000000000, 8.000000000000000000 ),
 .UNSPECIFIED. ) ;
#1887 = UNCERTAINTY_MEASURE_WITH_UNIT (LENGTH_MEASURE( 1.000000000000000082E-05 ), #7791, 'distance_accuracy_value', 'NONE');
#1888 = CARTESIAN_POINT ( 'NONE',  ( 2.501000000000000334, -0.1526234049923924918, 0.3699963765752876110 ) ) ;
#1889 = CARTESIAN_POINT ( 'NONE',  ( 2.500000000000000000, 0.4505045696896998741, 0.2463589731154730289 ) ) ;
#1890 = FILL_AREA_STYLE_COLOUR ( '', #10139 ) ;
#1892 = ORIENTED_EDGE ( 'NONE', *, *, #128, .F. ) ;
#1891 = DIRECTION ( 'NONE',  ( -0.000000000000000000, 1.000000000000000000, 2.128050635766154552E-15 ) ) ;
#1893 = ORIENTED_EDGE ( 'NONE', *, *, #5818, .T. ) ;
#1894 = CARTESIAN_POINT ( 'NONE',  ( 2.501000000000000334, 0.2485315944444836667, 0.7284947189111605770 ) ) ;
#1895 = ORIENTED_EDGE ( 'NONE', *, *, #4706, .F. ) ;
#1896 = EDGE_CURVE ( 'NONE', #5727, #5672, #4404, .T. ) ;
#1897 = CARTESIAN_POINT ( 'NONE',  ( 2.500000000000000000, 0.3426816737671261048, 0.7584397469016191939 ) ) ;
#1898 = VECTOR ( 'NONE', #4584, 1000.000000000000000 ) ;
#1899 = SURFACE_STYLE_USAGE ( .BOTH. , #7684 ) ;
#1900 = CARTESIAN_POINT ( 'NONE',  ( 2.501000000000000334, 0.6948476800243670315, 0.7280788157451079101 ) ) ;
#1901 = SURFACE_STYLE_USAGE ( .BOTH. , #7515 ) ;
#1902 = DIRECTION ( 'NONE',  ( -0.000000000000000000, 0.9306703226357517789, 0.3658589216693586277 ) ) ;
#1903 = CARTESIAN_POINT ( 'NONE',  ( 2.501000000000000334, -0.8944147573046113964, 0.5406229344117308155 ) ) ;
#1904 = CARTESIAN_POINT ( 'NONE',  ( 2.501000000000000334, 0.1035893409101114049, 0.5516318973461891151 ) ) ;
#1905 = PRESENTATION_LAYER_ASSIGNMENT (  '', '', ( #2887 ) ) ;
#1906 = ORIENTED_EDGE ( 'NONE', *, *, #1079, .T. ) ;
#1907 = CARTESIAN_POINT ( 'NONE',  ( 2.500000000000000000, 0.5097187830237068784, 0.1613067755606346354 ) ) ;
#1908 = FILL_AREA_STYLE_COLOUR ( '', #4164 ) ;
#1909 = FILL_AREA_STYLE ('',( #11495 ) ) ;
#1910 = CARTESIAN_POINT ( 'NONE',  ( 2.501000000000000334, 0.4428103611087141900, 0.3568852396201582788 ) ) ;
#1911 = DIRECTION ( 'NONE',  ( -1.000000000000000000, -0.000000000000000000, -0.000000000000000000 ) ) ;
#1912 = DIRECTION ( 'NONE',  ( -0.000000000000000000, -0.3559357243643047064, -0.9345104387438685212 ) ) ;
#1913 = VECTOR ( 'NONE', #8137, 1000.000000000000000 ) ;
#1914 = ORIENTED_EDGE ( 'NONE', *, *, #10466, .T. ) ;
#1915 = CARTESIAN_POINT ( 'NONE',  ( 2.500000000000000000, 0.3885869857728883048, 0.2340898297030533370 ) ) ;
#1916 = ORIENTED_EDGE ( 'NONE', *, *, #6967, .T. ) ;
#1917 = CARTESIAN_POINT ( 'NONE',  ( 2.500000000000000000, -0.3753053961641879543, 0.2731152526957092985 ) ) ;
#1918 = B_SPLINE_CURVE_WITH_KNOTS ( 'NONE', 3,
 ( #2357, #11686, #1359, #1158 ),
 .UNSPECIFIED., .F., .F.,
 ( 4, 4 ),
 ( 2.000000000000000000, 3.000000000000000000 ),
 .UNSPECIFIED. ) ;
#1919 = FILL_AREA_STYLE_COLOUR ( '', #10613 ) ;
#1920 = EDGE_CURVE ( 'NONE', #6059, #5640, #10837, .T. ) ;
#1921 = FILL_AREA_STYLE_COLOUR ( '', #3221 ) ;
#1922 = EDGE_CURVE ( 'NONE', #5093, #1304, #5278, .T. ) ;
#1923 = CARTESIAN_POINT ( 'NONE',  ( 2.500000000000000000, -0.3695214254184769898, 0.4755535117352028274 ) ) ;
#1924 = ORIENTED_EDGE ( 'NONE', *, *, #8576, .F. ) ;
#1925 = AXIS2_PLACEMENT_3D ( 'NONE', #6003, #7852, #6990 ) ;
#1926 = FILL_AREA_STYLE_COLOUR ( '', #1156 ) ;
#1927 = ORIENTED_EDGE ( 'NONE', *, *, #6402, .T. ) ;
#1928 = CARTESIAN_POINT ( 'NONE',  ( 2.501000000000000334, 0.2289321577220630455, 0.7085313669184435392 ) ) ;
#1929 = CARTESIAN_POINT ( 'NONE',  ( 2.501000000000000334, 0.4781621302634043169, 0.2925242246000139823 ) ) ;
#1930 = SURFACE_STYLE_FILL_AREA ( #79 ) ;
#1931 = SURFACE_SIDE_STYLE ('',( #12105 ) ) ;
#1932 = CARTESIAN_POINT ( 'NONE',  ( 2.500000000000000000, 0.7658111578125363916, 0.3438882656657558656 ) ) ;
#1933 = CARTESIAN_POINT ( 'NONE',  ( 2.501000000000000334, -0.8076555270701600842, 0.3280628093057441075 ) ) ;
#1934 = ORIENTED_EDGE ( 'NONE', *, *, #1189, .T. ) ;
#1935 = EDGE_CURVE ( 'NONE', #5982, #8030, #3465, .T. ) ;
#1937 = ORIENTED_EDGE ( 'NONE', *, *, #5225, .F. ) ;
#1936 = FILL_AREA_STYLE ('',( #4835 ) ) ;
#1938 =( NAMED_UNIT ( * ) SI_UNIT ( $, .STERADIAN. ) SOLID_ANGLE_UNIT ( ) );
#1939 = ORIENTED_EDGE ( 'NONE', *, *, #1851, .T. ) ;
#1940 = ORIENTED_EDGE ( 'NONE', *, *, #4760, .F. ) ;
#1941 = CARTESIAN_POINT ( 'NONE',  ( 2.501000000000000334, 0.4453057801077996425, 0.3775764221548525423 ) ) ;
#1942 = SURFACE_SIDE_STYLE ('',( #10545 ) ) ;
#1943 = ADVANCED_FACE ( 'NONE', ( #8103 ), #2352, .F. ) ;
#1945 = ORIENTED_EDGE ( 'NONE', *, *, #10792, .F. ) ;
#1944 = PRESENTATION_STYLE_ASSIGNMENT (( #7615 ) ) ;
#1946 = UNCERTAINTY_MEASURE_WITH_UNIT (LENGTH_MEASURE( 1.000000000000000082E-05 ), #910, 'distance_accuracy_value', 'NONE');
#1947 = CARTESIAN_POINT ( 'NONE',  ( 2.501000000000000334, 0.6906886483596816895, 0.6100662922431530077 ) ) ;
#1948 = ORIENTED_EDGE ( 'NONE', *, *, #8927, .T. ) ;
#1949 = CARTESIAN_POINT ( 'NONE',  ( 0.4000000000000000777, 0.2500000000000000000, -2.407412430484044816E-32 ) ) ;
#1950 = FACE_OUTER_BOUND ( 'NONE', #9443, .T. ) ;
#1951 = CARTESIAN_POINT ( 'NONE',  ( 2.501000000000000334, 0.2945928701375169489, 0.2973071110151591090 ) ) ;
#1952 = CARTESIAN_POINT ( 'NONE',  ( 2.501000000000000334, -0.8944147573046110633, 0.4610936400299214255 ) ) ;
#1953 =( LENGTH_UNIT ( ) NAMED_UNIT ( * ) SI_UNIT ( .MILLI., .METRE. ) );
#1954 = SURFACE_STYLE_USAGE ( .BOTH. , #10372 ) ;
#1955 = PRESENTATION_STYLE_ASSIGNMENT (( #6612 ) ) ;
#1956 = CARTESIAN_POINT ( 'NONE',  ( 2.500000000000000000, -0.7339102034347555481, 0.4234979680790825207 ) ) ;
#1957 = FILL_AREA_STYLE_COLOUR ( '', #811 ) ;
#1958 = EDGE_CURVE ( 'NONE', #10978, #9556, #12016, .T. ) ;
#1959 = CARTESIAN_POINT ( 'NONE',  ( 2.501000000000000334, -0.2495045012926461192, 0.7025734120177948849 ) ) ;
#1961 = ADVANCED_FACE ( 'NONE', ( #9459 ), #2832, .F. ) ;
#1960 = ORIENTED_EDGE ( 'NONE', *, *, #9650, .T. ) ;
#1962 = PRESENTATION_LAYER_ASSIGNMENT (  '', '', ( #8270 ) ) ;
#1963 = ORIENTED_EDGE ( 'NONE', *, *, #6604, .T. ) ;
#1964 = UNCERTAINTY_MEASURE_WITH_UNIT (LENGTH_MEASURE( 1.000000000000000082E-05 ), #2890, 'distance_accuracy_value', 'NONE');
#1965 = CARTESIAN_POINT ( 'NONE',  ( 2.500000000000000000, 0.2025742945436621034, 0.3438882656657539227 ) ) ;
#1966 = SURFACE_STYLE_USAGE ( .BOTH. , #11494 ) ;
#1967 = MECHANICAL_DESIGN_GEOMETRIC_PRESENTATION_REPRESENTATION (  '', ( #3361 ), #9475 ) ;
#1968 = SURFACE_STYLE_USAGE ( .BOTH. , #784 ) ;
#1969 = CARTESIAN_POINT ( 'NONE',  ( 2.500000000000000000, -0.2769782795976637457, 0.5420688443579295690 ) ) ;
#1970 = CARTESIAN_POINT ( 'NONE',  ( 2.501000000000000334, 0.6668262041796813033, 0.2289950159133581076 ) ) ;
#1971 = VECTOR ( 'NONE', #7221, 1000.000000000000000 ) ;
#1972 = STYLED_ITEM ( 'NONE', ( #7740 ), #8337 ) ;
#1973 = DIRECTION ( 'NONE',  ( -1.000000000000000000, -0.000000000000000000, -0.000000000000000000 ) ) ;
#1974 = VERTEX_POINT ( 'NONE', #9523 ) ;
#1975 = CARTESIAN_POINT ( 'NONE',  ( 2.501000000000000334, 0.9914906135484093941, 0.2289950159133592733 ) ) ;
#1976 = CARTESIAN_POINT ( 'NONE',  ( 2.501000000000000334, 0.8408816793710157667, 0.4089771112278832166 ) ) ;
#1977 =( GEOMETRIC_REPRESENTATION_CONTEXT ( 3 ) GLOBAL_UNCERTAINTY_ASSIGNED_CONTEXT ( ( #3423 ) ) GLOBAL_UNIT_ASSIGNED_CONTEXT ( ( #3739, #10208, #12017 ) ) REPRESENTATION_CONTEXT ( 'NONE', 'WORKASPACE' ) );
#1978 = SURFACE_STYLE_USAGE ( .BOTH. , #6629 ) ;
#1979 = COLOUR_RGB ( '',0.000000000000000000, 0.000000000000000000, 0.000000000000000000 ) ;
#1980 = PLANE ( 'NONE',  #6766 ) ;
#1981 = PRESENTATION_LAYER_ASSIGNMENT (  '', '', ( #6480 ) ) ;
#1982 = DIRECTION ( 'NONE',  ( 0.000000000000000000, 3.169437117124707915E-15, -1.000000000000000000 ) ) ;
#1983 = SURFACE_STYLE_FILL_AREA ( #1862 ) ;
#1984 = STYLED_ITEM ( 'NONE', ( #6310 ), #7804 ) ;
#1985 = STYLED_ITEM ( 'NONE', ( #3488 ), #12076 ) ;
#1986 = FACE_OUTER_BOUND ( 'NONE', #6995, .T. ) ;
#1987 = CARTESIAN_POINT ( 'NONE',  ( 2.500000000000000000, 0.2289321577220630455, 0.7085313669184435392 ) ) ;
#1988 = COLOUR_RGB ( '',0.000000000000000000, 0.000000000000000000, 0.000000000000000000 ) ;
#1989 = VECTOR ( 'NONE', #9542, 1000.000000000000000 ) ;
#1990 = ORIENTED_EDGE ( 'NONE', *, *, #3460, .T. ) ;
#1991 = EDGE_LOOP ( 'NONE', ( #8533, #8855, #1168, #5796 ) ) ;
#1992 = VERTEX_POINT ( 'NONE', #6619 ) ;
#1993 = MECHANICAL_DESIGN_GEOMETRIC_PRESENTATION_REPRESENTATION (  '', ( #7316 ), #8939 ) ;
#1994 = VECTOR ( 'NONE', #4141, 1000.000000000000000 ) ;
#1995 = SURFACE_STYLE_USAGE ( .BOTH. , #1881 ) ;
#1996 = LINE ( 'NONE', #3782, #7343 ) ;
#1997 = EDGE_CURVE ( 'NONE', #9046, #6616, #9272, .T. ) ;
#1998 = ADVANCED_FACE ( 'NONE', ( #2132 ), #7517, .F. ) ;
#1999 = EDGE_LOOP ( 'NONE', ( #3777, #9097, #375, #4521 ) ) ;
#2000 = B_SPLINE_SURFACE_WITH_KNOTS ( 'NONE', 3, 1, ( 
 ( #12193, #10368 ),
 ( #3737, #7511 ),
 ( #6663, #1897 ),
 ( #10478, #9444 ) ),
 .UNSPECIFIED., .F., .F., .F.,
 ( 4, 4 ),
 ( 2, 2 ),
 ( 5.000000000000000000, 6.000000000000000000 ),
 ( 0.000000000000000000, 1.000000000000000000 ),
 .UNSPECIFIED. ) ;
#2001 = VECTOR ( 'NONE', #7147, 1000.000000000000000 ) ;
#2002 = UNCERTAINTY_MEASURE_WITH_UNIT (LENGTH_MEASURE( 1.000000000000000082E-05 ), #12197, 'distance_accuracy_value', 'NONE');
#2003 = DIRECTION ( 'NONE',  ( 0.000000000000000000, 3.862017820300888103E-15, -1.000000000000000000 ) ) ;
#2005 = LINE ( 'NONE', #4847, #4864 ) ;
#2004 = FACE_OUTER_BOUND ( 'NONE', #9764, .T. ) ;
#2006 = VECTOR ( 'NONE', #10686, 1000.000000000000000 ) ;
#2007 = CARTESIAN_POINT ( 'NONE',  ( 2.501000000000000334, -0.1974489852165448867, 0.2326276229509959270 ) ) ;
#2008 = ORIENTED_EDGE ( 'NONE', *, *, #7052, .F. ) ;
#2009 = FACE_OUTER_BOUND ( 'NONE', #7574, .T. ) ;
#2010 = ADVANCED_FACE ( 'NONE', ( #8711 ), #5642, .F. ) ;
#2011 = STYLED_ITEM ( 'NONE', ( #9967 ), #9635 ) ;
#2012 = MECHANICAL_DESIGN_GEOMETRIC_PRESENTATION_REPRESENTATION (  '', ( #439 ), #8333 ) ;
#2013 = FILL_AREA_STYLE_COLOUR ( '', #8730 ) ;
#2014 = SURFACE_SIDE_STYLE ('',( #7685 ) ) ;
#2015 = AXIS2_PLACEMENT_3D ( 'NONE', #10984, #8238, #2612 ) ;
#2016 = LINE ( 'NONE', #7623, #2854 ) ;
#2017 = DIRECTION ( 'NONE',  ( -0.000000000000000000, -1.000000000000000000, -0.000000000000000000 ) ) ;
#2018 = DIRECTION ( 'NONE',  ( -1.000000000000000000, -0.000000000000000000, -0.000000000000000000 ) ) ;
#2019 = CARTESIAN_POINT ( 'NONE',  ( 2.501000000000000334, -0.5271340490744740315, 0.2861291592947543538 ) ) ;
#2020 = SURFACE_STYLE_FILL_AREA ( #6677 ) ;
#2021 = COLOUR_RGB ( '',0.000000000000000000, 0.000000000000000000, 0.000000000000000000 ) ;
#2022 = LINE ( 'NONE', #9584, #8742 ) ;
#2023 = DIRECTION ( 'NONE',  ( -1.000000000000000000, -0.000000000000000000, -0.000000000000000000 ) ) ;
#2024 = SURFACE_SIDE_STYLE ('',( #5850 ) ) ;
#2025 = EDGE_CURVE ( 'NONE', #3010, #1770, #2190, .T. ) ;
#2026 = PRESENTATION_STYLE_ASSIGNMENT (( #5608 ) ) ;
#2027 = MECHANICAL_DESIGN_GEOMETRIC_PRESENTATION_REPRESENTATION (  '', ( #7355 ), #10941 ) ;
#2028 = AXIS2_PLACEMENT_3D ( 'NONE', #9936, #11934, #4476 ) ;
#2029 = CARTESIAN_POINT ( 'NONE',  ( 2.501000000000000334, 0.2515468924018348096, 0.3640595692428862939 ) ) ;
#2030 = PRESENTATION_STYLE_ASSIGNMENT (( #909 ) ) ;
#2031 = SURFACE_SIDE_STYLE ('',( #10506 ) ) ;
#2032 = ORIENTED_EDGE ( 'NONE', *, *, #1729, .T. ) ;
#2033 = B_SPLINE_CURVE_WITH_KNOTS ( 'NONE', 3,
 ( #3360, #1498, #9952, #8073, #7808, #647 ),
 .UNSPECIFIED., .F., .F.,
 ( 4, 2, 4 ),
 ( 2.000000000000000000, 3.000000000000000000, 4.000000000000000000 ),
 .UNSPECIFIED. ) ;
#2034 = DIRECTION ( 'NONE',  ( -1.000000000000000000, -0.000000000000000000, -0.000000000000000000 ) ) ;
#2035 = DIRECTION ( 'NONE',  ( -0.000000000000000000, -1.000000000000000000, -3.260615420683595854E-15 ) ) ;
#2036 = PRESENTATION_STYLE_ASSIGNMENT (( #6697 ) ) ;
#2037 = VECTOR ( 'NONE', #6918, 1000.000000000000000 ) ;
#2038 = ORIENTED_EDGE ( 'NONE', *, *, #2268, .T. ) ;
#2039 = FILL_AREA_STYLE ('',( #8596 ) ) ;
#2040 = EDGE_CURVE ( 'NONE', #5129, #3350, #4242, .T. ) ;
#2041 = ADVANCED_FACE ( 'NONE', ( #2389 ), #2986, .F. ) ;
#2042 = SURFACE_SIDE_STYLE ('',( #7593 ) ) ;
#2043 = CARTESIAN_POINT ( 'NONE',  ( 2.500000000000000000, 0.3285929540011501837, 0.3018820458472852297 ) ) ;
#2044 = CARTESIAN_POINT ( 'NONE',  ( 2.501000000000000334, -0.3246959003543624656, 0.3164948678129326787 ) ) ;
#2045 = CARTESIAN_POINT ( 'NONE',  ( 2.501000000000000334, 0.1298432282970038432, 0.7550085457775238540 ) ) ;
#2046 = VECTOR ( 'NONE', #5421, 1000.000000000000000 ) ;
#2048 = DIRECTION ( 'NONE',  ( -1.000000000000000000, 0.000000000000000000, -0.000000000000000000 ) ) ;
#2047 = DIRECTION ( 'NONE',  ( -1.000000000000000000, -0.000000000000000000, -0.000000000000000000 ) ) ;
#2049 = CARTESIAN_POINT ( 'NONE',  ( 2.500000000000000000, 0.4168684010963653042, 0.3270441874212105526 ) ) ;
#2050 = CARTESIAN_POINT ( 'NONE',  ( 2.500000000000000000, -0.6948685387969689708, 0.5970164285479810928 ) ) ;
#2051 = ORIENTED_EDGE ( 'NONE', *, *, #6603, .T. ) ;
#2052 = B_SPLINE_CURVE_WITH_KNOTS ( 'NONE', 3,
 ( #7514, #10252, #4725, #8509 ),
 .UNSPECIFIED., .F., .F.,
 ( 4, 4 ),
 ( 12.00000000000000000, 13.00000000000000000 ),
 .UNSPECIFIED. ) ;
#2053 = ORIENTED_EDGE ( 'NONE', *, *, #4189, .F. ) ;
#2054 = VECTOR ( 'NONE', #9041, 1000.000000000000000 ) ;
#2055 = MECHANICAL_DESIGN_GEOMETRIC_PRESENTATION_REPRESENTATION (  '', ( #8001 ), #1063 ) ;
#2056 = CARTESIAN_POINT ( 'NONE',  ( 2.501000000000000334, -0.6543809090536403250, 0.7531829698819683117 ) ) ;
#2057 = STYLED_ITEM ( 'NONE', ( #7055 ), #999 ) ;
#2059 = VERTEX_POINT ( 'NONE', #242 ) ;
#2058 = SURFACE_SIDE_STYLE ('',( #11643 ) ) ;
#2060 = CARTESIAN_POINT ( 'NONE',  ( 2.500000000000000000, 0.4293974839882578332, 0.3775764221548524313 ) ) ;
#2061 = ADVANCED_FACE ( 'NONE', ( #4688 ), #6574, .F. ) ;
#2062 = ADVANCED_FACE ( 'NONE', ( #4053 ), #5529, .F. ) ;
#2063 = EDGE_LOOP ( 'NONE', ( #1443, #710, #6173, #7816 ) ) ;
#2064 = UNCERTAINTY_MEASURE_WITH_UNIT (LENGTH_MEASURE( 1.000000000000000082E-05 ), #1143, 'distance_accuracy_value', 'NONE');
#2065 = CARTESIAN_POINT ( 'NONE',  ( 2.501000000000000334, 1.078778290623552794, 0.3921330329833357942 ) ) ;
#2066 = ORIENTED_EDGE ( 'NONE', *, *, #9490, .F. ) ;
#2067 =( LENGTH_UNIT ( ) NAMED_UNIT ( * ) SI_UNIT ( .MILLI., .METRE. ) );
#2068 = CARTESIAN_POINT ( 'NONE',  ( 2.501000000000000334, 0.4496207754604512052, 0.2834783307272711328 ) ) ;
#2069 = PRESENTATION_STYLE_ASSIGNMENT (( #8510 ) ) ;
#2070 = CARTESIAN_POINT ( 'NONE',  ( 2.500000000000000000, 0.2191584333087385761, 0.6494731172710164202 ) ) ;
#2071 = CARTESIAN_POINT ( 'NONE',  ( 2.500000000000000000, -0.8293453346287746886, 0.6056923570868749662 ) ) ;
#2072 = SURFACE_SIDE_STYLE ('',( #10567 ) ) ;
#2073 = CARTESIAN_POINT ( 'NONE',  ( 2.501000000000000334, 0.2680790432718422323, 0.7121705196255647685 ) ) ;
#2074 = EDGE_CURVE ( 'NONE', #5246, #11613, #7944, .T. ) ;
#2075 = VERTEX_POINT ( 'NONE', #4658 ) ;
#2076 = ORIENTED_EDGE ( 'NONE', *, *, #5696, .F. ) ;
#2077 = CARTESIAN_POINT ( 'NONE',  ( 2.501000000000000334, 0.5599390903821084287, 0.7550085457775252973 ) ) ;
#2078 = CARTESIAN_POINT ( 'NONE',  ( 2.500000000000000000, 0.2415132285097208176, 0.2445913846569753858 ) ) ;
#2079 = CARTESIAN_POINT ( 'NONE',  ( 2.500000000000000000, 0.3887429494601593594, 0.3261084052962081592 ) ) ;
#2080 = FACE_OUTER_BOUND ( 'NONE', #5894, .T. ) ;
#2081 = LINE ( 'NONE', #11670, #5891 ) ;
#2082 = DIRECTION ( 'NONE',  ( 0.000000000000000000, 1.000000000000000000, 0.000000000000000000 ) ) ;
#2083 = ORIENTED_EDGE ( 'NONE', *, *, #10329, .T. ) ;
#2084 = CARTESIAN_POINT ( 'NONE',  ( 2.501000000000000334, 0.6756121585722466572, 0.7124824470001057675 ) ) ;
#2085 = SURFACE_STYLE_USAGE ( .BOTH. , #4063 ) ;
#2086 = FACE_OUTER_BOUND ( 'NONE', #9929, .T. ) ;
#2087 = LINE ( 'NONE', #10333, #7966 ) ;
#2088 = CARTESIAN_POINT ( 'NONE',  ( 2.501000000000000334, 0.4050671487464481135, 0.3660351092830227970 ) ) ;
#2089 = EDGE_CURVE ( 'NONE', #10307, #11431, #3851, .T. ) ;
#2090 = UNCERTAINTY_MEASURE_WITH_UNIT (LENGTH_MEASURE( 1.000000000000000082E-05 ), #4087, 'distance_accuracy_value', 'NONE');
#2091 = CARTESIAN_POINT ( 'NONE',  ( 2.501000000000000334, -0.2842082154503027813, 0.7343851339065498030 ) ) ;
#2092 = B_SPLINE_SURFACE_WITH_KNOTS ( 'NONE', 3, 1, ( 
 ( #6417, #11219 ),
 ( #12168, #5856 ),
 ( #1812, #3705 ),
 ( #8650, #4526 ) ),
 .UNSPECIFIED., .F., .F., .F.,
 ( 4, 4 ),
 ( 2, 2 ),
 ( 10.00000000000000000, 11.00000000000000000 ),
 ( 0.000000000000000000, 1.000000000000000000 ),
 .UNSPECIFIED. ) ;
#2093 = MECHANICAL_DESIGN_GEOMETRIC_PRESENTATION_REPRESENTATION (  '', ( #3677 ), #8224 ) ;
#2094 = FILL_AREA_STYLE ('',( #4134 ) ) ;
#2095 = PRESENTATION_STYLE_ASSIGNMENT (( #3034 ) ) ;
#2096 = SURFACE_STYLE_FILL_AREA ( #2239 ) ;
#2097 = DIRECTION ( 'NONE',  ( -0.000000000000000000, -0.000000000000000000, 1.000000000000000000 ) ) ;
#2098 = ORIENTED_EDGE ( 'NONE', *, *, #1997, .F. ) ;
#2099 =( NAMED_UNIT ( * ) SI_UNIT ( $, .STERADIAN. ) SOLID_ANGLE_UNIT ( ) );
#2100 = UNCERTAINTY_MEASURE_WITH_UNIT (LENGTH_MEASURE( 1.000000000000000082E-05 ), #6315, 'distance_accuracy_value', 'NONE');
#2101 = LINE ( 'NONE', #148, #7871 ) ;
#2102 = CARTESIAN_POINT ( 'NONE',  ( 2.500000000000000000, 0.4121375025776595202, 0.7550085457775248532 ) ) ;
#2103 = PRESENTATION_LAYER_ASSIGNMENT (  '', '', ( #907 ) ) ;
#2104 = EDGE_CURVE ( 'NONE', #8758, #10024, #5434, .T. ) ;
#2105 = ORIENTED_EDGE ( 'NONE', *, *, #5881, .T. ) ;
#2106 = CARTESIAN_POINT ( 'NONE',  ( 2.500000000000000000, 0.5701807058572511133, 0.2531173995707618474 ) ) ;
#2107 = VERTEX_POINT ( 'NONE', #10551 ) ;
#2108 = ORIENTED_EDGE ( 'NONE', *, *, #9377, .F. ) ;
#2109 =( NAMED_UNIT ( * ) SI_UNIT ( $, .STERADIAN. ) SOLID_ANGLE_UNIT ( ) );
#2110 = ORIENTED_EDGE ( 'NONE', *, *, #1746, .F. ) ;
#2111 = CARTESIAN_POINT ( 'NONE',  ( 2.501000000000000334, -0.1974489852165448867, 0.2326276229509959270 ) ) ;
#2112 = ORIENTED_EDGE ( 'NONE', *, *, #11006, .F. ) ;
#2113 =( NAMED_UNIT ( * ) PLANE_ANGLE_UNIT ( ) SI_UNIT ( $, .RADIAN. ) );
#2114 = UNCERTAINTY_MEASURE_WITH_UNIT (LENGTH_MEASURE( 1.000000000000000082E-05 ), #1306, 'distance_accuracy_value', 'NONE');
#2115 = SURFACE_STYLE_USAGE ( .BOTH. , #6795 ) ;
#2117 = ORIENTED_EDGE ( 'NONE', *, *, #1153, .T. ) ;
#2116 =( LENGTH_UNIT ( ) NAMED_UNIT ( * ) SI_UNIT ( .MILLI., .METRE. ) );
#2118 = CARTESIAN_POINT ( 'NONE',  ( 2.500000000000000000, -0.9247805347721449465, 0.3005890310000325361 ) ) ;
#2119 = ORIENTED_EDGE ( 'NONE', *, *, #3867, .F. ) ;
#2120 = ORIENTED_EDGE ( 'NONE', *, *, #8641, .T. ) ;
#2121 = DIRECTION ( 'NONE',  ( -1.000000000000000000, -0.000000000000000000, -0.000000000000000000 ) ) ;
#2122 = CARTESIAN_POINT ( 'NONE',  ( 2.501000000000000334, 0.4149968368470454694, 0.3373377907934927422 ) ) ;
#2123 = B_SPLINE_CURVE_WITH_KNOTS ( 'NONE', 3,
 ( #9435, #1888, #2919, #5767 ),
 .UNSPECIFIED., .F., .F.,
 ( 4, 4 ),
 ( 24.00000000000000000, 25.00000000000000000 ),
 .UNSPECIFIED. ) ;
#2124 =( LENGTH_UNIT ( ) NAMED_UNIT ( * ) SI_UNIT ( .MILLI., .METRE. ) );
#2125 = ADVANCED_FACE ( 'NONE', ( #5028 ), #4095, .F. ) ;
#2126 = CARTESIAN_POINT ( 'NONE',  ( 2.500000000000000000, -0.5271340490744736984, 0.1979239639526812200 ) ) ;
#2128 = CARTESIAN_POINT ( 'NONE',  ( 2.500000000000000000, 0.7152789230802809595, 0.7100910037925296514 ) ) ;
#2127 = DIRECTION ( 'NONE',  ( 1.239088197126291063E-16, 0.000000000000000000, 1.000000000000000000 ) ) ;
#2129 = VERTEX_POINT ( 'NONE', #4288 ) ;
#2130 = VECTOR ( 'NONE', #6069, 1000.000000000000000 ) ;
#2131 = ORIENTED_EDGE ( 'NONE', *, *, #1470, .T. ) ;
#2132 = FACE_OUTER_BOUND ( 'NONE', #11399, .T. ) ;
#2133 = CARTESIAN_POINT ( 'NONE',  ( 2.501000000000000334, 0.2705744622709291836, 0.2530134237792435181 ) ) ;
#2134 = ADVANCED_FACE ( 'NONE', ( #3355 ), #10917, .F. ) ;
#2135 =( NAMED_UNIT ( * ) PLANE_ANGLE_UNIT ( ) SI_UNIT ( $, .RADIAN. ) );
#2137 = EDGE_LOOP ( 'NONE', ( #7835, #3718, #4221, #11609 ) ) ;
#2136 = EDGE_CURVE ( 'NONE', #6643, #1643, #1463, .T. ) ;
#2138 = CARTESIAN_POINT ( 'NONE',  ( 2.501000000000000334, 0.4576788993117350546, 0.3775764221548525423 ) ) ;
#2139 = FACE_OUTER_BOUND ( 'NONE', #2208, .T. ) ;
#2140 = CARTESIAN_POINT ( 'NONE',  ( 2.501000000000000334, 0.7255205385554220898, 0.6244149514886103702 ) ) ;
#2141 = PRESENTATION_LAYER_ASSIGNMENT (  '', '', ( #11820 ) ) ;
#2142 = CARTESIAN_POINT ( 'NONE',  ( 2.501000000000000334, 0.8423373404535873243, 0.7550085457775262965 ) ) ;
#2143 = ORIENTED_EDGE ( 'NONE', *, *, #8600, .F. ) ;
#2144 = CARTESIAN_POINT ( 'NONE',  ( 2.501000000000000334, -0.3550616088725427888, 0.3179408329191651950 ) ) ;
#2145 = AXIS2_PLACEMENT_3D ( 'NONE', #9129, #1688, #3483 ) ;
#2146 = PRESENTATION_STYLE_ASSIGNMENT (( #4004 ) ) ;
#2147 = B_SPLINE_CURVE_WITH_KNOTS ( 'NONE', 3,
 ( #5836, #10476, #5775, #9568 ),
 .UNSPECIFIED., .F., .F.,
 ( 4, 4 ),
 ( 12.00000000000000000, 13.00000000000000000 ),
 .UNSPECIFIED. ) ;
#2148 = ORIENTED_EDGE ( 'NONE', *, *, #1132, .T. ) ;
#2149 = FILL_AREA_STYLE_COLOUR ( '', #1579 ) ;
#2150 = VECTOR ( 'NONE', #9865, 1000.000000000000000 ) ;
#2151 = COLOUR_RGB ( '',0.000000000000000000, 0.000000000000000000, 0.000000000000000000 ) ;
#2152 = DIRECTION ( 'NONE',  ( -0.000000000000000000, -0.000000000000000000, 1.000000000000000000 ) ) ;
#2153 =( NAMED_UNIT ( * ) SI_UNIT ( $, .STERADIAN. ) SOLID_ANGLE_UNIT ( ) );
#2154 = LINE ( 'NONE', #1225, #4172 ) ;
#2155 = EDGE_CURVE ( 'NONE', #1857, #8609, #5619, .T. ) ;
#2156 = SURFACE_STYLE_FILL_AREA ( #195 ) ;
#2157 = FACE_OUTER_BOUND ( 'NONE', #4431, .T. ) ;
#2158 =( GEOMETRIC_REPRESENTATION_CONTEXT ( 3 ) GLOBAL_UNCERTAINTY_ASSIGNED_CONTEXT ( ( #2783 ) ) GLOBAL_UNIT_ASSIGNED_CONTEXT ( ( #892, #12198, #2819 ) ) REPRESENTATION_CONTEXT ( 'NONE', 'WORKASPACE' ) );
#2159 = ORIENTED_EDGE ( 'NONE', *, *, #7436, .F. ) ;
#2160 = COLOUR_RGB ( '',0.000000000000000000, 0.000000000000000000, 0.000000000000000000 ) ;
#2161 = VECTOR ( 'NONE', #1367, 1000.000000000000000 ) ;
#2163 = SURFACE_STYLE_FILL_AREA ( #1232 ) ;
#2162 = FILL_AREA_STYLE_COLOUR ( '', #4133 ) ;
#2164 = DIRECTION ( 'NONE',  ( -0.000000000000000000, -1.000000000000000000, -3.104947329619024145E-15 ) ) ;
#2165 = COLOUR_RGB ( '',0.000000000000000000, 0.000000000000000000, 0.000000000000000000 ) ;
#2166 = VECTOR ( 'NONE', #6414, 1000.000000000000000 ) ;
#2168 = ORIENTED_EDGE ( 'NONE', *, *, #7171, .F. ) ;
#2167 = PRESENTATION_STYLE_ASSIGNMENT (( #6836 ) ) ;
#2169 = LINE ( 'NONE', #2245, #10809 ) ;
#2170 = EDGE_LOOP ( 'NONE', ( #1301, #4239, #4110, #2825 ) ) ;
#2171 = ORIENTED_EDGE ( 'NONE', *, *, #7006, .T. ) ;
#2172 = VERTEX_POINT ( 'NONE', #8992 ) ;
#2173 = PRESENTATION_LAYER_ASSIGNMENT (  '', '', ( #9487 ) ) ;
#2174 = CARTESIAN_POINT ( 'NONE',  ( 2.501000000000000334, 0.4345962735701576207, 0.3568852396201582788 ) ) ;
#2175 = MECHANICAL_DESIGN_GEOMETRIC_PRESENTATION_REPRESENTATION (  '', ( #5320 ), #8496 ) ;
#2176 = FILL_AREA_STYLE ('',( #8003 ) ) ;
#2177 = CARTESIAN_POINT ( 'NONE',  ( 2.500000000000000000, -0.7512620329339118053, 0.6924515045812676961 ) ) ;
#2178 = MECHANICAL_DESIGN_GEOMETRIC_PRESENTATION_REPRESENTATION (  '', ( #1393 ), #7904 ) ;
#2180 = EDGE_CURVE ( 'NONE', #1278, #2662, #4062, .T. ) ;
#2179 = ORIENTED_EDGE ( 'NONE', *, *, #11806, .F. ) ;
#2181 = VECTOR ( 'NONE', #11668, 1000.000000000000000 ) ;
#2182 = CARTESIAN_POINT ( 'NONE',  ( 2.500000000000000000, -0.6717327661321198518, 0.1328545412775395118 ) ) ;
#2183 =( NAMED_UNIT ( * ) SI_UNIT ( $, .STERADIAN. ) SOLID_ANGLE_UNIT ( ) );
#2184 = B_SPLINE_CURVE_WITH_KNOTS ( 'NONE', 3,
 ( #4044, #10618, #2126, #9701 ),
 .UNSPECIFIED., .F., .F.,
 ( 4, 4 ),
 ( 10.00000000000000000, 11.00000000000000000 ),
 .UNSPECIFIED. ) ;
#2185 = CARTESIAN_POINT ( 'NONE',  ( 2.501000000000000334, 0.8700468889237408243, 0.6072589458695244469 ) ) ;
#2186 = CARTESIAN_POINT ( 'NONE',  ( 2.501000000000000334, -0.6717327385521014715, 0.4234979680790827428 ) ) ;
#2187 = LINE ( 'NONE', #5947, #2764 ) ;
#2188 = ORIENTED_EDGE ( 'NONE', *, *, #11781, .F. ) ;
#2189 = STYLED_ITEM ( 'NONE', ( #5678 ), #3549 ) ;
#2190 = LINE ( 'NONE', #5150, #10110 ) ;
#2191 = CARTESIAN_POINT ( 'NONE',  ( 2.501000000000000334, -0.5271340490744736984, 0.1979239639526812200 ) ) ;
#2192 = B_SPLINE_CURVE_WITH_KNOTS ( 'NONE', 3,
 ( #281, #9617, #1312, #2182 ),
 .UNSPECIFIED., .F., .F.,
 ( 4, 4 ),
 ( 9.000000000000000000, 10.00000000000000000 ),
 .UNSPECIFIED. ) ;
#2193 = UNCERTAINTY_MEASURE_WITH_UNIT (LENGTH_MEASURE( 1.000000000000000082E-05 ), #6925, 'distance_accuracy_value', 'NONE');
#2194 = CARTESIAN_POINT ( 'NONE',  ( 2.501000000000000334, 0.2083449509788870557, 0.4089771112278809961 ) ) ;
#2195 = MECHANICAL_DESIGN_GEOMETRIC_PRESENTATION_REPRESENTATION (  '', ( #4387 ), #39 ) ;
#2196 = CARTESIAN_POINT ( 'NONE',  ( 2.501000000000000334, 0.3285929540011503502, 0.2514537869051606256 ) ) ;
#2197 =( NAMED_UNIT ( * ) SI_UNIT ( $, .STERADIAN. ) SOLID_ANGLE_UNIT ( ) );
#2198 = DIRECTION ( 'NONE',  ( -0.000000000000000000, -6.338874234248783164E-15, 1.000000000000000000 ) ) ;
#2199 = FILL_AREA_STYLE ('',( #2275 ) ) ;
#2200 = CARTESIAN_POINT ( 'NONE',  ( 2.500000000000000000, 0.6948476800243674756, 0.5801212642526935026 ) ) ;
#2201 = LINE ( 'NONE', #8142, #8517 ) ;
#2202 = CARTESIAN_POINT ( 'NONE',  ( 2.500000000000000000, -0.1164737257285018007, 0.2933590951473956654 ) ) ;
#2203 = B_SPLINE_SURFACE_WITH_KNOTS ( 'NONE', 3, 1, ( 
 ( #10242, #1810 ),
 ( #2674, #12164 ),
 ( #3703, #5437 ),
 ( #11033, #7365 ) ),
 .UNSPECIFIED., .F., .F., .F.,
 ( 4, 4 ),
 ( 2, 2 ),
 ( 3.000000000000000000, 4.000000000000000000 ),
 ( 0.000000000000000000, 1.000000000000000000 ),
 .UNSPECIFIED. ) ;
#2204 = CARTESIAN_POINT ( 'NONE',  ( 2.500000000000000000, 1.469693845669906240, 0.000000000000000000 ) ) ;
#2205 = ORIENTED_EDGE ( 'NONE', *, *, #10602, .T. ) ;
#2206 = VERTEX_POINT ( 'NONE', #10777 ) ;
#2207 = VERTEX_POINT ( 'NONE', #4199 ) ;
#2208 = EDGE_LOOP ( 'NONE', ( #12040, #9036, #4372, #10173 ) ) ;
#2209 = PRESENTATION_LAYER_ASSIGNMENT (  '', '', ( #7922 ) ) ;
#2210 = SURFACE_STYLE_FILL_AREA ( #11138 ) ;
#2211 = CARTESIAN_POINT ( 'NONE',  ( 2.501000000000000334, -0.5893114587977827945, 0.4047001458936730356 ) ) ;
#2212 = SURFACE_STYLE_FILL_AREA ( #8305 ) ;
#2213 = PLANE ( 'NONE',  #8291 ) ;
#2214 = CARTESIAN_POINT ( 'NONE',  ( 2.500000000000000000, 0.2373541968443405037, 0.2950196435990998789 ) ) ;
#2215 = CARTESIAN_POINT ( 'NONE',  ( 2.500000000000000000, -0.1974489852165448867, 0.2326276229509959270 ) ) ;
#2216 = COLOUR_RGB ( '',0.000000000000000000, 0.000000000000000000, 0.000000000000000000 ) ;
#2217 = CARTESIAN_POINT ( 'NONE',  ( 2.501000000000000334, 0.8264290443340454040, 0.7228800261639030111 ) ) ;
#2218 = SURFACE_SIDE_STYLE ('',( #5852 ) ) ;
#2219 = LINE ( 'NONE', #10581, #2739 ) ;
#2220 = CARTESIAN_POINT ( 'NONE',  ( 2.501000000000000334, -0.3753053961641879543, 0.2731152526957092985 ) ) ;
#2221 = CARTESIAN_POINT ( 'NONE',  ( 2.500000000000000000, 0.2799842714132768640, 0.5787695789616340569 ) ) ;
#2222 = ORIENTED_EDGE ( 'NONE', *, *, #1384, .F. ) ;
#2223 =( GEOMETRIC_REPRESENTATION_CONTEXT ( 3 ) GLOBAL_UNCERTAINTY_ASSIGNED_CONTEXT ( ( #11412 ) ) GLOBAL_UNIT_ASSIGNED_CONTEXT ( ( #4702, #12123, #6479 ) ) REPRESENTATION_CONTEXT ( 'NONE', 'WORKASPACE' ) );
#2224 = EDGE_LOOP ( 'NONE', ( #7507, #8422, #7123, #166 ) ) ;
#2225 = FILL_AREA_STYLE ('',( #4932 ) ) ;
#2226 =( LENGTH_UNIT ( ) NAMED_UNIT ( * ) SI_UNIT ( .MILLI., .METRE. ) );
#2227 = UNCERTAINTY_MEASURE_WITH_UNIT (LENGTH_MEASURE( 1.000000000000000082E-05 ), #1099, 'distance_accuracy_value', 'NONE');
#2228 = B_SPLINE_CURVE_WITH_KNOTS ( 'NONE', 3,
 ( #1858, #2898, #9412, #1 ),
 .UNSPECIFIED., .F., .F.,
 ( 4, 4 ),
 ( 1.000000000000000000, 2.000000000000000000 ),
 .UNSPECIFIED. ) ;
#2229 = COLOUR_RGB ( '',0.000000000000000000, 0.000000000000000000, 0.000000000000000000 ) ;
#2230 = FILL_AREA_STYLE ('',( #2469 ) ) ;
#2231 = ADVANCED_FACE ( 'NONE', ( #8040 ), #1709, .T. ) ;
#2232 = ORIENTED_EDGE ( 'NONE', *, *, #12181, .F. ) ;
#2233 = EDGE_CURVE ( 'NONE', #3554, #2977, #8925, .T. ) ;
#2234 = DIRECTION ( 'NONE',  ( -0.000000000000000000, 1.000000000000000000, 3.200567254518949426E-15 ) ) ;
#2235 = COLOUR_RGB ( '',0.000000000000000000, 0.000000000000000000, 0.000000000000000000 ) ;
#2236 = CARTESIAN_POINT ( 'NONE',  ( 2.500000000000000000, -0.9855119931785352172, 0.4582015994973731576 ) ) ;
#2237 = LINE ( 'NONE', #11569, #11698 ) ;
#2238 = FILL_AREA_STYLE_COLOUR ( '', #396 ) ;
#2239 = FILL_AREA_STYLE ('',( #11618 ) ) ;
#2240 = VECTOR ( 'NONE', #2324, 1000.000000000000114 ) ;
#2242 = PRESENTATION_STYLE_ASSIGNMENT (( #5066 ) ) ;
#2241 = DIRECTION ( 'NONE',  ( -0.000000000000000000, 3.198603716350140242E-15, -1.000000000000000000 ) ) ;
#2243 = STYLED_ITEM ( 'NONE', ( #11656 ), #8354 ) ;
#2244 = VERTEX_POINT ( 'NONE', #9045 ) ;
#2245 = CARTESIAN_POINT ( 'NONE',  ( 2.500000000000000000, 1.078778290623552794, 0.3921330329833357942 ) ) ;
#2246 = ORIENTED_EDGE ( 'NONE', *, *, #9075, .T. ) ;
#2247 = ADVANCED_FACE ( 'NONE', ( #11133 ), #10212, .F. ) ;
#2248 = ORIENTED_EDGE ( 'NONE', *, *, #10378, .T. ) ;
#2249 = CARTESIAN_POINT ( 'NONE',  ( 2.501000000000000334, 0.2666753700843376707, 0.5930142624155795295 ) ) ;
#2250 = ORIENTED_EDGE ( 'NONE', *, *, #1382, .F. ) ;
#2251 = CARTESIAN_POINT ( 'NONE',  ( 2.500000000000000000, -0.8944147573046110633, 0.4610936400299214255 ) ) ;
#2252 = VECTOR ( 'NONE', #6609, 1000.000000000000000 ) ;
#2253 = FILL_AREA_STYLE ('',( #4225 ) ) ;
#2255 = CARTESIAN_POINT ( 'NONE',  ( 2.500000000000000000, 0.8705667678826980449, 0.2289950159133588570 ) ) ;
#2254 = CARTESIAN_POINT ( 'NONE',  ( 2.501000000000000334, 0.2515468924018349761, 0.3393133308336281351 ) ) ;
#2256 = CARTESIAN_POINT ( 'NONE',  ( 2.500000000000000000, 0.4428103611087141900, 0.3568852396201582788 ) ) ;
#2257 = EDGE_LOOP ( 'NONE', ( #1934, #10140, #8451, #9521 ) ) ;
#2258 = PRESENTATION_LAYER_ASSIGNMENT (  '', '', ( #9557 ) ) ;
#2259 = AXIS2_PLACEMENT_3D ( 'NONE', #9606, #8666, #265 ) ;
#2260 = FILL_AREA_STYLE ('',( #3307 ) ) ;
#2261 = UNCERTAINTY_MEASURE_WITH_UNIT (LENGTH_MEASURE( 1.000000000000000082E-05 ), #6821, 'distance_accuracy_value', 'NONE');
#2263 = VERTEX_POINT ( 'NONE', #9170 ) ;
#2262 = CARTESIAN_POINT ( 'NONE',  ( 2.501000000000000334, -0.6731787312390495881, 0.5840025495275701362 ) ) ;
#2264 = FILL_AREA_STYLE_COLOUR ( '', #7288 ) ;
#2265 = CARTESIAN_POINT ( 'NONE',  ( 2.500000000000000000, 0.2452563570083526878, 0.5759622325880048299 ) ) ;
#2266 = VECTOR ( 'NONE', #164, 1000.000000000000000 ) ;
#2267 = DIRECTION ( 'NONE',  ( -0.000000000000000000, -0.000000000000000000, 1.000000000000000000 ) ) ;
#2268 = EDGE_CURVE ( 'NONE', #3952, #1725, #11859, .T. ) ;
#2269 = AXIS2_PLACEMENT_3D ( 'NONE', #9797, #323, #9855 ) ;
#2270 = EDGE_LOOP ( 'NONE', ( #3114, #2168, #4022, #29 ) ) ;
#2271 = CARTESIAN_POINT ( 'NONE',  ( 2.501000000000000334, 0.4149968368470454694, 0.3315151464618192323 ) ) ;
#2272 = SURFACE_STYLE_USAGE ( .BOTH. , #3911 ) ;
#2273 = LINE ( 'NONE', #9759, #8145 ) ;
#2274 = VECTOR ( 'NONE', #4729, 1000.000000000000000 ) ;
#2275 = FILL_AREA_STYLE_COLOUR ( '', #459 ) ;
#2276 = DIRECTION ( 'NONE',  ( 1.000000000000000000, 0.000000000000000000, -0.000000000000000000 ) ) ;
#2277 = SURFACE_STYLE_USAGE ( .BOTH. , #10937 ) ;
#2278 = CARTESIAN_POINT ( 'NONE',  ( 2.501000000000000334, -0.08177001157015101329, 0.3309547395182116936 ) ) ;
#2279 =( NAMED_UNIT ( * ) SI_UNIT ( $, .STERADIAN. ) SOLID_ANGLE_UNIT ( ) );
#2280 =( NAMED_UNIT ( * ) PLANE_ANGLE_UNIT ( ) SI_UNIT ( $, .RADIAN. ) );
#2281 = ADVANCED_FACE ( 'NONE', ( #4453 ), #8206, .F. ) ;
#2282 = ORIENTED_EDGE ( 'NONE', *, *, #7385, .T. ) ;
#2283 = EDGE_CURVE ( 'NONE', #10031, #4417, #4556, .T. ) ;
#2284 = ORIENTED_EDGE ( 'NONE', *, *, #3023, .T. ) ;
#2285 = ORIENTED_EDGE ( 'NONE', *, *, #112, .T. ) ;
#2286 = PRESENTATION_LAYER_ASSIGNMENT (  '', '', ( #8193 ) ) ;
#2287 = SURFACE_STYLE_FILL_AREA ( #2402 ) ;
#2288 = DIRECTION ( 'NONE',  ( -1.000000000000000000, -0.000000000000000000, -0.000000000000000000 ) ) ;
#2289 = CARTESIAN_POINT ( 'NONE',  ( 2.500000000000000000, 0.8240895890222245113, 0.7147699144161706597 ) ) ;
#2290 = CARTESIAN_POINT ( 'NONE',  ( 2.500000000000000000, 0.3565624419500829090, 0.5761701841710316074 ) ) ;
#2291 = SURFACE_STYLE_USAGE ( .BOTH. , #4872 ) ;
#2292 = DIRECTION ( 'NONE',  ( -0.000000000000000000, -0.000000000000000000, 1.000000000000000000 ) ) ;
#2293 = FACE_OUTER_BOUND ( 'NONE', #5079, .T. ) ;
#2294 = FACE_OUTER_BOUND ( 'NONE', #8965, .T. ) ;
#2295 = CARTESIAN_POINT ( 'NONE',  ( 2.500000000000000000, 0.2699506075211635103, 0.2883651929339415276 ) ) ;
#2296 = ORIENTED_EDGE ( 'NONE', *, *, #7894, .T. ) ;
#2297 = CARTESIAN_POINT ( 'NONE',  ( 2.501000000000000334, 0.2656356121685123362, 0.2573804070283430279 ) ) ;
#2298 = SURFACE_SIDE_STYLE ('',( #7020 ) ) ;
#2299 = FACE_OUTER_BOUND ( 'NONE', #2364, .T. ) ;
#2300 = ORIENTED_EDGE ( 'NONE', *, *, #3476, .F. ) ;
#2301 = VERTEX_POINT ( 'NONE', #11375 ) ;
#2302 = SURFACE_STYLE_USAGE ( .BOTH. , #7781 ) ;
#2303 = STYLED_ITEM ( 'NONE', ( #1493 ), #6259 ) ;
#2304 = FILL_AREA_STYLE ('',( #6973 ) ) ;
#2305 = SURFACE_STYLE_USAGE ( .BOTH. , #441 ) ;
#2306 = CARTESIAN_POINT ( 'NONE',  ( 2.501000000000000334, 0.5701807058572511133, 0.2531173995707617919 ) ) ;
#2307 = EDGE_CURVE ( 'NONE', #5029, #2657, #7736, .T. ) ;
#2308 = EDGE_CURVE ( 'NONE', #3581, #2107, #5023, .T. ) ;
#2309 = ORIENTED_EDGE ( 'NONE', *, *, #1233, .T. ) ;
#2310 = ORIENTED_EDGE ( 'NONE', *, *, #12163, .T. ) ;
#2311 = CARTESIAN_POINT ( 'NONE',  ( 2.501000000000000334, 0.1298432282970053697, 0.3205976883404567657 ) ) ;
#2312 = EDGE_LOOP ( 'NONE', ( #677, #9501, #10587, #2863, #6793 ) ) ;
#2313 = CARTESIAN_POINT ( 'NONE',  ( 2.500000000000000000, 0.5051958360880290932, 0.1853251834279087962 ) ) ;
#2314 = CARTESIAN_POINT ( 'NONE',  ( 2.501000000000000334, 0.3714309801537980515, 0.5600539364684635757 ) ) ;
#2315 = SURFACE_STYLE_FILL_AREA ( #2176 ) ;
#2316 = CARTESIAN_POINT ( 'NONE',  ( 2.501000000000000334, 0.2680790432718422323, 0.7121705196255647685 ) ) ;
#2317 = CARTESIAN_POINT ( 'NONE',  ( 2.500000000000000000, -0.8134394840265561921, 0.6924515045812674741 ) ) ;
#2318 = MECHANICAL_DESIGN_GEOMETRIC_PRESENTATION_REPRESENTATION (  '', ( #4661 ), #3306 ) ;
#2319 = EDGE_CURVE ( 'NONE', #7973, #8946, #10546, .T. ) ;
#2320 = CARTESIAN_POINT ( 'NONE',  ( 2.500000000000000000, 0.3285929540011503502, 0.3213255188824415964 ) ) ;
#2321 =( NAMED_UNIT ( * ) PLANE_ANGLE_UNIT ( ) SI_UNIT ( $, .RADIAN. ) );
#2323 = ORIENTED_EDGE ( 'NONE', *, *, #4761, .F. ) ;
#2322 = CARTESIAN_POINT ( 'NONE',  ( 2.501000000000000334, -0.7396941466011416333, 0.6924515045812676961 ) ) ;
#2324 = DIRECTION ( 'NONE',  ( 0.000000000000000000, -0.3416038306815511461, 0.9398440417769801103 ) ) ;
#2325 = CARTESIAN_POINT ( 'NONE',  ( 2.500000000000000000, -0.7035444949165748918, 0.3324007046244421004 ) ) ;
#2326 = VERTEX_POINT ( 'NONE', #10610 ) ;
#2327 = LINE ( 'NONE', #6063, #4532 ) ;
#2328 = SURFACE_STYLE_FILL_AREA ( #6933 ) ;
#2329 = ADVANCED_FACE ( 'NONE', ( #387 ), #4565, .F. ) ;
#2330 = CARTESIAN_POINT ( 'NONE',  ( 2.501000000000000334, 0.8716065257978243830, 0.4089771112278832721 ) ) ;
#2331 = DIRECTION ( 'NONE',  ( -0.000000000000000000, -0.000000000000000000, 1.000000000000000000 ) ) ;
#2332 =( LENGTH_UNIT ( ) NAMED_UNIT ( * ) SI_UNIT ( .MILLI., .METRE. ) );
#2333 = EDGE_LOOP ( 'NONE', ( #6675, #9846, #585, #6867 ) ) ;
#2334 = EDGE_LOOP ( 'NONE', ( #89, #3747, #10434, #2445, #3695, #7521 ) ) ;
#2335 = ORIENTED_EDGE ( 'NONE', *, *, #6740, .F. ) ;
#2336 = ORIENTED_EDGE ( 'NONE', *, *, #3894, .F. ) ;
#2337 = CARTESIAN_POINT ( 'NONE',  ( 2.500000000000000000, -0.4808624485847420305, 0.8095764709139161575 ) ) ;
#2338 = CARTESIAN_POINT ( 'NONE',  ( 2.501000000000000334, 0.6930800915672592488, 0.2521816174471459560 ) ) ;
#2339 = EDGE_CURVE ( 'NONE', #2407, #6423, #3250, .T. ) ;
#2340 = CARTESIAN_POINT ( 'NONE',  ( 2.500000000000000000, 0.3540670229509982336, 0.3224692525890843209 ) ) ;
#2341 = FACE_OUTER_BOUND ( 'NONE', #4284, .T. ) ;
#2342 = DIRECTION ( 'NONE',  ( 3.614007241618347908E-17, 0.000000000000000000, 1.000000000000000000 ) ) ;
#2343 = SURFACE_STYLE_FILL_AREA ( #7972 ) ;
#2344 = ORIENTED_EDGE ( 'NONE', *, *, #11931, .T. ) ;
#2345 = LINE ( 'NONE', #9044, #6304 ) ;
#2346 = SURFACE_STYLE_USAGE ( .BOTH. , #4001 ) ;
#2347 = LINE ( 'NONE', #1412, #8918 ) ;
#2348 = UNCERTAINTY_MEASURE_WITH_UNIT (LENGTH_MEASURE( 1.000000000000000082E-05 ), #9923, 'distance_accuracy_value', 'NONE');
#2349 =( LENGTH_UNIT ( ) NAMED_UNIT ( * ) SI_UNIT ( .MILLI., .METRE. ) );
#2350 = DIRECTION ( 'NONE',  ( 0.000000000000000000, 0.000000000000000000, -1.000000000000000000 ) ) ;
#2351 = EDGE_LOOP ( 'NONE', ( #5896, #9612, #10531, #9832, #4551, #4622, #10390, #4047, #11172, #6754, #5277, #4256, #8677, #6872 ) ) ;
#2352 = PLANE ( 'NONE',  #6904 ) ;
#2354 = PRESENTATION_STYLE_ASSIGNMENT (( #1420 ) ) ;
#2353 = DIRECTION ( 'NONE',  ( -0.000000000000000000, -1.000000000000000000, -0.000000000000000000 ) ) ;
#2355 =( GEOMETRIC_REPRESENTATION_CONTEXT ( 3 ) GLOBAL_UNCERTAINTY_ASSIGNED_CONTEXT ( ( #2100 ) ) GLOBAL_UNIT_ASSIGNED_CONTEXT ( ( #6315, #6378, #9153 ) ) REPRESENTATION_CONTEXT ( 'NONE', 'WORKASPACE' ) );
#2356 = FILL_AREA_STYLE ('',( #6041 ) ) ;
#2357 = CARTESIAN_POINT ( 'NONE',  ( 2.501000000000000334, 0.8704108041940397111, 0.2521816174471465666 ) ) ;
#2358 =( NAMED_UNIT ( * ) PLANE_ANGLE_UNIT ( ) SI_UNIT ( $, .RADIAN. ) );
#2359 = VERTEX_POINT ( 'NONE', #11766 ) ;
#2360 = SURFACE_SIDE_STYLE ('',( #8806 ) ) ;
#2361 = ORIENTED_EDGE ( 'NONE', *, *, #2495, .T. ) ;
#2362 = VECTOR ( 'NONE', #3286, 1000.000000000000000 ) ;
#2363 = AXIS2_PLACEMENT_3D ( 'NONE', #10347, #87, #810 ) ;
#2364 = EDGE_LOOP ( 'NONE', ( #7678, #9532, #11502, #305 ) ) ;
#2365 = CARTESIAN_POINT ( 'NONE',  ( 2.500000000000000000, 0.4496207754604512052, 0.2834783307272711328 ) ) ;
#2366 = ORIENTED_EDGE ( 'NONE', *, *, #10249, .F. ) ;
#2367 = SURFACE_STYLE_FILL_AREA ( #1495 ) ;
#2368 = ORIENTED_EDGE ( 'NONE', *, *, #1896, .F. ) ;
#2369 =( LENGTH_UNIT ( ) NAMED_UNIT ( * ) SI_UNIT ( .MILLI., .METRE. ) );
#2370 = SURFACE_STYLE_USAGE ( .BOTH. , #10849 ) ;
#2371 = CARTESIAN_POINT ( 'NONE',  ( 2.500000000000000000, 0.8240895890222245113, 0.7147699144161706597 ) ) ;
#2372 = DIRECTION ( 'NONE',  ( -1.000000000000000000, -0.000000000000000000, -0.000000000000000000 ) ) ;
#2373 = VECTOR ( 'NONE', #4566, 1000.000000000000000 ) ;
#2374 = VECTOR ( 'NONE', #1401, 1000.000000000000000 ) ;
#2376 = CARTESIAN_POINT ( 'NONE',  ( 2.501000000000000334, 0.4565871535001545523, 0.3568852396201583344 ) ) ;
#2375 =( GEOMETRIC_REPRESENTATION_CONTEXT ( 3 ) GLOBAL_UNCERTAINTY_ASSIGNED_CONTEXT ( ( #3111 ) ) GLOBAL_UNIT_ASSIGNED_CONTEXT ( ( #9579, #11085, #11376 ) ) REPRESENTATION_CONTEXT ( 'NONE', 'WORKASPACE' ) );
#2377 = PRESENTATION_STYLE_ASSIGNMENT (( #10056 ) ) ;
#2378 =( LENGTH_UNIT ( ) NAMED_UNIT ( * ) SI_UNIT ( .MILLI., .METRE. ) );
#2379 = ORIENTED_EDGE ( 'NONE', *, *, #8889, .T. ) ;
#2380 = PRESENTATION_STYLE_ASSIGNMENT (( #4486 ) ) ;
#2381 = CARTESIAN_POINT ( 'NONE',  ( 2.500000000000000000, -0.2523964866658467421, 0.2282896724708665392 ) ) ;
#2382 = MECHANICAL_DESIGN_GEOMETRIC_PRESENTATION_REPRESENTATION (  '', ( #7900 ), #5517 ) ;
#2383 =( GEOMETRIC_REPRESENTATION_CONTEXT ( 3 ) GLOBAL_UNCERTAINTY_ASSIGNED_CONTEXT ( ( #6923 ) ) GLOBAL_UNIT_ASSIGNED_CONTEXT ( ( #3347, #10907, #7272 ) ) REPRESENTATION_CONTEXT ( 'NONE', 'WORKASPACE' ) );
#2384 = EDGE_CURVE ( 'NONE', #3887, #3330, #4362, .T. ) ;
#2386 = EDGE_LOOP ( 'NONE', ( #8707, #7705, #10296, #6618 ) ) ;
#2385 = STYLED_ITEM ( 'NONE', ( #4827 ), #6882 ) ;
#2387 = EDGE_CURVE ( 'NONE', #11889, #1049, #10860, .T. ) ;
#2388 = MECHANICAL_DESIGN_GEOMETRIC_PRESENTATION_REPRESENTATION (  '', ( #3371 ), #6676 ) ;
#2389 = FACE_OUTER_BOUND ( 'NONE', #8218, .T. ) ;
#2390 =( NAMED_UNIT ( * ) PLANE_ANGLE_UNIT ( ) SI_UNIT ( $, .RADIAN. ) );
#2391 = COLOUR_RGB ( '',0.000000000000000000, 0.000000000000000000, 0.000000000000000000 ) ;
#2392 = DIRECTION ( 'NONE',  ( -0.000000000000000000, 1.000000000000000000, 2.765901356837858152E-15 ) ) ;
#2393 = STYLED_ITEM ( 'NONE', ( #5003 ), #8136 ) ;
#2395 = ORIENTED_EDGE ( 'NONE', *, *, #4818, .T. ) ;
#2394 = PRESENTATION_STYLE_ASSIGNMENT (( #8774 ) ) ;
#2396 = ORIENTED_EDGE ( 'NONE', *, *, #10449, .T. ) ;
#2397 = ORIENTED_EDGE ( 'NONE', *, *, #2781, .T. ) ;
#2398 = ORIENTED_EDGE ( 'NONE', *, *, #11614, .F. ) ;
#2399 = EDGE_CURVE ( 'NONE', #11746, #11537, #7240, .T. ) ;
#2400 = CARTESIAN_POINT ( 'NONE',  ( 2.500000000000000000, -0.6457050080940718306, 0.6649777538569622282 ) ) ;
#2401 = MECHANICAL_DESIGN_GEOMETRIC_PRESENTATION_REPRESENTATION (  '', ( #6906 ), #10305 ) ;
#2402 = FILL_AREA_STYLE ('',( #10767 ) ) ;
#2403 = CARTESIAN_POINT ( 'NONE',  ( 2.501000000000000334, -0.7512620329339118053, 0.6924515045812676961 ) ) ;
#2404 = CARTESIAN_POINT ( 'NONE',  ( 2.500000000000000000, 0.1035893409101119184, 0.4323716643446893770 ) ) ;
#2405 = PLANE ( 'NONE',  #7386 ) ;
#2406 = CARTESIAN_POINT ( 'NONE',  ( 2.501000000000000334, 0.3426816737671261048, 0.7584397469016191939 ) ) ;
#2407 = VERTEX_POINT ( 'NONE', #5381 ) ;
#2408 = ORIENTED_EDGE ( 'NONE', *, *, #4212, .T. ) ;
#2409 =( GEOMETRIC_REPRESENTATION_CONTEXT ( 3 ) GLOBAL_UNCERTAINTY_ASSIGNED_CONTEXT ( ( #7930 ) ) GLOBAL_UNIT_ASSIGNED_CONTEXT ( ( #7667, #2113, #9678 ) ) REPRESENTATION_CONTEXT ( 'NONE', 'WORKASPACE' ) );
#2410 = CARTESIAN_POINT ( 'NONE',  ( 2.501000000000000334, 0.9802092401581361525, 0.3634357144924221239 ) ) ;
#2411 = FACE_OUTER_BOUND ( 'NONE', #4489, .T. ) ;
#2412 = VERTEX_POINT ( 'NONE', #9210 ) ;
#2413 = ADVANCED_FACE ( 'NONE', ( #698 ), #4485, .F. ) ;
#2414 = DIRECTION ( 'NONE',  ( -0.000000000000000000, -0.000000000000000000, -1.000000000000000000 ) ) ;
#2415 = VECTOR ( 'NONE', #4174, 1000.000000000000000 ) ;
#2416 = CARTESIAN_POINT ( 'NONE',  ( 2.500000000000000000, 0.5399757383887070494, 0.1891722877180509188 ) ) ;
#2417 = STYLED_ITEM ( 'NONE', ( #8303 ), #9750 ) ;
#2418 = PRESENTATION_LAYER_ASSIGNMENT (  '', '', ( #10720 ) ) ;
#2419 = CARTESIAN_POINT ( 'NONE',  ( 2.501000000000000334, 0.3285929540011503502, 0.2514537869051606256 ) ) ;
#2420 =( LENGTH_UNIT ( ) NAMED_UNIT ( * ) SI_UNIT ( .MILLI., .METRE. ) );
#2421 = ORIENTED_EDGE ( 'NONE', *, *, #4632, .F. ) ;
#2422 =( LENGTH_UNIT ( ) NAMED_UNIT ( * ) SI_UNIT ( .MILLI., .METRE. ) );
#2423 =( LENGTH_UNIT ( ) NAMED_UNIT ( * ) SI_UNIT ( .MILLI., .METRE. ) );
#2424 =( NAMED_UNIT ( * ) SI_UNIT ( $, .STERADIAN. ) SOLID_ANGLE_UNIT ( ) );
#2425 = SURFACE_STYLE_USAGE ( .BOTH. , #10916 ) ;
#2426 = VERTEX_POINT ( 'NONE', #7588 ) ;
#2427 = EDGE_CURVE ( 'NONE', #4098, #9729, #5057, .T. ) ;
#2428 = UNCERTAINTY_MEASURE_WITH_UNIT (LENGTH_MEASURE( 1.000000000000000082E-05 ), #2124, 'distance_accuracy_value', 'NONE');
#2429 = AXIS2_PLACEMENT_3D ( 'NONE', #1073, #6498, #10422 ) ;
#2430 = ORIENTED_EDGE ( 'NONE', *, *, #6642, .T. ) ;
#2431 = CARTESIAN_POINT ( 'NONE',  ( 2.500000000000000000, -0.6167852646828186902, 0.3078189116926359215 ) ) ;
#2432 = ADVANCED_FACE ( 'NONE', ( #6632 ), #9235, .F. ) ;
#2433 = PLANE ( 'NONE',  #7358 ) ;
#2434 = CARTESIAN_POINT ( 'NONE',  ( 2.501000000000000334, 0.2452563570083526878, 0.5759622325880048299 ) ) ;
#2435 = MECHANICAL_DESIGN_GEOMETRIC_PRESENTATION_REPRESENTATION (  '', ( #8763 ), #1229 ) ;
#2436 =( LENGTH_UNIT ( ) NAMED_UNIT ( * ) SI_UNIT ( .MILLI., .METRE. ) );
#2437 = FACE_OUTER_BOUND ( 'NONE', #429, .T. ) ;
#2438 = SURFACE_SIDE_STYLE ('',( #10856 ) ) ;
#2439 = FILL_AREA_STYLE ('',( #4425 ) ) ;
#2441 = ORIENTED_EDGE ( 'NONE', *, *, #4614, .T. ) ;
#2440 =( LENGTH_UNIT ( ) NAMED_UNIT ( * ) SI_UNIT ( .MILLI., .METRE. ) );
#2442 = CARTESIAN_POINT ( 'NONE',  ( 2.501000000000000334, 0.2799842714132768640, 0.5787695789616340569 ) ) ;
#2443 = ORIENTED_EDGE ( 'NONE', *, *, #12142, .T. ) ;
#2444 = PRESENTATION_LAYER_ASSIGNMENT (  '', '', ( #3796 ) ) ;
#2445 = ORIENTED_EDGE ( 'NONE', *, *, #751, .T. ) ;
#2446 = CARTESIAN_POINT ( 'NONE',  ( 2.501000000000000334, 0.4594464877695391691, 0.2294109190794103026 ) ) ;
#2447 = CARTESIAN_POINT ( 'NONE',  ( 2.501000000000000334, 0.8146277919848246007, 0.2289950159133586349 ) ) ;
#2448 = EDGE_CURVE ( 'NONE', #5318, #8058, #10927, .T. ) ;
#2449 = EDGE_CURVE ( 'NONE', #4854, #564, #2692, .T. ) ;
#2450 =( GEOMETRIC_REPRESENTATION_CONTEXT ( 3 ) GLOBAL_UNCERTAINTY_ASSIGNED_CONTEXT ( ( #2261 ) ) GLOBAL_UNIT_ASSIGNED_CONTEXT ( ( #6821, #358, #4117 ) ) REPRESENTATION_CONTEXT ( 'NONE', 'WORKASPACE' ) );
#2452 = EDGE_LOOP ( 'NONE', ( #4698, #2992, #6855, #8054 ) ) ;
#2451 =( NAMED_UNIT ( * ) PLANE_ANGLE_UNIT ( ) SI_UNIT ( $, .RADIAN. ) );
#2453 = ORIENTED_EDGE ( 'NONE', *, *, #7894, .F. ) ;
#2454 = VERTEX_POINT ( 'NONE', #10248 ) ;
#2455 =( LENGTH_UNIT ( ) NAMED_UNIT ( * ) SI_UNIT ( .MILLI., .METRE. ) );
#2456 = MECHANICAL_DESIGN_GEOMETRIC_PRESENTATION_REPRESENTATION (  '', ( #5969 ), #7551 ) ;
#2457 = VECTOR ( 'NONE', #50, 1000.000000000000000 ) ;
#2458 = LINE ( 'NONE', #7256, #8522 ) ;
#2459 = STYLED_ITEM ( 'NONE', ( #5339 ), #768 ) ;
#2460 = CARTESIAN_POINT ( 'NONE',  ( 2.500000000000000000, 0.1298432282970053697, 0.3205976883404567657 ) ) ;
#2461 = SURFACE_STYLE_USAGE ( .BOTH. , #11125 ) ;
#2462 =( NAMED_UNIT ( * ) PLANE_ANGLE_UNIT ( ) SI_UNIT ( $, .RADIAN. ) );
#2463 = FILL_AREA_STYLE ('',( #7137 ) ) ;
#2464 = FILL_AREA_STYLE ('',( #10954 ) ) ;
#2465 = ADVANCED_FACE ( 'NONE', ( #2299 ), #1749, .F. ) ;
#2466 = ORIENTED_EDGE ( 'NONE', *, *, #4972, .T. ) ;
#2467 = UNCERTAINTY_MEASURE_WITH_UNIT (LENGTH_MEASURE( 1.000000000000000082E-05 ), #9529, 'distance_accuracy_value', 'NONE');
#2468 = MECHANICAL_DESIGN_GEOMETRIC_PRESENTATION_REPRESENTATION (  '', ( #7783 ), #5613 ) ;
#2469 = FILL_AREA_STYLE_COLOUR ( '', #3576 ) ;
#2470 = VERTEX_POINT ( 'NONE', #2434 ) ;
#2471 = VERTEX_POINT ( 'NONE', #4353 ) ;
#2472 = DIRECTION ( 'NONE',  ( -1.000000000000000000, -0.000000000000000000, -0.000000000000000000 ) ) ;
#2473 = B_SPLINE_CURVE_WITH_KNOTS ( 'NONE', 3,
 ( #566, #9320, #1703, #1564 ),
 .UNSPECIFIED., .F., .F.,
 ( 4, 4 ),
 ( 7.000000000000000000, 8.000000000000000000 ),
 .UNSPECIFIED. ) ;
#2474 = CARTESIAN_POINT ( 'NONE',  ( 2.500000000000000000, 0.8274168143548046306, 0.7290145978701134677 ) ) ;
#2475 = CARTESIAN_POINT ( 'NONE',  ( 2.500000000000000000, 1.469693845669906240, 1.000000000000000000 ) ) ;
#2476 = B_SPLINE_CURVE_WITH_KNOTS ( 'NONE', 3,
 ( #5360, #5289, #3421, #11927 ),
 .UNSPECIFIED., .F., .F.,
 ( 4, 4 ),
 ( 2.000000000000000000, 3.000000000000000000 ),
 .UNSPECIFIED. ) ;
#2477 = B_SPLINE_SURFACE_WITH_KNOTS ( 'NONE', 3, 1, ( 
 ( #9489, #2255 ),
 ( #210, #331 ),
 ( #1248, #4157 ),
 ( #3053, #1174 ) ),
 .UNSPECIFIED., .F., .F., .F.,
 ( 4, 4 ),
 ( 2, 2 ),
 ( 5.000000000000000000, 6.000000000000000000 ),
 ( 0.000000000000000000, 1.000000000000000000 ),
 .UNSPECIFIED. ) ;
#2478 = VECTOR ( 'NONE', #9138, 1000.000000000000000 ) ;
#2479 = B_SPLINE_CURVE_WITH_KNOTS ( 'NONE', 3,
 ( #3282, #8045, #2873, #6595 ),
 .UNSPECIFIED., .F., .F.,
 ( 4, 4 ),
 ( 17.00000000000000000, 18.00000000000000000 ),
 .UNSPECIFIED. ) ;
#2480 = FILL_AREA_STYLE ('',( #4466 ) ) ;
#2481 = ORIENTED_EDGE ( 'NONE', *, *, #806, .T. ) ;
#2482 = EDGE_CURVE ( 'NONE', #271, #9977, #11885, .T. ) ;
#2483 = FILL_AREA_STYLE ('',( #6044 ) ) ;
#2484 = EDGE_LOOP ( 'NONE', ( #2171, #9993, #247, #6646, #5180, #11644, #10969, #11738 ) ) ;
#2485 = DIRECTION ( 'NONE',  ( 0.000000000000000000, -1.000000000000000000, 0.000000000000000000 ) ) ;
#2486 = VERTEX_POINT ( 'NONE', #7539 ) ;
#2487 = SURFACE_SIDE_STYLE ('',( #7454 ) ) ;
#2488 = EDGE_LOOP ( 'NONE', ( #3393, #7170, #1924, #11914 ) ) ;
#2489 = B_SPLINE_CURVE_WITH_KNOTS ( 'NONE', 3,
 ( #7906, #8800, #5984, #5062 ),
 .UNSPECIFIED., .F., .F.,
 ( 4, 4 ),
 ( 26.00000000000000000, 27.00000000000000000 ),
 .UNSPECIFIED. ) ;
#2490 =( GEOMETRIC_REPRESENTATION_CONTEXT ( 3 ) GLOBAL_UNCERTAINTY_ASSIGNED_CONTEXT ( ( #2193 ) ) GLOBAL_UNIT_ASSIGNED_CONTEXT ( ( #6925, #11706, #1256 ) ) REPRESENTATION_CONTEXT ( 'NONE', 'WORKASPACE' ) );
#2491 = VERTEX_POINT ( 'NONE', #11217 ) ;
#2492 = PRESENTATION_STYLE_ASSIGNMENT (( #12104 ) ) ;
#2493 = DIRECTION ( 'NONE',  ( -0.000000000000000000, 1.000000000000000000, 3.200567254518949426E-15 ) ) ;
#2494 = ADVANCED_FACE ( 'NONE', ( #11340 ), #7595, .F. ) ;
#2495 = EDGE_CURVE ( 'NONE', #4581, #4200, #859, .T. ) ;
#2496 = B_SPLINE_CURVE_WITH_KNOTS ( 'NONE', 3,
 ( #6608, #1722, #7447, #4561 ),
 .UNSPECIFIED., .F., .F.,
 ( 4, 4 ),
 ( 2.000000000000000000, 3.000000000000000000 ),
 .UNSPECIFIED. ) ;
#2498 = ORIENTED_EDGE ( 'NONE', *, *, #1321, .T. ) ;
#2497 = SURFACE_STYLE_FILL_AREA ( #9270 ) ;
#2499 = SURFACE_STYLE_FILL_AREA ( #1505 ) ;
#2500 =( NAMED_UNIT ( * ) PLANE_ANGLE_UNIT ( ) SI_UNIT ( $, .RADIAN. ) );
#2501 = ORIENTED_EDGE ( 'NONE', *, *, #7660, .T. ) ;
#2502 =( GEOMETRIC_REPRESENTATION_CONTEXT ( 3 ) GLOBAL_UNCERTAINTY_ASSIGNED_CONTEXT ( ( #8896 ) ) GLOBAL_UNIT_ASSIGNED_CONTEXT ( ( #10061, #5505, #6111 ) ) REPRESENTATION_CONTEXT ( 'NONE', 'WORKASPACE' ) );
#2503 =( NAMED_UNIT ( * ) SI_UNIT ( $, .STERADIAN. ) SOLID_ANGLE_UNIT ( ) );
#2504 = B_SPLINE_CURVE_WITH_KNOTS ( 'NONE', 3,
 ( #9589, #4992, #8649, #181 ),
 .UNSPECIFIED., .F., .F.,
 ( 4, 4 ),
 ( 17.00000000000000000, 18.00000000000000000 ),
 .UNSPECIFIED. ) ;
#2505 = B_SPLINE_CURVE_WITH_KNOTS ( 'NONE', 3,
 ( #10565, #1956, #4802, #5844 ),
 .UNSPECIFIED., .F., .F.,
 ( 4, 4 ),
 ( 16.00000000000000000, 17.00000000000000000 ),
 .UNSPECIFIED. ) ;
#2506 = DIRECTION ( 'NONE',  ( 0.000000000000000000, -2.762237911336029498E-15, 1.000000000000000000 ) ) ;
#2507 = LINE ( 'NONE', #4361, #6367 ) ;
#2509 = EDGE_LOOP ( 'NONE', ( #10200, #238, #5756, #11458 ) ) ;
#2508 = FILL_AREA_STYLE_COLOUR ( '', #11048 ) ;
#2510 = VECTOR ( 'NONE', #594, 1000.000000000000000 ) ;
#2511 = CARTESIAN_POINT ( 'NONE',  ( 2.500000000000000000, 0.4781621302634043169, 0.2925242246000139823 ) ) ;
#2512 = CARTESIAN_POINT ( 'NONE',  ( 2.501000000000000334, 0.9526036674781059865, 0.3325549043783421754 ) ) ;
#2513 = ADVANCED_FACE ( 'NONE', ( #8360 ), #4961, .F. ) ;
#2514 =( NAMED_UNIT ( * ) SI_UNIT ( $, .STERADIAN. ) SOLID_ANGLE_UNIT ( ) );
#2515 = FILL_AREA_STYLE_COLOUR ( '', #3224 ) ;
#2516 = CARTESIAN_POINT ( 'NONE',  ( 2.500000000000000000, 0.2631921810651727256, 0.2778636379800109024 ) ) ;
#2517 = PRESENTATION_STYLE_ASSIGNMENT (( #11011 ) ) ;
#2518 = B_SPLINE_SURFACE_WITH_KNOTS ( 'NONE', 3, 1, ( 
 ( #12077, #5778 ),
 ( #9570, #1071 ),
 ( #8630, #10558 ),
 ( #168, #5837 ) ),
 .UNSPECIFIED., .F., .F., .F.,
 ( 4, 4 ),
 ( 2, 2 ),
 ( 2.000000000000000000, 3.000000000000000000 ),
 ( 0.000000000000000000, 1.000000000000000000 ),
 .UNSPECIFIED. ) ;
#2519 = ORIENTED_EDGE ( 'NONE', *, *, #11745, .T. ) ;
#2520 = CARTESIAN_POINT ( 'NONE',  ( 2.501000000000000334, 0.9495363816256953138, 0.4054419343122745434 ) ) ;
#2521 = ORIENTED_EDGE ( 'NONE', *, *, #7113, .F. ) ;
#2522 = EDGE_CURVE ( 'NONE', #4454, #9046, #2219, .T. ) ;
#2523 = CARTESIAN_POINT ( 'NONE',  ( 2.501000000000000334, -0.6731787588190680793, 0.3324007046244421559 ) ) ;
#2524 = CARTESIAN_POINT ( 'NONE',  ( 2.500000000000000000, 1.081117745935373575, 0.4002431447296835310 ) ) ;
#2525 = EDGE_CURVE ( 'NONE', #1714, #5876, #6957, .T. ) ;
#2526 = CARTESIAN_POINT ( 'NONE',  ( 2.501000000000000334, 0.2900179353060841625, 0.2464629489069816159 ) ) ;
#2527 = DIRECTION ( 'NONE',  ( 0.000000000000000000, 0.8840949502478796518, 0.4673073067545587822 ) ) ;
#2528 = SURFACE_STYLE_USAGE ( .BOTH. , #8346 ) ;
#2529 = ORIENTED_EDGE ( 'NONE', *, *, #1258, .F. ) ;
#2530 = CARTESIAN_POINT ( 'NONE',  ( 2.501000000000000334, 0.2631921810651727256, 0.2699614778153062167 ) ) ;
#2531 = CARTESIAN_POINT ( 'NONE',  ( 2.501000000000000334, 0.2658955516472936154, 0.3509586194969750439 ) ) ;
#2532 = LINE ( 'NONE', #1361, #11765 ) ;
#2534 = DIRECTION ( 'NONE',  ( 0.000000000000000000, 0.3559357243698730300, 0.9345104387417476621 ) ) ;
#2533 = PRESENTATION_STYLE_ASSIGNMENT (( #444 ) ) ;
#2535 = ORIENTED_EDGE ( 'NONE', *, *, #5682, .F. ) ;
#2536 = UNCERTAINTY_MEASURE_WITH_UNIT (LENGTH_MEASURE( 1.000000000000000082E-05 ), #11161, 'distance_accuracy_value', 'NONE');
#2537 = ORIENTED_EDGE ( 'NONE', *, *, #1079, .F. ) ;
#2538 =( GEOMETRIC_REPRESENTATION_CONTEXT ( 3 ) GLOBAL_UNCERTAINTY_ASSIGNED_CONTEXT ( ( #10286 ) ) GLOBAL_UNIT_ASSIGNED_CONTEXT ( ( #474, #3984, #2279 ) ) REPRESENTATION_CONTEXT ( 'NONE', 'WORKASPACE' ) );
#2539 = SURFACE_STYLE_USAGE ( .BOTH. , #7999 ) ;
#2540 = EDGE_CURVE ( 'NONE', #3489, #8461, #245, .T. ) ;
#2541 = UNCERTAINTY_MEASURE_WITH_UNIT (LENGTH_MEASURE( 1.000000000000000082E-05 ), #10126, 'distance_accuracy_value', 'NONE');
#2542 = CARTESIAN_POINT ( 'NONE',  ( 2.500000000000000000, 0.3011953329062287410, 0.2464629489069816715 ) ) ;
#2543 = CARTESIAN_POINT ( 'NONE',  ( 2.501000000000000334, 0.6948476800243674756, 0.5801212642526935026 ) ) ;
#2544 = CARTESIAN_POINT ( 'NONE',  ( 2.500000000000000000, 0.2485315944444836667, 0.7284947189111605770 ) ) ;
#2545 = SURFACE_SIDE_STYLE ('',( #3322 ) ) ;
#2546 = CARTESIAN_POINT ( 'NONE',  ( 2.501000000000000334, 0.4007521533937969949, 0.3057291501374355680 ) ) ;
#2547 =( GEOMETRIC_REPRESENTATION_CONTEXT ( 3 ) GLOBAL_UNCERTAINTY_ASSIGNED_CONTEXT ( ( #8430 ) ) GLOBAL_UNIT_ASSIGNED_CONTEXT ( ( #8411, #7594, #6705 ) ) REPRESENTATION_CONTEXT ( 'NONE', 'WORKASPACE' ) );
#2548 = LINE ( 'NONE', #3707, #4811 ) ;
#2549 = CARTESIAN_POINT ( 'NONE',  ( 2.500000000000000000, 0.9308727270282786126, 0.2733926789394044432 ) ) ;
#2550 = COLOUR_RGB ( '',1.000000000000000000, 1.000000000000000000, 1.000000000000000000 ) ;
#2551 = CARTESIAN_POINT ( 'NONE',  ( 2.501000000000000334, 0.3376908357689463180, 0.5482006962220954405 ) ) ;
#2553 = ORIENTED_EDGE ( 'NONE', *, *, #8986, .T. ) ;
#2552 = CARTESIAN_POINT ( 'NONE',  ( 2.500000000000000000, -0.2061248861754226280, 0.6201521460534846764 ) ) ;
#2554 = PRESENTATION_STYLE_ASSIGNMENT (( #10989 ) ) ;
#2555 = FACE_OUTER_BOUND ( 'NONE', #10104, .T. ) ;
#2556 = CARTESIAN_POINT ( 'NONE',  ( 2.501000000000000334, 0.9802092401581365966, 0.3017780700543922778 ) ) ;
#2557 = ORIENTED_EDGE ( 'NONE', *, *, #8221, .T. ) ;
#2558 = EDGE_CURVE ( 'NONE', #10431, #7694, #4114, .T. ) ;
#2559 = CARTESIAN_POINT ( 'NONE',  ( 2.501000000000000334, 0.1035893409101114049, 0.5516318973461891151 ) ) ;
#2560 = STYLED_ITEM ( 'NONE', ( #1721 ), #10715 ) ;
#2561 = CARTESIAN_POINT ( 'NONE',  ( 2.501000000000000334, 0.3285929540011502947, 0.3213255188824415409 ) ) ;
#2562 = MECHANICAL_DESIGN_GEOMETRIC_PRESENTATION_REPRESENTATION (  '', ( #4542 ), #2757 ) ;
#2563 = CARTESIAN_POINT ( 'NONE',  ( 2.501000000000000334, 1.082729370706597916, 0.4063777164358939320 ) ) ;
#2564 = DIRECTION ( 'NONE',  ( 0.000000000000000000, 0.000000000000000000, -1.000000000000000000 ) ) ;
#2565 = MECHANICAL_DESIGN_GEOMETRIC_PRESENTATION_REPRESENTATION (  '', ( #1575 ), #4139 ) ;
#2566 =( NAMED_UNIT ( * ) PLANE_ANGLE_UNIT ( ) SI_UNIT ( $, .RADIAN. ) );
#2567 = FACE_OUTER_BOUND ( 'NONE', #7112, .T. ) ;
#2569 = ORIENTED_EDGE ( 'NONE', *, *, #10294, .F. ) ;
#2568 = FACE_OUTER_BOUND ( 'NONE', #7197, .T. ) ;
#2570 = MECHANICAL_DESIGN_GEOMETRIC_PRESENTATION_REPRESENTATION (  '', ( #7883 ), #8488 ) ;
#2571 =( GEOMETRIC_REPRESENTATION_CONTEXT ( 3 ) GLOBAL_UNCERTAINTY_ASSIGNED_CONTEXT ( ( #11518 ) ) GLOBAL_UNIT_ASSIGNED_CONTEXT ( ( #4380, #2451, #8143 ) ) REPRESENTATION_CONTEXT ( 'NONE', 'WORKASPACE' ) );
#2572 =( NAMED_UNIT ( * ) PLANE_ANGLE_UNIT ( ) SI_UNIT ( $, .RADIAN. ) );
#2573 = FACE_OUTER_BOUND ( 'NONE', #10659, .T. ) ;
#2574 = STYLED_ITEM ( 'NONE', ( #12183 ), #7793 ) ;
#2575 = STYLED_ITEM ( 'NONE', ( #6797 ), #12003 ) ;
#2576 = B_SPLINE_SURFACE_WITH_KNOTS ( 'NONE', 3, 1, ( 
 ( #3869, #3816 ),
 ( #6512, #6564 ),
 ( #7580, #11389 ),
 ( #2894, #10773 ) ),
 .UNSPECIFIED., .F., .F., .F.,
 ( 4, 4 ),
 ( 2, 2 ),
 ( 12.00000000000000000, 13.00000000000000000 ),
 ( 0.000000000000000000, 1.000000000000000000 ),
 .UNSPECIFIED. ) ;
#2577 = DIRECTION ( 'NONE',  ( -0.000000000000000000, 1.000000000000000000, 7.474873200869227028E-15 ) ) ;
#2578 = EDGE_CURVE ( 'NONE', #3972, #3581, #2081, .T. ) ;
#2579 = CARTESIAN_POINT ( 'NONE',  ( 2.501000000000000334, 0.3008314176359281333, 0.7347332664088831455 ) ) ;
#2580 = MECHANICAL_DESIGN_GEOMETRIC_PRESENTATION_REPRESENTATION (  '', ( #10097 ), #6668 ) ;
#2581 =( NAMED_UNIT ( * ) SI_UNIT ( $, .STERADIAN. ) SOLID_ANGLE_UNIT ( ) );
#2582 = COLOUR_RGB ( '',0.000000000000000000, 0.000000000000000000, 0.000000000000000000 ) ;
#2583 = SURFACE_SIDE_STYLE ('',( #10145 ) ) ;
#2584 = CARTESIAN_POINT ( 'NONE',  ( 2.500000000000000000, 0.5152294999801422248, 0.1605789450186506095 ) ) ;
#2585 =( LENGTH_UNIT ( ) NAMED_UNIT ( * ) SI_UNIT ( .MILLI., .METRE. ) );
#2586 = VERTEX_POINT ( 'NONE', #3134 ) ;
#2587 = CARTESIAN_POINT ( 'NONE',  ( 2.500000000000000000, 0.9699676246816076874, 0.3874541223596961736 ) ) ;
#2588 = PRESENTATION_LAYER_ASSIGNMENT (  '', '', ( #7909 ) ) ;
#2589 = EDGE_LOOP ( 'NONE', ( #9117, #6408, #11377, #12171 ) ) ;
#2590 = ORIENTED_EDGE ( 'NONE', *, *, #3293, .T. ) ;
#2591 = SURFACE_STYLE_USAGE ( .BOTH. , #4795 ) ;
#2592 = DIRECTION ( 'NONE',  ( 0.000000000000000000, 4.148852035256676393E-15, -1.000000000000000000 ) ) ;
#2593 = CARTESIAN_POINT ( 'NONE',  ( 2.501000000000000334, 0.2991678049696441799, 0.3568852396201577237 ) ) ;
#2594 = ORIENTED_EDGE ( 'NONE', *, *, #4275, .T. ) ;
#2595 =( NAMED_UNIT ( * ) SI_UNIT ( $, .STERADIAN. ) SOLID_ANGLE_UNIT ( ) );
#2596 = MECHANICAL_DESIGN_GEOMETRIC_PRESENTATION_REPRESENTATION (  '', ( #11492 ), #7529 ) ;
#2597 = CARTESIAN_POINT ( 'NONE',  ( 2.500000000000000000, 0.2817518598710800348, 0.3568852396201577237 ) ) ;
#2598 = CARTESIAN_POINT ( 'NONE',  ( 2.500000000000000000, 0.2452563570083526878, 0.5759622325880048299 ) ) ;
#2599 = EDGE_CURVE ( 'NONE', #10071, #8264, #2644, .T. ) ;
#2600 = EDGE_CURVE ( 'NONE', #1129, #8885, #6087, .T. ) ;
#2601 = PLANE ( 'NONE',  #11017 ) ;
#2602 = VECTOR ( 'NONE', #840, 1000.000000000000000 ) ;
#2603 = ORIENTED_EDGE ( 'NONE', *, *, #8417, .T. ) ;
#2604 = VERTEX_POINT ( 'NONE', #6081 ) ;
#2605 = ORIENTED_EDGE ( 'NONE', *, *, #10735, .F. ) ;
#2606 = MECHANICAL_DESIGN_GEOMETRIC_PRESENTATION_REPRESENTATION (  '', ( #2417 ), #2223 ) ;
#2607 = LINE ( 'NONE', #9307, #9471 ) ;
#2608 = MECHANICAL_DESIGN_GEOMETRIC_PRESENTATION_REPRESENTATION (  '', ( #9160 ), #1218 ) ;
#2609 = CARTESIAN_POINT ( 'NONE',  ( 2.501000000000000334, 0.2129718737067689827, 0.2521816174471442906 ) ) ;
#2610 = DIRECTION ( 'NONE',  ( 0.000000000000000000, 1.000000000000000000, 3.260615420683595459E-15 ) ) ;
#2611 = DIRECTION ( 'NONE',  ( -0.000000000000000000, 0.000000000000000000, 1.000000000000000000 ) ) ;
#2612 = DIRECTION ( 'NONE',  ( 0.000000000000000000, -0.000000000000000000, -1.000000000000000000 ) ) ;
#2613 = CARTESIAN_POINT ( 'NONE',  ( 2.500000000000000000, 0.2498312918404796690, 0.2370011518681925111 ) ) ;
#2614 = EDGE_CURVE ( 'NONE', #2486, #3012, #6724, .T. ) ;
#2615 = VECTOR ( 'NONE', #468, 1000.000000000000114 ) ;
#2616 = CARTESIAN_POINT ( 'NONE',  ( 2.500000000000000000, 0.9308727270282786126, 0.2733926789394044432 ) ) ;
#2617 = ORIENTED_EDGE ( 'NONE', *, *, #5052, .T. ) ;
#2618 = CARTESIAN_POINT ( 'NONE',  ( 2.500000000000000000, -0.7035444949165744477, 0.2196136611919110859 ) ) ;
#2619 = CARTESIAN_POINT ( 'NONE',  ( 2.500000000000000000, 0.4605382335818141160, 0.2716250904822932744 ) ) ;
#2620 = ORIENTED_EDGE ( 'NONE', *, *, #7819, .F. ) ;
#2621 = VECTOR ( 'NONE', #7233, 1000.000000000000000 ) ;
#2622 = FILL_AREA_STYLE ('',( #9325 ) ) ;
#2623 = DIRECTION ( 'NONE',  ( -0.000000000000000000, -1.000000000000000000, -0.000000000000000000 ) ) ;
#2624 = VECTOR ( 'NONE', #6806, 1000.000000000000000 ) ;
#2625 = SURFACE_SIDE_STYLE ('',( #4707 ) ) ;
#2626 = CARTESIAN_POINT ( 'NONE',  ( 2.501000000000000334, 0.6930800915672592488, 0.2521816174471459560 ) ) ;
#2627 = PRESENTATION_STYLE_ASSIGNMENT (( #6244 ) ) ;
#2628 = EDGE_CURVE ( 'NONE', #6711, #23, #484, .T. ) ;
#2629 = CARTESIAN_POINT ( 'NONE',  ( 2.500000000000000000, -0.2032329559622574611, 0.5420688443579297910 ) ) ;
#2630 = VECTOR ( 'NONE', #4270, 1000.000000000000000 ) ;
#2631 =( GEOMETRIC_REPRESENTATION_CONTEXT ( 3 ) GLOBAL_UNCERTAINTY_ASSIGNED_CONTEXT ( ( #1349 ) ) GLOBAL_UNIT_ASSIGNED_CONTEXT ( ( #6143, #9900, #2514 ) ) REPRESENTATION_CONTEXT ( 'NONE', 'WORKASPACE' ) );
#2632 = VECTOR ( 'NONE', #11036, 1000.000000000000000 ) ;
#2633 = ORIENTED_EDGE ( 'NONE', *, *, #7385, .F. ) ;
#2634 = EDGE_LOOP ( 'NONE', ( #5686, #11972, #1097, #8315 ) ) ;
#2635 =( LENGTH_UNIT ( ) NAMED_UNIT ( * ) SI_UNIT ( .MILLI., .METRE. ) );
#2636 = CARTESIAN_POINT ( 'NONE',  ( 2.500000000000000000, 0.4866881451771898903, 0.2685058167327331602 ) ) ;
#2637 = CARTESIAN_POINT ( 'NONE',  ( 2.501000000000000334, 0.2538343598179009231, 0.6969900540466155148 ) ) ;
#2638 = COLOUR_RGB ( '',0.000000000000000000, 0.000000000000000000, 0.000000000000000000 ) ;
#2639 = CARTESIAN_POINT ( 'NONE',  ( 2.500000000000000000, 0.9495363816256953138, 0.4054419343122745434 ) ) ;
#2640 = CARTESIAN_POINT ( 'NONE',  ( 0.4000000000000000777, -0.2500000000000000000, -2.407412430484044816E-32 ) ) ;
#2641 = EDGE_CURVE ( 'NONE', #5223, #377, #8985, .T. ) ;
#2642 = EDGE_CURVE ( 'NONE', #649, #9608, #1590, .T. ) ;
#2643 = CARTESIAN_POINT ( 'NONE',  ( 2.500000000000000000, -0.6717327661321198518, 0.1328545412775395118 ) ) ;
#2644 = B_SPLINE_CURVE_WITH_KNOTS ( 'NONE', 3,
 ( #6761, #8715, #3209, #3996 ),
 .UNSPECIFIED., .F., .F.,
 ( 4, 4 ),
 ( 5.000000000000000000, 6.000000000000000000 ),
 .UNSPECIFIED. ) ;
#2645 =( NAMED_UNIT ( * ) SI_UNIT ( $, .STERADIAN. ) SOLID_ANGLE_UNIT ( ) );
#2646 = CARTESIAN_POINT ( 'NONE',  ( 2.501000000000000334, 0.2834154725373658756, 0.2255638147892595757 ) ) ;
#2647 = AXIS2_PLACEMENT_3D ( 'NONE', #4850, #7741, #8435 ) ;
#2648 = ORIENTED_EDGE ( 'NONE', *, *, #8351, .F. ) ;
#2649 = MECHANICAL_DESIGN_GEOMETRIC_PRESENTATION_REPRESENTATION (  '', ( #1056 ), #10768 ) ;
#2650 = CARTESIAN_POINT ( 'NONE',  ( 2.501000000000000334, -0.9247805347721449465, 0.3005890310000325361 ) ) ;
#2651 = CARTESIAN_POINT ( 'NONE',  ( 2.500000000000000000, -0.6731787588190680793, 0.3324007046244421559 ) ) ;
#2652 = DIRECTION ( 'NONE',  ( -0.000000000000000000, 1.000000000000000000, 7.474873200869227028E-15 ) ) ;
#2653 = STYLED_ITEM ( 'NONE', ( #8560 ), #3341 ) ;
#2654 = CARTESIAN_POINT ( 'NONE',  ( 2.500000000000000000, -0.2885461659304330850, 0.6432879462976581753 ) ) ;
#2655 = DIRECTION ( 'NONE',  ( -0.000000000000000000, 1.000000000000000000, -0.000000000000000000 ) ) ;
#2656 = CARTESIAN_POINT ( 'NONE',  ( 2.501000000000000334, -0.3246958451943240953, 0.3989161751472694584 ) ) ;
#2657 = VERTEX_POINT ( 'NONE', #11789 ) ;
#2658 = DIRECTION ( 'NONE',  ( 0.000000000000000000, -3.200567254518949031E-15, 1.000000000000000000 ) ) ;
#2659 = SURFACE_SIDE_STYLE ('',( #10043 ) ) ;
#2660 = FILL_AREA_STYLE_COLOUR ( '', #8403 ) ;
#2661 = FILL_AREA_STYLE_COLOUR ( '', #3934 ) ;
#2662 = VERTEX_POINT ( 'NONE', #10144 ) ;
#2663 = LINE ( 'NONE', #6409, #7518 ) ;
#2664 = UNCERTAINTY_MEASURE_WITH_UNIT (LENGTH_MEASURE( 1.000000000000000082E-05 ), #4903, 'distance_accuracy_value', 'NONE');
#2665 = EDGE_LOOP ( 'NONE', ( #5015, #304, #1186, #8993, #2051, #7673, #10742, #10537, #10843, #537, #6657, #1210, #10711, #4348, #11457, #7022, #10367, #7535, #6395, #10844, #10569, #3674, #6170, #10798, #2285, #9004, #970, #2361, #11865, #8190, #2379, #5141, #4585 ) ) ;
#2666 = ORIENTED_EDGE ( 'NONE', *, *, #7235, .F. ) ;
#2667 = UNCERTAINTY_MEASURE_WITH_UNIT (LENGTH_MEASURE( 1.000000000000000082E-05 ), #6496, 'distance_accuracy_value', 'NONE');
#2668 = VECTOR ( 'NONE', #3672, 1000.000000000000000 ) ;
#2669 = CARTESIAN_POINT ( 'NONE',  ( 2.501000000000000334, 0.9303008601735733851, 0.3898455655672723452 ) ) ;
#2670 = CARTESIAN_POINT ( 'NONE',  ( 2.500000000000000000, 0.3104491783612968736, 0.2504140289886409576 ) ) ;
#2671 = EDGE_CURVE ( 'NONE', #1706, #7647, #3334, .T. ) ;
#2672 = ADVANCED_FACE ( 'NONE', ( #4265 ), #8090, .F. ) ;
#2673 = PRESENTATION_STYLE_ASSIGNMENT (( #7364 ) ) ;
#2674 = CARTESIAN_POINT ( 'NONE',  ( 2.501000000000000334, 1.081117745935373575, 0.4002431447296835310 ) ) ;
#2675 = FILL_AREA_STYLE_COLOUR ( '', #10330 ) ;
#2677 = FACE_OUTER_BOUND ( 'NONE', #6270, .T. ) ;
#2676 = DIRECTION ( 'NONE',  ( -0.000000000000000000, 1.000000000000000000, 2.128050635766154552E-15 ) ) ;
#2678 = PRESENTATION_STYLE_ASSIGNMENT (( #5445 ) ) ;
#2680 = VERTEX_POINT ( 'NONE', #11850 ) ;
#2679 = CARTESIAN_POINT ( 'NONE',  ( 2.501000000000000334, 0.3540670229509982336, 0.3224692525890843209 ) ) ;
#2681 = CARTESIAN_POINT ( 'NONE',  ( 2.501000000000000334, 0.3714309801537978295, 0.5852160780437705156 ) ) ;
#2682 = CARTESIAN_POINT ( 'NONE',  ( 2.500000000000000000, 3.061616997868382648E-16, 8.699999999999999289 ) ) ;
#2683 = VERTEX_POINT ( 'NONE', #1527 ) ;
#2684 = CARTESIAN_POINT ( 'NONE',  ( -0.9000000000000000222, 0.2500000000000000000, -3.182398797249132245E-17 ) ) ;
#2685 = EDGE_CURVE ( 'NONE', #11573, #9070, #7201, .T. ) ;
#2686 = B_SPLINE_SURFACE_WITH_KNOTS ( 'NONE', 3, 1, ( 
 ( #9336, #6936 ),
 ( #8698, #9822 ),
 ( #9634, #8838 ),
 ( #1124, #5841 ) ),
 .UNSPECIFIED., .F., .F., .F.,
 ( 4, 4 ),
 ( 2, 2 ),
 ( 2.000000000000000000, 3.000000000000000000 ),
 ( 0.000000000000000000, 1.000000000000000000 ),
 .UNSPECIFIED. ) ;
#2687 = SURFACE_SIDE_STYLE ('',( #11176 ) ) ;
#2688 = VECTOR ( 'NONE', #6204, 1000.000000000000000 ) ;
#2689 = CARTESIAN_POINT ( 'NONE',  ( 2.500000000000000000, -0.06441815449166982122, 0.5174870514261157295 ) ) ;
#2690 =( LENGTH_UNIT ( ) NAMED_UNIT ( * ) SI_UNIT ( .MILLI., .METRE. ) );
#2691 = LINE ( 'NONE', #7437, #6138 ) ;
#2692 = LINE ( 'NONE', #10780, #3917 ) ;
#2693 = ORIENTED_EDGE ( 'NONE', *, *, #9276, .F. ) ;
#2694 = VECTOR ( 'NONE', #880, 1000.000000000000000 ) ;
#2695 = CARTESIAN_POINT ( 'NONE',  ( 2.500000000000000000, 0.6948476800243674756, 0.5801212642526935026 ) ) ;
#2696 = CARTESIAN_POINT ( 'NONE',  ( 2.501000000000000334, -0.2654103932648921305, 0.5420688443579295690 ) ) ;
#2697 = ADVANCED_FACE ( 'NONE', ( #11371 ), #2698, .F. ) ;
#2698 = PLANE ( 'NONE',  #2 ) ;
#2699 = SURFACE_STYLE_FILL_AREA ( #9394 ) ;
#2700 = FACE_BOUND ( 'NONE', #11977, .T. ) ;
#2701 = LINE ( 'NONE', #2640, #9917 ) ;
#2702 = VECTOR ( 'NONE', #11227, 1000.000000000000000 ) ;
#2703 = DIRECTION ( 'NONE',  ( -1.000000000000000000, -0.000000000000000000, -0.000000000000000000 ) ) ;
#2704 = CARTESIAN_POINT ( 'NONE',  ( 1.699999999999999956, 0.2500000000000000000, 0.000000000000000000 ) ) ;
#2705 = CARTESIAN_POINT ( 'NONE',  ( 2.500000000000000000, 0.5707005848148212213, 0.2558207701542610790 ) ) ;
#2706 = ORIENTED_EDGE ( 'NONE', *, *, #4275, .F. ) ;
#2707 = UNCERTAINTY_MEASURE_WITH_UNIT (LENGTH_MEASURE( 1.000000000000000082E-05 ), #8775, 'distance_accuracy_value', 'NONE');
#2708 = CARTESIAN_POINT ( 'NONE',  ( 2.501000000000000334, 0.5215200353736221262, 0.5516318973461905584 ) ) ;
#2709 = EDGE_CURVE ( 'NONE', #7973, #7061, #9013, .T. ) ;
#2710 = CARTESIAN_POINT ( 'NONE',  ( 2.501000000000000334, 0.4121375025776601864, 0.5516318973461902253 ) ) ;
#2711 = SURFACE_SIDE_STYLE ('',( #12035 ) ) ;
#2712 = FACE_OUTER_BOUND ( 'NONE', #188, .T. ) ;
#2713 =( NAMED_UNIT ( * ) SI_UNIT ( $, .STERADIAN. ) SOLID_ANGLE_UNIT ( ) );
#2714 = LINE ( 'NONE', #11259, #4013 ) ;
#2715 = ORIENTED_EDGE ( 'NONE', *, *, #4631, .F. ) ;
#2716 = LINE ( 'NONE', #9300, #1898 ) ;
#2717 = CARTESIAN_POINT ( 'NONE',  ( 0.000000000000000000, 0.000000000000000000, 1.000000000000000000 ) ) ;
#2718 = CARTESIAN_POINT ( 'NONE',  ( 2.501000000000000334, 0.1298432282970049256, 0.4089771112278807186 ) ) ;
#2719 = VERTEX_POINT ( 'NONE', #3682 ) ;
#2720 = FILL_AREA_STYLE_COLOUR ( '', #266 ) ;
#2721 = EDGE_CURVE ( 'NONE', #4268, #7114, #2496, .T. ) ;
#2722 = LINE ( 'NONE', #11338, #8895 ) ;
#2723 = CARTESIAN_POINT ( 'NONE',  ( 2.501000000000000334, -0.9855119931785349952, 0.4003621126734829283 ) ) ;
#2724 = CARTESIAN_POINT ( 'NONE',  ( 2.501000000000000334, 0.3714309801537973854, 0.7226720745808750124 ) ) ;
#2725 = SURFACE_STYLE_USAGE ( .BOTH. , #9590 ) ;
#2726 = CARTESIAN_POINT ( 'NONE',  ( 2.501000000000000334, 0.5215200353736221262, 0.5748184988799742712 ) ) ;
#2727 = PRESENTATION_STYLE_ASSIGNMENT (( #11169 ) ) ;
#2728 = FACE_OUTER_BOUND ( 'NONE', #9802, .T. ) ;
#2729 = VERTEX_POINT ( 'NONE', #6388 ) ;
#2730 = FACE_OUTER_BOUND ( 'NONE', #2509, .T. ) ;
#2731 = ORIENTED_EDGE ( 'NONE', *, *, #8209, .F. ) ;
#2732 = VERTEX_POINT ( 'NONE', #7398 ) ;
#2733 =( LENGTH_UNIT ( ) NAMED_UNIT ( * ) SI_UNIT ( .MILLI., .METRE. ) );
#2734 = SURFACE_STYLE_USAGE ( .BOTH. , #1763 ) ;
#2735 = UNCERTAINTY_MEASURE_WITH_UNIT (LENGTH_MEASURE( 1.000000000000000082E-05 ), #7293, 'distance_accuracy_value', 'NONE');
#2736 = DIRECTION ( 'NONE',  ( -1.000000000000000000, -0.000000000000000000, -0.000000000000000000 ) ) ;
#2738 = ORIENTED_EDGE ( 'NONE', *, *, #41, .F. ) ;
#2737 = SURFACE_STYLE_USAGE ( .BOTH. , #9439 ) ;
#2739 = VECTOR ( 'NONE', #4188, 1000.000000000000000 ) ;
#2740 = EDGE_CURVE ( 'NONE', #10511, #3956, #6440, .T. ) ;
#2741 = CARTESIAN_POINT ( 'NONE',  ( 2.500000000000000000, 0.6744164369684609861, 0.7460666276976862799 ) ) ;
#2742 = EDGE_CURVE ( 'NONE', #5640, #4153, #2052, .T. ) ;
#2743 = ORIENTED_EDGE ( 'NONE', *, *, #4859, .F. ) ;
#2744 =( GEOMETRIC_REPRESENTATION_CONTEXT ( 3 ) GLOBAL_UNCERTAINTY_ASSIGNED_CONTEXT ( ( #3961 ) ) GLOBAL_UNIT_ASSIGNED_CONTEXT ( ( #11960, #1837, #3619 ) ) REPRESENTATION_CONTEXT ( 'NONE', 'WORKASPACE' ) );
#2745 =( GEOMETRIC_REPRESENTATION_CONTEXT ( 3 ) GLOBAL_UNCERTAINTY_ASSIGNED_CONTEXT ( ( #284 ) ) GLOBAL_UNIT_ASSIGNED_CONTEXT ( ( #6667, #10483, #2197 ) ) REPRESENTATION_CONTEXT ( 'NONE', 'WORKASPACE' ) );
#2746 = CARTESIAN_POINT ( 'NONE',  ( 2.501000000000000334, 0.9027472753920724458, 0.2289950159133589402 ) ) ;
#2747 = STYLED_ITEM ( 'NONE', ( #2673 ), #8197 ) ;
#2748 = CARTESIAN_POINT ( 'NONE',  ( 2.500000000000000000, 0.3176754958797889938, 0.2583161891533536925 ) ) ;
#2749 = VECTOR ( 'NONE', #6738, 1000.000000000000000 ) ;
#2750 = MECHANICAL_DESIGN_GEOMETRIC_PRESENTATION_REPRESENTATION (  '', ( #8913 ), #2158 ) ;
#2751 = FILL_AREA_STYLE ('',( #11245 ) ) ;
#2752 =( NAMED_UNIT ( * ) SI_UNIT ( $, .STERADIAN. ) SOLID_ANGLE_UNIT ( ) );
#2753 = VECTOR ( 'NONE', #1410, 1000.000000000000000 ) ;
#2754 = STYLED_ITEM ( 'NONE', ( #10529 ), #11090 ) ;
#2755 = CARTESIAN_POINT ( 'NONE',  ( 2.501000000000000334, 0.4243026701985699867, 0.3204937125489485950 ) ) ;
#2756 =( NAMED_UNIT ( * ) SI_UNIT ( $, .STERADIAN. ) SOLID_ANGLE_UNIT ( ) );
#2757 =( GEOMETRIC_REPRESENTATION_CONTEXT ( 3 ) GLOBAL_UNCERTAINTY_ASSIGNED_CONTEXT ( ( #1001 ) ) GLOBAL_UNIT_ASSIGNED_CONTEXT ( ( #10913, #11979, #10973 ) ) REPRESENTATION_CONTEXT ( 'NONE', 'WORKASPACE' ) );
#2758 = VECTOR ( 'NONE', #9102, 999.9999999999998863 ) ;
#2759 = EDGE_LOOP ( 'NONE', ( #4120, #6363, #5700, #8879 ) ) ;
#2760 = COLOUR_RGB ( '',1.000000000000000000, 1.000000000000000000, 1.000000000000000000 ) ;
#2761 = CARTESIAN_POINT ( 'NONE',  ( 2.500000000000000000, 1.020499859413864119, 0.2289950159133593566 ) ) ;
#2762 = ADVANCED_FACE ( 'NONE', ( #1777 ), #2686, .T. ) ;
#2763 = SURFACE_STYLE_FILL_AREA ( #10435 ) ;
#2764 = VECTOR ( 'NONE', #5027, 1000.000000000000000 ) ;
#2765 = AXIS2_PLACEMENT_3D ( 'NONE', #2684, #8375, #11355 ) ;
#2766 = CARTESIAN_POINT ( 'NONE',  ( 2.500000000000000000, 0.4539877587088579358, 0.2798391780201487378 ) ) ;
#2767 = VECTOR ( 'NONE', #10328, 1000.000000000000000 ) ;
#2768 = CARTESIAN_POINT ( 'NONE',  ( 2.501000000000000334, 0.1298432282970044815, 0.5748184988799728279 ) ) ;
#2769 = CARTESIAN_POINT ( 'NONE',  ( 2.500000000000000000, -0.4794164834778135154, 0.7228172406794669547 ) ) ;
#2770 = DIRECTION ( 'NONE',  ( 0.000000000000000000, 1.000000000000000000, 7.343273320721139662E-15 ) ) ;
#2771 = VERTEX_POINT ( 'NONE', #3003 ) ;
#2772 = B_SPLINE_CURVE_WITH_KNOTS ( 'NONE', 3,
 ( #72, #5799, #4817, #8722 ),
 .UNSPECIFIED., .F., .F.,
 ( 4, 4 ),
 ( 35.00000000000000000, 36.00000000000000000 ),
 .UNSPECIFIED. ) ;
#2773 = CARTESIAN_POINT ( 'NONE',  ( 2.500000000000000000, 0.2693267527713898990, 0.2255638147892595202 ) ) ;
#2774 = SURFACE_STYLE_FILL_AREA ( #5611 ) ;
#2775 = ORIENTED_EDGE ( 'NONE', *, *, #527, .F. ) ;
#2776 = B_SPLINE_CURVE_WITH_KNOTS ( 'NONE', 3,
 ( #8975, #1196, #3327, #4981 ),
 .UNSPECIFIED., .F., .F.,
 ( 4, 4 ),
 ( 20.00000000000000000, 21.00000000000000000 ),
 .UNSPECIFIED. ) ;
#2777 = B_SPLINE_CURVE_WITH_KNOTS ( 'NONE', 3,
 ( #4058, #6959, #2138, #11610 ),
 .UNSPECIFIED., .F., .F.,
 ( 4, 4 ),
 ( 8.000000000000000000, 9.000000000000000000 ),
 .UNSPECIFIED. ) ;
#2778 = AXIS2_PLACEMENT_3D ( 'NONE', #5902, #1204, #310 ) ;
#2779 = CARTESIAN_POINT ( 'NONE',  ( 2.500000000000000000, 0.5149695605013602240, 0.1824138612613750154 ) ) ;
#2780 = SURFACE_SIDE_STYLE ('',( #11267 ) ) ;
#2781 = EDGE_CURVE ( 'NONE', #1761, #1563, #4978, .T. ) ;
#2782 = PRESENTATION_STYLE_ASSIGNMENT (( #11269 ) ) ;
#2783 = UNCERTAINTY_MEASURE_WITH_UNIT (LENGTH_MEASURE( 1.000000000000000082E-05 ), #892, 'distance_accuracy_value', 'NONE');
#2784 =( NAMED_UNIT ( * ) PLANE_ANGLE_UNIT ( ) SI_UNIT ( $, .RADIAN. ) );
#2785 = CARTESIAN_POINT ( 'NONE',  ( 2.501000000000000334, 0.4866881451771898903, 0.2780715895630394008 ) ) ;
#2786 = AXIS2_PLACEMENT_3D ( 'NONE', #5239, #10160, #11923 ) ;
#2787 = FILL_AREA_STYLE_COLOUR ( '', #4448 ) ;
#2788 = SURFACE_STYLE_FILL_AREA ( #12055 ) ;
#2789 = STYLED_ITEM ( 'NONE', ( #678 ), #5622 ) ;
#2790 = VERTEX_POINT ( 'NONE', #7621 ) ;
#2791 = ADVANCED_FACE ( 'NONE', ( #7748 ), #7312, .T. ) ;
#2793 = ORIENTED_EDGE ( 'NONE', *, *, #7866, .F. ) ;
#2792 = PRESENTATION_STYLE_ASSIGNMENT (( #4697 ) ) ;
#2794 = SURFACE_STYLE_FILL_AREA ( #6475 ) ;
#2795 = VECTOR ( 'NONE', #6416, 1000.000000000000000 ) ;
#2796 = B_SPLINE_CURVE_WITH_KNOTS ( 'NONE', 3,
 ( #9710, #5095, #6076, #418 ),
 .UNSPECIFIED., .F., .F.,
 ( 4, 4 ),
 ( 17.00000000000000000, 18.00000000000000000 ),
 .UNSPECIFIED. ) ;
#2797 = ORIENTED_EDGE ( 'NONE', *, *, #3023, .F. ) ;
#2798 = FILL_AREA_STYLE ('',( #11289 ) ) ;
#2799 = VECTOR ( 'NONE', #9885, 1000.000000000000000 ) ;
#2800 = CARTESIAN_POINT ( 'NONE',  ( 2.501000000000000334, 0.8408816793710162107, 0.2521816174471464556 ) ) ;
#2801 = CARTESIAN_POINT ( 'NONE',  ( 2.501000000000000334, 0.3176754958797889938, 0.2583161891533536925 ) ) ;
#2802 = CARTESIAN_POINT ( 'NONE',  ( 2.500000000000000000, -0.6543809090536403250, 0.7531829698819683117 ) ) ;
#2803 = DIRECTION ( 'NONE',  ( 0.000000000000000000, -0.000000000000000000, -1.000000000000000000 ) ) ;
#2804 = DIRECTION ( 'NONE',  ( 0.000000000000000000, -0.5048830486499255032, 0.8631877589412148000 ) ) ;
#2805 = B_SPLINE_CURVE_WITH_KNOTS ( 'NONE', 3,
 ( #9791, #3154, #3036, #6903 ),
 .UNSPECIFIED., .F., .F.,
 ( 4, 4 ),
 ( 23.00000000000000000, 24.00000000000000000 ),
 .UNSPECIFIED. ) ;
#2806 = VERTEX_POINT ( 'NONE', #2196 ) ;
#2807 = SURFACE_STYLE_USAGE ( .BOTH. , #12188 ) ;
#2808 = CARTESIAN_POINT ( 'NONE',  ( 2.501000000000000334, -0.5632837007590397738, 0.3743344097954774408 ) ) ;
#2809 = B_SPLINE_CURVE_WITH_KNOTS ( 'NONE', 3,
 ( #9193, #3475, #12157, #8220 ),
 .UNSPECIFIED., .F., .F.,
 ( 4, 4 ),
 ( 0.000000000000000000, 1.000000000000000000 ),
 .UNSPECIFIED. ) ;
#2810 = COLOUR_RGB ( '',1.000000000000000000, 1.000000000000000000, 1.000000000000000000 ) ;
#2811 = SURFACE_SIDE_STYLE ('',( #4852 ) ) ;
#2812 = VERTEX_POINT ( 'NONE', #10482 ) ;
#2813 = UNCERTAINTY_MEASURE_WITH_UNIT (LENGTH_MEASURE( 1.000000000000000082E-05 ), #8719, 'distance_accuracy_value', 'NONE');
#2814 = FILL_AREA_STYLE_COLOUR ( '', #8765 ) ;
#2815 = PRESENTATION_LAYER_ASSIGNMENT (  '', '', ( #11897 ) ) ;
#2816 = CARTESIAN_POINT ( 'NONE',  ( 2.501000000000000334, 0.3409140853093221013, 0.7347332664088832566 ) ) ;
#2817 = SURFACE_STYLE_USAGE ( .BOTH. , #890 ) ;
#2818 = ADVANCED_FACE ( 'NONE', ( #10561 ), #801, .T. ) ;
#2819 =( NAMED_UNIT ( * ) SI_UNIT ( $, .STERADIAN. ) SOLID_ANGLE_UNIT ( ) );
#2820 = ADVANCED_FACE ( 'NONE', ( #6467 ), #11718, .F. ) ;
#2821 = CARTESIAN_POINT ( 'NONE',  ( 2.500000000000000000, -0.8944147573046110633, 0.4610936400299214255 ) ) ;
#2822 = B_SPLINE_SURFACE_WITH_KNOTS ( 'NONE', 3, 1, ( 
 ( #9992, #6164 ),
 ( #11025, #9007 ),
 ( #8944, #1489 ),
 ( #9191, #4286 ) ),
 .UNSPECIFIED., .F., .F., .F.,
 ( 4, 4 ),
 ( 2, 2 ),
 ( 1.000000000000000000, 2.000000000000000000 ),
 ( 0.000000000000000000, 1.000000000000000000 ),
 .UNSPECIFIED. ) ;
#2823 = PRESENTATION_LAYER_ASSIGNMENT (  '', '', ( #11903 ) ) ;
#2824 = LINE ( 'NONE', #1904, #7494 ) ;
#2825 = ORIENTED_EDGE ( 'NONE', *, *, #6861, .T. ) ;
#2826 = SURFACE_STYLE_FILL_AREA ( #12203 ) ;
#2827 = VERTEX_POINT ( 'NONE', #5439 ) ;
#2828 = SURFACE_STYLE_FILL_AREA ( #3748 ) ;
#2829 = VERTEX_POINT ( 'NONE', #12110 ) ;
#2830 = UNCERTAINTY_MEASURE_WITH_UNIT (LENGTH_MEASURE( 1.000000000000000082E-05 ), #3696, 'distance_accuracy_value', 'NONE');
#2831 = CARTESIAN_POINT ( 'NONE',  ( 2.501000000000000334, 0.6930800915672592488, 0.2521816174471459560 ) ) ;
#2832 = PLANE ( 'NONE',  #3388 ) ;
#2833 = SURFACE_STYLE_USAGE ( .BOTH. , #12091 ) ;
#2834 = COLOUR_RGB ( '',0.000000000000000000, 0.000000000000000000, 0.000000000000000000 ) ;
#2835 = PLANE ( 'NONE',  #6101 ) ;
#2836 =( LENGTH_UNIT ( ) NAMED_UNIT ( * ) SI_UNIT ( .MILLI., .METRE. ) );
#2838 = EDGE_CURVE ( 'NONE', #8495, #8844, #9265, .T. ) ;
#2837 = ORIENTED_EDGE ( 'NONE', *, *, #2155, .F. ) ;
#2839 = CARTESIAN_POINT ( 'NONE',  ( 2.501000000000000334, 0.4605382335818141160, 0.2529094479877349588 ) ) ;
#2840 = ORIENTED_EDGE ( 'NONE', *, *, #8848, .T. ) ;
#2841 = CARTESIAN_POINT ( 'NONE',  ( 2.500000000000000000, -0.3753053961641880654, 0.2976969904674864886 ) ) ;
#2842 =( GEOMETRIC_REPRESENTATION_CONTEXT ( 3 ) GLOBAL_UNCERTAINTY_ASSIGNED_CONTEXT ( ( #11214 ) ) GLOBAL_UNIT_ASSIGNED_CONTEXT ( ( #10309, #6471, #11454 ) ) REPRESENTATION_CONTEXT ( 'NONE', 'WORKASPACE' ) );
#2843 = MECHANICAL_DESIGN_GEOMETRIC_PRESENTATION_REPRESENTATION (  '', ( #10552 ), #5197 ) ;
#2844 = PRESENTATION_LAYER_ASSIGNMENT (  '', '', ( #8780 ) ) ;
#2845 = CARTESIAN_POINT ( 'NONE',  ( 2.501000000000000334, -0.8076555270701600842, 0.3280628093057441075 ) ) ;
#2846 = CARTESIAN_POINT ( 'NONE',  ( 2.500000000000000000, -0.8944147573046113964, 0.5406229344117308155 ) ) ;
#2847 = PLANE ( 'NONE',  #4155 ) ;
#2848 = ORIENTED_EDGE ( 'NONE', *, *, #1173, .T. ) ;
#2849 = FACE_OUTER_BOUND ( 'NONE', #2488, .T. ) ;
#2850 = MECHANICAL_DESIGN_GEOMETRIC_PRESENTATION_REPRESENTATION (  '', ( #9778 ), #6383 ) ;
#2851 = FILL_AREA_STYLE_COLOUR ( '', #7280 ) ;
#2852 = ADVANCED_FACE ( 'NONE', ( #3597 ), #32, .T. ) ;
#2853 =( LENGTH_UNIT ( ) NAMED_UNIT ( * ) SI_UNIT ( .MILLI., .METRE. ) );
#2854 = VECTOR ( 'NONE', #895, 1000.000000000000000 ) ;
#2855 = LINE ( 'NONE', #1811, #2795 ) ;
#2857 = PRESENTATION_STYLE_ASSIGNMENT (( #3773 ) ) ;
#2856 = FILL_AREA_STYLE ('',( #19 ) ) ;
#2858 = VERTEX_POINT ( 'NONE', #10218 ) ;
#2859 = DIRECTION ( 'NONE',  ( -6.195440985631454085E-17, -0.000000000000000000, 1.000000000000000000 ) ) ;
#2860 = ORIENTED_EDGE ( 'NONE', *, *, #11832, .T. ) ;
#2861 = DIRECTION ( 'NONE',  ( -1.000000000000000000, 0.000000000000000000, 0.000000000000000000 ) ) ;
#2862 = STYLED_ITEM ( 'NONE', ( #6924 ), #1103 ) ;
#2863 = ORIENTED_EDGE ( 'NONE', *, *, #2838, .F. ) ;
#2864 = CARTESIAN_POINT ( 'NONE',  ( 2.501000000000000334, -0.2769782795976637457, 0.5420688443579295690 ) ) ;
#2865 = CARTESIAN_POINT ( 'NONE',  ( 2.501000000000000334, 0.1035893409101124873, 0.2289950159133561369 ) ) ;
#2866 = ADVANCED_FACE ( 'NONE', ( #1731 ), #1849, .F. ) ;
#2867 = EDGE_CURVE ( 'NONE', #7590, #5994, #8632, .T. ) ;
#2868 = UNCERTAINTY_MEASURE_WITH_UNIT (LENGTH_MEASURE( 1.000000000000000082E-05 ), #10290, 'distance_accuracy_value', 'NONE');
#2869 = SURFACE_STYLE_USAGE ( .BOTH. , #3845 ) ;
#2870 = CARTESIAN_POINT ( 'NONE',  ( 2.501000000000000334, 0.4505045696896998741, 0.2463589731154730289 ) ) ;
#2871 = CARTESIAN_POINT ( 'NONE',  ( 2.500000000000000000, -0.4808624485847420305, 0.8095764709139161575 ) ) ;
#2872 = ORIENTED_EDGE ( 'NONE', *, *, #5404, .F. ) ;
#2873 = CARTESIAN_POINT ( 'NONE',  ( 2.501000000000000334, -0.8944147573046109523, 0.4018081605197766915 ) ) ;
#2874 = CARTESIAN_POINT ( 'NONE',  ( 2.500000000000000000, 0.7762087369763365219, 0.2289950159133584962 ) ) ;
#2875 = ORIENTED_EDGE ( 'NONE', *, *, #817, .F. ) ;
#2876 = ORIENTED_EDGE ( 'NONE', *, *, #7866, .T. ) ;
#2877 = PRESENTATION_STYLE_ASSIGNMENT (( #46 ) ) ;
#2878 = VECTOR ( 'NONE', #8431, 1000.000000000000000 ) ;
#2879 = FILL_AREA_STYLE ('',( #6501 ) ) ;
#2880 = CARTESIAN_POINT ( 'NONE',  ( 2.500000000000000000, 0.5734559432940760093, 0.2070561238791161218 ) ) ;
#2881 = CARTESIAN_POINT ( 'NONE',  ( 2.501000000000000334, 0.4205595416992428115, 0.3238209378815272710 ) ) ;
#2882 = LINE ( 'NONE', #8771, #10012 ) ;
#2883 = LINE ( 'NONE', #6670, #6897 ) ;
#2884 = B_SPLINE_SURFACE_WITH_KNOTS ( 'NONE', 3, 1, ( 
 ( #11327, #1915 ),
 ( #182, #5671 ),
 ( #3756, #7583 ),
 ( #4874, #9464 ) ),
 .UNSPECIFIED., .F., .F., .F.,
 ( 4, 4 ),
 ( 2, 2 ),
 ( 19.00000000000000000, 20.00000000000000000 ),
 ( 0.000000000000000000, 1.000000000000000000 ),
 .UNSPECIFIED. ) ;
#2885 = CARTESIAN_POINT ( 'NONE',  ( 2.501000000000000334, 0.2191584333087385761, 0.6494731172710164202 ) ) ;
#2886 = EDGE_LOOP ( 'NONE', ( #2925, #9144, #8118, #7126 ) ) ;
#2887 = STYLED_ITEM ( 'NONE', ( #8751 ), #5777 ) ;
#2888 = FACE_OUTER_BOUND ( 'NONE', #11929, .T. ) ;
#2889 = ORIENTED_EDGE ( 'NONE', *, *, #6812, .T. ) ;
#2890 =( LENGTH_UNIT ( ) NAMED_UNIT ( * ) SI_UNIT ( .MILLI., .METRE. ) );
#2891 = FILL_AREA_STYLE_COLOUR ( '', #3149 ) ;
#2892 = CARTESIAN_POINT ( 'NONE',  ( 2.501000000000000334, -0.2567344923053232475, 0.3164948678129329562 ) ) ;
#2893 = SURFACE_SIDE_STYLE ('',( #63 ) ) ;
#2894 = CARTESIAN_POINT ( 'NONE',  ( 2.501000000000000334, 0.4227430333237924831, 0.3514784984545376578 ) ) ;
#2895 = CARTESIAN_POINT ( 'NONE',  ( 2.501000000000000334, -0.2220307229876291588, 0.6635317611693232198 ) ) ;
#2896 = CIRCLE ( 'NONE', #9831, 2.899999999999999911 ) ;
#2897 = ORIENTED_EDGE ( 'NONE', *, *, #10076, .F. ) ;
#2898 = CARTESIAN_POINT ( 'NONE',  ( 2.500000000000000000, 0.3540670229509980671, 0.3592766828277341729 ) ) ;
#2899 = CARTESIAN_POINT ( 'NONE',  ( 2.500000000000000000, 0.6930800915672592488, 0.2521816174471459560 ) ) ;
#2900 =( NAMED_UNIT ( * ) SI_UNIT ( $, .STERADIAN. ) SOLID_ANGLE_UNIT ( ) );
#2901 = CARTESIAN_POINT ( 'NONE',  ( 2.501000000000000334, -0.06297218938474401229, 0.4307278763517052855 ) ) ;
#2902 = ADVANCED_FACE ( 'NONE', ( #4796 ), #11192, .F. ) ;
#2903 = CARTESIAN_POINT ( 'NONE',  ( 2.500000000000000000, 0.4605382335818141160, 0.2716250904822932744 ) ) ;
#2904 = ORIENTED_EDGE ( 'NONE', *, *, #10803, .T. ) ;
#2905 = EDGE_CURVE ( 'NONE', #6890, #6571, #294, .T. ) ;
#2906 = CARTESIAN_POINT ( 'NONE',  ( 0.4000000000000000777, -0.2500000000000000000, -2.407412430484044816E-32 ) ) ;
#2907 = CARTESIAN_POINT ( 'NONE',  ( 2.501000000000000334, 0.6979149658781653720, 0.6551917858111756532 ) ) ;
#2908 = SURFACE_STYLE_USAGE ( .BOTH. , #3772 ) ;
#2909 = CARTESIAN_POINT ( 'NONE',  ( 2.501000000000000334, 0.8280406691038837419, 0.7290145978701134677 ) ) ;
#2910 = ORIENTED_EDGE ( 'NONE', *, *, #10103, .F. ) ;
#2911 = ORIENTED_EDGE ( 'NONE', *, *, #206, .F. ) ;
#2912 = EDGE_CURVE ( 'NONE', #9060, #4454, #4686, .T. ) ;
#2913 = ORIENTED_EDGE ( 'NONE', *, *, #2136, .F. ) ;
#2914 = ORIENTED_EDGE ( 'NONE', *, *, #739, .F. ) ;
#2915 = LINE ( 'NONE', #2864, #8559 ) ;
#2916 =( NAMED_UNIT ( * ) PLANE_ANGLE_UNIT ( ) SI_UNIT ( $, .RADIAN. ) );
#2917 = B_SPLINE_SURFACE_WITH_KNOTS ( 'NONE', 3, 1, ( 
 ( #1315, #5944 ),
 ( #3967, #6058 ),
 ( #2322, #8683 ),
 ( #7737, #5830 ) ),
 .UNSPECIFIED., .F., .F., .F.,
 ( 4, 4 ),
 ( 2, 2 ),
 ( 4.000000000000000000, 5.000000000000000000 ),
 ( 0.000000000000000000, 1.000000000000000000 ),
 .UNSPECIFIED. ) ;
#2918 = CARTESIAN_POINT ( 'NONE',  ( 2.501000000000000334, 0.7853586066392009846, 0.6072589458695240028 ) ) ;
#2919 = CARTESIAN_POINT ( 'NONE',  ( 2.501000000000000334, -0.1974489852165452197, 0.3208328182930623163 ) ) ;
#2920 = CARTESIAN_POINT ( 'NONE',  ( 2.501000000000000334, 0.1298432282970044815, 0.5748184988799728279 ) ) ;
#2921 = CARTESIAN_POINT ( 'NONE',  ( 2.501000000000000334, 0.6393765951883095822, 0.3742491968222732002 ) ) ;
#2922 = ORIENTED_EDGE ( 'NONE', *, *, #128, .T. ) ;
#2923 = CARTESIAN_POINT ( 'NONE',  ( 2.501000000000000334, 0.2083449509788870557, 0.4323716643446897656 ) ) ;
#2924 = EDGE_CURVE ( 'NONE', #2326, #9089, #9026, .T. ) ;
#2925 = ORIENTED_EDGE ( 'NONE', *, *, #7643, .T. ) ;
#2926 = UNCERTAINTY_MEASURE_WITH_UNIT (LENGTH_MEASURE( 1.000000000000000082E-05 ), #6308, 'distance_accuracy_value', 'NONE');
#2927 = CARTESIAN_POINT ( 'NONE',  ( 2.501000000000000334, 0.2930332332634255632, 0.7584397469016189719 ) ) ;
#2928 = VERTEX_POINT ( 'NONE', #6998 ) ;
#2929 = VECTOR ( 'NONE', #4849, 1000.000000000000000 ) ;
#2930 = FILL_AREA_STYLE ('',( #11368 ) ) ;
#2931 = PRESENTATION_STYLE_ASSIGNMENT (( #2817 ) ) ;
#2932 = B_SPLINE_CURVE_WITH_KNOTS ( 'NONE', 3,
 ( #8709, #3863, #5849, #7631 ),
 .UNSPECIFIED., .F., .F.,
 ( 4, 4 ),
 ( 3.000000000000000000, 4.000000000000000000 ),
 .UNSPECIFIED. ) ;
#2933 = CARTESIAN_POINT ( 'NONE',  ( 2.500000000000000000, 0.8280406691038836309, 0.7290145978701134677 ) ) ;
#2934 = CARTESIAN_POINT ( 'NONE',  ( 2.501000000000000334, 0.5599390903821084287, 0.7550085457775252973 ) ) ;
#2935 =( LENGTH_UNIT ( ) NAMED_UNIT ( * ) SI_UNIT ( .MILLI., .METRE. ) );
#2936 =( NAMED_UNIT ( * ) SI_UNIT ( $, .STERADIAN. ) SOLID_ANGLE_UNIT ( ) );
#2937 = VECTOR ( 'NONE', #456, 1000.000000000000000 ) ;
#2938 = SURFACE_SIDE_STYLE ('',( #11316 ) ) ;
#2939 = AXIS2_PLACEMENT_3D ( 'NONE', #9015, #4294, #8061 ) ;
#2940 = STYLED_ITEM ( 'NONE', ( #11580 ), #7931 ) ;
#2941 = EDGE_CURVE ( 'NONE', #6405, #618, #344, .T. ) ;
#2942 = EDGE_LOOP ( 'NONE', ( #5173, #8931, #4253, #9190 ) ) ;
#2943 = EDGE_CURVE ( 'NONE', #9, #7359, #3001, .T. ) ;
#2944 = EDGE_LOOP ( 'NONE', ( #332, #5869, #5691, #2248, #11811, #3244, #1875, #9691, #93, #6896, #4999, #10894, #2282, #6681 ) ) ;
#2945 = UNCERTAINTY_MEASURE_WITH_UNIT (LENGTH_MEASURE( 1.000000000000000082E-05 ), #4547, 'distance_accuracy_value', 'NONE');
#2946 =( NAMED_UNIT ( * ) PLANE_ANGLE_UNIT ( ) SI_UNIT ( $, .RADIAN. ) );
#2947 = AXIS2_PLACEMENT_3D ( 'NONE', #5227, #532, #4323 ) ;
#2948 =( NAMED_UNIT ( * ) SI_UNIT ( $, .STERADIAN. ) SOLID_ANGLE_UNIT ( ) );
#2949 = PRESENTATION_LAYER_ASSIGNMENT (  '', '', ( #8679 ) ) ;
#2950 = CARTESIAN_POINT ( 'NONE',  ( 2.501000000000000334, 0.8274168143548045196, 0.7290145978701134677 ) ) ;
#2951 =( NAMED_UNIT ( * ) PLANE_ANGLE_UNIT ( ) SI_UNIT ( $, .RADIAN. ) );
#2952 = FACE_OUTER_BOUND ( 'NONE', #674, .T. ) ;
#2953 = STYLED_ITEM ( 'NONE', ( #11127 ), #8255 ) ;
#2954 = DIRECTION ( 'NONE',  ( 0.000000000000000000, 0.8840949502478796518, 0.4673073067545587822 ) ) ;
#2955 = DIRECTION ( 'NONE',  ( -0.000000000000000000, -0.000000000000000000, 1.000000000000000000 ) ) ;
#2956 = CARTESIAN_POINT ( 'NONE',  ( 2.501000000000000334, 0.2659475395430476174, 0.3731054631142349809 ) ) ;
#2957 = ORIENTED_EDGE ( 'NONE', *, *, #4495, .F. ) ;
#2958 = SURFACE_STYLE_USAGE ( .BOTH. , #5797 ) ;
#2959 = CARTESIAN_POINT ( 'NONE',  ( 2.501000000000000334, 0.4129173210147061290, 0.2255638147892600198 ) ) ;
#2960 = CARTESIAN_POINT ( 'NONE',  ( 2.501000000000000334, 1.078778290623552794, 0.3921330329833357942 ) ) ;
#2961 = SURFACE_SIDE_STYLE ('',( #252 ) ) ;
#2962 = STYLED_ITEM ( 'NONE', ( #6169 ), #1768 ) ;
#2963 = LINE ( 'NONE', #7780, #10718 ) ;
#2964 = ORIENTED_EDGE ( 'NONE', *, *, #11032, .T. ) ;
#2965 = STYLED_ITEM ( 'NONE', ( #12025 ), #6776 ) ;
#2966 = DIRECTION ( 'NONE',  ( -0.000000000000000000, 3.198603716350161147E-15, -1.000000000000000000 ) ) ;
#2967 = COLOUR_RGB ( '',0.000000000000000000, 0.000000000000000000, 0.000000000000000000 ) ;
#2968 = DIRECTION ( 'NONE',  ( 0.000000000000000000, -1.000000000000000000, -7.474873200869227028E-15 ) ) ;
#2969 = DIRECTION ( 'NONE',  ( 0.000000000000000000, -0.3667976789509216906, -0.9303007377811847167 ) ) ;
#2970 = MECHANICAL_DESIGN_GEOMETRIC_PRESENTATION_REPRESENTATION (  '', ( #1601 ), #8508 ) ;
#2971 = EDGE_CURVE ( 'NONE', #3146, #1857, #8288, .T. ) ;
#2972 = EDGE_CURVE ( 'NONE', #4865, #12094, #1502, .T. ) ;
#2973 =( GEOMETRIC_REPRESENTATION_CONTEXT ( 3 ) GLOBAL_UNCERTAINTY_ASSIGNED_CONTEXT ( ( #4329 ) ) GLOBAL_UNIT_ASSIGNED_CONTEXT ( ( #8471, #2784, #3766 ) ) REPRESENTATION_CONTEXT ( 'NONE', 'WORKASPACE' ) );
#2974 = DIRECTION ( 'NONE',  ( 0.000000000000000000, 0.3416038306815511461, -0.9398440417769801103 ) ) ;
#2975 = ORIENTED_EDGE ( 'NONE', *, *, #10136, .T. ) ;
#2976 = DIRECTION ( 'NONE',  ( 1.000000000000000000, 0.000000000000000000, -4.336808689942017736E-16 ) ) ;
#2977 = VERTEX_POINT ( 'NONE', #5252 ) ;
#2978 = CARTESIAN_POINT ( 'NONE',  ( 2.500000000000000000, 0.1298432282970055640, 0.2521816174471440131 ) ) ;
#2979 = ORIENTED_EDGE ( 'NONE', *, *, #9609, .T. ) ;
#2980 = LINE ( 'NONE', #11695, #8287 ) ;
#2981 = VECTOR ( 'NONE', #10770, 1000.000000000000000 ) ;
#2982 = SURFACE_STYLE_USAGE ( .BOTH. , #11460 ) ;
#2983 = PRESENTATION_STYLE_ASSIGNMENT (( #3668 ) ) ;
#2984 = FACE_OUTER_BOUND ( 'NONE', #8605, .T. ) ;
#2985 = ORIENTED_EDGE ( 'NONE', *, *, #10747, .T. ) ;
#2986 = B_SPLINE_SURFACE_WITH_KNOTS ( 'NONE', 3, 1, ( 
 ( #6125, #861 ),
 ( #2785, #4640 ),
 ( #8849, #10698 ),
 ( #1929, #5968 ) ),
 .UNSPECIFIED., .F., .F., .F.,
 ( 4, 4 ),
 ( 2, 2 ),
 ( 16.00000000000000000, 17.00000000000000000 ),
 ( 0.000000000000000000, 1.000000000000000000 ),
 .UNSPECIFIED. ) ;
#2987 = COLOUR_RGB ( '',0.000000000000000000, 0.000000000000000000, 0.000000000000000000 ) ;
#2988 = ADVANCED_FACE ( 'NONE', ( #7367 ), #4759, .F. ) ;
#2989 = UNCERTAINTY_MEASURE_WITH_UNIT (LENGTH_MEASURE( 1.000000000000000082E-05 ), #8511, 'distance_accuracy_value', 'NONE');
#2990 = SURFACE_STYLE_USAGE ( .BOTH. , #11469 ) ;
#2991 = STYLED_ITEM ( 'NONE', ( #4423 ), #9298 ) ;
#2992 = ORIENTED_EDGE ( 'NONE', *, *, #4303, .F. ) ;
#2993 = CARTESIAN_POINT ( 'NONE',  ( 2.500000000000000000, 0.3234981402114526228, 0.7347332664088832566 ) ) ;
#2994 = LINE ( 'NONE', #1066, #3070 ) ;
#2995 = VECTOR ( 'NONE', #5676, 1000.000000000000000 ) ;
#2996 = CARTESIAN_POINT ( 'NONE',  ( 2.501000000000000334, 0.5861929777696964772, 0.5748184988799743822 ) ) ;
#2997 = ORIENTED_EDGE ( 'NONE', *, *, #7149, .F. ) ;
#2998 = CARTESIAN_POINT ( 'NONE',  ( 2.500000000000000000, 0.3234981402114526228, 0.7347332664088832566 ) ) ;
#2999 = STYLED_ITEM ( 'NONE', ( #6874 ), #9723 ) ;
#3000 = AXIS2_PLACEMENT_3D ( 'NONE', #5325, #10133, #9151 ) ;
#3001 = LINE ( 'NONE', #10233, #8538 ) ;
#3002 =( NAMED_UNIT ( * ) PLANE_ANGLE_UNIT ( ) SI_UNIT ( $, .RADIAN. ) );
#3003 = CARTESIAN_POINT ( 'NONE',  ( 2.501000000000000334, 0.8312119307491994125, 0.7147699144161706597 ) ) ;
#3004 = EDGE_CURVE ( 'NONE', #5994, #10572, #11097, .T. ) ;
#3005 = CARTESIAN_POINT ( 'NONE',  ( 2.501000000000000334, 0.6487864043313419371, 0.7550085457775257414 ) ) ;
#3006 = LINE ( 'NONE', #1326, #6780 ) ;
#3007 =( NAMED_UNIT ( * ) PLANE_ANGLE_UNIT ( ) SI_UNIT ( $, .RADIAN. ) );
#3008 = FILL_AREA_STYLE ('',( #1957 ) ) ;
#3009 = PLANE ( 'NONE',  #183 ) ;
#3010 = VERTEX_POINT ( 'NONE', #746 ) ;
#3011 = PRESENTATION_STYLE_ASSIGNMENT (( #9641 ) ) ;
#3012 = VERTEX_POINT ( 'NONE', #4524 ) ;
#3013 = LINE ( 'NONE', #2077, #6935 ) ;
#3014 = DIRECTION ( 'NONE',  ( 0.000000000000000000, -3.391827918540351453E-15, 1.000000000000000000 ) ) ;
#3015 = CARTESIAN_POINT ( 'NONE',  ( 2.501000000000000334, 0.3911343926677369187, 0.3184141967159079267 ) ) ;
#3016 = SURFACE_STYLE_FILL_AREA ( #1909 ) ;
#3017 = COLOUR_RGB ( '',0.000000000000000000, 0.000000000000000000, 0.000000000000000000 ) ;
#3018 = CARTESIAN_POINT ( 'NONE',  ( 2.501000000000000334, 0.3911343926677369187, 0.3184141967159079267 ) ) ;
#3019 = PRESENTATION_STYLE_ASSIGNMENT (( #11497 ) ) ;
#3020 = PLANE ( 'NONE',  #61 ) ;
#3021 = PRESENTATION_LAYER_ASSIGNMENT (  '', '', ( #10523 ) ) ;
#3022 = CARTESIAN_POINT ( 'NONE',  ( 2.500000000000000000, 0.2083449509788870557, 0.4089771112278809961 ) ) ;
#3023 = EDGE_CURVE ( 'NONE', #11696, #1706, #11160, .T. ) ;
#3024 = DIRECTION ( 'NONE',  ( -0.000000000000000000, 0.3315284183503984794, 0.9434452330824948385 ) ) ;
#3025 = DIRECTION ( 'NONE',  ( -1.000000000000000000, -0.000000000000000000, -0.000000000000000000 ) ) ;
#3026 =( NAMED_UNIT ( * ) SI_UNIT ( $, .STERADIAN. ) SOLID_ANGLE_UNIT ( ) );
#3027 = ORIENTED_EDGE ( 'NONE', *, *, #187, .T. ) ;
#3028 = FACE_OUTER_BOUND ( 'NONE', #1167, .T. ) ;
#3029 =( NAMED_UNIT ( * ) SI_UNIT ( $, .STERADIAN. ) SOLID_ANGLE_UNIT ( ) );
#3030 = VECTOR ( 'NONE', #4437, 1000.000000000000000 ) ;
#3031 = ORIENTED_EDGE ( 'NONE', *, *, #11022, .T. ) ;
#3032 = COLOUR_RGB ( '',0.000000000000000000, 0.000000000000000000, 0.000000000000000000 ) ;
#3033 = PRESENTATION_STYLE_ASSIGNMENT (( #2302 ) ) ;
#3034 = SURFACE_STYLE_USAGE ( .BOTH. , #194 ) ;
#3035 = CARTESIAN_POINT ( 'NONE',  ( 2.501000000000000334, 0.5051958360880292043, 0.1626584608516912223 ) ) ;
#3036 = CARTESIAN_POINT ( 'NONE',  ( 2.500000000000000000, -0.1526234049923929081, 0.4914592933880656545 ) ) ;
#3037 = CARTESIAN_POINT ( 'NONE',  ( 2.500000000000000000, 0.2467120180916191341, 0.6510327541464869805 ) ) ;
#3038 = STYLED_ITEM ( 'NONE', ( #3411 ), #3657 ) ;
#3039 =( LENGTH_UNIT ( ) NAMED_UNIT ( * ) SI_UNIT ( .MILLI., .METRE. ) );
#3040 = CARTESIAN_POINT ( 'NONE',  ( 2.500000000000000000, 0.9526036674781059865, 0.3325549043783421754 ) ) ;
#3041 = AXIS2_PLACEMENT_3D ( 'NONE', #7971, #2082, #3136 ) ;
#3042 = VECTOR ( 'NONE', #8171, 1000.000000000000000 ) ;
#3043 = ORIENTED_EDGE ( 'NONE', *, *, #4314, .T. ) ;
#3044 = ORIENTED_EDGE ( 'NONE', *, *, #1533, .F. ) ;
#3045 = CARTESIAN_POINT ( 'NONE',  ( 2.501000000000000334, 0.2974002165118395657, 0.5715952493389054867 ) ) ;
#3046 = VECTOR ( 'NONE', #10990, 1000.000000000000000 ) ;
#3047 = ADVANCED_FACE ( 'NONE', ( #83 ), #11398, .F. ) ;
#3048 = CARTESIAN_POINT ( 'NONE',  ( 2.500000000000000000, -0.8582650780400244983, 0.3511986095499137761 ) ) ;
#3049 = EDGE_CURVE ( 'NONE', #11889, #978, #6782, .T. ) ;
#3050 = STYLED_ITEM ( 'NONE', ( #12199 ), #9242 ) ;
#3051 = PRESENTATION_LAYER_ASSIGNMENT (  '', '', ( #10192 ) ) ;
#3052 = PRESENTATION_STYLE_ASSIGNMENT (( #10737 ) ) ;
#3053 = CARTESIAN_POINT ( 'NONE',  ( 2.501000000000000334, 0.9495363816256957579, 0.2574843828198626894 ) ) ;
#3054 = DIRECTION ( 'NONE',  ( -0.000000000000000000, 3.198603716350161147E-15, -1.000000000000000000 ) ) ;
#3055 = ORIENTED_EDGE ( 'NONE', *, *, #4807, .T. ) ;
#3056 =( LENGTH_UNIT ( ) NAMED_UNIT ( * ) SI_UNIT ( .MILLI., .METRE. ) );
#3057 = MECHANICAL_DESIGN_GEOMETRIC_PRESENTATION_REPRESENTATION (  '', ( #11936 ), #7396 ) ;
#3059 = ORIENTED_EDGE ( 'NONE', *, *, #10829, .F. ) ;
#3058 = CARTESIAN_POINT ( 'NONE',  ( 2.501000000000000334, -0.7498160402476569120, 0.6056923570868752993 ) ) ;
#3060 = CARTESIAN_POINT ( 'NONE',  ( 2.500000000000000000, 0.4050671487464481135, 0.3660351092830227970 ) ) ;
#3061 = LINE ( 'NONE', #339, #10285 ) ;
#3062 = EDGE_LOOP ( 'NONE', ( #10819, #10707, #10939, #4313 ) ) ;
#3063 = UNCERTAINTY_MEASURE_WITH_UNIT (LENGTH_MEASURE( 1.000000000000000082E-05 ), #3785, 'distance_accuracy_value', 'NONE');
#3064 = EDGE_CURVE ( 'NONE', #9548, #1654, #10593, .T. ) ;
#3065 = ORIENTED_EDGE ( 'NONE', *, *, #11106, .F. ) ;
#3066 = EDGE_CURVE ( 'NONE', #12094, #3350, #7910, .T. ) ;
#3067 = B_SPLINE_CURVE_WITH_KNOTS ( 'NONE', 3,
 ( #10164, #11147, #11872, #9059 ),
 .UNSPECIFIED., .F., .F.,
 ( 4, 4 ),
 ( 6.000000000000000000, 7.000000000000000000 ),
 .UNSPECIFIED. ) ;
#3068 = CARTESIAN_POINT ( 'NONE',  ( 2.501000000000000334, 0.9802092401581361525, 0.3332827349189388944 ) ) ;
#3069 = CARTESIAN_POINT ( 'NONE',  ( 2.500000000000000000, -0.7295722253752995323, 0.6910055256850216043 ) ) ;
#3070 = VECTOR ( 'NONE', #2267, 1000.000000000000000 ) ;
#3071 = B_SPLINE_CURVE_WITH_KNOTS ( 'NONE', 3,
 ( #4490, #7050, #518, #7311 ),
 .UNSPECIFIED., .F., .F.,
 ( 4, 4 ),
 ( 1.000000000000000000, 2.000000000000000000 ),
 .UNSPECIFIED. ) ;
#3072 = CARTESIAN_POINT ( 'NONE',  ( 2.501000000000000334, 0.3540670229509985112, 0.2289950159133570251 ) ) ;
#3073 = CARTESIAN_POINT ( 'NONE',  ( 2.500000000000000000, -0.8091015611271364927, 0.2311816578447544734 ) ) ;
#3074 = PLANE ( 'NONE',  #1407 ) ;
#3075 = DIRECTION ( 'NONE',  ( 0.000000000000000000, -1.000000000000000000, -3.726750577286288466E-15 ) ) ;
#3076 = ORIENTED_EDGE ( 'NONE', *, *, #11701, .T. ) ;
#3077 = COLOUR_RGB ( '',0.000000000000000000, 0.000000000000000000, 0.000000000000000000 ) ;
#3078 = ORIENTED_EDGE ( 'NONE', *, *, #11385, .F. ) ;
#3079 = EDGE_CURVE ( 'NONE', #4153, #7693, #6974, .T. ) ;
#3080 = PRESENTATION_STYLE_ASSIGNMENT (( #4739 ) ) ;
#3081 = DIRECTION ( 'NONE',  ( -1.000000000000000000, -0.000000000000000000, -0.000000000000000000 ) ) ;
#3082 = SURFACE_STYLE_USAGE ( .BOTH. , #1135 ) ;
#3083 = ORIENTED_EDGE ( 'NONE', *, *, #11006, .T. ) ;
#3084 = LINE ( 'NONE', #11556, #1043 ) ;
#3085 = ORIENTED_EDGE ( 'NONE', *, *, #5126, .F. ) ;
#3086 = DIRECTION ( 'NONE',  ( -0.000000000000000000, 1.000000000000000000, -0.000000000000000000 ) ) ;
#3087 = LINE ( 'NONE', #6767, #3240 ) ;
#3088 = CARTESIAN_POINT ( 'NONE',  ( 2.501000000000000334, 0.2373541968443407257, 0.2678819619836516064 ) ) ;
#3089 = UNCERTAINTY_MEASURE_WITH_UNIT (LENGTH_MEASURE( 1.000000000000000082E-05 ), #11180, 'distance_accuracy_value', 'NONE');
#3090 = CARTESIAN_POINT ( 'NONE',  ( 2.501000000000000334, -0.7396941466011416333, 0.6924515045812676961 ) ) ;
#3091 =( NAMED_UNIT ( * ) SI_UNIT ( $, .STERADIAN. ) SOLID_ANGLE_UNIT ( ) );
#3092 = DIRECTION ( 'NONE',  ( -1.000000000000000000, -0.000000000000000000, -0.000000000000000000 ) ) ;
#3093 = EDGE_CURVE ( 'NONE', #1107, #8997, #3067, .T. ) ;
#3094 = B_SPLINE_SURFACE_WITH_KNOTS ( 'NONE', 3, 1, ( 
 ( #10775, #2295 ),
 ( #4193, #8038 ),
 ( #10081, #2516 ),
 ( #11856, #4502 ) ),
 .UNSPECIFIED., .F., .F., .F.,
 ( 4, 4 ),
 ( 2, 2 ),
 ( 1.000000000000000000, 2.000000000000000000 ),
 ( 0.000000000000000000, 1.000000000000000000 ),
 .UNSPECIFIED. ) ;
#3095 = ORIENTED_EDGE ( 'NONE', *, *, #5664, .F. ) ;
#3096 = CARTESIAN_POINT ( 'NONE',  ( 2.501000000000000334, 0.6668262041796813033, 0.2289950159133581076 ) ) ;
#3097 = FACE_OUTER_BOUND ( 'NONE', #4219, .T. ) ;
#3098 = CARTESIAN_POINT ( 'NONE',  ( 2.501000000000000334, 0.2581493551705456579, 0.2294109190794095809 ) ) ;
#3099 =( NAMED_UNIT ( * ) SI_UNIT ( $, .STERADIAN. ) SOLID_ANGLE_UNIT ( ) );
#3100 = FACE_OUTER_BOUND ( 'NONE', #2334, .T. ) ;
#3101 = DIRECTION ( 'NONE',  ( -0.000000000000000000, -0.3897582650654539682, -0.9209172030172785295 ) ) ;
#3103 = ORIENTED_EDGE ( 'NONE', *, *, #9276, .T. ) ;
#3102 =( NAMED_UNIT ( * ) SI_UNIT ( $, .STERADIAN. ) SOLID_ANGLE_UNIT ( ) );
#3104 = FILL_AREA_STYLE ('',( #7786 ) ) ;
#3105 = VERTEX_POINT ( 'NONE', #8273 ) ;
#3106 = EDGE_CURVE ( 'NONE', #10282, #8012, #1541, .T. ) ;
#3107 = ORIENTED_EDGE ( 'NONE', *, *, #3532, .F. ) ;
#3108 = VERTEX_POINT ( 'NONE', #5286 ) ;
#3109 = FILL_AREA_STYLE ('',( #11582 ) ) ;
#3110 = ORIENTED_EDGE ( 'NONE', *, *, #11552, .F. ) ;
#3111 = UNCERTAINTY_MEASURE_WITH_UNIT (LENGTH_MEASURE( 1.000000000000000082E-05 ), #9579, 'distance_accuracy_value', 'NONE');
#3112 = CARTESIAN_POINT ( 'NONE',  ( 2.501000000000000334, 0.8958328852481319826, 0.4089771112278833831 ) ) ;
#3113 = DIRECTION ( 'NONE',  ( -0.000000000000000000, 1.000000000000000000, 3.391827918540351453E-15 ) ) ;
#3114 = ORIENTED_EDGE ( 'NONE', *, *, #1112, .T. ) ;
#3115 = SURFACE_STYLE_FILL_AREA ( #7857 ) ;
#3116 = CARTESIAN_POINT ( 'NONE',  ( 2.501000000000000334, 0.2817518598710800348, 0.3568852396201577237 ) ) ;
#3117 = DIRECTION ( 'NONE',  ( -0.000000000000000000, 1.000000000000000000, 3.452797389170332991E-15 ) ) ;
#3118 =( NAMED_UNIT ( * ) PLANE_ANGLE_UNIT ( ) SI_UNIT ( $, .RADIAN. ) );
#3119 = LINE ( 'NONE', #7810, #51 ) ;
#3120 = SURFACE_STYLE_USAGE ( .BOTH. , #10486 ) ;
#3121 = CARTESIAN_POINT ( 'NONE',  ( 2.501000000000000334, -0.3753053961641878433, 0.2499794800301714248 ) ) ;
#3122 = EDGE_CURVE ( 'NONE', #850, #6662, #735, .T. ) ;
#3123 = EDGE_CURVE ( 'NONE', #3956, #2680, #8227, .T. ) ;
#3124 = DIRECTION ( 'NONE',  ( -1.000000000000000000, 0.000000000000000000, 1.239088197126291063E-16 ) ) ;
#3125 = ORIENTED_EDGE ( 'NONE', *, *, #8284, .F. ) ;
#3126 = VERTEX_POINT ( 'NONE', #10910 ) ;
#3127 = STYLED_ITEM ( 'NONE', ( #2394 ), #11819 ) ;
#3128 = ORIENTED_EDGE ( 'NONE', *, *, #9539, .F. ) ;
#3129 = ORIENTED_EDGE ( 'NONE', *, *, #5328, .F. ) ;
#3130 = CARTESIAN_POINT ( 'NONE',  ( 2.501000000000000334, 0.2626723021069166109, 0.5574545416778604601 ) ) ;
#3131 = DIRECTION ( 'NONE',  ( 1.000000000000000000, 0.000000000000000000, -0.000000000000000000 ) ) ;
#3132 = FILL_AREA_STYLE ('',( #6687 ) ) ;
#3133 = CARTESIAN_POINT ( 'NONE',  ( 2.500000000000000000, 0.6948476800243670315, 0.7280788157451079101 ) ) ;
#3134 = CARTESIAN_POINT ( 'NONE',  ( 2.500000000000000000, 0.5732999796068046772, 0.2648666640256179261 ) ) ;
#3135 = ORIENTED_EDGE ( 'NONE', *, *, #4245, .T. ) ;
#3136 = DIRECTION ( 'NONE',  ( 1.000000000000000000, 0.000000000000000000, 0.000000000000000000 ) ) ;
#3137 = FACE_OUTER_BOUND ( 'NONE', #9890, .T. ) ;
#3138 =( GEOMETRIC_REPRESENTATION_CONTEXT ( 3 ) GLOBAL_UNCERTAINTY_ASSIGNED_CONTEXT ( ( #3726 ) ) GLOBAL_UNIT_ASSIGNED_CONTEXT ( ( #7024, #540, #3516 ) ) REPRESENTATION_CONTEXT ( 'NONE', 'WORKASPACE' ) );
#3139 = EDGE_LOOP ( 'NONE', ( #4659, #7845, #10405, #1029 ) ) ;
#3140 = VECTOR ( 'NONE', #9369, 1000.000000000000000 ) ;
#3141 = ADVANCED_FACE ( 'NONE', ( #4283 ), #7088, .F. ) ;
#3142 =( NAMED_UNIT ( * ) PLANE_ANGLE_UNIT ( ) SI_UNIT ( $, .RADIAN. ) );
#3143 =( NAMED_UNIT ( * ) PLANE_ANGLE_UNIT ( ) SI_UNIT ( $, .RADIAN. ) );
#3144 = PRESENTATION_LAYER_ASSIGNMENT (  '', '', ( #11057 ) ) ;
#3145 = SURFACE_STYLE_FILL_AREA ( #2230 ) ;
#3146 = VERTEX_POINT ( 'NONE', #6269 ) ;
#3147 = ORIENTED_EDGE ( 'NONE', *, *, #1428, .F. ) ;
#3148 = PLANE ( 'NONE',  #2765 ) ;
#3149 = COLOUR_RGB ( '',0.000000000000000000, 0.000000000000000000, 0.000000000000000000 ) ;
#3150 =( LENGTH_UNIT ( ) NAMED_UNIT ( * ) SI_UNIT ( .MILLI., .METRE. ) );
#3151 = MECHANICAL_DESIGN_GEOMETRIC_PRESENTATION_REPRESENTATION (  '', ( #8909 ), #10083 ) ;
#3152 = CARTESIAN_POINT ( 'NONE',  ( 2.501000000000000334, -0.9609302105895747292, 0.5796645163087665864 ) ) ;
#3153 = DIRECTION ( 'NONE',  ( -0.000000000000000000, -1.000000000000000000, -0.000000000000000000 ) ) ;
#3154 = CARTESIAN_POINT ( 'NONE',  ( 2.500000000000000000, -0.2032329559622574611, 0.5420688443579297910 ) ) ;
#3155 = VECTOR ( 'NONE', #5712, 1000.000000000000000 ) ;
#3156 = CARTESIAN_POINT ( 'NONE',  ( 2.501000000000000334, 0.2467120180916191341, 0.6510327541464869805 ) ) ;
#3157 = EDGE_CURVE ( 'NONE', #6405, #4412, #11083, .T. ) ;
#3158 = CARTESIAN_POINT ( 'NONE',  ( 2.501000000000000334, 0.6668262041796806372, 0.4323716643446913754 ) ) ;
#3159 = VECTOR ( 'NONE', #9066, 1000.000000000000000 ) ;
#3160 = DIRECTION ( 'NONE',  ( 0.000000000000000000, -0.9398440417769802213, -0.3416038306815512016 ) ) ;
#3161 = AXIS2_PLACEMENT_3D ( 'NONE', #2563, #9951, #8969 ) ;
#3162 = VECTOR ( 'NONE', #10204, 1000.000000000000000 ) ;
#3163 = ORIENTED_EDGE ( 'NONE', *, *, #9344, .T. ) ;
#3164 = AXIS2_PLACEMENT_3D ( 'NONE', #8240, #7304, #3374 ) ;
#3165 = PRESENTATION_STYLE_ASSIGNMENT (( #4081 ) ) ;
#3166 = VERTEX_POINT ( 'NONE', #9002 ) ;
#3167 = VERTEX_POINT ( 'NONE', #11804 ) ;
#3168 = CARTESIAN_POINT ( 'NONE',  ( 2.500000000000000000, 0.2799842714132768640, 0.5787695789616340569 ) ) ;
#3169 = B_SPLINE_CURVE_WITH_KNOTS ( 'NONE', 3,
 ( #9268, #749, #4530, #8293 ),
 .UNSPECIFIED., .F., .F.,
 ( 4, 4 ),
 ( 13.00000000000000000, 14.00000000000000000 ),
 .UNSPECIFIED. ) ;
#3170 = ORIENTED_EDGE ( 'NONE', *, *, #3203, .T. ) ;
#3171 =( GEOMETRIC_REPRESENTATION_CONTEXT ( 3 ) GLOBAL_UNCERTAINTY_ASSIGNED_CONTEXT ( ( #5790 ) ) GLOBAL_UNIT_ASSIGNED_CONTEXT ( ( #6185, #10127, #6061 ) ) REPRESENTATION_CONTEXT ( 'NONE', 'WORKASPACE' ) );
#3172 = CARTESIAN_POINT ( 'NONE',  ( 2.501000000000000334, 0.4278898350092369962, 0.3551176511616613296 ) ) ;
#3173 =( GEOMETRIC_REPRESENTATION_CONTEXT ( 3 ) GLOBAL_UNCERTAINTY_ASSIGNED_CONTEXT ( ( #1113 ) ) GLOBAL_UNIT_ASSIGNED_CONTEXT ( ( #139, #3876, #4774 ) ) REPRESENTATION_CONTEXT ( 'NONE', 'WORKASPACE' ) );
#3174 = DIRECTION ( 'NONE',  ( -0.000000000000000000, -0.3409177962187258659, -0.9400931103999046190 ) ) ;
#3175 = PRESENTATION_LAYER_ASSIGNMENT (  '', '', ( #8498 ) ) ;
#3176 = EDGE_LOOP ( 'NONE', ( #6943, #2038, #7549, #1757 ) ) ;
#3177 = CARTESIAN_POINT ( 'NONE',  ( 2.501000000000000334, -0.6037713580830842419, 0.7893326508708256029 ) ) ;
#3178 = ADVANCED_FACE ( 'NONE', ( #848 ), #1856, .T. ) ;
#3179 = ADVANCED_FACE ( 'NONE', ( #3137 ), #1285, .T. ) ;
#3180 = CARTESIAN_POINT ( 'NONE',  ( 2.501000000000000334, -0.2769782795976637457, 0.5420688443579295690 ) ) ;
#3181 = SURFACE_STYLE_USAGE ( .BOTH. , #11642 ) ;
#3182 = ORIENTED_EDGE ( 'NONE', *, *, #2740, .F. ) ;
#3183 = MECHANICAL_DESIGN_GEOMETRIC_PRESENTATION_REPRESENTATION (  '', ( #3944 ), #5131 ) ;
#3184 = DIRECTION ( 'NONE',  ( 0.000000000000000000, -1.588339393040735161E-15, 1.000000000000000000 ) ) ;
#3185 = CARTESIAN_POINT ( 'NONE',  ( 2.501000000000000334, -0.4808624485847420305, 0.8095764709139161575 ) ) ;
#3186 = ORIENTED_EDGE ( 'NONE', *, *, #4358, .T. ) ;
#3187 = PRESENTATION_LAYER_ASSIGNMENT (  '', '', ( #2189 ) ) ;
#3188 = CARTESIAN_POINT ( 'NONE',  ( 2.501000000000000334, 0.4149968368470454694, 0.3373377907934927422 ) ) ;
#3189 = UNCERTAINTY_MEASURE_WITH_UNIT (LENGTH_MEASURE( 1.000000000000000082E-05 ), #10726, 'distance_accuracy_value', 'NONE');
#3190 = COLOUR_RGB ( '',1.000000000000000000, 1.000000000000000000, 1.000000000000000000 ) ;
#3191 = CARTESIAN_POINT ( 'NONE',  ( 2.500000000000000000, 0.2485315944444836667, 0.7284947189111605770 ) ) ;
#3192 = FILL_AREA_STYLE ('',( #347 ) ) ;
#3193 = B_SPLINE_SURFACE_WITH_KNOTS ( 'NONE', 3, 1, ( 
 ( #1900, #1269 ),
 ( #11483, #10752 ),
 ( #3005, #4797 ),
 ( #7751, #7622 ) ),
 .UNSPECIFIED., .F., .F., .F.,
 ( 4, 4 ),
 ( 2, 2 ),
 ( 2.000000000000000000, 3.000000000000000000 ),
 ( 0.000000000000000000, 1.000000000000000000 ),
 .UNSPECIFIED. ) ;
#3194 = FILL_AREA_STYLE_COLOUR ( '', #942 ) ;
#3195 = FILL_AREA_STYLE_COLOUR ( '', #10354 ) ;
#3196 =( GEOMETRIC_REPRESENTATION_CONTEXT ( 3 ) GLOBAL_UNCERTAINTY_ASSIGNED_CONTEXT ( ( #11478 ) ) GLOBAL_UNIT_ASSIGNED_CONTEXT ( ( #1787, #4568, #6444 ) ) REPRESENTATION_CONTEXT ( 'NONE', 'WORKASPACE' ) );
#3197 = ORIENTED_EDGE ( 'NONE', *, *, #11106, .T. ) ;
#3198 = EDGE_LOOP ( 'NONE', ( #3915, #9613, #11548, #7562 ) ) ;
#3199 = EDGE_LOOP ( 'NONE', ( #3378, #11970, #10125, #4628 ) ) ;
#3200 = COLOUR_RGB ( '',1.000000000000000000, 1.000000000000000000, 1.000000000000000000 ) ;
#3201 = DIRECTION ( 'NONE',  ( -1.000000000000000000, -0.000000000000000000, -0.000000000000000000 ) ) ;
#3202 = EDGE_CURVE ( 'NONE', #8729, #4821, #11949, .T. ) ;
#3203 = EDGE_CURVE ( 'NONE', #5788, #5221, #1651, .T. ) ;
#3204 = CARTESIAN_POINT ( 'NONE',  ( 2.500000000000000000, -0.6717327385521014715, 0.4234979680790827428 ) ) ;
#3205 = CARTESIAN_POINT ( 'NONE',  ( 2.501000000000000334, 0.4781621302634043169, 0.2925242246000139823 ) ) ;
#3206 = LINE ( 'NONE', #7762, #2181 ) ;
#3207 =( GEOMETRIC_REPRESENTATION_CONTEXT ( 3 ) GLOBAL_UNCERTAINTY_ASSIGNED_CONTEXT ( ( #9505 ) ) GLOBAL_UNIT_ASSIGNED_CONTEXT ( ( #7765, #2135, #65 ) ) REPRESENTATION_CONTEXT ( 'NONE', 'WORKASPACE' ) );
#3208 = CARTESIAN_POINT ( 'NONE',  ( 2.501000000000000334, 0.4279938108014476605, 0.2255638147892600753 ) ) ;
#3209 = CARTESIAN_POINT ( 'NONE',  ( 2.501000000000000334, 0.3285929540011504613, 0.2759920737300050053 ) ) ;
#3210 = CARTESIAN_POINT ( 'NONE',  ( 2.500000000000000000, 0.7762087369763365219, 0.2521816174471462335 ) ) ;
#3211 = CARTESIAN_POINT ( 'NONE',  ( 2.501000000000000334, -0.3695214254184770453, 0.4755535117352027719 ) ) ;
#3212 = DIRECTION ( 'NONE',  ( -1.000000000000000000, 0.000000000000000000, 3.614007241618347908E-17 ) ) ;
#3213 = SURFACE_SIDE_STYLE ('',( #9779 ) ) ;
#3214 =( GEOMETRIC_REPRESENTATION_CONTEXT ( 3 ) GLOBAL_UNCERTAINTY_ASSIGNED_CONTEXT ( ( #385 ) ) GLOBAL_UNIT_ASSIGNED_CONTEXT ( ( #5460, #3680, #11186 ) ) REPRESENTATION_CONTEXT ( 'NONE', 'WORKASPACE' ) );
#3215 = MECHANICAL_DESIGN_GEOMETRIC_PRESENTATION_REPRESENTATION (  '', ( #10514 ), #1432 ) ;
#3216 = ORIENTED_EDGE ( 'NONE', *, *, #1114, .T. ) ;
#3217 = UNCERTAINTY_MEASURE_WITH_UNIT (LENGTH_MEASURE( 1.000000000000000082E-05 ), #6721, 'distance_accuracy_value', 'NONE');
#3218 =( GEOMETRIC_REPRESENTATION_CONTEXT ( 3 ) GLOBAL_UNCERTAINTY_ASSIGNED_CONTEXT ( ( #3906 ) ) GLOBAL_UNIT_ASSIGNED_CONTEXT ( ( #573, #9025, #5390 ) ) REPRESENTATION_CONTEXT ( 'NONE', 'WORKASPACE' ) );
#3219 = ORIENTED_EDGE ( 'NONE', *, *, #5265, .T. ) ;
#3220 = CARTESIAN_POINT ( 'NONE',  ( 2.500000000000000000, 1.469693845669906240, 1.000000000000000000 ) ) ;
#3221 = COLOUR_RGB ( '',0.000000000000000000, 0.000000000000000000, 0.000000000000000000 ) ;
#3222 = SURFACE_SIDE_STYLE ('',( #10783 ) ) ;
#3223 = EDGE_CURVE ( 'NONE', #4098, #10031, #6150, .T. ) ;
#3224 = COLOUR_RGB ( '',0.000000000000000000, 0.000000000000000000, 0.000000000000000000 ) ;
#3225 = VECTOR ( 'NONE', #2097, 1000.000000000000000 ) ;
#3226 = CARTESIAN_POINT ( 'NONE',  ( 2.500000000000000000, -0.6789627019854547196, 0.7358311196984924640 ) ) ;
#3227 = PLANE ( 'NONE',  #5000 ) ;
#3228 = FILL_AREA_STYLE ('',( #5925 ) ) ;
#3229 = SURFACE_STYLE_FILL_AREA ( #9794 ) ;
#3230 = VECTOR ( 'NONE', #230, 1000.000000000000000 ) ;
#3231 = DIRECTION ( 'NONE',  ( -1.000000000000000000, -0.000000000000000000, -0.000000000000000000 ) ) ;
#3232 = AXIS2_PLACEMENT_3D ( 'NONE', #1035, #256, #2968 ) ;
#3233 = FILL_AREA_STYLE ('',( #268 ) ) ;
#3234 = ORIENTED_EDGE ( 'NONE', *, *, #1414, .F. ) ;
#3235 = ORIENTED_EDGE ( 'NONE', *, *, #8860, .F. ) ;
#3236 = B_SPLINE_CURVE_WITH_KNOTS ( 'NONE', 3,
 ( #2526, #3574, #1607, #4461 ),
 .UNSPECIFIED., .F., .F.,
 ( 4, 4 ),
 ( 4.000000000000000000, 5.000000000000000000 ),
 .UNSPECIFIED. ) ;
#3237 = ORIENTED_EDGE ( 'NONE', *, *, #6527, .F. ) ;
#3238 = CARTESIAN_POINT ( 'NONE',  ( 2.501000000000000334, -0.8582650780400244983, 0.3511986095499137761 ) ) ;
#3239 = EDGE_CURVE ( 'NONE', #377, #9670, #6374, .T. ) ;
#3240 = VECTOR ( 'NONE', #5976, 1000.000000000000000 ) ;
#3241 = DIRECTION ( 'NONE',  ( 1.000000000000000000, 0.000000000000000000, -6.123233995736768501E-17 ) ) ;
#3243 = DIRECTION ( 'NONE',  ( -0.000000000000000000, 1.000000000000000000, 3.876374764046011028E-15 ) ) ;
#3242 = PRESENTATION_STYLE_ASSIGNMENT (( #276 ) ) ;
#3244 = ORIENTED_EDGE ( 'NONE', *, *, #2912, .T. ) ;
#3245 = PRESENTATION_LAYER_ASSIGNMENT (  '', '', ( #8174 ) ) ;
#3246 = COLOUR_RGB ( '',0.000000000000000000, 0.000000000000000000, 0.000000000000000000 ) ;
#3247 = UNCERTAINTY_MEASURE_WITH_UNIT (LENGTH_MEASURE( 1.000000000000000082E-05 ), #11303, 'distance_accuracy_value', 'NONE');
#3248 = CARTESIAN_POINT ( 'NONE',  ( 2.500000000000000000, 0.3187672416920634966, 0.3568852396201578348 ) ) ;
#3249 = CARTESIAN_POINT ( 'NONE',  ( 2.501000000000000334, 0.1035893409101107526, 0.7550085457775238540 ) ) ;
#3250 = B_SPLINE_CURVE_WITH_KNOTS ( 'NONE', 3,
 ( #2616, #6361, #10187, #8011 ),
 .UNSPECIFIED., .F., .F.,
 ( 4, 4 ),
 ( 3.000000000000000000, 4.000000000000000000 ),
 .UNSPECIFIED. ) ;
#3251 = VERTEX_POINT ( 'NONE', #4546 ) ;
#3252 = SURFACE_SIDE_STYLE ('',( #288 ) ) ;
#3253 = AXIS2_PLACEMENT_3D ( 'NONE', #9749, #3184, #9688 ) ;
#3254 = LINE ( 'NONE', #6854, #11847 ) ;
#3255 = MECHANICAL_DESIGN_GEOMETRIC_PRESENTATION_REPRESENTATION (  '', ( #1459 ), #2450 ) ;
#3256 =( GEOMETRIC_REPRESENTATION_CONTEXT ( 3 ) GLOBAL_UNCERTAINTY_ASSIGNED_CONTEXT ( ( #8265 ) ) GLOBAL_UNIT_ASSIGNED_CONTEXT ( ( #2423, #4345, #10974 ) ) REPRESENTATION_CONTEXT ( 'NONE', 'WORKASPACE' ) );
#3257 = ORIENTED_EDGE ( 'NONE', *, *, #9955, .T. ) ;
#3258 = EDGE_CURVE ( 'NONE', #1821, #3779, #2691, .T. ) ;
#3259 = CARTESIAN_POINT ( 'NONE',  ( 2.500000000000000000, -0.7512620329339118053, 0.6924515045812676961 ) ) ;
#3260 = B_SPLINE_CURVE_WITH_KNOTS ( 'NONE', 3,
 ( #11310, #10425, #8571, #5715 ),
 .UNSPECIFIED., .F., .F.,
 ( 4, 4 ),
 ( 16.00000000000000000, 17.00000000000000000 ),
 .UNSPECIFIED. ) ;
#3261 = SURFACE_STYLE_FILL_AREA ( #7946 ) ;
#3262 = AXIS2_PLACEMENT_3D ( 'NONE', #8205, #11190, #9096 ) ;
#3263 = FILL_AREA_STYLE ('',( #1457 ) ) ;
#3265 = CARTESIAN_POINT ( 'NONE',  ( 2.501000000000000334, 0.4576788993117350546, 0.3775764221548525423 ) ) ;
#3264 = CARTESIAN_POINT ( 'NONE',  ( 2.501000000000000334, 0.2025742945436623255, 0.3205976883404570432 ) ) ;
#3266 = ORIENTED_EDGE ( 'NONE', *, *, #10501, .F. ) ;
#3267 = ORIENTED_EDGE ( 'NONE', *, *, #918, .T. ) ;
#3268 = ADVANCED_FACE ( 'NONE', ( #968 ), #2884, .F. ) ;
#3269 = CARTESIAN_POINT ( 'NONE',  ( 2.500000000000000000, 0.5168931126464334502, 0.7316139926607150290 ) ) ;
#3270 = CARTESIAN_POINT ( 'NONE',  ( 2.501000000000000334, 0.2680790432718422323, 0.7121705196255647685 ) ) ;
#3271 = CARTESIAN_POINT ( 'NONE',  ( 2.500000000000000000, -0.6789627019854547196, 0.7358311196984924640 ) ) ;
#3272 =( LENGTH_UNIT ( ) NAMED_UNIT ( * ) SI_UNIT ( .MILLI., .METRE. ) );
#3273 = CARTESIAN_POINT ( 'NONE',  ( 2.501000000000000334, 0.4121375025776601864, 0.5516318973461902253 ) ) ;
#3274 = CARTESIAN_POINT ( 'NONE',  ( 2.500000000000000000, 0.3189232053793272237, 0.5715952493389055977 ) ) ;
#3275 = SURFACE_STYLE_USAGE ( .BOTH. , #9231 ) ;
#3276 = SURFACE_STYLE_USAGE ( .BOTH. , #10582 ) ;
#3277 = CARTESIAN_POINT ( 'NONE',  ( 2.500000000000000000, 0.2974002165118395657, 0.5715952493389054867 ) ) ;
#3278 = ORIENTED_EDGE ( 'NONE', *, *, #597, .F. ) ;
#3279 = LINE ( 'NONE', #492, #1039 ) ;
#3280 =( LENGTH_UNIT ( ) NAMED_UNIT ( * ) SI_UNIT ( .MILLI., .METRE. ) );
#3281 =( NAMED_UNIT ( * ) SI_UNIT ( $, .STERADIAN. ) SOLID_ANGLE_UNIT ( ) );
#3282 = CARTESIAN_POINT ( 'NONE',  ( 2.501000000000000334, -0.8076555270701600842, 0.3280628093057441075 ) ) ;
#3283 = ORIENTED_EDGE ( 'NONE', *, *, #1396, .F. ) ;
#3284 = VERTEX_POINT ( 'NONE', #8460 ) ;
#3285 = LINE ( 'NONE', #3220, #6682 ) ;
#3286 = DIRECTION ( 'NONE',  ( -1.000000000000000000, -0.000000000000000000, -0.000000000000000000 ) ) ;
#3287 = SURFACE_SIDE_STYLE ('',( #8051 ) ) ;
#3288 = LINE ( 'NONE', #11516, #280 ) ;
#3289 = ORIENTED_EDGE ( 'NONE', *, *, #1509, .F. ) ;
#3290 = CARTESIAN_POINT ( 'NONE',  ( 2.500000000000000000, 0.5599390903821084287, 0.7550085457775252973 ) ) ;
#3291 = LINE ( 'NONE', #10842, #3447 ) ;
#3292 = EDGE_CURVE ( 'NONE', #613, #1714, #6433, .T. ) ;
#3293 = EDGE_CURVE ( 'NONE', #6616, #3473, #5410, .T. ) ;
#3294 = VERTEX_POINT ( 'NONE', #7527 ) ;
#3295 = LINE ( 'NONE', #2718, #982 ) ;
#3296 = ORIENTED_EDGE ( 'NONE', *, *, #1273, .F. ) ;
#3297 = PRESENTATION_LAYER_ASSIGNMENT (  '', '', ( #10019 ) ) ;
#3298 = EDGE_LOOP ( 'NONE', ( #10999, #8967, #7032, #9581 ) ) ;
#3299 = LINE ( 'NONE', #553, #975 ) ;
#3300 = ORIENTED_EDGE ( 'NONE', *, *, #11329, .F. ) ;
#3301 = SURFACE_SIDE_STYLE ('',( #1011 ) ) ;
#3302 = CARTESIAN_POINT ( 'NONE',  ( 2.501000000000000334, 0.5861929777696964772, 0.5748184988799743822 ) ) ;
#3303 = CARTESIAN_POINT ( 'NONE',  ( 2.501000000000000334, 0.6979149658781653720, 0.6805618789695090376 ) ) ;
#3304 = CARTESIAN_POINT ( 'NONE',  ( 2.501000000000000334, 0.5215200353736221262, 0.5748184988799742712 ) ) ;
#3305 = SURFACE_SIDE_STYLE ('',( #4160 ) ) ;
#3306 =( GEOMETRIC_REPRESENTATION_CONTEXT ( 3 ) GLOBAL_UNCERTAINTY_ASSIGNED_CONTEXT ( ( #5031 ) ) GLOBAL_UNIT_ASSIGNED_CONTEXT ( ( #11208, #3645, #5547 ) ) REPRESENTATION_CONTEXT ( 'NONE', 'WORKASPACE' ) );
#3307 = FILL_AREA_STYLE_COLOUR ( '', #10566 ) ;
#3308 = DIRECTION ( 'NONE',  ( -0.000000000000000000, -1.000000000000000000, -3.862017820300888103E-15 ) ) ;
#3309 = CARTESIAN_POINT ( 'NONE',  ( 2.501000000000000334, -0.4794164834778135154, 0.7228172406794669547 ) ) ;
#3310 = EDGE_CURVE ( 'NONE', #2827, #364, #9715, .T. ) ;
#3311 = CARTESIAN_POINT ( 'NONE',  ( 2.501000000000000334, 1.020499859413864119, 0.2289950159133593566 ) ) ;
#3313 = ORIENTED_EDGE ( 'NONE', *, *, #549, .T. ) ;
#3312 = DIRECTION ( 'NONE',  ( -0.000000000000000000, -0.000000000000000000, 1.000000000000000000 ) ) ;
#3314 = CARTESIAN_POINT ( 'NONE',  ( 2.501000000000000334, 0.2373541968443407257, 0.2678819619836516064 ) ) ;
#3315 = DIRECTION ( 'NONE',  ( 0.000000000000000000, 1.000000000000000000, 0.000000000000000000 ) ) ;
#3316 = CARTESIAN_POINT ( 'NONE',  ( 2.501000000000000334, -0.8944147573046110633, 0.4610936400299214255 ) ) ;
#3317 = EDGE_LOOP ( 'NONE', ( #3872, #8651, #4893, #237 ) ) ;
#3318 = ORIENTED_EDGE ( 'NONE', *, *, #224, .F. ) ;
#3319 = CARTESIAN_POINT ( 'NONE',  ( 2.501000000000000334, 0.2108403699786665364, 0.5748184988799730499 ) ) ;
#3320 =( NAMED_UNIT ( * ) SI_UNIT ( $, .STERADIAN. ) SOLID_ANGLE_UNIT ( ) );
#3321 = CARTESIAN_POINT ( 'NONE',  ( 2.500000000000000000, 0.2900179353060841625, 0.2464629489069816159 ) ) ;
#3322 = SURFACE_STYLE_FILL_AREA ( #5373 ) ;
#3323 = CARTESIAN_POINT ( 'NONE',  ( -2.200000000000001066, -0.2500000000000000000, -2.000000000000000000 ) ) ;
#3324 = CARTESIAN_POINT ( 'NONE',  ( 2.501000000000000334, 0.6904806967752673552, 0.6996934246301188542 ) ) ;
#3325 = LINE ( 'NONE', #7056, #4393 ) ;
#3326 = ADVANCED_FACE ( 'NONE', ( #9530 ), #1027, .F. ) ;
#3328 = ORIENTED_EDGE ( 'NONE', *, *, #10101, .T. ) ;
#3327 = CARTESIAN_POINT ( 'NONE',  ( 2.501000000000000334, -0.5705136641923931329, 0.7228172406794666216 ) ) ;
#3329 = ORIENTED_EDGE ( 'NONE', *, *, #114, .F. ) ;
#3330 = VERTEX_POINT ( 'NONE', #4118 ) ;
#3331 = SURFACE_STYLE_FILL_AREA ( #479 ) ;
#3332 = B_SPLINE_CURVE_WITH_KNOTS ( 'NONE', 3,
 ( #9122, #2779, #5548, #4469 ),
 .UNSPECIFIED., .F., .F.,
 ( 4, 4 ),
 ( 4.000000000000000000, 5.000000000000000000 ),
 .UNSPECIFIED. ) ;
#3333 = CARTESIAN_POINT ( 'NONE',  ( 2.501000000000000334, 0.2108403699786665364, 0.5516318973461894482 ) ) ;
#3334 = LINE ( 'NONE', #10022, #1568 ) ;
#3335 = SURFACE_SIDE_STYLE ('',( #534 ) ) ;
#3336 = FILL_AREA_STYLE_COLOUR ( '', #7994 ) ;
#3337 = CARTESIAN_POINT ( 'NONE',  ( 2.500000000000000000, 0.6948476800243674756, 0.5801212642526935026 ) ) ;
#3338 = ORIENTED_EDGE ( 'NONE', *, *, #965, .T. ) ;
#3339 = ADVANCED_FACE ( 'NONE', ( #2294, #6822 ), #7014, .F. ) ;
#3341 = ADVANCED_FACE ( 'NONE', ( #8037 ), #11791, .F. ) ;
#3340 = ORIENTED_EDGE ( 'NONE', *, *, #3157, .F. ) ;
#3342 = CARTESIAN_POINT ( 'NONE',  ( 2.500000000000000000, 0.4121375025776601864, 0.5516318973461902253 ) ) ;
#3343 = UNCERTAINTY_MEASURE_WITH_UNIT (LENGTH_MEASURE( 1.000000000000000082E-05 ), #905, 'distance_accuracy_value', 'NONE');
#3344 = VERTEX_POINT ( 'NONE', #5765 ) ;
#3345 =( NAMED_UNIT ( * ) PLANE_ANGLE_UNIT ( ) SI_UNIT ( $, .RADIAN. ) );
#3346 = DIRECTION ( 'NONE',  ( 0.000000000000000000, -1.000000000000000000, 0.000000000000000000 ) ) ;
#3347 =( LENGTH_UNIT ( ) NAMED_UNIT ( * ) SI_UNIT ( .MILLI., .METRE. ) );
#3348 = CARTESIAN_POINT ( 'NONE',  ( 2.501000000000000334, 0.9495363816256957579, 0.2574843828198626894 ) ) ;
#3349 = CARTESIAN_POINT ( 'NONE',  ( 2.501000000000000334, 0.5111224562105154412, 0.6432345697732937406 ) ) ;
#3350 = VERTEX_POINT ( 'NONE', #8617 ) ;
#3351 = CARTESIAN_POINT ( 'NONE',  ( 2.501000000000000334, 0.8280406691038836309, 0.7290145978701134677 ) ) ;
#3352 =( GEOMETRIC_REPRESENTATION_CONTEXT ( 3 ) GLOBAL_UNCERTAINTY_ASSIGNED_CONTEXT ( ( #10542 ) ) GLOBAL_UNIT_ASSIGNED_CONTEXT ( ( #5731, #10820, #11730 ) ) REPRESENTATION_CONTEXT ( 'NONE', 'WORKASPACE' ) );
#3353 =( NAMED_UNIT ( * ) PLANE_ANGLE_UNIT ( ) SI_UNIT ( $, .RADIAN. ) );
#3354 = STYLED_ITEM ( 'NONE', ( #11321 ), #11421 ) ;
#3355 = FACE_OUTER_BOUND ( 'NONE', #11408, .T. ) ;
#3356 = ORIENTED_EDGE ( 'NONE', *, *, #11162, .F. ) ;
#3357 =( GEOMETRIC_REPRESENTATION_CONTEXT ( 3 ) GLOBAL_UNCERTAINTY_ASSIGNED_CONTEXT ( ( #11615 ) ) GLOBAL_UNIT_ASSIGNED_CONTEXT ( ( #834, #12136, #11063 ) ) REPRESENTATION_CONTEXT ( 'NONE', 'WORKASPACE' ) );
#3358 = VERTEX_POINT ( 'NONE', #11585 ) ;
#3359 = CARTESIAN_POINT ( 'NONE',  ( 0.000000000000000000, 0.000000000000000000, 1.000000000000000000 ) ) ;
#3360 = CARTESIAN_POINT ( 'NONE',  ( 2.500000000000000000, -0.6731787588190680793, 0.3324007046244421559 ) ) ;
#3361 = STYLED_ITEM ( 'NONE', ( #2036 ), #2432 ) ;
#3362 = CARTESIAN_POINT ( 'NONE',  ( 2.501000000000000334, 0.6979149658781653720, 0.6551917858111756532 ) ) ;
#3363 = EDGE_CURVE ( 'NONE', #7919, #10337, #10003, .T. ) ;
#3364 =( LENGTH_UNIT ( ) NAMED_UNIT ( * ) SI_UNIT ( .MILLI., .METRE. ) );
#3365 = ADVANCED_FACE ( 'NONE', ( #7105 ), #9326, .T. ) ;
#3366 = VECTOR ( 'NONE', #3113, 1000.000000000000000 ) ;
#3367 = VECTOR ( 'NONE', #5607, 1000.000000000000000 ) ;
#3369 = SURFACE_SIDE_STYLE ('',( #9068 ) ) ;
#3368 = STYLED_ITEM ( 'NONE', ( #12201 ), #11759 ) ;
#3370 = MECHANICAL_DESIGN_GEOMETRIC_PRESENTATION_REPRESENTATION (  '', ( #10889 ), #6491 ) ;
#3371 = STYLED_ITEM ( 'NONE', ( #637 ), #12030 ) ;
#3372 = CARTESIAN_POINT ( 'NONE',  ( 2.501000000000000334, 0.2515468924018349761, 0.3393133308336281351 ) ) ;
#3373 = CARTESIAN_POINT ( 'NONE',  ( 2.500000000000000000, 0.2626723021069166109, 0.5574545416778604601 ) ) ;
#3374 = DIRECTION ( 'NONE',  ( 1.000000000000000000, 0.000000000000000000, -0.000000000000000000 ) ) ;
#3375 = DIRECTION ( 'NONE',  ( -0.000000000000000000, -0.000000000000000000, -1.000000000000000000 ) ) ;
#3376 = FACE_OUTER_BOUND ( 'NONE', #6580, .T. ) ;
#3377 = CARTESIAN_POINT ( 'NONE',  ( 2.501000000000000334, 0.2666753700843376707, 0.5930142624155795295 ) ) ;
#3378 = ORIENTED_EDGE ( 'NONE', *, *, #2905, .T. ) ;
#3379 = PRESENTATION_LAYER_ASSIGNMENT (  '', '', ( #9703 ) ) ;
#3380 = MECHANICAL_DESIGN_GEOMETRIC_PRESENTATION_REPRESENTATION (  '', ( #209 ), #3173 ) ;
#3381 = ORIENTED_EDGE ( 'NONE', *, *, #1707, .T. ) ;
#3382 = VECTOR ( 'NONE', #8782, 1000.000000000000000 ) ;
#3383 =( NAMED_UNIT ( * ) SI_UNIT ( $, .STERADIAN. ) SOLID_ANGLE_UNIT ( ) );
#3384 = SURFACE_SIDE_STYLE ('',( #11829 ) ) ;
#3385 = ADVANCED_FACE ( 'NONE', ( #11221, #6528 ), #1871, .F. ) ;
#3386 = CARTESIAN_POINT ( 'NONE',  ( 2.501000000000000334, -0.1237036615811425294, 0.5941243880140490985 ) ) ;
#3387 = SURFACE_SIDE_STYLE ('',( #7192 ) ) ;
#3388 = AXIS2_PLACEMENT_3D ( 'NONE', #8777, #3014, #10575 ) ;
#3389 = DIRECTION ( 'NONE',  ( -0.000000000000000000, -0.000000000000000000, -1.000000000000000000 ) ) ;
#3390 = FACE_OUTER_BOUND ( 'NONE', #5897, .T. ) ;
#3392 = EDGE_LOOP ( 'NONE', ( #8625, #1286, #9401, #5744 ) ) ;
#3391 = CARTESIAN_POINT ( 'NONE',  ( 2.501000000000000334, 0.6603017232545990156, 0.7482891102435336173 ) ) ;
#3393 = ORIENTED_EDGE ( 'NONE', *, *, #6134, .T. ) ;
#3394 = ORIENTED_EDGE ( 'NONE', *, *, #3066, .F. ) ;
#3395 = EDGE_LOOP ( 'NONE', ( #9959, #3318, #3296, #506 ) ) ;
#3396 = B_SPLINE_CURVE_WITH_KNOTS ( 'NONE', 3,
 ( #7163, #10972, #6271, #10044 ),
 .UNSPECIFIED., .F., .F.,
 ( 4, 4 ),
 ( 3.000000000000000000, 4.000000000000000000 ),
 .UNSPECIFIED. ) ;
#3397 = CARTESIAN_POINT ( 'NONE',  ( 2.501000000000000334, -0.4794164834778135154, 0.7228172406794669547 ) ) ;
#3398 = MECHANICAL_DESIGN_GEOMETRIC_PRESENTATION_REPRESENTATION (  '', ( #7513 ), #5148 ) ;
#3399 = EDGE_CURVE ( 'NONE', #8436, #5221, #7642, .T. ) ;
#3400 = CARTESIAN_POINT ( 'NONE',  ( 2.501000000000000334, 0.2631921810651727256, 0.2778636379800109024 ) ) ;
#3401 = DIRECTION ( 'NONE',  ( -0.000000000000000000, 1.000000000000000000, 3.198603716350137876E-15 ) ) ;
#3402 = DIRECTION ( 'NONE',  ( 0.000000000000000000, 2.981400461885572221E-15, -1.000000000000000000 ) ) ;
#3403 = PRESENTATION_LAYER_ASSIGNMENT (  '', '', ( #9930 ) ) ;
#3404 = LINE ( 'NONE', #774, #101 ) ;
#3405 = ORIENTED_EDGE ( 'NONE', *, *, #8095, .F. ) ;
#3406 = FACE_OUTER_BOUND ( 'NONE', #1219, .T. ) ;
#3407 = SURFACE_STYLE_FILL_AREA ( #1531 ) ;
#3408 = ORIENTED_EDGE ( 'NONE', *, *, #1414, .T. ) ;
#3409 = LINE ( 'NONE', #9910, #4281 ) ;
#3410 =( GEOMETRIC_REPRESENTATION_CONTEXT ( 3 ) GLOBAL_UNCERTAINTY_ASSIGNED_CONTEXT ( ( #10668 ) ) GLOBAL_UNIT_ASSIGNED_CONTEXT ( ( #2436, #8957, #10855 ) ) REPRESENTATION_CONTEXT ( 'NONE', 'WORKASPACE' ) );
#3411 = PRESENTATION_STYLE_ASSIGNMENT (( #4570 ) ) ;
#3412 = ORIENTED_EDGE ( 'NONE', *, *, #3720, .F. ) ;
#3413 = ORIENTED_EDGE ( 'NONE', *, *, #7643, .F. ) ;
#3414 = PRESENTATION_STYLE_ASSIGNMENT (( #11799 ) ) ;
#3415 = AXIS2_PLACEMENT_3D ( 'NONE', #9911, #4201, #10833 ) ;
#3416 =( LENGTH_UNIT ( ) NAMED_UNIT ( * ) SI_UNIT ( .MILLI., .METRE. ) );
#3417 = EDGE_CURVE ( 'NONE', #9729, #12070, #2772, .T. ) ;
#3418 = CARTESIAN_POINT ( 'NONE',  ( -2.200000000000000178, 0.2500000000000000000, 0.000000000000000000 ) ) ;
#3419 = ORIENTED_EDGE ( 'NONE', *, *, #10619, .T. ) ;
#3420 = LINE ( 'NONE', #11264, #2688 ) ;
#3421 = CARTESIAN_POINT ( 'NONE',  ( 2.501000000000000334, 0.9034751059326698863, 0.4323716643446922636 ) ) ;
#3422 = VERTEX_POINT ( 'NONE', #3 ) ;
#3423 = UNCERTAINTY_MEASURE_WITH_UNIT (LENGTH_MEASURE( 1.000000000000000082E-05 ), #3739, 'distance_accuracy_value', 'NONE');
#3424 = ORIENTED_EDGE ( 'NONE', *, *, #3832, .F. ) ;
#3425 = PRESENTATION_STYLE_ASSIGNMENT (( #9933 ) ) ;
#3426 =( NAMED_UNIT ( * ) PLANE_ANGLE_UNIT ( ) SI_UNIT ( $, .RADIAN. ) );
#3427 = AXIS2_PLACEMENT_3D ( 'NONE', #1317, #8760, #8450 ) ;
#3428 = CARTESIAN_POINT ( 'NONE',  ( 2.501000000000000334, 1.124735590525067552, 0.2846220644353035789 ) ) ;
#3429 = STYLED_ITEM ( 'NONE', ( #6664 ), #8459 ) ;
#3430 =( LENGTH_UNIT ( ) NAMED_UNIT ( * ) SI_UNIT ( .MILLI., .METRE. ) );
#3432 = ORIENTED_EDGE ( 'NONE', *, *, #2308, .T. ) ;
#3431 = LINE ( 'NONE', #10928, #10091 ) ;
#3433 = FILL_AREA_STYLE ('',( #8963 ) ) ;
#3434 = EDGE_CURVE ( 'NONE', #1007, #10199, #5674, .T. ) ;
#3435 = ORIENTED_EDGE ( 'NONE', *, *, #2387, .F. ) ;
#3436 =( GEOMETRIC_REPRESENTATION_CONTEXT ( 3 ) GLOBAL_UNCERTAINTY_ASSIGNED_CONTEXT ( ( #4421 ) ) GLOBAL_UNIT_ASSIGNED_CONTEXT ( ( #7351, #11878, #2900 ) ) REPRESENTATION_CONTEXT ( 'NONE', 'WORKASPACE' ) );
#3437 = SURFACE_STYLE_USAGE ( .BOTH. , #3384 ) ;
#3438 = CARTESIAN_POINT ( 'NONE',  ( 2.501000000000000334, 0.3187672416920634966, 0.3568852396201578348 ) ) ;
#3439 = FILL_AREA_STYLE_COLOUR ( '', #3980 ) ;
#3440 = SURFACE_STYLE_USAGE ( .BOTH. , #8245 ) ;
#3441 = DIRECTION ( 'NONE',  ( 0.000000000000000000, 0.000000000000000000, 1.000000000000000000 ) ) ;
#3442 = CARTESIAN_POINT ( 'NONE',  ( 2.501000000000000334, 0.6979149658781653720, 0.6551917858111756532 ) ) ;
#3443 = AXIS2_PLACEMENT_3D ( 'NONE', #869, #2976, #3835 ) ;
#3444 = DIRECTION ( 'NONE',  ( 0.000000000000000000, -1.000000000000000000, -2.762237911336029498E-15 ) ) ;
#3445 = CARTESIAN_POINT ( 'NONE',  ( 2.501000000000000334, 0.8705667678826980449, 0.2289950159133588570 ) ) ;
#3446 = AXIS2_PLACEMENT_3D ( 'NONE', #3870, #9463, #4749 ) ;
#3447 = VECTOR ( 'NONE', #6100, 1000.000000000000000 ) ;
#3449 = ORIENTED_EDGE ( 'NONE', *, *, #7196, .F. ) ;
#3448 = DIRECTION ( 'NONE',  ( 1.000000000000000000, -0.000000000000000000, 0.000000000000000000 ) ) ;
#3450 = ORIENTED_EDGE ( 'NONE', *, *, #42, .F. ) ;
#3451 = ADVANCED_FACE ( 'NONE', ( #2086 ), #7775, .F. ) ;
#3452 = ADVANCED_FACE ( 'NONE', ( #3100 ), #6832, .F. ) ;
#3453 = STYLED_ITEM ( 'NONE', ( #2377 ), #3365 ) ;
#3454 = COLOUR_RGB ( '',0.8509803921568627194, 0.8509803921568627194, 0.8509803921568627194 ) ;
#3455 = PRESENTATION_STYLE_ASSIGNMENT (( #8259 ) ) ;
#3456 =( LENGTH_UNIT ( ) NAMED_UNIT ( * ) SI_UNIT ( .MILLI., .METRE. ) );
#3457 = CARTESIAN_POINT ( 'NONE',  ( 2.500000000000000000, 0.6158780662799840933, 0.5516318973461908914 ) ) ;
#3458 = ORIENTED_EDGE ( 'NONE', *, *, #10905, .F. ) ;
#3459 = CARTESIAN_POINT ( 'NONE',  ( 2.501000000000000334, 0.7658111578125363916, 0.3438882656657558656 ) ) ;
#3460 = EDGE_CURVE ( 'NONE', #8386, #447, #3579, .T. ) ;
#3461 = UNCERTAINTY_MEASURE_WITH_UNIT (LENGTH_MEASURE( 1.000000000000000082E-05 ), #6891, 'distance_accuracy_value', 'NONE');
#3462 = PRESENTATION_LAYER_ASSIGNMENT (  '', '', ( #2862 ) ) ;
#3463 = ORIENTED_EDGE ( 'NONE', *, *, #11383, .T. ) ;
#3464 = FILL_AREA_STYLE ('',( #10032 ) ) ;
#3465 = LINE ( 'NONE', #6261, #3760 ) ;
#3466 = CARTESIAN_POINT ( 'NONE',  ( 2.501000000000000334, -0.6167852646828184682, 0.2456414743899958675 ) ) ;
#3467 = SURFACE_STYLE_FILL_AREA ( #438 ) ;
#3468 = CARTESIAN_POINT ( 'NONE',  ( 2.501000000000000334, 0.3285929540011500727, 0.3450319993737844815 ) ) ;
#3469 = B_SPLINE_SURFACE_WITH_KNOTS ( 'NONE', 3, 1, ( 
 ( #6781, #7838 ),
 ( #10840, #8864 ),
 ( #8938, #5986 ),
 ( #1297, #368 ) ),
 .UNSPECIFIED., .F., .F., .F.,
 ( 4, 4 ),
 ( 2, 2 ),
 ( 16.00000000000000000, 17.00000000000000000 ),
 ( 0.000000000000000000, 1.000000000000000000 ),
 .UNSPECIFIED. ) ;
#3470 = CARTESIAN_POINT ( 'NONE',  ( 2.500000000000000000, 0.5734559432940758983, 0.2070561238791161218 ) ) ;
#3471 = CARTESIAN_POINT ( 'NONE',  ( -0.4000000000000000777, 0.2500000000000000000, -3.000000000000000000 ) ) ;
#3472 = SURFACE_STYLE_FILL_AREA ( #2480 ) ;
#3473 = VERTEX_POINT ( 'NONE', #11871 ) ;
#3474 = CARTESIAN_POINT ( 'NONE',  ( 2.500000000000000000, 0.8705667678826980449, 0.2289950159133588570 ) ) ;
#3475 = CARTESIAN_POINT ( 'NONE',  ( 2.500000000000000000, 0.3376908357689463180, 0.5482006962220954405 ) ) ;
#3476 = EDGE_CURVE ( 'NONE', #105, #816, #7345, .T. ) ;
#3477 = ORIENTED_EDGE ( 'NONE', *, *, #7732, .F. ) ;
#3478 = ORIENTED_EDGE ( 'NONE', *, *, #11385, .T. ) ;
#3479 = VERTEX_POINT ( 'NONE', #11146 ) ;
#3480 = CARTESIAN_POINT ( 'NONE',  ( 2.500000000000000000, -0.6413670576146327518, 0.2196136611919112802 ) ) ;
#3481 = STYLED_ITEM ( 'NONE', ( #5729 ), #6278 ) ;
#3482 = EDGE_LOOP ( 'NONE', ( #6097, #6256, #4215, #10693 ) ) ;
#3483 = DIRECTION ( 'NONE',  ( 0.000000000000000000, 0.000000000000000000, 1.000000000000000000 ) ) ;
#3484 = CARTESIAN_POINT ( 'NONE',  ( 2.501000000000000334, 0.5168931126464334502, 0.7316139926607150290 ) ) ;
#3485 = LINE ( 'NONE', #8419, #5191 ) ;
#3486 = CARTESIAN_POINT ( 'NONE',  ( 2.500000000000000000, 0.8704108041940397111, 0.2521816174471465666 ) ) ;
#3487 = EDGE_CURVE ( 'NONE', #2662, #9410, #4411, .T. ) ;
#3489 = VERTEX_POINT ( 'NONE', #3471 ) ;
#3488 = PRESENTATION_STYLE_ASSIGNMENT (( #10861 ) ) ;
#3490 = ADVANCED_FACE ( 'NONE', ( #7218 ), #5745, .F. ) ;
#3491 = CARTESIAN_POINT ( 'NONE',  ( 2.501000000000000334, 0.9495363816256957579, 0.2574843828198626894 ) ) ;
#3492 = CARTESIAN_POINT ( 'NONE',  ( 2.501000000000000334, -0.8091015611271364927, 0.2311816578447544734 ) ) ;
#3493 = ORIENTED_EDGE ( 'NONE', *, *, #7270, .T. ) ;
#3494 = EDGE_LOOP ( 'NONE', ( #2666, #1716, #7219, #11967 ) ) ;
#3495 = VECTOR ( 'NONE', #8192, 1000.000000000000000 ) ;
#3496 = LINE ( 'NONE', #4436, #3495 ) ;
#3497 =( LENGTH_UNIT ( ) NAMED_UNIT ( * ) SI_UNIT ( .MILLI., .METRE. ) );
#3498 = CARTESIAN_POINT ( 'NONE',  ( 2.501000000000000334, 0.8700468889237408243, 0.6072589458695244469 ) ) ;
#3499 = PRESENTATION_STYLE_ASSIGNMENT (( #8248 ) ) ;
#3501 = VERTEX_POINT ( 'NONE', #1744 ) ;
#3500 =( NAMED_UNIT ( * ) SI_UNIT ( $, .STERADIAN. ) SOLID_ANGLE_UNIT ( ) );
#3502 = VECTOR ( 'NONE', #11596, 1000.000000000000000 ) ;
#3503 = B_SPLINE_CURVE_WITH_KNOTS ( 'NONE', 3,
 ( #2993, #10548, #7856, #4034 ),
 .UNSPECIFIED., .F., .F.,
 ( 4, 4 ),
 ( 7.000000000000000000, 8.000000000000000000 ),
 .UNSPECIFIED. ) ;
#3504 = ORIENTED_EDGE ( 'NONE', *, *, #4742, .T. ) ;
#3505 = CARTESIAN_POINT ( 'NONE',  ( 2.501000000000000334, 0.6930800915672588047, 0.3438882656657556436 ) ) ;
#3506 = SURFACE_STYLE_USAGE ( .BOTH. , #7510 ) ;
#3507 = CARTESIAN_POINT ( 'NONE',  ( 2.501000000000000334, 0.4050671487464481135, 0.3660351092830227970 ) ) ;
#3508 =( NAMED_UNIT ( * ) SI_UNIT ( $, .STERADIAN. ) SOLID_ANGLE_UNIT ( ) );
#3509 = EDGE_CURVE ( 'NONE', #6168, #1761, #4669, .T. ) ;
#3510 = ADVANCED_FACE ( 'NONE', ( #10105 ), #11155, .F. ) ;
#3511 = SURFACE_STYLE_USAGE ( .BOTH. , #658 ) ;
#3512 = EDGE_LOOP ( 'NONE', ( #6022, #9280, #9537, #5041 ) ) ;
#3513 = B_SPLINE_CURVE_WITH_KNOTS ( 'NONE', 3,
 ( #7083, #2416, #9183, #5280 ),
 .UNSPECIFIED., .F., .F.,
 ( 4, 4 ),
 ( 5.000000000000000000, 6.000000000000000000 ),
 .UNSPECIFIED. ) ;
#3514 = CARTESIAN_POINT ( 'NONE',  ( 2.500000000000000000, -0.7903037251517165407, 0.1733421710208657152 ) ) ;
#3515 =( NAMED_UNIT ( * ) SI_UNIT ( $, .STERADIAN. ) SOLID_ANGLE_UNIT ( ) );
#3517 = CARTESIAN_POINT ( 'NONE',  ( 0.000000000000000000, 0.2500000000000000000, 0.000000000000000000 ) ) ;
#3516 =( NAMED_UNIT ( * ) SI_UNIT ( $, .STERADIAN. ) SOLID_ANGLE_UNIT ( ) );
#3518 = CARTESIAN_POINT ( 'NONE',  ( 2.501000000000000334, 0.3887429494601593594, 0.3350503233774336787 ) ) ;
#3519 = FILL_AREA_STYLE_COLOUR ( '', #2229 ) ;
#3520 = EDGE_CURVE ( 'NONE', #8300, #8547, #4471, .T. ) ;
#3521 = CARTESIAN_POINT ( 'NONE',  ( 2.501000000000000334, 0.4703119579951469120, 0.2371051276597024027 ) ) ;
#3522 = ORIENTED_EDGE ( 'NONE', *, *, #10433, .F. ) ;
#3523 = LINE ( 'NONE', #7282, #3042 ) ;
#3524 = LINE ( 'NONE', #8222, #6488 ) ;
#3525 = ORIENTED_EDGE ( 'NONE', *, *, #10932, .F. ) ;
#3526 = VERTEX_POINT ( 'NONE', #5428 ) ;
#3527 =( GEOMETRIC_REPRESENTATION_CONTEXT ( 3 ) GLOBAL_UNCERTAINTY_ASSIGNED_CONTEXT ( ( #7424 ) ) GLOBAL_UNIT_ASSIGNED_CONTEXT ( ( #1577, #12007, #3500 ) ) REPRESENTATION_CONTEXT ( 'NONE', 'WORKASPACE' ) );
#3528 = B_SPLINE_CURVE_WITH_KNOTS ( 'NONE', 3,
 ( #5905, #10634, #2140, #1207 ),
 .UNSPECIFIED., .F., .F.,
 ( 4, 4 ),
 ( 4.000000000000000000, 5.000000000000000000 ),
 .UNSPECIFIED. ) ;
#3529 = UNCERTAINTY_MEASURE_WITH_UNIT (LENGTH_MEASURE( 1.000000000000000082E-05 ), #4067, 'distance_accuracy_value', 'NONE');
#3530 =( NAMED_UNIT ( * ) PLANE_ANGLE_UNIT ( ) SI_UNIT ( $, .RADIAN. ) );
#3531 = LINE ( 'NONE', #4589, #9087 ) ;
#3532 = EDGE_CURVE ( 'NONE', #850, #11881, #2663, .T. ) ;
#3533 = CARTESIAN_POINT ( 'NONE',  ( 2.501000000000000334, 0.6930800915672592488, 0.2521816174471459560 ) ) ;
#3534 = PRESENTATION_STYLE_ASSIGNMENT (( #11991 ) ) ;
#3535 =( NAMED_UNIT ( * ) SI_UNIT ( $, .STERADIAN. ) SOLID_ANGLE_UNIT ( ) );
#3536 = PRESENTATION_LAYER_ASSIGNMENT (  '', '', ( #9472 ) ) ;
#3537 = CARTESIAN_POINT ( 'NONE',  ( 2.500000000000000000, 0.3714309801537979960, 0.5600539364684635757 ) ) ;
#3538 = COLOUR_RGB ( '',0.000000000000000000, 0.000000000000000000, 0.000000000000000000 ) ;
#3540 = ORIENTED_EDGE ( 'NONE', *, *, #3801, .T. ) ;
#3539 = SURFACE_STYLE_FILL_AREA ( #9141 ) ;
#3541 = CARTESIAN_POINT ( 'NONE',  ( 2.500000000000000000, 0.2631921810651727256, 0.2699614778153062167 ) ) ;
#3542 = VERTEX_POINT ( 'NONE', #6519 ) ;
#3543 = PRESENTATION_LAYER_ASSIGNMENT (  '', '', ( #8275 ) ) ;
#3544 = ORIENTED_EDGE ( 'NONE', *, *, #1112, .F. ) ;
#3545 = FACE_OUTER_BOUND ( 'NONE', #6871, .T. ) ;
#3546 = VECTOR ( 'NONE', #8268, 1000.000000000000000 ) ;
#3547 = VECTOR ( 'NONE', #8116, 1000.000000000000000 ) ;
#3548 = VECTOR ( 'NONE', #184, 1000.000000000000114 ) ;
#3549 = ADVANCED_FACE ( 'NONE', ( #2849 ), #5864, .F. ) ;
#3550 = EDGE_CURVE ( 'NONE', #6168, #579, #843, .T. ) ;
#3551 =( GEOMETRIC_REPRESENTATION_CONTEXT ( 3 ) GLOBAL_UNCERTAINTY_ASSIGNED_CONTEXT ( ( #2428 ) ) GLOBAL_UNIT_ASSIGNED_CONTEXT ( ( #2124, #4909, #171 ) ) REPRESENTATION_CONTEXT ( 'NONE', 'WORKASPACE' ) );
#3552 = CARTESIAN_POINT ( 'NONE',  ( 2.500000000000000000, 0.4453057801077996425, 0.3775764221548525423 ) ) ;
#3553 = CARTESIAN_POINT ( 'NONE',  ( 2.501000000000000334, -0.6731787312390495881, 0.5840025495275701362 ) ) ;
#3554 = VERTEX_POINT ( 'NONE', #6559 ) ;
#3555 = PRESENTATION_LAYER_ASSIGNMENT (  '', '', ( #7300 ) ) ;
#3556 = CARTESIAN_POINT ( 'NONE',  ( 2.500000000000000000, 0.4407308452763668560, 0.2878453139763706425 ) ) ;
#3557 =( GEOMETRIC_REPRESENTATION_CONTEXT ( 3 ) GLOBAL_UNCERTAINTY_ASSIGNED_CONTEXT ( ( #146 ) ) GLOBAL_UNIT_ASSIGNED_CONTEXT ( ( #2440, #6362, #5254 ) ) REPRESENTATION_CONTEXT ( 'NONE', 'WORKASPACE' ) );
#3558 = CARTESIAN_POINT ( 'NONE',  ( 2.501000000000000334, 0.6948476800243670315, 0.7280788157451079101 ) ) ;
#3559 = CARTESIAN_POINT ( 'NONE',  ( 2.500000000000000000, 0.4866881451771898903, 0.2551969154037940779 ) ) ;
#3560 = MECHANICAL_DESIGN_GEOMETRIC_PRESENTATION_REPRESENTATION (  '', ( #4560 ), #11095 ) ;
#3561 = LINE ( 'NONE', #11005, #11325 ) ;
#3562 = MECHANICAL_DESIGN_GEOMETRIC_PRESENTATION_REPRESENTATION (  '', ( #8932 ), #8117 ) ;
#3563 = DIRECTION ( 'NONE',  ( 0.000000000000000000, -3.032704250676643646E-15, 1.000000000000000000 ) ) ;
#3564 = COLOUR_RGB ( '',0.000000000000000000, 0.000000000000000000, 0.000000000000000000 ) ;
#3565 = DIRECTION ( 'NONE',  ( -0.000000000000000000, -0.3559357243643118118, 0.9345104387438658566 ) ) ;
#3566 = CARTESIAN_POINT ( 'NONE',  ( 2.501000000000000334, 0.6179575821130161017, 0.7550085457775255193 ) ) ;
#3567 = VECTOR ( 'NONE', #6658, 1000.000000000000000 ) ;
#3568 = ADVANCED_FACE ( 'NONE', ( #9586 ), #7418, .F. ) ;
#3569 = COLOUR_RGB ( '',0.000000000000000000, 0.000000000000000000, 0.000000000000000000 ) ;
#3570 = EDGE_CURVE ( 'NONE', #9035, #7590, #7442, .T. ) ;
#3571 = UNCERTAINTY_MEASURE_WITH_UNIT (LENGTH_MEASURE( 1.000000000000000082E-05 ), #1089, 'distance_accuracy_value', 'NONE');
#3572 = CARTESIAN_POINT ( 'NONE',  ( 2.501000000000000334, -0.6428130227208699310, 0.3324007046244422670 ) ) ;
#3573 = CARTESIAN_POINT ( 'NONE',  ( 1.700000000000000178, -0.2500000000000000000, -3.500000000000000000 ) ) ;
#3574 = CARTESIAN_POINT ( 'NONE',  ( 2.501000000000000334, 0.3011953329062287410, 0.2464629489069816715 ) ) ;
#3575 = SURFACE_STYLE_USAGE ( .BOTH. , #2711 ) ;
#3576 = COLOUR_RGB ( '',0.8509803921568627194, 0.8509803921568627194, 0.8509803921568627194 ) ;
#3577 = CARTESIAN_POINT ( 'NONE',  ( 2.500000000000000000, 0.4453057801077998645, 0.3113438428846952988 ) ) ;
#3578 = FACE_OUTER_BOUND ( 'NONE', #11999, .T. ) ;
#3579 = LINE ( 'NONE', #5422, #11131 ) ;
#3580 =( NAMED_UNIT ( * ) PLANE_ANGLE_UNIT ( ) SI_UNIT ( $, .RADIAN. ) );
#3581 = VERTEX_POINT ( 'NONE', #9507 ) ;
#3582 = FILL_AREA_STYLE ('',( #8462 ) ) ;
#3583 = VECTOR ( 'NONE', #5526, 1000.000000000000000 ) ;
#3584 = CARTESIAN_POINT ( 'NONE',  ( 2.501000000000000334, 0.7715818142484478503, 0.4089771112278829390 ) ) ;
#3585 = DIRECTION ( 'NONE',  ( 0.000000000000000000, -8.762561441094639049E-15, 1.000000000000000000 ) ) ;
#3586 =( GEOMETRIC_REPRESENTATION_CONTEXT ( 3 ) GLOBAL_UNCERTAINTY_ASSIGNED_CONTEXT ( ( #11366 ) ) GLOBAL_UNIT_ASSIGNED_CONTEXT ( ( #10570, #2280, #6869 ) ) REPRESENTATION_CONTEXT ( 'NONE', 'WORKASPACE' ) );
#3587 = FILL_AREA_STYLE ('',( #2661 ) ) ;
#3588 = VERTEX_POINT ( 'NONE', #7619 ) ;
#3589 = ADVANCED_FACE ( 'NONE', ( #11422 ), #2000, .F. ) ;
#3590 = VERTEX_POINT ( 'NONE', #5779 ) ;
#3591 = MECHANICAL_DESIGN_GEOMETRIC_PRESENTATION_REPRESENTATION (  '', ( #7336 ), #5555 ) ;
#3592 = COLOUR_RGB ( '',0.000000000000000000, 0.000000000000000000, 0.000000000000000000 ) ;
#3593 = FACE_OUTER_BOUND ( 'NONE', #6982, .T. ) ;
#3594 = DIRECTION ( 'NONE',  ( -1.000000000000000000, -0.000000000000000000, -0.000000000000000000 ) ) ;
#3595 = FILL_AREA_STYLE_COLOUR ( '', #8093 ) ;
#3596 = VECTOR ( 'NONE', #2623, 1000.000000000000000 ) ;
#3597 = FACE_OUTER_BOUND ( 'NONE', #6276, .T. ) ;
#3598 = CARTESIAN_POINT ( 'NONE',  ( 2.501000000000000334, 0.5284344255175712490, 0.3742491968222728671 ) ) ;
#3599 =( NAMED_UNIT ( * ) PLANE_ANGLE_UNIT ( ) SI_UNIT ( $, .RADIAN. ) );
#3600 = CARTESIAN_POINT ( 'NONE',  ( 2.501000000000000334, 0.2415132285097208176, 0.2445913846569753858 ) ) ;
#3601 = PRESENTATION_LAYER_ASSIGNMENT (  '', '', ( #4776 ) ) ;
#3602 = STYLED_ITEM ( 'NONE', ( #6178 ), #2988 ) ;
#3604 = ORIENTED_EDGE ( 'NONE', *, *, #3670, .F. ) ;
#3603 = DIRECTION ( 'NONE',  ( 0.000000000000000000, 0.000000000000000000, 1.000000000000000000 ) ) ;
#3605 = CARTESIAN_POINT ( 'NONE',  ( 2.501000000000000334, 0.4605382335818141160, 0.2660103977336463199 ) ) ;
#3606 = EDGE_CURVE ( 'NONE', #4657, #1530, #1595, .T. ) ;
#3607 = MECHANICAL_DESIGN_GEOMETRIC_PRESENTATION_REPRESENTATION (  '', ( #9379 ), #295 ) ;
#3608 =( NAMED_UNIT ( * ) PLANE_ANGLE_UNIT ( ) SI_UNIT ( $, .RADIAN. ) );
#3609 = AXIS2_PLACEMENT_3D ( 'NONE', #9787, #10589, #1293 ) ;
#3610 = FILL_AREA_STYLE_COLOUR ( '', #398 ) ;
#3611 = DIRECTION ( 'NONE',  ( 0.000000000000000000, 1.000000000000000000, 3.104947329618985886E-15 ) ) ;
#3612 = VECTOR ( 'NONE', #5714, 1000.000000000000000 ) ;
#3613 = EDGE_CURVE ( 'NONE', #3862, #8501, #8843, .T. ) ;
#3614 = COLOUR_RGB ( '',0.8509803921568627194, 0.8509803921568627194, 0.8509803921568627194 ) ;
#3615 = VECTOR ( 'NONE', #11993, 1000.000000000000000 ) ;
#3616 = ORIENTED_EDGE ( 'NONE', *, *, #2482, .T. ) ;
#3617 = FILL_AREA_STYLE_COLOUR ( '', #3803 ) ;
#3618 = FILL_AREA_STYLE_COLOUR ( '', #763 ) ;
#3619 =( NAMED_UNIT ( * ) SI_UNIT ( $, .STERADIAN. ) SOLID_ANGLE_UNIT ( ) );
#3620 = VECTOR ( 'NONE', #11224, 1000.000000000000000 ) ;
#3621 = STYLED_ITEM ( 'NONE', ( #543 ), #8910 ) ;
#3622 = COLOUR_RGB ( '',0.000000000000000000, 0.000000000000000000, 0.000000000000000000 ) ;
#3623 = DIRECTION ( 'NONE',  ( 0.000000000000000000, -1.000000000000000000, 0.000000000000000000 ) ) ;
#3624 = CARTESIAN_POINT ( 'NONE',  ( 2.500000000000000000, 0.9802092401581361525, 0.3634357144924221239 ) ) ;
#3625 = LINE ( 'NONE', #6442, #8302 ) ;
#3626 = ORIENTED_EDGE ( 'NONE', *, *, #3983, .T. ) ;
#3627 = SURFACE_STYLE_USAGE ( .BOTH. , #2938 ) ;
#3628 = ADVANCED_FACE ( 'NONE', ( #943 ), #10490, .T. ) ;
#3629 = CARTESIAN_POINT ( 'NONE',  ( -0.3999999999999999667, -0.2500000000000000000, -6.244015795117517112E-17 ) ) ;
#3630 = COLOUR_RGB ( '',0.000000000000000000, 0.000000000000000000, 0.000000000000000000 ) ;
#3631 = CARTESIAN_POINT ( 'NONE',  ( 2.500000000000000000, 0.5717403427327214516, 0.2597718502359203652 ) ) ;
#3632 = ORIENTED_EDGE ( 'NONE', *, *, #6357, .T. ) ;
#3633 = VECTOR ( 'NONE', #4798, 1000.000000000000000 ) ;
#3634 = AXIS2_PLACEMENT_3D ( 'NONE', #3685, #1902, #1078 ) ;
#3635 = CARTESIAN_POINT ( 'NONE',  ( 2.501000000000000334, 0.4539877587088579358, 0.2798391780201487378 ) ) ;
#3636 = VECTOR ( 'NONE', #5137, 1000.000000000000000 ) ;
#3637 = DIRECTION ( 'NONE',  ( 0.000000000000000000, 1.000000000000000000, 2.677136871685363581E-15 ) ) ;
#3639 = DIRECTION ( 'NONE',  ( -1.000000000000000000, 0.000000000000000000, -3.252606517456513302E-16 ) ) ;
#3638 = CARTESIAN_POINT ( 'NONE',  ( 2.501000000000000334, -0.4085630900562654544, 0.8095764709139163795 ) ) ;
#3640 = LINE ( 'NONE', #9408, #7568 ) ;
#3641 = ORIENTED_EDGE ( 'NONE', *, *, #2525, .F. ) ;
#3642 = DIRECTION ( 'NONE',  ( -1.000000000000000000, -0.000000000000000000, -0.000000000000000000 ) ) ;
#3643 = CARTESIAN_POINT ( 'NONE',  ( 2.500000000000000000, 0.1035893409101124873, 0.2289950159133561369 ) ) ;
#3644 = COLOUR_RGB ( '',0.000000000000000000, 0.000000000000000000, 0.000000000000000000 ) ;
#3645 =( NAMED_UNIT ( * ) PLANE_ANGLE_UNIT ( ) SI_UNIT ( $, .RADIAN. ) );
#3646 = UNCERTAINTY_MEASURE_WITH_UNIT (LENGTH_MEASURE( 1.000000000000000082E-05 ), #11500, 'distance_accuracy_value', 'NONE');
#3647 = B_SPLINE_CURVE_WITH_KNOTS ( 'NONE', 3,
 ( #9387, #882, #11301, #937 ),
 .UNSPECIFIED., .F., .F.,
 ( 4, 4 ),
 ( 4.000000000000000000, 5.000000000000000000 ),
 .UNSPECIFIED. ) ;
#3648 = B_SPLINE_CURVE_WITH_KNOTS ( 'NONE', 3,
 ( #11489, #6555, #2019, #10375 ),
 .UNSPECIFIED., .F., .F.,
 ( 4, 4 ),
 ( 11.00000000000000000, 12.00000000000000000 ),
 .UNSPECIFIED. ) ;
#3649 = UNCERTAINTY_MEASURE_WITH_UNIT (LENGTH_MEASURE( 1.000000000000000082E-05 ), #5553, 'distance_accuracy_value', 'NONE');
#3650 = VECTOR ( 'NONE', #7130, 1000.000000000000000 ) ;
#3651 = B_SPLINE_CURVE_WITH_KNOTS ( 'NONE', 3,
 ( #6565, #9248, #10383, #3577 ),
 .UNSPECIFIED., .F., .F.,
 ( 4, 4 ),
 ( 15.00000000000000000, 16.00000000000000000 ),
 .UNSPECIFIED. ) ;
#3652 = FILL_AREA_STYLE ('',( #78 ) ) ;
#3653 = SURFACE_STYLE_FILL_AREA ( #6283 ) ;
#3654 = DIRECTION ( 'NONE',  ( -0.000000000000000000, 1.000000000000000000, -0.000000000000000000 ) ) ;
#3655 = ADVANCED_FACE ( 'NONE', ( #7861 ), #8614, .F. ) ;
#3656 =( NAMED_UNIT ( * ) PLANE_ANGLE_UNIT ( ) SI_UNIT ( $, .RADIAN. ) );
#3657 = ADVANCED_FACE ( 'NONE', ( #8098 ), #4862, .F. ) ;
#3658 = CARTESIAN_POINT ( 'NONE',  ( 2.500000000000000000, 0.2083449509788870557, 0.4323716643446898211 ) ) ;
#3660 = CARTESIAN_POINT ( 'NONE',  ( 2.500000000000000000, 0.4155167158053020282, 0.2463589731154729179 ) ) ;
#3659 = CARTESIAN_POINT ( 'NONE',  ( 2.500000000000000000, 0.6979149658781654830, 0.6298216926528421578 ) ) ;
#3661 = CARTESIAN_POINT ( 'NONE',  ( 2.501000000000000334, 0.3151280889849391031, 0.5482006962220953294 ) ) ;
#3663 = VERTEX_POINT ( 'NONE', #1788 ) ;
#3662 =( LENGTH_UNIT ( ) NAMED_UNIT ( * ) SI_UNIT ( .MILLI., .METRE. ) );
#3664 = LINE ( 'NONE', #9373, #2702 ) ;
#3665 = FACE_OUTER_BOUND ( 'NONE', #7057, .T. ) ;
#3666 = PLANE ( 'NONE',  #1385 ) ;
#3667 = ORIENTED_EDGE ( 'NONE', *, *, #5033, .T. ) ;
#3668 = SURFACE_STYLE_USAGE ( .BOTH. , #1883 ) ;
#3669 = CARTESIAN_POINT ( 'NONE',  ( 2.500000000000000000, -0.5444858785736326201, 0.8095764709139159354 ) ) ;
#3670 = EDGE_CURVE ( 'NONE', #6043, #1817, #5533, .T. ) ;
#3671 = CARTESIAN_POINT ( 'NONE',  ( 2.501000000000000334, -0.06441815449166982122, 0.5174870514261157295 ) ) ;
#3672 = DIRECTION ( 'NONE',  ( -0.000000000000000000, -1.000000000000000000, -0.000000000000000000 ) ) ;
#3673 = SURFACE_STYLE_FILL_AREA ( #11114 ) ;
#3674 = ORIENTED_EDGE ( 'NONE', *, *, #11806, .T. ) ;
#3675 = VERTEX_POINT ( 'NONE', #8452 ) ;
#3676 = ORIENTED_EDGE ( 'NONE', *, *, #6033, .T. ) ;
#3677 = STYLED_ITEM ( 'NONE', ( #3165 ), #5901 ) ;
#3678 = PRESENTATION_STYLE_ASSIGNMENT (( #3506 ) ) ;
#3679 = CARTESIAN_POINT ( 'NONE',  ( 2.500000000000000000, 0.3714309801537973854, 0.7226720745808750124 ) ) ;
#3680 =( NAMED_UNIT ( * ) PLANE_ANGLE_UNIT ( ) SI_UNIT ( $, .RADIAN. ) );
#3681 = B_SPLINE_CURVE_WITH_KNOTS ( 'NONE', 3,
 ( #1284, #5099, #4927, #2029 ),
 .UNSPECIFIED., .F., .F.,
 ( 4, 4 ),
 ( 0.000000000000000000, 1.000000000000000000 ),
 .UNSPECIFIED. ) ;
#3682 = CARTESIAN_POINT ( 'NONE',  ( 2.500000000000000000, -0.1164737257285018007, 0.2933590951473956654 ) ) ;
#3683 = ADVANCED_FACE ( 'NONE', ( #4623 ), #11405, .F. ) ;
#3684 =( NAMED_UNIT ( * ) PLANE_ANGLE_UNIT ( ) SI_UNIT ( $, .RADIAN. ) );
#3685 = CARTESIAN_POINT ( 'NONE',  ( 2.501000000000000334, 0.5569237924247600890, 0.2293069432879014657 ) ) ;
#3686 = FILL_AREA_STYLE_COLOUR ( '', #10900 ) ;
#3687 = EDGE_LOOP ( 'NONE', ( #857, #1645, #6617, #10193 ) ) ;
#3688 = DIRECTION ( 'NONE',  ( 0.000000000000000000, 1.000000000000000000, 4.165559366827285751E-15 ) ) ;
#3689 = CARTESIAN_POINT ( 'NONE',  ( 2.501000000000000334, 0.5097187830237068784, 0.1613067755606346354 ) ) ;
#3690 = PRESENTATION_STYLE_ASSIGNMENT (( #8399 ) ) ;
#3691 =( NAMED_UNIT ( * ) SI_UNIT ( $, .STERADIAN. ) SOLID_ANGLE_UNIT ( ) );
#3692 = EDGE_CURVE ( 'NONE', #6074, #7665, #12173, .T. ) ;
#3693 = PRESENTATION_STYLE_ASSIGNMENT (( #3818 ) ) ;
#3694 = CARTESIAN_POINT ( 'NONE',  ( 2.501000000000000334, 0.4304892298005331686, 0.2463589731154729734 ) ) ;
#3695 = ORIENTED_EDGE ( 'NONE', *, *, #1813, .T. ) ;
#3696 =( LENGTH_UNIT ( ) NAMED_UNIT ( * ) SI_UNIT ( .MILLI., .METRE. ) );
#3697 = SURFACE_STYLE_FILL_AREA ( #8277 ) ;
#3698 = CARTESIAN_POINT ( 'NONE',  ( 2.501000000000000334, -0.7180043390425292493, 0.6895595329987668221 ) ) ;
#3699 = DIRECTION ( 'NONE',  ( -1.000000000000000000, -0.000000000000000000, -0.000000000000000000 ) ) ;
#3700 = CARTESIAN_POINT ( 'NONE',  ( 2.500000000000000000, 0.4999450586103735272, 0.3742491968222727561 ) ) ;
#3701 = PRESENTATION_STYLE_ASSIGNMENT (( #1808 ) ) ;
#3702 = FILL_AREA_STYLE_COLOUR ( '', #995 ) ;
#3703 = CARTESIAN_POINT ( 'NONE',  ( 2.501000000000000334, 1.080026000124486352, 0.3954602583145310768 ) ) ;
#3704 = FACE_BOUND ( 'NONE', #2351, .T. ) ;
#3705 = CARTESIAN_POINT ( 'NONE',  ( 2.500000000000000000, -0.5271340490744736984, 0.1979239639526812200 ) ) ;
#3707 = CARTESIAN_POINT ( 'NONE',  ( 2.501000000000000334, 0.4121375025776595202, 0.7550085457775248532 ) ) ;
#3706 = DIRECTION ( 'NONE',  ( -1.000000000000000000, -0.000000000000000000, -0.000000000000000000 ) ) ;
#3708 = VERTEX_POINT ( 'NONE', #990 ) ;
#3709 = CARTESIAN_POINT ( 'NONE',  ( 2.500000000000000000, 0.1298432282970049256, 0.4089771112278807186 ) ) ;
#3710 = CARTESIAN_POINT ( 'NONE',  ( 2.500000000000000000, 0.2373541968443407257, 0.2678819619836516064 ) ) ;
#3712 = ORIENTED_EDGE ( 'NONE', *, *, #8483, .F. ) ;
#3711 = CARTESIAN_POINT ( 'NONE',  ( 2.500000000000000000, 0.3015592481772202960, 0.3775764221548519872 ) ) ;
#3713 = SURFACE_STYLE_USAGE ( .BOTH. , #8423 ) ;
#3714 = AXIS2_PLACEMENT_3D ( 'NONE', #6594, #10416, #1005 ) ;
#3715 = CARTESIAN_POINT ( 'NONE',  ( 2.501000000000000334, -0.06297218938474401229, 0.4307278763517052855 ) ) ;
#3716 = ORIENTED_EDGE ( 'NONE', *, *, #10986, .F. ) ;
#3717 = EDGE_CURVE ( 'NONE', #9556, #10400, #9870, .T. ) ;
#3718 = ORIENTED_EDGE ( 'NONE', *, *, #8848, .F. ) ;
#3719 = DIRECTION ( 'NONE',  ( 0.000000000000000000, -0.3315284183576441834, -0.9434452330799487640 ) ) ;
#3720 = EDGE_CURVE ( 'NONE', #3126, #9829, #5498, .T. ) ;
#3721 = DIRECTION ( 'NONE',  ( -0.000000000000000000, -0.000000000000000000, 1.000000000000000000 ) ) ;
#3722 = DIRECTION ( 'NONE',  ( -1.000000000000000000, -0.000000000000000000, -0.000000000000000000 ) ) ;
#3723 = PLANE ( 'NONE',  #5919 ) ;
#3724 = MECHANICAL_DESIGN_GEOMETRIC_PRESENTATION_REPRESENTATION (  '', ( #11820 ), #10653 ) ;
#3725 = COLOUR_RGB ( '',0.000000000000000000, 0.000000000000000000, 0.000000000000000000 ) ;
#3726 = UNCERTAINTY_MEASURE_WITH_UNIT (LENGTH_MEASURE( 1.000000000000000082E-05 ), #7024, 'distance_accuracy_value', 'NONE');
#3727 = CARTESIAN_POINT ( 'NONE',  ( 2.501000000000000334, 0.3189232053793272237, 0.5715952493389055977 ) ) ;
#3728 = FILL_AREA_STYLE_COLOUR ( '', #28 ) ;
#3730 = ORIENTED_EDGE ( 'NONE', *, *, #3093, .F. ) ;
#3729 = CYLINDRICAL_SURFACE ( 'NONE', #3714, 2.899999999999999911 ) ;
#3731 = PRESENTATION_LAYER_ASSIGNMENT (  '', '', ( #568 ) ) ;
#3732 = ORIENTED_EDGE ( 'NONE', *, *, #4668, .T. ) ;
#3733 =( GEOMETRIC_REPRESENTATION_CONTEXT ( 3 ) GLOBAL_UNCERTAINTY_ASSIGNED_CONTEXT ( ( #2114 ) ) GLOBAL_UNIT_ASSIGNED_CONTEXT ( ( #1306, #8815, #1372 ) ) REPRESENTATION_CONTEXT ( 'NONE', 'WORKASPACE' ) );
#3734 = STYLED_ITEM ( 'NONE', ( #8515 ), #11747 ) ;
#3735 = AXIS2_PLACEMENT_3D ( 'NONE', #3812, #11386, #5472 ) ;
#3736 = EDGE_CURVE ( 'NONE', #10611, #4957, #90, .T. ) ;
#3737 = CARTESIAN_POINT ( 'NONE',  ( 2.501000000000000334, 0.3587459335746319145, 0.7556324005279899669 ) ) ;
#3738 = CARTESIAN_POINT ( 'NONE',  ( 2.500000000000000000, 0.8312119307491994125, 0.7147699144161706597 ) ) ;
#3739 =( LENGTH_UNIT ( ) NAMED_UNIT ( * ) SI_UNIT ( .MILLI., .METRE. ) );
#3740 = CARTESIAN_POINT ( 'NONE',  ( 2.500000000000000000, 0.4866881451771898903, 0.2551969154037940779 ) ) ;
#3741 =( GEOMETRIC_REPRESENTATION_CONTEXT ( 3 ) GLOBAL_UNCERTAINTY_ASSIGNED_CONTEXT ( ( #9128 ) ) GLOBAL_UNIT_ASSIGNED_CONTEXT ( ( #10804, #9871, #3901 ) ) REPRESENTATION_CONTEXT ( 'NONE', 'WORKASPACE' ) );
#3742 = VECTOR ( 'NONE', #10161, 1000.000000000000000 ) ;
#3743 = CARTESIAN_POINT ( 'NONE',  ( 2.501000000000000334, 0.5439268184703665021, 0.1605789450186507206 ) ) ;
#3744 = DIRECTION ( 'NONE',  ( 0.000000000000000000, 1.000000000000000000, 3.737436600434502284E-15 ) ) ;
#3745 = CARTESIAN_POINT ( 'NONE',  ( 2.501000000000000334, 0.2278404119097885427, 0.5944699234981505320 ) ) ;
#3746 = ORIENTED_EDGE ( 'NONE', *, *, #10557, .T. ) ;
#3747 = ORIENTED_EDGE ( 'NONE', *, *, #91, .T. ) ;
#3748 = FILL_AREA_STYLE ('',( #6557 ) ) ;
#3749 = EDGE_CURVE ( 'NONE', #4844, #10431, #10398, .T. ) ;
#3750 = VECTOR ( 'NONE', #6910, 1000.000000000000000 ) ;
#3751 = DIRECTION ( 'NONE',  ( 0.000000000000000000, 2.981400461829031010E-15, -1.000000000000000000 ) ) ;
#3752 = VECTOR ( 'NONE', #10620, 1000.000000000000114 ) ;
#3753 = VECTOR ( 'NONE', #3081, 1000.000000000000000 ) ;
#3754 = LINE ( 'NONE', #9347, #2767 ) ;
#3755 = SURFACE_SIDE_STYLE ('',( #10268 ) ) ;
#3756 = CARTESIAN_POINT ( 'NONE',  ( 2.501000000000000334, 0.4129173210147061290, 0.2255638147892600198 ) ) ;
#3757 = VERTEX_POINT ( 'NONE', #8548 ) ;
#3758 = SURFACE_STYLE_FILL_AREA ( #3582 ) ;
#3759 = CARTESIAN_POINT ( 'NONE',  ( 0.000000000000000000, 0.000000000000000000, 6.199999999999999289 ) ) ;
#3760 = VECTOR ( 'NONE', #4334, 1000.000000000000000 ) ;
#3761 = PRESENTATION_LAYER_ASSIGNMENT (  '', '', ( #5927 ) ) ;
#3762 = CARTESIAN_POINT ( 'NONE',  ( 2.501000000000000334, 0.8423373404535873243, 0.7550085457775262965 ) ) ;
#3763 = CARTESIAN_POINT ( 'NONE',  ( 2.500000000000000000, 1.085900632350526029, 0.3921330329833358497 ) ) ;
#3764 = ORIENTED_EDGE ( 'NONE', *, *, #2448, .T. ) ;
#3765 = ADVANCED_FACE ( 'NONE', ( #2728 ), #7483, .F. ) ;
#3766 =( NAMED_UNIT ( * ) SI_UNIT ( $, .STERADIAN. ) SOLID_ANGLE_UNIT ( ) );
#3767 =( LENGTH_UNIT ( ) NAMED_UNIT ( * ) SI_UNIT ( .MILLI., .METRE. ) );
#3768 = CARTESIAN_POINT ( 'NONE',  ( 2.500000000000000000, -0.9638221856206155014, 0.3439685909572182121 ) ) ;
#3769 =( LENGTH_UNIT ( ) NAMED_UNIT ( * ) SI_UNIT ( .MILLI., .METRE. ) );
#3770 = B_SPLINE_CURVE_WITH_KNOTS ( 'NONE', 3,
 ( #4446, #2746, #764, #4613 ),
 .UNSPECIFIED., .F., .F.,
 ( 4, 4 ),
 ( 5.000000000000000000, 6.000000000000000000 ),
 .UNSPECIFIED. ) ;
#3771 = FACE_BOUND ( 'NONE', #5601, .T. ) ;
#3773 = SURFACE_STYLE_USAGE ( .BOTH. , #6784 ) ;
#3772 = SURFACE_SIDE_STYLE ('',( #9267 ) ) ;
#3774 = ORIENTED_EDGE ( 'NONE', *, *, #5845, .T. ) ;
#3775 = B_SPLINE_CURVE_WITH_KNOTS ( 'NONE', 3,
 ( #6582, #11282, #3837, #9317 ),
 .UNSPECIFIED., .F., .F.,
 ( 4, 4 ),
 ( 2.000000000000000000, 3.000000000000000000 ),
 .UNSPECIFIED. ) ;
#3777 = ORIENTED_EDGE ( 'NONE', *, *, #10956, .F. ) ;
#3776 = DIRECTION ( 'NONE',  ( -0.000000000000000000, 0.3315284183576441834, 0.9434452330799488751 ) ) ;
#3778 = CARTESIAN_POINT ( 'NONE',  ( 2.500000000000000000, 0.4605382335818141160, 0.2660103977336463199 ) ) ;
#3779 = VERTEX_POINT ( 'NONE', #8497 ) ;
#3780 =( GEOMETRIC_REPRESENTATION_CONTEXT ( 3 ) GLOBAL_UNCERTAINTY_ASSIGNED_CONTEXT ( ( #4790 ) ) GLOBAL_UNIT_ASSIGNED_CONTEXT ( ( #9071, #4916, #235 ) ) REPRESENTATION_CONTEXT ( 'NONE', 'WORKASPACE' ) );
#3781 = LINE ( 'NONE', #1057, #267 ) ;
#3782 = CARTESIAN_POINT ( 'NONE',  ( 2.501000000000000334, 0.2900179353060841625, 0.2464629489069816159 ) ) ;
#3783 = STYLED_ITEM ( 'NONE', ( #4741 ), #9792 ) ;
#3784 = LINE ( 'NONE', #7558, #4839 ) ;
#3785 =( LENGTH_UNIT ( ) NAMED_UNIT ( * ) SI_UNIT ( .MILLI., .METRE. ) );
#3786 = CARTESIAN_POINT ( 'NONE',  ( 2.501000000000000334, 0.4383913899645452417, 0.5748184988799739381 ) ) ;
#3788 = ORIENTED_EDGE ( 'NONE', *, *, #6430, .F. ) ;
#3787 = FILL_AREA_STYLE ('',( #7498 ) ) ;
#3789 = ORIENTED_EDGE ( 'NONE', *, *, #4818, .F. ) ;
#3790 =( NAMED_UNIT ( * ) SI_UNIT ( $, .STERADIAN. ) SOLID_ANGLE_UNIT ( ) );
#3791 = EDGE_LOOP ( 'NONE', ( #5309, #4287, #11891, #5231 ) ) ;
#3792 = VECTOR ( 'NONE', #5987, 1000.000000000000000 ) ;
#3793 =( LENGTH_UNIT ( ) NAMED_UNIT ( * ) SI_UNIT ( .MILLI., .METRE. ) );
#3794 = FACE_OUTER_BOUND ( 'NONE', #8846, .T. ) ;
#3795 = CARTESIAN_POINT ( 'NONE',  ( 2.500000000000000000, -1.469693845669906240, 1.000000000000000000 ) ) ;
#3796 = STYLED_ITEM ( 'NONE', ( #6938 ), #4244 ) ;
#3797 = CARTESIAN_POINT ( 'NONE',  ( 2.500000000000000000, 0.2680790432718422323, 0.7121705196255647685 ) ) ;
#3798 = EDGE_CURVE ( 'NONE', #11299, #11837, #7502, .T. ) ;
#3799 = DIRECTION ( 'NONE',  ( -1.000000000000000000, -0.000000000000000000, -0.000000000000000000 ) ) ;
#3800 = PRODUCT ( 'LED-TH_4P-BD5.8-P1.30-RGB', 'LED-TH_4P-BD5.8-P1.30-RGB', '', ( #8807 ) ) ;
#3801 = EDGE_CURVE ( 'NONE', #4518, #5318, #3647, .T. ) ;
#3802 = MECHANICAL_DESIGN_GEOMETRIC_PRESENTATION_REPRESENTATION (  '', ( #11132 ), #6348 ) ;
#3803 = COLOUR_RGB ( '',0.8509803921568627194, 0.8509803921568627194, 0.8509803921568627194 ) ;
#3804 = DIRECTION ( 'NONE',  ( 0.000000000000000000, -3.726750577356964881E-15, 1.000000000000000000 ) ) ;
#3805 = CARTESIAN_POINT ( 'NONE',  ( 2.501000000000000334, -0.6731787588190680793, 0.3324007046244421559 ) ) ;
#3806 = ORIENTED_EDGE ( 'NONE', *, *, #8721, .F. ) ;
#3807 = UNCERTAINTY_MEASURE_WITH_UNIT (LENGTH_MEASURE( 1.000000000000000082E-05 ), #5564, 'distance_accuracy_value', 'NONE');
#3808 = COLOUR_RGB ( '',0.8509803921568627194, 0.8509803921568627194, 0.8509803921568627194 ) ;
#3809 = DIRECTION ( 'NONE',  ( -0.000000000000000000, -1.000000000000000000, -3.260615420683595854E-15 ) ) ;
#3810 = PRESENTATION_STYLE_ASSIGNMENT (( #1966 ) ) ;
#3811 = DIRECTION ( 'NONE',  ( 0.000000000000000000, 1.000000000000000000, 3.528747247177437243E-15 ) ) ;
#3812 = CARTESIAN_POINT ( 'NONE',  ( 2.501000000000000334, 0.1035893409101107526, 0.7550085457775238540 ) ) ;
#3813 = DIRECTION ( 'NONE',  ( -0.000000000000000000, -3.331453071942049694E-15, 1.000000000000000000 ) ) ;
#3814 = FILL_AREA_STYLE_COLOUR ( '', #7872 ) ;
#3815 = SURFACE_SIDE_STYLE ('',( #6563 ) ) ;
#3816 = CARTESIAN_POINT ( 'NONE',  ( 2.500000000000000000, 0.4149968368470454694, 0.3373377907934927422 ) ) ;
#3817 = CARTESIAN_POINT ( 'NONE',  ( 2.500000000000000000, -0.2495045012926461192, 0.7025734120177948849 ) ) ;
#3818 = SURFACE_STYLE_USAGE ( .BOTH. , #5475 ) ;
#3819 = CARTESIAN_POINT ( 'NONE',  ( 2.500000000000000000, 0.2581493551705456579, 0.2294109190794095809 ) ) ;
#3820 = ORIENTED_EDGE ( 'NONE', *, *, #3606, .F. ) ;
#3821 = EDGE_CURVE ( 'NONE', #11137, #6163, #7025, .T. ) ;
#3822 =( NAMED_UNIT ( * ) SI_UNIT ( $, .STERADIAN. ) SOLID_ANGLE_UNIT ( ) );
#3823 = VECTOR ( 'NONE', #6450, 1000.000000000000000 ) ;
#3824 = STYLED_ITEM ( 'NONE', ( #4078 ), #374 ) ;
#3825 = CARTESIAN_POINT ( 'NONE',  ( 2.500000000000000000, 0.4539877587088579358, 0.2798391780201487378 ) ) ;
#3826 = ORIENTED_EDGE ( 'NONE', *, *, #2399, .F. ) ;
#3827 =( GEOMETRIC_REPRESENTATION_CONTEXT ( 3 ) GLOBAL_UNCERTAINTY_ASSIGNED_CONTEXT ( ( #12161 ) ) GLOBAL_UNIT_ASSIGNED_CONTEXT ( ( #633, #693, #7236 ) ) REPRESENTATION_CONTEXT ( 'NONE', 'WORKASPACE' ) );
#3828 = LINE ( 'NONE', #6462, #1591 ) ;
#3829 = B_SPLINE_CURVE_WITH_KNOTS ( 'NONE', 3,
 ( #5171, #8990, #5338, #9232 ),
 .UNSPECIFIED., .F., .F.,
 ( 4, 4 ),
 ( 6.000000000000000000, 7.000000000000000000 ),
 .UNSPECIFIED. ) ;
#3830 = VECTOR ( 'NONE', #9717, 1000.000000000000000 ) ;
#3831 = CARTESIAN_POINT ( 'NONE',  ( 2.500000000000000000, 0.2699506075211635103, 0.2883651929339415276 ) ) ;
#3832 = EDGE_CURVE ( 'NONE', #10918, #6927, #12189, .T. ) ;
#3833 = CARTESIAN_POINT ( 'NONE',  ( 2.500000000000000000, 0.3540670229509985112, 0.2289950159133570251 ) ) ;
#3834 = EDGE_LOOP ( 'NONE', ( #4877, #936, #5427, #11491 ) ) ;
#3835 = DIRECTION ( 'NONE',  ( -4.336808689942017736E-16, 0.000000000000000000, -1.000000000000000000 ) ) ;
#3836 = FILL_AREA_STYLE ('',( #11995 ) ) ;
#3838 = ORIENTED_EDGE ( 'NONE', *, *, #5683, .T. ) ;
#3837 = CARTESIAN_POINT ( 'NONE',  ( 2.500000000000000000, 0.6617313903899824101, 0.5818888527111901743 ) ) ;
#3839 =( NAMED_UNIT ( * ) SI_UNIT ( $, .STERADIAN. ) SOLID_ANGLE_UNIT ( ) );
#3840 = VERTEX_POINT ( 'NONE', #6852 ) ;
#3841 = EDGE_LOOP ( 'NONE', ( #8155, #3078, #5006, #11473 ) ) ;
#3842 = CARTESIAN_POINT ( 'NONE',  ( 2.501000000000000334, 0.9453773499610098607, 0.2874294108103194745 ) ) ;
#3843 = EDGE_CURVE ( 'NONE', #6711, #1974, #9817, .T. ) ;
#3844 = UNCERTAINTY_MEASURE_WITH_UNIT (LENGTH_MEASURE( 1.000000000000000082E-05 ), #10950, 'distance_accuracy_value', 'NONE');
#3845 = SURFACE_SIDE_STYLE ('',( #10244 ) ) ;
#3847 = SURFACE_STYLE_FILL_AREA ( #11294 ) ;
#3846 = LINE ( 'NONE', #2920, #2878 ) ;
#3848 = CARTESIAN_POINT ( 'NONE',  ( 2.501000000000000334, 0.3540670229509983447, 0.3224692525890843209 ) ) ;
#3850 = EDGE_LOOP ( 'NONE', ( #1990, #9457, #929, #2840 ) ) ;
#3849 = CARTESIAN_POINT ( 'NONE',  ( 2.500000000000000000, -0.4808624485847420305, 0.8095764709139161575 ) ) ;
#3851 = LINE ( 'NONE', #2923, #3567 ) ;
#3852 = ORIENTED_EDGE ( 'NONE', *, *, #6428, .F. ) ;
#3853 = CARTESIAN_POINT ( 'NONE',  ( 2.501000000000000334, 0.6761840254269584349, 0.5960295603722350899 ) ) ;
#3854 = EDGE_LOOP ( 'NONE', ( #7287, #5053, #6626, #8080, #7440, #2793, #8081 ) ) ;
#3855 = SURFACE_STYLE_FILL_AREA ( #9392 ) ;
#3856 = FILL_AREA_STYLE_COLOUR ( '', #5301 ) ;
#3857 = CARTESIAN_POINT ( 'NONE',  ( 2.500000000000000000, 0.2538343598179009231, 0.6969900540466155148 ) ) ;
#3858 = CARTESIAN_POINT ( 'NONE',  ( 2.500000000000000000, 1.083873104413248800, 0.3996192899806042531 ) ) ;
#3859 = CARTESIAN_POINT ( 'NONE',  ( 2.500000000000000000, 0.2191584333087387981, 0.6190082103229908039 ) ) ;
#3860 = VECTOR ( 'NONE', #5068, 1000.000000000000000 ) ;
#3861 = VERTEX_POINT ( 'NONE', #8014 ) ;
#3862 = VERTEX_POINT ( 'NONE', #7803 ) ;
#3863 = CARTESIAN_POINT ( 'NONE',  ( 2.501000000000000334, 0.8264290443340454040, 0.7228800261639030111 ) ) ;
#3864 = SURFACE_STYLE_FILL_AREA ( #3916 ) ;
#3865 = PLANE ( 'NONE',  #8491 ) ;
#3866 = ADVANCED_FACE ( 'NONE', ( #5885 ), #6118, .T. ) ;
#3867 = EDGE_CURVE ( 'NONE', #12176, #11771, #4301, .T. ) ;
#3868 = SURFACE_STYLE_USAGE ( .BOTH. , #2893 ) ;
#3869 = CARTESIAN_POINT ( 'NONE',  ( 2.501000000000000334, 0.4149968368470454694, 0.3373377907934927422 ) ) ;
#3870 = CARTESIAN_POINT ( 'NONE',  ( 2.501000000000000334, 0.3285929540011501837, 0.2879492897678874730 ) ) ;
#3871 = FILL_AREA_STYLE ('',( #8585 ) ) ;
#3872 = ORIENTED_EDGE ( 'NONE', *, *, #12208, .T. ) ;
#3873 = FILL_AREA_STYLE ('',( #133 ) ) ;
#3874 = DIRECTION ( 'NONE',  ( 0.000000000000000000, 0.000000000000000000, 1.000000000000000000 ) ) ;
#3875 = ORIENTED_EDGE ( 'NONE', *, *, #6835, .T. ) ;
#3876 =( NAMED_UNIT ( * ) PLANE_ANGLE_UNIT ( ) SI_UNIT ( $, .RADIAN. ) );
#3877 = PLANE ( 'NONE',  #3232 ) ;
#3878 = ADVANCED_FACE ( 'NONE', ( #3376 ), #1096, .T. ) ;
#3879 = LINE ( 'NONE', #10341, #8933 ) ;
#3880 = LINE ( 'NONE', #11339, #10256 ) ;
#3881 = SURFACE_STYLE_FILL_AREA ( #8801 ) ;
#3882 = SURFACE_STYLE_USAGE ( .BOTH. , #11445 ) ;
#3883 =( LENGTH_UNIT ( ) NAMED_UNIT ( * ) SI_UNIT ( .MILLI., .METRE. ) );
#3884 = CARTESIAN_POINT ( 'NONE',  ( 2.501000000000000334, 0.4121375025776595202, 0.7550085457775248532 ) ) ;
#3885 = FACE_BOUND ( 'NONE', #11626, .T. ) ;
#3886 = CARTESIAN_POINT ( 'NONE',  ( 2.500000000000000000, 0.2991678049696441799, 0.3568852396201577237 ) ) ;
#3887 = VERTEX_POINT ( 'NONE', #8130 ) ;
#3888 = VERTEX_POINT ( 'NONE', #7376 ) ;
#3889 = LINE ( 'NONE', #8871, #3860 ) ;
#3890 = ORIENTED_EDGE ( 'NONE', *, *, #4435, .F. ) ;
#3891 = ORIENTED_EDGE ( 'NONE', *, *, #9539, .T. ) ;
#3892 = CARTESIAN_POINT ( 'NONE',  ( 1.699999999999999956, 0.2500000000000000000, 0.000000000000000000 ) ) ;
#3893 = ORIENTED_EDGE ( 'NONE', *, *, #6301, .F. ) ;
#3894 = EDGE_CURVE ( 'NONE', #2059, #699, #1759, .T. ) ;
#3895 = CARTESIAN_POINT ( 'NONE',  ( 2.500000000000000000, 0.9453773499610098607, 0.2874294108103194745 ) ) ;
#3896 =( NAMED_UNIT ( * ) SI_UNIT ( $, .STERADIAN. ) SOLID_ANGLE_UNIT ( ) );
#3897 = ORIENTED_EDGE ( 'NONE', *, *, #7596, .F. ) ;
#3898 = CARTESIAN_POINT ( 'NONE',  ( 2.500000000000000000, 0.2991678049696441799, 0.3568852396201577237 ) ) ;
#3899 = CARTESIAN_POINT ( 'NONE',  ( 2.501000000000000334, 0.6930800915672585827, 0.4089771112278826615 ) ) ;
#3900 =( NAMED_UNIT ( * ) PLANE_ANGLE_UNIT ( ) SI_UNIT ( $, .RADIAN. ) );
#3901 =( NAMED_UNIT ( * ) SI_UNIT ( $, .STERADIAN. ) SOLID_ANGLE_UNIT ( ) );
#3903 = ORIENTED_EDGE ( 'NONE', *, *, #3832, .T. ) ;
#3902 =( LENGTH_UNIT ( ) NAMED_UNIT ( * ) SI_UNIT ( .MILLI., .METRE. ) );
#3904 = DIRECTION ( 'NONE',  ( -1.000000000000000000, -0.000000000000000000, -0.000000000000000000 ) ) ;
#3905 =( NAMED_UNIT ( * ) SI_UNIT ( $, .STERADIAN. ) SOLID_ANGLE_UNIT ( ) );
#3906 = UNCERTAINTY_MEASURE_WITH_UNIT (LENGTH_MEASURE( 1.000000000000000082E-05 ), #573, 'distance_accuracy_value', 'NONE');
#3907 = VERTEX_POINT ( 'NONE', #4429 ) ;
#3908 = EDGE_CURVE ( 'NONE', #2680, #5073, #11480, .T. ) ;
#3909 = EDGE_CURVE ( 'NONE', #1761, #10978, #2473, .T. ) ;
#3910 =( NAMED_UNIT ( * ) SI_UNIT ( $, .STERADIAN. ) SOLID_ANGLE_UNIT ( ) );
#3911 = SURFACE_SIDE_STYLE ('',( #401 ) ) ;
#3912 = CARTESIAN_POINT ( 'NONE',  ( 2.501000000000000334, -0.7498160402476569120, 0.6056923570868752993 ) ) ;
#3913 = ORIENTED_EDGE ( 'NONE', *, *, #10956, .T. ) ;
#3914 = COLOUR_RGB ( '',0.000000000000000000, 0.000000000000000000, 0.000000000000000000 ) ;
#3915 = ORIENTED_EDGE ( 'NONE', *, *, #11471, .T. ) ;
#3916 = FILL_AREA_STYLE ('',( #11429 ) ) ;
#3917 = VECTOR ( 'NONE', #11902, 1000.000000000000000 ) ;
#3918 = DIRECTION ( 'NONE',  ( 0.000000000000000000, -1.000000000000000000, -4.165559366827285751E-15 ) ) ;
#3919 = COLOUR_RGB ( '',0.000000000000000000, 0.000000000000000000, 0.000000000000000000 ) ;
#3920 = COLOUR_RGB ( '',0.000000000000000000, 0.000000000000000000, 0.000000000000000000 ) ;
#3921 = SURFACE_SIDE_STYLE ('',( #179 ) ) ;
#3922 = CARTESIAN_POINT ( 'NONE',  ( 0.000000000000000000, 0.000000000000000000, 1.000000000000000000 ) ) ;
#3923 = STYLED_ITEM ( 'NONE', ( #2533 ), #11684 ) ;
#3924 = MECHANICAL_DESIGN_GEOMETRIC_PRESENTATION_REPRESENTATION (  '', ( #1972 ), #7082 ) ;
#3925 = CARTESIAN_POINT ( 'NONE',  ( -0.9000000000000002442, 0.2500000000000000000, -3.000000000000000000 ) ) ;
#3926 = ORIENTED_EDGE ( 'NONE', *, *, #3460, .F. ) ;
#3927 = FILL_AREA_STYLE ('',( #10502 ) ) ;
#3928 = CARTESIAN_POINT ( 'NONE',  ( 1.699999999999999956, 0.2500000000000000000, 0.000000000000000000 ) ) ;
#3929 = VECTOR ( 'NONE', #11520, 1000.000000000000000 ) ;
#3930 = FILL_AREA_STYLE_COLOUR ( '', #6186 ) ;
#3931 = ORIENTED_EDGE ( 'NONE', *, *, #5391, .F. ) ;
#3932 = EDGE_CURVE ( 'NONE', #4200, #6678, #815, .T. ) ;
#3933 = UNCERTAINTY_MEASURE_WITH_UNIT (LENGTH_MEASURE( 1.000000000000000082E-05 ), #7335, 'distance_accuracy_value', 'NONE');
#3934 = COLOUR_RGB ( '',0.000000000000000000, 0.000000000000000000, 0.000000000000000000 ) ;
#3935 = DIRECTION ( 'NONE',  ( 0.000000000000000000, -0.9345104387417464409, -0.3559357243698763051 ) ) ;
#3936 = COLOUR_RGB ( '',0.000000000000000000, 0.000000000000000000, 0.000000000000000000 ) ;
#3937 = ORIENTED_EDGE ( 'NONE', *, *, #9455, .T. ) ;
#3938 = VECTOR ( 'NONE', #11570, 1000.000000000000000 ) ;
#3939 = VERTEX_POINT ( 'NONE', #8371 ) ;
#3940 = SURFACE_SIDE_STYLE ('',( #191 ) ) ;
#3941 = CARTESIAN_POINT ( 'NONE',  ( 2.501000000000000334, -0.9855119931785354392, 0.5203790367986217413 ) ) ;
#3942 = CARTESIAN_POINT ( 'NONE',  ( 2.500000000000000000, -0.9855119931785349952, 0.4003621126734829283 ) ) ;
#3943 = B_SPLINE_CURVE_WITH_KNOTS ( 'NONE', 3,
 ( #906, #5473, #11256, #4745 ),
 .UNSPECIFIED., .F., .F.,
 ( 4, 4 ),
 ( 2.000000000000000000, 3.000000000000000000 ),
 .UNSPECIFIED. ) ;
#3944 = STYLED_ITEM ( 'NONE', ( #3810 ), #1961 ) ;
#3945 =( GEOMETRIC_REPRESENTATION_CONTEXT ( 3 ) GLOBAL_UNCERTAINTY_ASSIGNED_CONTEXT ( ( #3461 ) ) GLOBAL_UNIT_ASSIGNED_CONTEXT ( ( #6891, #1345, #7974 ) ) REPRESENTATION_CONTEXT ( 'NONE', 'WORKASPACE' ) );
#3947 =( NAMED_UNIT ( * ) SI_UNIT ( $, .STERADIAN. ) SOLID_ANGLE_UNIT ( ) );
#3946 =( LENGTH_UNIT ( ) NAMED_UNIT ( * ) SI_UNIT ( .MILLI., .METRE. ) );
#3948 = LINE ( 'NONE', #2102, #7540 ) ;
#3949 = EDGE_CURVE ( 'NONE', #3708, #366, #6183, .T. ) ;
#3950 = EDGE_CURVE ( 'NONE', #8556, #6059, #9073, .T. ) ;
#3952 = VERTEX_POINT ( 'NONE', #11042 ) ;
#3951 = SURFACE_SIDE_STYLE ('',( #4018 ) ) ;
#3953 = ORIENTED_EDGE ( 'NONE', *, *, #365, .F. ) ;
#3954 = CARTESIAN_POINT ( 'NONE',  ( 2.501000000000000334, 0.3189232053793272237, 0.5715952493389055977 ) ) ;
#3956 = VERTEX_POINT ( 'NONE', #6298 ) ;
#3955 = STYLED_ITEM ( 'NONE', ( #10198 ), #7352 ) ;
#3957 = PRESENTATION_STYLE_ASSIGNMENT (( #10532 ) ) ;
#3958 = DIRECTION ( 'NONE',  ( -1.000000000000000000, -0.000000000000000000, -0.000000000000000000 ) ) ;
#3959 =( NAMED_UNIT ( * ) PLANE_ANGLE_UNIT ( ) SI_UNIT ( $, .RADIAN. ) );
#3960 =( GEOMETRIC_REPRESENTATION_CONTEXT ( 3 ) GLOBAL_UNCERTAINTY_ASSIGNED_CONTEXT ( ( #8502 ) ) GLOBAL_UNIT_ASSIGNED_CONTEXT ( ( #8100, #4272, #6966 ) ) REPRESENTATION_CONTEXT ( 'NONE', 'WORKASPACE' ) );
#3961 = UNCERTAINTY_MEASURE_WITH_UNIT (LENGTH_MEASURE( 1.000000000000000082E-05 ), #11960, 'distance_accuracy_value', 'NONE');
#3962 = FILL_AREA_STYLE_COLOUR ( '', #6393 ) ;
#3964 = CARTESIAN_POINT ( 'NONE',  ( 2.501000000000000334, 0.4304892298005331686, 0.2463589731154729734 ) ) ;
#3963 =( LENGTH_UNIT ( ) NAMED_UNIT ( * ) SI_UNIT ( .MILLI., .METRE. ) );
#3965 = ADVANCED_FACE ( 'NONE', ( #2555 ), #1980, .F. ) ;
#3966 = VECTOR ( 'NONE', #5916, 1000.000000000000000 ) ;
#3968 = ORIENTED_EDGE ( 'NONE', *, *, #5501, .F. ) ;
#3967 = CARTESIAN_POINT ( 'NONE',  ( 2.501000000000000334, -0.7295722253752995323, 0.6910055256850216043 ) ) ;
#3969 = FILL_AREA_STYLE ('',( #218 ) ) ;
#3970 = SURFACE_STYLE_FILL_AREA ( #5945 ) ;
#3971 = DIRECTION ( 'NONE',  ( -1.000000000000000000, -0.000000000000000000, -0.000000000000000000 ) ) ;
#3972 = VERTEX_POINT ( 'NONE', #8656 ) ;
#3973 = VECTOR ( 'NONE', #7533, 1000.000000000000000 ) ;
#3974 = ORIENTED_EDGE ( 'NONE', *, *, #6200, .T. ) ;
#3975 = MECHANICAL_DESIGN_GEOMETRIC_PRESENTATION_REPRESENTATION (  '', ( #5354 ), #11505 ) ;
#3976 = SURFACE_STYLE_USAGE ( .BOTH. , #8697 ) ;
#3977 = CARTESIAN_POINT ( 'NONE',  ( 2.501000000000000334, 0.8312119307491993014, 0.7147699144161706597 ) ) ;
#3978 = CARTESIAN_POINT ( 'NONE',  ( 2.500000000000000000, 0.2681310311675959568, 0.7484580709052610636 ) ) ;
#3979 = LINE ( 'NONE', #5153, #11713 ) ;
#3980 = COLOUR_RGB ( '',0.000000000000000000, 0.000000000000000000, 0.000000000000000000 ) ;
#3981 = CARTESIAN_POINT ( 'NONE',  ( 2.501000000000000334, 0.5734559432940758983, 0.2070561238791161218 ) ) ;
#3982 =( NAMED_UNIT ( * ) SI_UNIT ( $, .STERADIAN. ) SOLID_ANGLE_UNIT ( ) );
#3983 = EDGE_CURVE ( 'NONE', #7321, #10776, #4528, .T. ) ;
#3985 = CARTESIAN_POINT ( 'NONE',  ( 2.501000000000000334, 0.4797217671381801551, 0.3711299230727124199 ) ) ;
#3984 =( NAMED_UNIT ( * ) PLANE_ANGLE_UNIT ( ) SI_UNIT ( $, .RADIAN. ) );
#3986 = ORIENTED_EDGE ( 'NONE', *, *, #2482, .F. ) ;
#3987 = STYLED_ITEM ( 'NONE', ( #5336 ), #9976 ) ;
#3988 = MECHANICAL_DESIGN_GEOMETRIC_PRESENTATION_REPRESENTATION (  '', ( #7943 ), #5766 ) ;
#3989 = ORIENTED_EDGE ( 'NONE', *, *, #11313, .F. ) ;
#3990 = CARTESIAN_POINT ( 'NONE',  ( 2.501000000000000334, 0.1035893409101124873, 0.2289950159133561369 ) ) ;
#3991 = SURFACE_STYLE_USAGE ( .BOTH. , #240 ) ;
#3992 = CARTESIAN_POINT ( 'NONE',  ( 2.501000000000000334, 0.3887429494601591373, 0.3479433215389324263 ) ) ;
#3993 = PRESENTATION_LAYER_ASSIGNMENT (  '', '', ( #4624 ) ) ;
#3994 =( NAMED_UNIT ( * ) PLANE_ANGLE_UNIT ( ) SI_UNIT ( $, .RADIAN. ) );
#3995 = CARTESIAN_POINT ( 'NONE',  ( 2.501000000000000334, 0.8253372985217704016, 0.7180971397487506680 ) ) ;
#3996 = CARTESIAN_POINT ( 'NONE',  ( 2.501000000000000334, 0.3285929540011501837, 0.2879492897678874730 ) ) ;
#3997 = FILL_AREA_STYLE_COLOUR ( '', #7981 ) ;
#3998 = CARTESIAN_POINT ( 'NONE',  ( 2.500000000000000000, 0.2826356541003285372, 0.3775764221548518762 ) ) ;
#3999 = ORIENTED_EDGE ( 'NONE', *, *, #6586, .F. ) ;
#4000 = FACE_OUTER_BOUND ( 'NONE', #1180, .T. ) ;
#4001 = SURFACE_SIDE_STYLE ('',( #8720 ) ) ;
#4002 = CARTESIAN_POINT ( 'NONE',  ( 2.500000000000000000, -0.3218039149811601218, 0.3164948678129326787 ) ) ;
#4003 = AXIS2_PLACEMENT_3D ( 'NONE', #8903, #4379, #9826 ) ;
#4004 = SURFACE_STYLE_USAGE ( .BOTH. , #253 ) ;
#4005 = LINE ( 'NONE', #8726, #239 ) ;
#4006 = ORIENTED_EDGE ( 'NONE', *, *, #10197, .T. ) ;
#4007 = VECTOR ( 'NONE', #11004, 1000.000000000000000 ) ;
#4008 =( GEOMETRIC_REPRESENTATION_CONTEXT ( 3 ) GLOBAL_UNCERTAINTY_ASSIGNED_CONTEXT ( ( #10156 ) ) GLOBAL_UNIT_ASSIGNED_CONTEXT ( ( #11367, #8437, #3790 ) ) REPRESENTATION_CONTEXT ( 'NONE', 'WORKASPACE' ) );
#4009 = LINE ( 'NONE', #9599, #9488 ) ;
#4010 = CARTESIAN_POINT ( 'NONE',  ( 2.501000000000000334, 0.7715818142484478503, 0.4323716643446917640 ) ) ;
#4011 = SURFACE_STYLE_FILL_AREA ( #7986 ) ;
#4012 = SURFACE_SIDE_STYLE ('',( #1424 ) ) ;
#4013 = VECTOR ( 'NONE', #4579, 1000.000000000000000 ) ;
#4014 = COLOUR_RGB ( '',0.000000000000000000, 0.000000000000000000, 0.000000000000000000 ) ;
#4016 =( NAMED_UNIT ( * ) PLANE_ANGLE_UNIT ( ) SI_UNIT ( $, .RADIAN. ) );
#4015 = CARTESIAN_POINT ( 'NONE',  ( 2.500000000000000000, 0.2452563570083526878, 0.5759622325880048299 ) ) ;
#4017 = AXIS2_PLACEMENT_3D ( 'NONE', #4266, #7826, #10825 ) ;
#4018 = SURFACE_STYLE_FILL_AREA ( #3233 ) ;
#4019 = CARTESIAN_POINT ( 'NONE',  ( 2.501000000000000334, 0.6930800915672585827, 0.4089771112278826615 ) ) ;
#4020 = FACE_OUTER_BOUND ( 'NONE', #922, .T. ) ;
#4021 = FACE_OUTER_BOUND ( 'NONE', #4571, .T. ) ;
#4022 = ORIENTED_EDGE ( 'NONE', *, *, #3801, .F. ) ;
#4023 = EDGE_LOOP ( 'NONE', ( #3897, #9243, #5753, #1059 ) ) ;
#4024 = PRESENTATION_LAYER_ASSIGNMENT (  '', '', ( #9379 ) ) ;
#4025 = CARTESIAN_POINT ( 'NONE',  ( 2.500000000000000000, 0.4293974839882578332, 0.3775764221548524313 ) ) ;
#4026 = CARTESIAN_POINT ( 'NONE',  ( 2.500000000000000000, 1.048365371572667515, 0.3076007143860646220 ) ) ;
#4027 = LINE ( 'NONE', #8675, #2037 ) ;
#4028 = CARTESIAN_POINT ( 'NONE',  ( 2.500000000000000000, -0.9175505575494772303, 0.6230441176359816646 ) ) ;
#4029 = ADVANCED_FACE ( 'NONE', ( #6771 ), #1350, .F. ) ;
#4030 = ADVANCED_FACE ( 'NONE', ( #6086, #8994 ), #4968, .F. ) ;
#4031 = VERTEX_POINT ( 'NONE', #2185 ) ;
#4033 = EDGE_LOOP ( 'NONE', ( #7758, #6680, #7543, #10047 ) ) ;
#4032 = CARTESIAN_POINT ( 'NONE',  ( 2.501000000000000334, 0.2452563570083526878, 0.5759622325880048299 ) ) ;
#4034 = CARTESIAN_POINT ( 'NONE',  ( 2.500000000000000000, 0.3714309801537973854, 0.7226720745808750124 ) ) ;
#4035 = PRESENTATION_STYLE_ASSIGNMENT (( #5946 ) ) ;
#4036 = CARTESIAN_POINT ( 'NONE',  ( 2.501000000000000334, 0.2658955516472936154, 0.3509586194969750439 ) ) ;
#4037 = CARTESIAN_POINT ( 'NONE',  ( 2.500000000000000000, -0.5271340490744739204, 0.2919131300411538232 ) ) ;
#4038 = VERTEX_POINT ( 'NONE', #163 ) ;
#4039 = DIRECTION ( 'NONE',  ( 0.000000000000000000, -0.5048830486499255032, 0.8631877589412148000 ) ) ;
#4040 = EDGE_CURVE ( 'NONE', #7359, #1821, #3503, .T. ) ;
#4041 = VECTOR ( 'NONE', #1803, 1000.000000000000000 ) ;
#4042 = PLANE ( 'NONE',  #1202 ) ;
#4043 = CARTESIAN_POINT ( 'NONE',  ( 2.501000000000000334, 0.3279171113556229034, 0.2514537869051606811 ) ) ;
#4044 = CARTESIAN_POINT ( 'NONE',  ( 2.500000000000000000, -0.6717327661321198518, 0.1328545412775395118 ) ) ;
#4045 =( LENGTH_UNIT ( ) NAMED_UNIT ( * ) SI_UNIT ( .MILLI., .METRE. ) );
#4046 = CARTESIAN_POINT ( 'NONE',  ( 2.500000000000000000, 0.2538343598179009231, 0.6969900540466155148 ) ) ;
#4047 = ORIENTED_EDGE ( 'NONE', *, *, #4040, .F. ) ;
#4048 =( GEOMETRIC_REPRESENTATION_CONTEXT ( 3 ) GLOBAL_UNCERTAINTY_ASSIGNED_CONTEXT ( ( #3189 ) ) GLOBAL_UNIT_ASSIGNED_CONTEXT ( ( #10726, #5549, #680 ) ) REPRESENTATION_CONTEXT ( 'NONE', 'WORKASPACE' ) );
#4049 = ORIENTED_EDGE ( 'NONE', *, *, #7567, .T. ) ;
#4050 =( NAMED_UNIT ( * ) PLANE_ANGLE_UNIT ( ) SI_UNIT ( $, .RADIAN. ) );
#4051 = LINE ( 'NONE', #2892, #11685 ) ;
#4052 = EDGE_CURVE ( 'NONE', #11632, #9829, #11756, .T. ) ;
#4053 = FACE_OUTER_BOUND ( 'NONE', #11583, .T. ) ;
#4054 = FILL_AREA_STYLE_COLOUR ( '', #11853 ) ;
#4055 = CARTESIAN_POINT ( 'NONE',  ( 2.501000000000000334, 1.174488006820971320, 0.2289950159133598839 ) ) ;
#4056 = SURFACE_SIDE_STYLE ('',( #8783 ) ) ;
#4057 = CARTESIAN_POINT ( 'NONE',  ( 2.500000000000000000, 0.4325167577371252237, 0.3163346808828755852 ) ) ;
#4058 = CARTESIAN_POINT ( 'NONE',  ( 2.501000000000000334, 0.4797217671381802662, 0.3711299230727123644 ) ) ;
#4059 = LINE ( 'NONE', #5908, #3830 ) ;
#4060 = VERTEX_POINT ( 'NONE', #4901 ) ;
#4061 = STYLED_ITEM ( 'NONE', ( #7389 ), #5737 ) ;
#4062 = LINE ( 'NONE', #11561, #2753 ) ;
#4063 = SURFACE_SIDE_STYLE ('',( #10585 ) ) ;
#4064 = SURFACE_STYLE_USAGE ( .BOTH. , #8794 ) ;
#4065 = UNCERTAINTY_MEASURE_WITH_UNIT (LENGTH_MEASURE( 1.000000000000000082E-05 ), #6829, 'distance_accuracy_value', 'NONE');
#4066 = SURFACE_STYLE_USAGE ( .BOTH. , #2298 ) ;
#4067 =( LENGTH_UNIT ( ) NAMED_UNIT ( * ) SI_UNIT ( .MILLI., .METRE. ) );
#4068 = DIRECTION ( 'NONE',  ( -0.000000000000000000, 1.000000000000000000, 3.737436600613186379E-15 ) ) ;
#4069 = ORIENTED_EDGE ( 'NONE', *, *, #5291, .F. ) ;
#4070 = DIRECTION ( 'NONE',  ( -0.000000000000000000, -1.000000000000000000, -0.000000000000000000 ) ) ;
#4071 = EDGE_CURVE ( 'NONE', #4254, #11632, #694, .T. ) ;
#4072 = DIRECTION ( 'NONE',  ( -1.000000000000000000, 0.000000000000000000, -0.000000000000000000 ) ) ;
#4073 = EDGE_CURVE ( 'NONE', #7874, #5246, #338, .T. ) ;
#4074 =( NAMED_UNIT ( * ) PLANE_ANGLE_UNIT ( ) SI_UNIT ( $, .RADIAN. ) );
#4075 =( LENGTH_UNIT ( ) NAMED_UNIT ( * ) SI_UNIT ( .MILLI., .METRE. ) );
#4076 = CARTESIAN_POINT ( 'NONE',  ( 2.501000000000000334, 0.2467120180916193561, 0.6267024189046717098 ) ) ;
#4077 = CARTESIAN_POINT ( 'NONE',  ( 2.501000000000000334, 0.5312937597876492557, 0.1824138612613750710 ) ) ;
#4078 = PRESENTATION_STYLE_ASSIGNMENT (( #10046 ) ) ;
#4080 = ORIENTED_EDGE ( 'NONE', *, *, #1080, .F. ) ;
#4079 = APPLICATION_PROTOCOL_DEFINITION ( 'draft international standard', 'automotive_design', 1998, #820 ) ;
#4081 = SURFACE_STYLE_USAGE ( .BOTH. , #8809 ) ;
#4082 = ORIENTED_EDGE ( 'NONE', *, *, #10871, .F. ) ;
#4083 = ORIENTED_EDGE ( 'NONE', *, *, #8483, .T. ) ;
#4084 = ORIENTED_EDGE ( 'NONE', *, *, #5543, .T. ) ;
#4085 = LINE ( 'NONE', #2316, #9194 ) ;
#4086 = ORIENTED_EDGE ( 'NONE', *, *, #2941, .T. ) ;
#4087 =( LENGTH_UNIT ( ) NAMED_UNIT ( * ) SI_UNIT ( .MILLI., .METRE. ) );
#4088 = UNCERTAINTY_MEASURE_WITH_UNIT (LENGTH_MEASURE( 1.000000000000000082E-05 ), #1323, 'distance_accuracy_value', 'NONE');
#4089 = SURFACE_STYLE_FILL_AREA ( #7734 ) ;
#4091 = ORIENTED_EDGE ( 'NONE', *, *, #4643, .F. ) ;
#4090 = FACE_OUTER_BOUND ( 'NONE', #4982, .T. ) ;
#4092 =( LENGTH_UNIT ( ) NAMED_UNIT ( * ) SI_UNIT ( .MILLI., .METRE. ) );
#4093 = EDGE_CURVE ( 'NONE', #9768, #8212, #4165, .T. ) ;
#4094 = CARTESIAN_POINT ( 'NONE',  ( 2.501000000000000334, -0.6543809090536403250, 0.7531829698819683117 ) ) ;
#4095 = PLANE ( 'NONE',  #9302 ) ;
#4096 = EDGE_CURVE ( 'NONE', #10216, #10762, #5316, .T. ) ;
#4097 = ORIENTED_EDGE ( 'NONE', *, *, #8504, .T. ) ;
#4098 = VERTEX_POINT ( 'NONE', #4428 ) ;
#4099 = FILL_AREA_STYLE_COLOUR ( '', #9133 ) ;
#4100 = CARTESIAN_POINT ( 'NONE',  ( 2.501000000000000334, 0.6756121585722466572, 0.7124824470001057675 ) ) ;
#4101 =( NAMED_UNIT ( * ) PLANE_ANGLE_UNIT ( ) SI_UNIT ( $, .RADIAN. ) );
#4102 = B_SPLINE_CURVE_WITH_KNOTS ( 'NONE', 3,
 ( #5565, #1637, #5311, #7484 ),
 .UNSPECIFIED., .F., .F.,
 ( 4, 4 ),
 ( 21.00000000000000000, 22.00000000000000000 ),
 .UNSPECIFIED. ) ;
#4103 = DIRECTION ( 'NONE',  ( -1.000000000000000000, -0.000000000000000000, -0.000000000000000000 ) ) ;
#4104 = PLANE ( 'NONE',  #9519 ) ;
#4105 = FACE_OUTER_BOUND ( 'NONE', #352, .T. ) ;
#4106 = CARTESIAN_POINT ( 'NONE',  ( 2.500000000000000000, 0.2467120180916191341, 0.6510327541464869805 ) ) ;
#4107 = ADVANCED_FACE ( 'NONE', ( #8013 ), #1445, .F. ) ;
#4108 = ORIENTED_EDGE ( 'NONE', *, *, #11204, .F. ) ;
#4109 = ORIENTED_EDGE ( 'NONE', *, *, #1784, .F. ) ;
#4110 = ORIENTED_EDGE ( 'NONE', *, *, #806, .F. ) ;
#4111 = B_SPLINE_CURVE_WITH_KNOTS ( 'NONE', 3,
 ( #7263, #1842, #5345, #9172 ),
 .UNSPECIFIED., .F., .F.,
 ( 4, 4 ),
 ( 4.000000000000000000, 5.000000000000000000 ),
 .UNSPECIFIED. ) ;
#4112 = CARTESIAN_POINT ( 'NONE',  ( 2.501000000000000334, 0.8408816793710162107, 0.2521816174471464556 ) ) ;
#4113 = PRESENTATION_STYLE_ASSIGNMENT (( #7822 ) ) ;
#4114 = LINE ( 'NONE', #3022, #12014 ) ;
#4115 = CARTESIAN_POINT ( 'NONE',  ( 2.501000000000000334, -0.6731787312390495881, 0.5840025495275701362 ) ) ;
#4116 = SURFACE_SIDE_STYLE ('',( #4991 ) ) ;
#4117 =( NAMED_UNIT ( * ) SI_UNIT ( $, .STERADIAN. ) SOLID_ANGLE_UNIT ( ) );
#4118 = CARTESIAN_POINT ( 'NONE',  ( 2.500000000000000000, 1.020499859413864119, 0.2289950159133593566 ) ) ;
#4119 = VECTOR ( 'NONE', #1627, 1000.000000000000000 ) ;
#4120 = ORIENTED_EDGE ( 'NONE', *, *, #10450, .F. ) ;
#4121 = STYLED_ITEM ( 'NONE', ( #6470 ), #11487 ) ;
#4122 = STYLED_ITEM ( 'NONE', ( #3033 ), #8148 ) ;
#4123 = SURFACE_SIDE_STYLE ('',( #7641 ) ) ;
#4124 = EDGE_LOOP ( 'NONE', ( #5264, #9668, #8940, #3257 ) ) ;
#4125 = CARTESIAN_POINT ( 'NONE',  ( 2.500000000000000000, 0.2498312918404796690, 0.2370011518681925111 ) ) ;
#4126 = SURFACE_STYLE_FILL_AREA ( #4998 ) ;
#4127 = ADVANCED_FACE ( 'NONE', ( #5205 ), #5144, .F. ) ;
#4128 = CARTESIAN_POINT ( 'NONE',  ( 2.500000000000000000, 0.4279938108014476605, 0.2255638147892600753 ) ) ;
#4129 = VECTOR ( 'NONE', #74, 1000.000000000000000 ) ;
#4130 = CARTESIAN_POINT ( 'NONE',  ( 2.500000000000000000, 0.9291051385711692756, 0.2384568129507687595 ) ) ;
#4131 = COLOUR_RGB ( '',0.000000000000000000, 0.000000000000000000, 0.000000000000000000 ) ;
#4132 = PRESENTATION_LAYER_ASSIGNMENT (  '', '', ( #571 ) ) ;
#4133 = COLOUR_RGB ( '',0.000000000000000000, 0.000000000000000000, 0.000000000000000000 ) ;
#4134 = FILL_AREA_STYLE_COLOUR ( '', #10152 ) ;
#4135 = FILL_AREA_STYLE_COLOUR ( '', #9324 ) ;
#4136 = CARTESIAN_POINT ( 'NONE',  ( 2.501000000000000334, 0.8726462837143440510, 0.4323716643446920971 ) ) ;
#4137 = CARTESIAN_POINT ( 'NONE',  ( 2.500000000000000000, -0.6543809090536403250, 0.7531829698819683117 ) ) ;
#4138 = FACE_OUTER_BOUND ( 'NONE', #2063, .T. ) ;
#4139 =( GEOMETRIC_REPRESENTATION_CONTEXT ( 3 ) GLOBAL_UNCERTAINTY_ASSIGNED_CONTEXT ( ( #7099 ) ) GLOBAL_UNIT_ASSIGNED_CONTEXT ( ( #9758, #3118, #7864 ) ) REPRESENTATION_CONTEXT ( 'NONE', 'WORKASPACE' ) );
#4140 = CARTESIAN_POINT ( 'NONE',  ( 2.500000000000000000, 0.2108403699786665364, 0.5748184988799730499 ) ) ;
#4141 = DIRECTION ( 'NONE',  ( -1.000000000000000000, -0.000000000000000000, -0.000000000000000000 ) ) ;
#4142 =( GEOMETRIC_REPRESENTATION_CONTEXT ( 3 ) GLOBAL_UNCERTAINTY_ASSIGNED_CONTEXT ( ( #1887 ) ) GLOBAL_UNIT_ASSIGNED_CONTEXT ( ( #7791, #9672, #2109 ) ) REPRESENTATION_CONTEXT ( 'NONE', 'WORKASPACE' ) );
#4143 = CARTESIAN_POINT ( 'NONE',  ( 2.500000000000000000, 0.2666753700843376707, 0.5930142624155795295 ) ) ;
#4144 = CARTESIAN_POINT ( 'NONE',  ( 2.500000000000000000, 0.2631921810651727256, 0.2699614778153062167 ) ) ;
#4145 =( GEOMETRIC_REPRESENTATION_CONTEXT ( 3 ) GLOBAL_UNCERTAINTY_ASSIGNED_CONTEXT ( ( #6768 ) ) GLOBAL_UNIT_ASSIGNED_CONTEXT ( ( #2853, #7715, #1157 ) ) REPRESENTATION_CONTEXT ( 'NONE', 'WORKASPACE' ) );
#4146 = ADVANCED_FACE ( 'NONE', ( #3665 ), #10401, .T. ) ;
#4147 =( NAMED_UNIT ( * ) SI_UNIT ( $, .STERADIAN. ) SOLID_ANGLE_UNIT ( ) );
#4148 = EDGE_CURVE ( 'NONE', #2586, #7693, #6700, .T. ) ;
#4149 = VECTOR ( 'NONE', #9371, 1000.000000000000000 ) ;
#4150 = ORIENTED_EDGE ( 'NONE', *, *, #2307, .T. ) ;
#4151 = CARTESIAN_POINT ( 'NONE',  ( 2.501000000000000334, 0.4453057801077996425, 0.3775764221548525423 ) ) ;
#4152 = ORIENTED_EDGE ( 'NONE', *, *, #10904, .F. ) ;
#4153 = VERTEX_POINT ( 'NONE', #5873 ) ;
#4154 = FACE_OUTER_BOUND ( 'NONE', #9769, .T. ) ;
#4155 = AXIS2_PLACEMENT_3D ( 'NONE', #9178, #9850, #437 ) ;
#4156 =( NAMED_UNIT ( * ) PLANE_ANGLE_UNIT ( ) SI_UNIT ( $, .RADIAN. ) );
#4157 = CARTESIAN_POINT ( 'NONE',  ( 2.500000000000000000, 0.9291051385711692756, 0.2384568129507687595 ) ) ;
#4158 = CARTESIAN_POINT ( 'NONE',  ( 2.500000000000000000, -0.8727249497459994565, 0.6678697254408471062 ) ) ;
#4159 = EDGE_LOOP ( 'NONE', ( #108, #432, #217, #11521 ) ) ;
#4160 = SURFACE_STYLE_FILL_AREA ( #557 ) ;
#4161 = CARTESIAN_POINT ( 'NONE',  ( 2.500000000000000000, 0.4273179681559186593, 0.2928361519745508179 ) ) ;
#4163 = ORIENTED_EDGE ( 'NONE', *, *, #4093, .T. ) ;
#4162 = DIRECTION ( 'NONE',  ( -0.000000000000000000, -0.3559357243643047064, -0.9345104387438685212 ) ) ;
#4164 = COLOUR_RGB ( '',0.000000000000000000, 0.000000000000000000, 0.000000000000000000 ) ;
#4165 = LINE ( 'NONE', #11943, #1867 ) ;
#4166 = CARTESIAN_POINT ( 'NONE',  ( 2.501000000000000334, 1.082105515956131025, 0.4063777164358939320 ) ) ;
#4167 = PRESENTATION_STYLE_ASSIGNMENT (( #393 ) ) ;
#4168 = VECTOR ( 'NONE', #6654, 1000.000000000000000 ) ;
#4169 = EDGE_LOOP ( 'NONE', ( #2344, #138, #2188, #4235 ) ) ;
#4170 = DIRECTION ( 'NONE',  ( 0.000000000000000000, 1.000000000000000000, 1.588339393040735358E-15 ) ) ;
#4171 = PRESENTATION_STYLE_ASSIGNMENT (( #399 ) ) ;
#4172 = VECTOR ( 'NONE', #3153, 1000.000000000000000 ) ;
#4173 = CARTESIAN_POINT ( 'NONE',  ( 2.501000000000000334, 0.8716065257978243830, 0.4089771112278833276 ) ) ;
#4174 = DIRECTION ( 'NONE',  ( -1.000000000000000000, -0.000000000000000000, -0.000000000000000000 ) ) ;
#4175 = LINE ( 'NONE', #8972, #3030 ) ;
#4176 = CARTESIAN_POINT ( 'NONE',  ( 2.501000000000000334, -0.3565075739794707488, 0.2297356375770986947 ) ) ;
#4177 = CARTESIAN_POINT ( 'NONE',  ( 2.500000000000000000, 0.7255205385554218678, 0.6559196163531543222 ) ) ;
#4178 = CARTESIAN_POINT ( 'NONE',  ( 2.500000000000000000, 0.2855469762654684329, 0.3152949229677414755 ) ) ;
#4179 = CARTESIAN_POINT ( 'NONE',  ( 2.501000000000000334, 0.4428103611087141900, 0.3568852396201582788 ) ) ;
#4180 = ORIENTED_EDGE ( 'NONE', *, *, #6033, .F. ) ;
#4181 = EDGE_LOOP ( 'NONE', ( #8425, #3641, #7460, #5363 ) ) ;
#4182 = ORIENTED_EDGE ( 'NONE', *, *, #6630, .F. ) ;
#4183 = ORIENTED_EDGE ( 'NONE', *, *, #6166, .T. ) ;
#4184 = CARTESIAN_POINT ( 'NONE',  ( 2.500000000000000000, -0.6731787312390495881, 0.5840025495275701362 ) ) ;
#4185 = CARTESIAN_POINT ( 'NONE',  ( 2.501000000000000334, 0.3887429494601593594, 0.3350503233774336787 ) ) ;
#4186 = CARTESIAN_POINT ( 'NONE',  ( 2.500000000000000000, -0.5271340490744736984, 0.2774532583344880288 ) ) ;
#4187 = EDGE_CURVE ( 'NONE', #3939, #7657, #4951, .T. ) ;
#4188 = DIRECTION ( 'NONE',  ( -1.000000000000000000, -0.000000000000000000, -0.000000000000000000 ) ) ;
#4189 = EDGE_CURVE ( 'NONE', #174, #5468, #8513, .T. ) ;
#4190 = CARTESIAN_POINT ( 'NONE',  ( 2.501000000000000334, 0.1298432282970049256, 0.4089771112278807186 ) ) ;
#4191 =( LENGTH_UNIT ( ) NAMED_UNIT ( * ) SI_UNIT ( .MILLI., .METRE. ) );
#4192 = SURFACE_SIDE_STYLE ('',( #6029 ) ) ;
#4193 = CARTESIAN_POINT ( 'NONE',  ( 2.501000000000000334, 0.2654796484805464485, 0.2839982096862280203 ) ) ;
#4194 = VERTEX_POINT ( 'NONE', #893 ) ;
#4195 = PRESENTATION_STYLE_ASSIGNMENT (( #8924 ) ) ;
#4196 = MECHANICAL_DESIGN_GEOMETRIC_PRESENTATION_REPRESENTATION (  '', ( #3987 ), #645 ) ;
#4197 = SURFACE_STYLE_USAGE ( .BOTH. , #4123 ) ;
#4198 = VECTOR ( 'NONE', #9264, 1000.000000000000000 ) ;
#4199 = CARTESIAN_POINT ( 'NONE',  ( 2.501000000000000334, 0.8619367771760082508, 0.6302375958202816042 ) ) ;
#4200 = VERTEX_POINT ( 'NONE', #9514 ) ;
#4201 = DIRECTION ( 'NONE',  ( 0.000000000000000000, -1.000000000000000000, 0.000000000000000000 ) ) ;
#4202 = UNCERTAINTY_MEASURE_WITH_UNIT (LENGTH_MEASURE( 1.000000000000000082E-05 ), #10177, 'distance_accuracy_value', 'NONE');
#4203 = FILL_AREA_STYLE ('',( #1217 ) ) ;
#4204 = COLOUR_RGB ( '',0.000000000000000000, 0.000000000000000000, 0.000000000000000000 ) ;
#4205 = DIRECTION ( 'NONE',  ( -0.000000000000000000, -1.000000000000000000, -3.737436600434502284E-15 ) ) ;
#4206 = ORIENTED_EDGE ( 'NONE', *, *, #7567, .F. ) ;
#4207 = ORIENTED_EDGE ( 'NONE', *, *, #884, .F. ) ;
#4208 = CARTESIAN_POINT ( 'NONE',  ( 2.500000000000000000, 0.2930332332634255632, 0.7584397469016189719 ) ) ;
#4209 = PRESENTATION_LAYER_ASSIGNMENT (  '', '', ( #8549 ) ) ;
#4210 = DIRECTION ( 'NONE',  ( -0.000000000000000000, 1.000000000000000000, 3.737436600613186379E-15 ) ) ;
#4211 = COLOUR_RGB ( '',0.000000000000000000, 0.000000000000000000, 0.000000000000000000 ) ;
#4212 = EDGE_CURVE ( 'NONE', #6059, #4821, #8258, .T. ) ;
#4213 = SURFACE_SIDE_STYLE ('',( #10785 ) ) ;
#4214 =( LENGTH_UNIT ( ) NAMED_UNIT ( * ) SI_UNIT ( .MILLI., .METRE. ) );
#4215 = ORIENTED_EDGE ( 'NONE', *, *, #4409, .F. ) ;
#4216 = VECTOR ( 'NONE', #10896, 1000.000000000000000 ) ;
#4217 = DIRECTION ( 'NONE',  ( -0.000000000000000000, -9.310221531588290742E-15, 1.000000000000000000 ) ) ;
#4218 = DIRECTION ( 'NONE',  ( -1.000000000000000000, -0.000000000000000000, -0.000000000000000000 ) ) ;
#4219 = EDGE_LOOP ( 'NONE', ( #7306, #4472, #8027, #1670 ) ) ;
#4220 = ORIENTED_EDGE ( 'NONE', *, *, #12127, .F. ) ;
#4221 = ORIENTED_EDGE ( 'NONE', *, *, #8861, .F. ) ;
#4222 = CARTESIAN_POINT ( 'NONE',  ( 2.501000000000000334, -0.5632837007590397738, 0.3743344097954774408 ) ) ;
#4223 = EDGE_LOOP ( 'NONE', ( #5210, #3356, #6297, #503 ) ) ;
#4224 = SURFACE_STYLE_FILL_AREA ( #8951 ) ;
#4225 = FILL_AREA_STYLE_COLOUR ( '', #986 ) ;
#4226 = SURFACE_SIDE_STYLE ('',( #9866 ) ) ;
#4227 = B_SPLINE_CURVE_WITH_KNOTS ( 'NONE', 3,
 ( #1634, #3660, #5496, #7238 ),
 .UNSPECIFIED., .F., .F.,
 ( 4, 4 ),
 ( 0.000000000000000000, 1.000000000000000000 ),
 .UNSPECIFIED. ) ;
#4228 = EDGE_CURVE ( 'NONE', #9608, #11537, #8443, .T. ) ;
#4229 = STYLED_ITEM ( 'NONE', ( #8036 ), #9186 ) ;
#4230 =( GEOMETRIC_REPRESENTATION_CONTEXT ( 3 ) GLOBAL_UNCERTAINTY_ASSIGNED_CONTEXT ( ( #4572 ) ) GLOBAL_UNIT_ASSIGNED_CONTEXT ( ( #10453, #11451, #8602 ) ) REPRESENTATION_CONTEXT ( 'NONE', 'WORKASPACE' ) );
#4231 = CARTESIAN_POINT ( 'NONE',  ( 2.501000000000000334, 0.6169178241951168706, 0.7316139926607154731 ) ) ;
#4232 = CARTESIAN_POINT ( 'NONE',  ( 0.8999999999999994671, -0.2500000000000000000, -5.000000000000000000 ) ) ;
#4233 = CARTESIAN_POINT ( 'NONE',  ( 2.501000000000000334, -0.3753053961641895642, 0.7228172406794672877 ) ) ;
#4235 = ORIENTED_EDGE ( 'NONE', *, *, #3867, .T. ) ;
#4234 = FACE_OUTER_BOUND ( 'NONE', #3199, .T. ) ;
#4236 = SURFACE_STYLE_FILL_AREA ( #10863 ) ;
#4237 = MECHANICAL_DESIGN_GEOMETRIC_PRESENTATION_REPRESENTATION (  '', ( #1053 ), #7382 ) ;
#4238 =( GEOMETRIC_REPRESENTATION_CONTEXT ( 3 ) GLOBAL_UNCERTAINTY_ASSIGNED_CONTEXT ( ( #2989 ) ) GLOBAL_UNIT_ASSIGNED_CONTEXT ( ( #8511, #12135, #9283 ) ) REPRESENTATION_CONTEXT ( 'NONE', 'WORKASPACE' ) );
#4239 = ORIENTED_EDGE ( 'NONE', *, *, #9426, .F. ) ;
#4240 = ORIENTED_EDGE ( 'NONE', *, *, #8817, .T. ) ;
#4241 = COLOUR_RGB ( '',0.000000000000000000, 0.000000000000000000, 0.000000000000000000 ) ;
#4242 = LINE ( 'NONE', #3319, #11666 ) ;
#4243 = CARTESIAN_POINT ( 'NONE',  ( 2.501000000000000334, 1.068952578314464219, 0.4323716643446927632 ) ) ;
#4244 = ADVANCED_FACE ( 'NONE', ( #12018 ), #3193, .F. ) ;
#4245 = EDGE_CURVE ( 'NONE', #7647, #11527, #11423, .T. ) ;
#4246 = CARTESIAN_POINT ( 'NONE',  ( 2.500000000000000000, 0.6411441836454176979, 0.7316139926607155841 ) ) ;
#4247 = LINE ( 'NONE', #7750, #6930 ) ;
#4248 = CARTESIAN_POINT ( 'NONE',  ( -1.699999999999999067, -0.2500000000000000000, 0.000000000000000000 ) ) ;
#4249 = CARTESIAN_POINT ( 'NONE',  ( 2.500000000000000000, 0.4797217671381801551, 0.3711299230727124199 ) ) ;
#4250 = CARTESIAN_POINT ( 'NONE',  ( 2.500000000000000000, 0.4279938108014476605, 0.2255638147892600753 ) ) ;
#4251 = DIRECTION ( 'NONE',  ( 0.000000000000000000, 0.1333547648937686847, -0.9910683662997864518 ) ) ;
#4252 = CARTESIAN_POINT ( 'NONE',  ( 2.501000000000000334, 1.082729370706597916, 0.4063777164358939320 ) ) ;
#4253 = ORIENTED_EDGE ( 'NONE', *, *, #11400, .F. ) ;
#4254 = VERTEX_POINT ( 'NONE', #2070 ) ;
#4255 = EDGE_LOOP ( 'NONE', ( #9861, #3110, #2633, #11782 ) ) ;
#4256 = ORIENTED_EDGE ( 'NONE', *, *, #711, .F. ) ;
#4257 = VERTEX_POINT ( 'NONE', #5842 ) ;
#4258 = COLOUR_RGB ( '',0.000000000000000000, 0.000000000000000000, 0.000000000000000000 ) ;
#4259 = PLANE ( 'NONE',  #11112 ) ;
#4260 = PRESENTATION_STYLE_ASSIGNMENT (( #11906 ) ) ;
#4261 = CARTESIAN_POINT ( 'NONE',  ( 2.501000000000000334, 0.2900179353060841625, 0.2464629489069816159 ) ) ;
#4262 = CARTESIAN_POINT ( 'NONE',  ( 2.501000000000000334, 0.2025742945436623255, 0.3205976883404570432 ) ) ;
#4263 = LINE ( 'NONE', #6952, #7536 ) ;
#4264 = SURFACE_STYLE_USAGE ( .BOTH. , #1337 ) ;
#4265 = FACE_OUTER_BOUND ( 'NONE', #9569, .T. ) ;
#4266 = CARTESIAN_POINT ( 'NONE',  ( 2.500999999999999446, 0.000000000000000000, 0.000000000000000000 ) ) ;
#4267 = ORIENTED_EDGE ( 'NONE', *, *, #3122, .F. ) ;
#4268 = VERTEX_POINT ( 'NONE', #9636 ) ;
#4269 = B_SPLINE_CURVE_WITH_KNOTS ( 'NONE', 3,
 ( #10284, #1928, #7537, #7419 ),
 .UNSPECIFIED., .F., .F.,
 ( 4, 4 ),
 ( 3.000000000000000000, 4.000000000000000000 ),
 .UNSPECIFIED. ) ;
#4270 = DIRECTION ( 'NONE',  ( -1.000000000000000000, -0.000000000000000000, -0.000000000000000000 ) ) ;
#4271 = SURFACE_STYLE_FILL_AREA ( #495 ) ;
#4272 =( NAMED_UNIT ( * ) PLANE_ANGLE_UNIT ( ) SI_UNIT ( $, .RADIAN. ) );
#4273 = EDGE_CURVE ( 'NONE', #9034, #8758, #2184, .T. ) ;
#4274 = ORIENTED_EDGE ( 'NONE', *, *, #7291, .F. ) ;
#4275 = EDGE_CURVE ( 'NONE', #7061, #9, #9017, .T. ) ;
#4276 = CARTESIAN_POINT ( 'NONE',  ( 2.501000000000000334, 0.3285929540011501282, 0.3018820458472852297 ) ) ;
#4278 =( NAMED_UNIT ( * ) SI_UNIT ( $, .STERADIAN. ) SOLID_ANGLE_UNIT ( ) );
#4277 = LINE ( 'NONE', #11800, #9293 ) ;
#4279 = SURFACE_STYLE_FILL_AREA ( #499 ) ;
#4280 = FILL_AREA_STYLE ('',( #8999 ) ) ;
#4281 = VECTOR ( 'NONE', #7896, 1000.000000000000000 ) ;
#4282 = SURFACE_STYLE_USAGE ( .BOTH. , #5285 ) ;
#4283 = FACE_OUTER_BOUND ( 'NONE', #9174, .T. ) ;
#4284 = EDGE_LOOP ( 'NONE', ( #11241, #2731, #7499, #6136 ) ) ;
#4285 = CARTESIAN_POINT ( 'NONE',  ( 2.501000000000000334, 0.2515468924018350316, 0.3393133308336281351 ) ) ;
#4286 = CARTESIAN_POINT ( 'NONE',  ( 2.500000000000000000, 1.082729370706597916, 0.4063777164358939320 ) ) ;
#4287 = ORIENTED_EDGE ( 'NONE', *, *, #2025, .F. ) ;
#4288 = CARTESIAN_POINT ( 'NONE',  ( 2.501000000000000334, 0.9303008601735733851, 0.3898455655672723452 ) ) ;
#4289 = ORIENTED_EDGE ( 'NONE', *, *, #2614, .F. ) ;
#4290 = EDGE_CURVE ( 'NONE', #1534, #11428, #3979, .T. ) ;
#4291 = EDGE_LOOP ( 'NONE', ( #10955, #5995, #2985, #9685 ) ) ;
#4292 =( NAMED_UNIT ( * ) SI_UNIT ( $, .STERADIAN. ) SOLID_ANGLE_UNIT ( ) );
#4293 = UNCERTAINTY_MEASURE_WITH_UNIT (LENGTH_MEASURE( 1.000000000000000082E-05 ), #8304, 'distance_accuracy_value', 'NONE');
#4294 = DIRECTION ( 'NONE',  ( 0.000000000000000000, 0.000000000000000000, 1.000000000000000000 ) ) ;
#4295 = LINE ( 'NONE', #11814, #257 ) ;
#4296 =( LENGTH_UNIT ( ) NAMED_UNIT ( * ) SI_UNIT ( .MILLI., .METRE. ) );
#4297 = AXIS2_PLACEMENT_3D ( 'NONE', #972, #11263, #8405 ) ;
#4298 = CARTESIAN_POINT ( 'NONE',  ( 2.501000000000000334, 0.2826876419960827058, 0.2956434983481793788 ) ) ;
#4299 = ORIENTED_EDGE ( 'NONE', *, *, #5466, .F. ) ;
#4300 =( NAMED_UNIT ( * ) PLANE_ANGLE_UNIT ( ) SI_UNIT ( $, .RADIAN. ) );
#4301 = LINE ( 'NONE', #8068, #5988 ) ;
#4302 = CARTESIAN_POINT ( 'NONE',  ( 2.501000000000000334, 0.7762087369763365219, 0.2289950159133584962 ) ) ;
#4303 = EDGE_CURVE ( 'NONE', #9768, #11299, #4175, .T. ) ;
#4304 = VERTEX_POINT ( 'NONE', #4248 ) ;
#4305 = CARTESIAN_POINT ( 'NONE',  ( 2.501000000000000334, 0.4168684010963653042, 0.3270441874212105526 ) ) ;
#4306 = CARTESIAN_POINT ( 'NONE',  ( 2.501000000000000334, 0.4149968368470454694, 0.3373377907934927422 ) ) ;
#4307 = B_SPLINE_SURFACE_WITH_KNOTS ( 'NONE', 3, 1, ( 
 ( #9543, #9420 ),
 ( #6524, #1987 ),
 ( #5626, #916 ),
 ( #7538, #8473 ) ),
 .UNSPECIFIED., .F., .F., .F.,
 ( 4, 4 ),
 ( 2, 2 ),
 ( 3.000000000000000000, 4.000000000000000000 ),
 ( 0.000000000000000000, 1.000000000000000000 ),
 .UNSPECIFIED. ) ;
#4308 = CARTESIAN_POINT ( 'NONE',  ( 2.500000000000000000, 0.6157221025927129832, 0.5748184988799746042 ) ) ;
#4309 = FACE_OUTER_BOUND ( 'NONE', #1425, .T. ) ;
#4310 =( NAMED_UNIT ( * ) PLANE_ANGLE_UNIT ( ) SI_UNIT ( $, .RADIAN. ) );
#4311 = SURFACE_STYLE_FILL_AREA ( #3192 ) ;
#4313 = ORIENTED_EDGE ( 'NONE', *, *, #4655, .T. ) ;
#4312 = SURFACE_STYLE_FILL_AREA ( #1517 ) ;
#4314 = EDGE_CURVE ( 'NONE', #3479, #5772, #8021, .T. ) ;
#4315 = ORIENTED_EDGE ( 'NONE', *, *, #1920, .F. ) ;
#4316 = ORIENTED_EDGE ( 'NONE', *, *, #6094, .T. ) ;
#4317 = SURFACE_SIDE_STYLE ('',( #9770 ) ) ;
#4318 = SURFACE_SIDE_STYLE ('',( #480 ) ) ;
#4319 =( LENGTH_UNIT ( ) NAMED_UNIT ( * ) SI_UNIT ( .MILLI., .METRE. ) );
#4320 = CARTESIAN_POINT ( 'NONE',  ( 2.500000000000000000, -0.2480585361857175208, 0.2282896724708665670 ) ) ;
#4321 = CARTESIAN_POINT ( 'NONE',  ( 2.501000000000000334, 0.3285929540011503502, 0.2289950159133569696 ) ) ;
#4322 = LINE ( 'NONE', #11849, #67 ) ;
#4323 = DIRECTION ( 'NONE',  ( 0.000000000000000000, 1.000000000000000000, 4.105294533730240877E-15 ) ) ;
#4324 = LINE ( 'NONE', #425, #7728 ) ;
#4325 = SURFACE_STYLE_USAGE ( .BOTH. , #2583 ) ;
#4326 = CARTESIAN_POINT ( 'NONE',  ( 2.500000000000000000, -0.3753053961641878433, 0.2499794800301714248 ) ) ;
#4327 = CARTESIAN_POINT ( 'NONE',  ( 2.501000000000000334, 0.8423373404535873243, 0.7550085457775262965 ) ) ;
#4328 = VERTEX_POINT ( 'NONE', #10874 ) ;
#4329 = UNCERTAINTY_MEASURE_WITH_UNIT (LENGTH_MEASURE( 1.000000000000000082E-05 ), #8471, 'distance_accuracy_value', 'NONE');
#4330 = CARTESIAN_POINT ( 'NONE',  ( 2.500000000000000000, 0.5599390903821084287, 0.7550085457775252973 ) ) ;
#4331 = ORIENTED_EDGE ( 'NONE', *, *, #7402, .T. ) ;
#4332 = ORIENTED_EDGE ( 'NONE', *, *, #6504, .T. ) ;
#4333 = CARTESIAN_POINT ( 'NONE',  ( -0.3999999999999999667, 0.2500000000000000000, -6.244015795117517112E-17 ) ) ;
#4334 = DIRECTION ( 'NONE',  ( 0.000000000000000000, 2.765901356837858152E-15, -1.000000000000000000 ) ) ;
#4336 = SURFACE_SIDE_STYLE ('',( #3467 ) ) ;
#4335 = FACE_OUTER_BOUND ( 'NONE', #5069, .T. ) ;
#4337 = DIRECTION ( 'NONE',  ( -1.000000000000000000, -0.000000000000000000, -0.000000000000000000 ) ) ;
#4338 = VECTOR ( 'NONE', #555, 1000.000000000000000 ) ;
#4339 = LINE ( 'NONE', #1608, #10278 ) ;
#4340 = CARTESIAN_POINT ( 'NONE',  ( 2.500000000000000000, -0.7180043390425292493, 0.6895595329987668221 ) ) ;
#4341 =( LENGTH_UNIT ( ) NAMED_UNIT ( * ) SI_UNIT ( .MILLI., .METRE. ) );
#4342 = ORIENTED_EDGE ( 'NONE', *, *, #1309, .F. ) ;
#4343 = ADVANCED_FACE ( 'NONE', ( #9953 ), #9226, .F. ) ;
#4344 = VECTOR ( 'NONE', #7700, 1000.000000000000000 ) ;
#4345 =( NAMED_UNIT ( * ) PLANE_ANGLE_UNIT ( ) SI_UNIT ( $, .RADIAN. ) );
#4346 = VECTOR ( 'NONE', #8507, 1000.000000000000000 ) ;
#4347 = PRESENTATION_LAYER_ASSIGNMENT (  '', '', ( #954 ) ) ;
#4348 = ORIENTED_EDGE ( 'NONE', *, *, #8860, .T. ) ;
#4349 = ORIENTED_EDGE ( 'NONE', *, *, #2339, .T. ) ;
#4350 = CARTESIAN_POINT ( 'NONE',  ( 2.501000000000000334, 0.3714309801537980515, 0.5600539364684635757 ) ) ;
#4351 = ORIENTED_EDGE ( 'NONE', *, *, #10930, .F. ) ;
#4352 = CARTESIAN_POINT ( 'NONE',  ( 2.501000000000000334, 0.2083449509788870557, 0.4089771112278809961 ) ) ;
#4353 = CARTESIAN_POINT ( 'NONE',  ( 2.500000000000000000, 0.8700468889237408243, 0.6072589458695244469 ) ) ;
#4354 = VECTOR ( 'NONE', #7041, 1000.000000000000000 ) ;
#4355 = VECTOR ( 'NONE', #5070, 1000.000000000000000 ) ;
#4356 = EDGE_CURVE ( 'NONE', #5982, #1806, #5380, .T. ) ;
#4357 =( GEOMETRIC_REPRESENTATION_CONTEXT ( 3 ) GLOBAL_UNCERTAINTY_ASSIGNED_CONTEXT ( ( #3933 ) ) GLOBAL_UNIT_ASSIGNED_CONTEXT ( ( #7335, #11249, #7248 ) ) REPRESENTATION_CONTEXT ( 'NONE', 'WORKASPACE' ) );
#4358 = EDGE_CURVE ( 'NONE', #5652, #7359, #1600, .T. ) ;
#4359 = AXIS2_PLACEMENT_3D ( 'NONE', #7109, #11941, #6231 ) ;
#4360 = B_SPLINE_SURFACE_WITH_KNOTS ( 'NONE', 3, 1, ( 
 ( #7683, #7552 ),
 ( #3842, #3895 ),
 ( #4703, #875 ),
 ( #7608, #12179 ) ),
 .UNSPECIFIED., .F., .F., .F.,
 ( 4, 4 ),
 ( 2, 2 ),
 ( 3.000000000000000000, 4.000000000000000000 ),
 ( 0.000000000000000000, 1.000000000000000000 ),
 .UNSPECIFIED. ) ;
#4361 = CARTESIAN_POINT ( 'NONE',  ( 2.501000000000000334, 0.8240895890222245113, 0.7147699144161706597 ) ) ;
#4362 = LINE ( 'NONE', #3311, #8102 ) ;
#4364 = ORIENTED_EDGE ( 'NONE', *, *, #4614, .F. ) ;
#4363 =( NAMED_UNIT ( * ) SI_UNIT ( $, .STERADIAN. ) SOLID_ANGLE_UNIT ( ) );
#4365 = CARTESIAN_POINT ( 'NONE',  ( 2.500000000000000000, 0.8619367771760082508, 0.6302375958202816042 ) ) ;
#4366 = CARTESIAN_POINT ( 'NONE',  ( 2.501000000000000334, 0.6129667441148385354, 0.3742491968222730891 ) ) ;
#4367 = B_SPLINE_CURVE_WITH_KNOTS ( 'NONE', 3,
 ( #4451, #9974, #2584, #1723 ),
 .UNSPECIFIED., .F., .F.,
 ( 4, 4 ),
 ( 2.000000000000000000, 3.000000000000000000 ),
 .UNSPECIFIED. ) ;
#4368 = SURFACE_STYLE_USAGE ( .BOTH. , #567 ) ;
#4369 = EDGE_LOOP ( 'NONE', ( #8161, #1411, #2179, #941 ) ) ;
#4370 = MECHANICAL_DESIGN_GEOMETRIC_PRESENTATION_REPRESENTATION (  '', ( #9703 ), #4377 ) ;
#4371 =( GEOMETRIC_REPRESENTATION_CONTEXT ( 3 ) GLOBAL_UNCERTAINTY_ASSIGNED_CONTEXT ( ( #9434 ) ) GLOBAL_UNIT_ASSIGNED_CONTEXT ( ( #2733, #12122, #6478 ) ) REPRESENTATION_CONTEXT ( 'NONE', 'WORKASPACE' ) );
#4372 = ORIENTED_EDGE ( 'NONE', *, *, #3049, .F. ) ;
#4373 = CARTESIAN_POINT ( 'NONE',  ( -0.9000000000000002442, 0.2500000000000000000, -3.000000000000000000 ) ) ;
#4374 =( NAMED_UNIT ( * ) SI_UNIT ( $, .STERADIAN. ) SOLID_ANGLE_UNIT ( ) );
#4375 = CARTESIAN_POINT ( 'NONE',  ( 2.500000000000000000, 0.8700468889237408243, 0.6072589458695244469 ) ) ;
#4376 = EDGE_CURVE ( 'NONE', #4060, #11841, #4102, .T. ) ;
#4377 =( GEOMETRIC_REPRESENTATION_CONTEXT ( 3 ) GLOBAL_UNCERTAINTY_ASSIGNED_CONTEXT ( ( #10846 ) ) GLOBAL_UNIT_ASSIGNED_CONTEXT ( ( #4757, #7078, #5349 ) ) REPRESENTATION_CONTEXT ( 'NONE', 'WORKASPACE' ) );
#4378 = PLANE ( 'NONE',  #8010 ) ;
#4379 = DIRECTION ( 'NONE',  ( 0.000000000000000000, -1.000000000000000000, 0.000000000000000000 ) ) ;
#4381 = ORIENTED_EDGE ( 'NONE', *, *, #6827, .T. ) ;
#4380 =( LENGTH_UNIT ( ) NAMED_UNIT ( * ) SI_UNIT ( .MILLI., .METRE. ) );
#4382 = VERTEX_POINT ( 'NONE', #635 ) ;
#4383 = PRESENTATION_STYLE_ASSIGNMENT (( #9084 ) ) ;
#4384 = MECHANICAL_DESIGN_GEOMETRIC_PRESENTATION_REPRESENTATION (  '', ( #11292 ), #6318 ) ;
#4385 = ORIENTED_EDGE ( 'NONE', *, *, #8199, .T. ) ;
#4386 = SURFACE_SIDE_STYLE ('',( #6322 ) ) ;
#4387 = STYLED_ITEM ( 'NONE', ( #5471 ), #7610 ) ;
#4388 = DIRECTION ( 'NONE',  ( -0.000000000000000000, -0.000000000000000000, 1.000000000000000000 ) ) ;
#4389 = CARTESIAN_POINT ( 'NONE',  ( 2.501000000000000334, 0.3376908357689463180, 0.5482006962220954405 ) ) ;
#4390 = DIRECTION ( 'NONE',  ( 0.000000000000000000, -0.3416038306902493549, 0.9398440417738186392 ) ) ;
#4391 = ADVANCED_FACE ( 'NONE', ( #8367 ), #5520, .F. ) ;
#4392 =( LENGTH_UNIT ( ) NAMED_UNIT ( * ) SI_UNIT ( .MILLI., .METRE. ) );
#4393 = VECTOR ( 'NONE', #4068, 1000.000000000000000 ) ;
#4394 = LINE ( 'NONE', #4327, #1680 ) ;
#4395 = ORIENTED_EDGE ( 'NONE', *, *, #3066, .T. ) ;
#4396 = CARTESIAN_POINT ( 'NONE',  ( 2.501000000000000334, 0.6617313903899824101, 0.5818888527111901743 ) ) ;
#4397 =( NAMED_UNIT ( * ) SI_UNIT ( $, .STERADIAN. ) SOLID_ANGLE_UNIT ( ) );
#4398 = VERTEX_POINT ( 'NONE', #7303 ) ;
#4399 = DIRECTION ( 'NONE',  ( -1.301042606982605321E-16, 0.000000000000000000, -1.000000000000000000 ) ) ;
#4400 = CARTESIAN_POINT ( 'NONE',  ( 2.500000000000000000, -0.8091015611271364927, 0.2311816578447544734 ) ) ;
#4401 = MECHANICAL_DESIGN_GEOMETRIC_PRESENTATION_REPRESENTATION (  '', ( #9727 ), #2409 ) ;
#4402 = ORIENTED_EDGE ( 'NONE', *, *, #7732, .T. ) ;
#4403 = CARTESIAN_POINT ( 'NONE',  ( 2.501000000000000334, -0.9175505575494772303, 0.6230441176359816646 ) ) ;
#4404 = LINE ( 'NONE', #7023, #9512 ) ;
#4405 = PRESENTATION_LAYER_ASSIGNMENT (  '', '', ( #6133 ) ) ;
#4406 = CARTESIAN_POINT ( 'NONE',  ( 2.501000000000000334, 0.5051958360880290932, 0.1626584608516912223 ) ) ;
#4407 = SURFACE_STYLE_FILL_AREA ( #9245 ) ;
#4408 = SURFACE_SIDE_STYLE ('',( #4279 ) ) ;
#4409 = EDGE_CURVE ( 'NONE', #4200, #7919, #7620, .T. ) ;
#4410 = PRESENTATION_LAYER_ASSIGNMENT (  '', '', ( #2011 ) ) ;
#4411 = LINE ( 'NONE', #11082, #4791 ) ;
#4412 = VERTEX_POINT ( 'NONE', #10186 ) ;
#4413 =( GEOMETRIC_REPRESENTATION_CONTEXT ( 3 ) GLOBAL_UNCERTAINTY_ASSIGNED_CONTEXT ( ( #2926 ) ) GLOBAL_UNIT_ASSIGNED_CONTEXT ( ( #6308, #3608, #9806 ) ) REPRESENTATION_CONTEXT ( 'NONE', 'WORKASPACE' ) );
#4414 = CARTESIAN_POINT ( 'NONE',  ( 2.501000000000000334, -0.5271340490744740315, 0.2774532583344879177 ) ) ;
#4415 = ORIENTED_EDGE ( 'NONE', *, *, #2709, .T. ) ;
#4416 = PRESENTATION_STYLE_ASSIGNMENT (( #620 ) ) ;
#4417 = VERTEX_POINT ( 'NONE', #10236 ) ;
#4418 = CARTESIAN_POINT ( 'NONE',  ( 2.501000000000000334, -0.9855119931785352172, 0.4582015994973731576 ) ) ;
#4419 =( GEOMETRIC_REPRESENTATION_CONTEXT ( 3 ) GLOBAL_UNCERTAINTY_ASSIGNED_CONTEXT ( ( #4520 ) ) GLOBAL_UNIT_ASSIGNED_CONTEXT ( ( #5188, #2358, #3515 ) ) REPRESENTATION_CONTEXT ( 'NONE', 'WORKASPACE' ) );
#4420 = EDGE_LOOP ( 'NONE', ( #6635, #7467, #10459, #10818 ) ) ;
#4421 = UNCERTAINTY_MEASURE_WITH_UNIT (LENGTH_MEASURE( 1.000000000000000082E-05 ), #7351, 'distance_accuracy_value', 'NONE');
#4422 = CARTESIAN_POINT ( 'NONE',  ( 2.500000000000000000, 0.3178834474635015561, 0.2341938054945635894 ) ) ;
#4423 = PRESENTATION_STYLE_ASSIGNMENT (( #5135 ) ) ;
#4424 =( GEOMETRIC_REPRESENTATION_CONTEXT ( 3 ) GLOBAL_UNCERTAINTY_ASSIGNED_CONTEXT ( ( #6894 ) ) GLOBAL_UNIT_ASSIGNED_CONTEXT ( ( #1245, #685, #5249 ) ) REPRESENTATION_CONTEXT ( 'NONE', 'WORKASPACE' ) );
#4425 = FILL_AREA_STYLE_COLOUR ( '', #7790 ) ;
#4426 = CARTESIAN_POINT ( 'NONE',  ( 2.500000000000000000, 0.2452563570083526878, 0.5759622325880048299 ) ) ;
#4427 = ORIENTED_EDGE ( 'NONE', *, *, #4723, .T. ) ;
#4428 = CARTESIAN_POINT ( 'NONE',  ( 2.501000000000000334, -0.06297218938474401229, 0.4307278763517052855 ) ) ;
#4429 = CARTESIAN_POINT ( 'NONE',  ( 2.501000000000000334, 0.6979149658781653720, 0.6551917858111756532 ) ) ;
#4430 = PRESENTATION_STYLE_ASSIGNMENT (( #7045 ) ) ;
#4431 = EDGE_LOOP ( 'NONE', ( #11283, #2743, #5332, #9660 ) ) ;
#4432 = MECHANICAL_DESIGN_GEOMETRIC_PRESENTATION_REPRESENTATION (  '', ( #1846 ), #3436 ) ;
#4433 = ADVANCED_FACE ( 'NONE', ( #1165 ), #8667, .F. ) ;
#4434 = ORIENTED_EDGE ( 'NONE', *, *, #4587, .T. ) ;
#4435 = EDGE_CURVE ( 'NONE', #3358, #3501, #2087, .T. ) ;
#4436 = CARTESIAN_POINT ( 'NONE',  ( -1.699999999999999734, 0.2500000000000000000, -3.061616997868386099E-17 ) ) ;
#4437 = DIRECTION ( 'NONE',  ( -1.000000000000000000, -0.000000000000000000, -0.000000000000000000 ) ) ;
#4438 = VECTOR ( 'NONE', #3315, 1000.000000000000000 ) ;
#4439 = CARTESIAN_POINT ( 'NONE',  ( 2.501000000000000334, 0.7658111578125357255, 0.5516318973461914466 ) ) ;
#4440 = SURFACE_SIDE_STYLE ('',( #5396 ) ) ;
#4441 = CARTESIAN_POINT ( 'NONE',  ( 2.500000000000000000, -0.7223422895219664408, 0.6056923570868754103 ) ) ;
#4442 = LINE ( 'NONE', #3445, #10753 ) ;
#4443 = COLOUR_RGB ( '',0.000000000000000000, 0.000000000000000000, 0.000000000000000000 ) ;
#4444 = CARTESIAN_POINT ( 'NONE',  ( 2.501000000000000334, -0.2654103932648921305, 0.5420688443579295690 ) ) ;
#4445 = MECHANICAL_DESIGN_GEOMETRIC_PRESENTATION_REPRESENTATION (  '', ( #2653 ), #5211 ) ;
#4446 = CARTESIAN_POINT ( 'NONE',  ( 2.501000000000000334, 0.8705667678826980449, 0.2289950159133588570 ) ) ;
#4447 = EDGE_CURVE ( 'NONE', #10071, #6075, #9912, .T. ) ;
#4448 = COLOUR_RGB ( '',0.000000000000000000, 0.000000000000000000, 0.000000000000000000 ) ;
#4449 = CARTESIAN_POINT ( 'NONE',  ( 2.501000000000000334, 0.4605382335818141160, 0.2716250904822932744 ) ) ;
#4450 =( NAMED_UNIT ( * ) SI_UNIT ( $, .STERADIAN. ) SOLID_ANGLE_UNIT ( ) );
#4451 = CARTESIAN_POINT ( 'NONE',  ( 2.500000000000000000, 0.5051958360880292043, 0.1626584608516912223 ) ) ;
#4452 = CARTESIAN_POINT ( 'NONE',  ( 2.500000000000000000, 0.4273179681559186593, 0.2928361519745508179 ) ) ;
#4453 = FACE_OUTER_BOUND ( 'NONE', #10042, .T. ) ;
#4454 = VERTEX_POINT ( 'NONE', #3088 ) ;
#4455 = UNCERTAINTY_MEASURE_WITH_UNIT (LENGTH_MEASURE( 1.000000000000000082E-05 ), #786, 'distance_accuracy_value', 'NONE');
#4456 = AXIS2_PLACEMENT_3D ( 'NONE', #8492, #2003, #36 ) ;
#4457 =( NAMED_UNIT ( * ) PLANE_ANGLE_UNIT ( ) SI_UNIT ( $, .RADIAN. ) );
#4458 = VERTEX_POINT ( 'NONE', #10640 ) ;
#4459 = EDGE_CURVE ( 'NONE', #2263, #9458, #1214, .T. ) ;
#4460 = SURFACE_SIDE_STYLE ('',( #1605 ) ) ;
#4461 = CARTESIAN_POINT ( 'NONE',  ( 2.501000000000000334, 0.3176754958797889938, 0.2583161891533536925 ) ) ;
#4462 = CARTESIAN_POINT ( 'NONE',  ( 2.500000000000000000, 0.5051958360880289822, 0.1853251834279087962 ) ) ;
#4463 = CARTESIAN_POINT ( 'NONE',  ( 2.501000000000000334, -0.6717327661321198518, 0.1328545412775395118 ) ) ;
#4464 = B_SPLINE_SURFACE_WITH_KNOTS ( 'NONE', 3, 1, ( 
 ( #10066, #11801 ),
 ( #6210, #7578 ),
 ( #3992, #309 ),
 ( #178, #9645 ) ),
 .UNSPECIFIED., .F., .F., .F.,
 ( 4, 4 ),
 ( 2, 2 ),
 ( 6.000000000000000000, 7.000000000000000000 ),
 ( 0.000000000000000000, 1.000000000000000000 ),
 .UNSPECIFIED. ) ;
#4465 = EDGE_LOOP ( 'NONE', ( #9033, #6281, #7187, #4836, #11810, #2498 ) ) ;
#4466 = FILL_AREA_STYLE_COLOUR ( '', #6350 ) ;
#4467 = ORIENTED_EDGE ( 'NONE', *, *, #4943, .T. ) ;
#4469 = CARTESIAN_POINT ( 'NONE',  ( 2.500000000000000000, 0.5051958360880290932, 0.1853251834279087962 ) ) ;
#4468 = CARTESIAN_POINT ( 'NONE',  ( 2.500000000000000000, 0.8423373404535873243, 0.7550085457775264075 ) ) ;
#4470 = DIRECTION ( 'NONE',  ( 0.000000000000000000, -1.000000000000000000, -7.498006859809977909E-15 ) ) ;
#4471 = LINE ( 'NONE', #8225, #10701 ) ;
#4472 = ORIENTED_EDGE ( 'NONE', *, *, #7039, .F. ) ;
#4473 = VECTOR ( 'NONE', #6591, 1000.000000000000000 ) ;
#4474 = ORIENTED_EDGE ( 'NONE', *, *, #11953, .T. ) ;
#4476 = DIRECTION ( 'NONE',  ( -0.000000000000000000, 0.000000000000000000, 1.000000000000000000 ) ) ;
#4475 =( NAMED_UNIT ( * ) SI_UNIT ( $, .STERADIAN. ) SOLID_ANGLE_UNIT ( ) );
#4477 = CARTESIAN_POINT ( 'NONE',  ( 2.500000000000000000, -0.9247805347721449465, 0.3005890310000325361 ) ) ;
#4478 = CARTESIAN_POINT ( 'NONE',  ( 2.500000000000000000, 0.2289321577220630455, 0.7085313669184435392 ) ) ;
#4479 = UNCERTAINTY_MEASURE_WITH_UNIT (LENGTH_MEASURE( 1.000000000000000082E-05 ), #11171, 'distance_accuracy_value', 'NONE');
#4480 = CARTESIAN_POINT ( 'NONE',  ( 2.500000000000000000, 0.9164200919913106924, 0.2592519712769720819 ) ) ;
#4481 =( NAMED_UNIT ( * ) PLANE_ANGLE_UNIT ( ) SI_UNIT ( $, .RADIAN. ) );
#4482 = SURFACE_STYLE_FILL_AREA ( #2439 ) ;
#4483 = VECTOR ( 'NONE', #4713, 1000.000000000000000 ) ;
#4484 = CARTESIAN_POINT ( 'NONE',  ( 2.501000000000000334, 0.3714309801537979960, 0.5600539364684635757 ) ) ;
#4485 = PLANE ( 'NONE',  #4911 ) ;
#4486 = SURFACE_STYLE_USAGE ( .BOTH. , #10060 ) ;
#4487 = LINE ( 'NONE', #10991, #15 ) ;
#4488 = ORIENTED_EDGE ( 'NONE', *, *, #4655, .F. ) ;
#4489 = EDGE_LOOP ( 'NONE', ( #5822, #10571, #4789, #7122 ) ) ;
#4490 = CARTESIAN_POINT ( 'NONE',  ( 2.501000000000000334, 1.085900632350526029, 0.3921330329833358497 ) ) ;
#4491 = VECTOR ( 'NONE', #4599, 1000.000000000000000 ) ;
#4492 = FACE_OUTER_BOUND ( 'NONE', #2257, .T. ) ;
#4493 = CARTESIAN_POINT ( 'NONE',  ( 2.501000000000000334, -0.1237036615811425294, 0.5941243880140490985 ) ) ;
#4494 = FILL_AREA_STYLE_COLOUR ( '', #3644 ) ;
#4495 = EDGE_CURVE ( 'NONE', #10438, #11527, #6964, .T. ) ;
#4496 = ORIENTED_EDGE ( 'NONE', *, *, #3258, .T. ) ;
#4497 = CARTESIAN_POINT ( 'NONE',  ( 2.500000000000000000, 0.9197993052196431485, 0.5516318973461920017 ) ) ;
#4498 = DIRECTION ( 'NONE',  ( -0.000000000000000000, -0.000000000000000000, -1.000000000000000000 ) ) ;
#4499 = CARTESIAN_POINT ( 'NONE',  ( 2.500000000000000000, 0.2373541968443405037, 0.2950196435990998789 ) ) ;
#4500 = DIRECTION ( 'NONE',  ( -1.000000000000000000, 0.000000000000000000, 0.000000000000000000 ) ) ;
#4501 = LINE ( 'NONE', #7013, #2054 ) ;
#4502 = CARTESIAN_POINT ( 'NONE',  ( 2.500000000000000000, 0.2631921810651727256, 0.2699614778153062167 ) ) ;
#4503 = CARTESIAN_POINT ( 'NONE',  ( 2.501000000000000334, 0.4453057801077996425, 0.3775764221548525423 ) ) ;
#4504 = EDGE_CURVE ( 'NONE', #3284, #2470, #9874, .T. ) ;
#4505 = EDGE_LOOP ( 'NONE', ( #8396, #10510, #2053, #9807 ) ) ;
#4506 = FILL_AREA_STYLE_COLOUR ( '', #8490 ) ;
#4507 = CARTESIAN_POINT ( 'NONE',  ( 2.500000000000000000, 0.5051958360880292043, 0.1626584608516912223 ) ) ;
#4508 = CARTESIAN_POINT ( 'NONE',  ( 2.501000000000000334, -0.6717327385521014715, 0.4234979680790827428 ) ) ;
#4509 = CARTESIAN_POINT ( 'NONE',  ( 2.501000000000000334, 0.1298432282970051477, 0.3438882656657537007 ) ) ;
#4510 = CARTESIAN_POINT ( 'NONE',  ( 2.501000000000000334, 0.2855469762654683774, 0.3152949229677414755 ) ) ;
#4511 = CARTESIAN_POINT ( 'NONE',  ( 2.501000000000000334, 0.2855469762654684329, 0.3152949229677414755 ) ) ;
#4512 = CARTESIAN_POINT ( 'NONE',  ( 2.500000000000000000, 0.8705667678826980449, 0.2289950159133588292 ) ) ;
#4513 = EDGE_LOOP ( 'NONE', ( #9799, #8121, #4975, #11207 ) ) ;
#4514 = EDGE_CURVE ( 'NONE', #9089, #11137, #7978, .T. ) ;
#4515 = LINE ( 'NONE', #5290, #9202 ) ;
#4516 = CARTESIAN_POINT ( 'NONE',  ( 2.501000000000000334, 0.4121375025776595202, 0.7550085457775248532 ) ) ;
#4517 = DIRECTION ( 'NONE',  ( -0.000000000000000000, -3.331453071941913615E-15, 1.000000000000000000 ) ) ;
#4518 = VERTEX_POINT ( 'NONE', #9978 ) ;
#4519 = CARTESIAN_POINT ( 'NONE',  ( 2.501000000000000334, 0.4345962735701576207, 0.3568852396201582788 ) ) ;
#4520 = UNCERTAINTY_MEASURE_WITH_UNIT (LENGTH_MEASURE( 1.000000000000000082E-05 ), #5188, 'distance_accuracy_value', 'NONE');
#4521 = ORIENTED_EDGE ( 'NONE', *, *, #10258, .T. ) ;
#4522 = MECHANICAL_DESIGN_GEOMETRIC_PRESENTATION_REPRESENTATION (  '', ( #10442 ), #8262 ) ;
#4523 = UNCERTAINTY_MEASURE_WITH_UNIT (LENGTH_MEASURE( 1.000000000000000082E-05 ), #3497, 'distance_accuracy_value', 'NONE');
#4524 = CARTESIAN_POINT ( 'NONE',  ( 2.500000000000000000, -0.2567344923053232475, 0.3164948678129328452 ) ) ;
#4525 = B_SPLINE_CURVE_WITH_KNOTS ( 'NONE', 3,
 ( #7488, #11284, #10191, #1704 ),
 .UNSPECIFIED., .F., .F.,
 ( 4, 4 ),
 ( 6.000000000000000000, 7.000000000000000000 ),
 .UNSPECIFIED. ) ;
#4526 = CARTESIAN_POINT ( 'NONE',  ( 2.500000000000000000, -0.5271340490744740315, 0.2774532583344879177 ) ) ;
#4527 = ADVANCED_FACE ( 'NONE', ( #6826 ), #584, .F. ) ;
#4528 = B_SPLINE_CURVE_WITH_KNOTS ( 'NONE', 3,
 ( #4128, #10834, #11510, #4936 ),
 .UNSPECIFIED., .F., .F.,
 ( 4, 4 ),
 ( 18.00000000000000000, 19.00000000000000000 ),
 .UNSPECIFIED. ) ;
#4530 = CARTESIAN_POINT ( 'NONE',  ( 2.501000000000000334, 0.4149968368470454694, 0.3315151464618192323 ) ) ;
#4529 = SPHERICAL_SURFACE ( 'NONE', #2363, 2.500000000000000000 ) ;
#4531 = B_SPLINE_CURVE_WITH_KNOTS ( 'NONE', 3,
 ( #7486, #8553, #9483, #5567 ),
 .UNSPECIFIED., .F., .F.,
 ( 4, 4 ),
 ( 16.00000000000000000, 17.00000000000000000 ),
 .UNSPECIFIED. ) ;
#4532 = VECTOR ( 'NONE', #9880, 1000.000000000000000 ) ;
#4533 = MECHANICAL_DESIGN_GEOMETRIC_PRESENTATION_REPRESENTATION (  '', ( #2940 ), #9504 ) ;
#4535 = VERTEX_POINT ( 'NONE', #1726 ) ;
#4534 = PLANE ( 'NONE',  #5907 ) ;
#4536 = PRESENTATION_STYLE_ASSIGNMENT (( #5448 ) ) ;
#4537 = CARTESIAN_POINT ( 'NONE',  ( 2.501000000000000334, 0.3189232053793272237, 0.5715952493389055977 ) ) ;
#4538 = ORIENTED_EDGE ( 'NONE', *, *, #3487, .T. ) ;
#4539 = COLOUR_RGB ( '',0.000000000000000000, 0.000000000000000000, 0.000000000000000000 ) ;
#4540 = SURFACE_STYLE_USAGE ( .BOTH. , #10195 ) ;
#4541 = VECTOR ( 'NONE', #2652, 1000.000000000000000 ) ;
#4542 = STYLED_ITEM ( 'NONE', ( #10790 ), #11669 ) ;
#4543 =( GEOMETRIC_REPRESENTATION_CONTEXT ( 3 ) GLOBAL_UNCERTAINTY_ASSIGNED_CONTEXT ( ( #5275 ) ) GLOBAL_UNIT_ASSIGNED_CONTEXT ( ( #3883, #80, #6778 ) ) REPRESENTATION_CONTEXT ( 'NONE', 'WORKASPACE' ) );
#4544 = FILL_AREA_STYLE ('',( #756 ) ) ;
#4545 = PLANE ( 'NONE',  #10073 ) ;
#4546 = CARTESIAN_POINT ( 'NONE',  ( 2.500000000000000000, -0.2654103932648921305, 0.5420688443579295690 ) ) ;
#4547 =( LENGTH_UNIT ( ) NAMED_UNIT ( * ) SI_UNIT ( .MILLI., .METRE. ) );
#4549 = ORIENTED_EDGE ( 'NONE', *, *, #9793, .F. ) ;
#4548 = FACE_OUTER_BOUND ( 'NONE', #8479, .T. ) ;
#4550 = MECHANICAL_DESIGN_GEOMETRIC_PRESENTATION_REPRESENTATION (  '', ( #2965 ), #4357 ) ;
#4551 = ORIENTED_EDGE ( 'NONE', *, *, #1851, .F. ) ;
#4552 = STYLED_ITEM ( 'NONE', ( #6197 ), #7769 ) ;
#4553 = VECTOR ( 'NONE', #7546, 1000.000000000000000 ) ;
#4554 = B_SPLINE_SURFACE_WITH_KNOTS ( 'NONE', 3, 1, ( 
 ( #10873, #5452 ),
 ( #11833, #2689 ),
 ( #3386, #11342 ),
 ( #985, #10395 ) ),
 .UNSPECIFIED., .F., .F., .F.,
 ( 4, 4 ),
 ( 2, 2 ),
 ( 35.00000000000000000, 36.00000000000000000 ),
 ( 0.000000000000000000, 1.000000000000000000 ),
 .UNSPECIFIED. ) ;
#4555 = LINE ( 'NONE', #8318, #5377 ) ;
#4556 = B_SPLINE_CURVE_WITH_KNOTS ( 'NONE', 3,
 ( #6614, #10429, #1959, #9815 ),
 .UNSPECIFIED., .F., .F.,
 ( 4, 4 ),
 ( 0.000000000000000000, 1.000000000000000000 ),
 .UNSPECIFIED. ) ;
#4557 = DIRECTION ( 'NONE',  ( 1.000000000000000000, 0.000000000000000000, 0.000000000000000000 ) ) ;
#4558 = CARTESIAN_POINT ( 'NONE',  ( 2.500000000000000000, 0.7255205385554218678, 0.6559196163531543222 ) ) ;
#4559 = LINE ( 'NONE', #7255, #11638 ) ;
#4560 = STYLED_ITEM ( 'NONE', ( #3414 ), #1943 ) ;
#4561 = CARTESIAN_POINT ( 'NONE',  ( 2.500000000000000000, 0.8726462837143440510, 0.4323716643446920416 ) ) ;
#4562 = AXIS2_PLACEMENT_3D ( 'NONE', #6704, #8539, #9473 ) ;
#4563 = CARTESIAN_POINT ( 'NONE',  ( 2.501000000000000334, 0.4866881451771898903, 0.2551969154037940779 ) ) ;
#4564 =( NAMED_UNIT ( * ) SI_UNIT ( $, .STERADIAN. ) SOLID_ANGLE_UNIT ( ) );
#4565 = B_SPLINE_SURFACE_WITH_KNOTS ( 'NONE', 3, 1, ( 
 ( #8757, #4426 ),
 ( #6180, #3373 ),
 ( #11102, #7108 ),
 ( #562, #5139 ) ),
 .UNSPECIFIED., .F., .F., .F.,
 ( 4, 4 ),
 ( 2, 2 ),
 ( 1.000000000000000000, 2.000000000000000000 ),
 ( 0.000000000000000000, 1.000000000000000000 ),
 .UNSPECIFIED. ) ;
#4566 = DIRECTION ( 'NONE',  ( -1.000000000000000000, -0.000000000000000000, -0.000000000000000000 ) ) ;
#4567 = EDGE_LOOP ( 'NONE', ( #525, #11844, #4083, #10603 ) ) ;
#4568 =( NAMED_UNIT ( * ) PLANE_ANGLE_UNIT ( ) SI_UNIT ( $, .RADIAN. ) );
#4569 = B_SPLINE_CURVE_WITH_KNOTS ( 'NONE', 3,
 ( #2177, #2317, #4158, #4028 ),
 .UNSPECIFIED., .F., .F.,
 ( 4, 4 ),
 ( 5.000000000000000000, 6.000000000000000000 ),
 .UNSPECIFIED. ) ;
#4570 = SURFACE_STYLE_USAGE ( .BOTH. , #5411 ) ;
#4571 = EDGE_LOOP ( 'NONE', ( #10623, #4182, #2112, #8857 ) ) ;
#4572 = UNCERTAINTY_MEASURE_WITH_UNIT (LENGTH_MEASURE( 1.000000000000000082E-05 ), #10453, 'distance_accuracy_value', 'NONE');
#4573 = SURFACE_STYLE_FILL_AREA ( #1691 ) ;
#4574 = EDGE_CURVE ( 'NONE', #4880, #416, #5726, .T. ) ;
#4575 =( NAMED_UNIT ( * ) SI_UNIT ( $, .STERADIAN. ) SOLID_ANGLE_UNIT ( ) );
#4576 = ADVANCED_FACE ( 'NONE', ( #6853 ), #8828, .T. ) ;
#4577 = DIRECTION ( 'NONE',  ( -0.000000000000000000, -1.000000000000000000, -3.622438551222427550E-15 ) ) ;
#4578 = LINE ( 'NONE', #6622, #9340 ) ;
#4579 = DIRECTION ( 'NONE',  ( -0.000000000000000000, -1.000000000000000000, -0.000000000000000000 ) ) ;
#4580 =( NAMED_UNIT ( * ) PLANE_ANGLE_UNIT ( ) SI_UNIT ( $, .RADIAN. ) );
#4581 = VERTEX_POINT ( 'NONE', #10814 ) ;
#4582 = PRESENTATION_LAYER_ASSIGNMENT (  '', '', ( #9727 ) ) ;
#4583 = CARTESIAN_POINT ( 'NONE',  ( 2.500000000000000000, 0.3714309801537977740, 0.5852160780437705156 ) ) ;
#4584 = DIRECTION ( 'NONE',  ( -1.000000000000000000, -0.000000000000000000, -0.000000000000000000 ) ) ;
#4585 = ORIENTED_EDGE ( 'NONE', *, *, #1705, .T. ) ;
#4586 = CARTESIAN_POINT ( 'NONE',  ( 2.500000000000000000, 0.4278898350092369962, 0.3551176511616613296 ) ) ;
#4587 = EDGE_CURVE ( 'NONE', #2107, #11700, #4442, .T. ) ;
#4588 = LINE ( 'NONE', #2906, #7309 ) ;
#4589 = CARTESIAN_POINT ( 'NONE',  ( 2.501000000000000334, 0.8619367771760082508, 0.6302375958202816042 ) ) ;
#4590 = CARTESIAN_POINT ( 'NONE',  ( 2.500000000000000000, 0.2945928701375169489, 0.2973071110151591090 ) ) ;
#4591 = VECTOR ( 'NONE', #6469, 1000.000000000000000 ) ;
#4592 = FACE_BOUND ( 'NONE', #5343, .T. ) ;
#4593 = PRESENTATION_STYLE_ASSIGNMENT (( #2725 ) ) ;
#4594 = UNCERTAINTY_MEASURE_WITH_UNIT (LENGTH_MEASURE( 1.000000000000000082E-05 ), #4045, 'distance_accuracy_value', 'NONE');
#4595 =( NAMED_UNIT ( * ) SI_UNIT ( $, .STERADIAN. ) SOLID_ANGLE_UNIT ( ) );
#4596 = VECTOR ( 'NONE', #3654, 1000.000000000000000 ) ;
#4598 = ORIENTED_EDGE ( 'NONE', *, *, #4690, .T. ) ;
#4597 = SURFACE_SIDE_STYLE ('',( #7600 ) ) ;
#4599 = DIRECTION ( 'NONE',  ( 0.000000000000000000, -1.000000000000000000, 0.000000000000000000 ) ) ;
#4600 = DIRECTION ( 'NONE',  ( -1.000000000000000000, -0.000000000000000000, -0.000000000000000000 ) ) ;
#4601 =( NAMED_UNIT ( * ) SI_UNIT ( $, .STERADIAN. ) SOLID_ANGLE_UNIT ( ) );
#4602 = EDGE_LOOP ( 'NONE', ( #702, #9139, #8891, #10694 ) ) ;
#4603 = EDGE_CURVE ( 'NONE', #1332, #9548, #5219, .T. ) ;
#4604 = STYLED_ITEM ( 'NONE', ( #2782 ), #3965 ) ;
#4605 = CARTESIAN_POINT ( 'NONE',  ( 2.501000000000000334, 0.9914906135484093941, 0.2289950159133592733 ) ) ;
#4606 =( GEOMETRIC_REPRESENTATION_CONTEXT ( 3 ) GLOBAL_UNCERTAINTY_ASSIGNED_CONTEXT ( ( #11093 ) ) GLOBAL_UNIT_ASSIGNED_CONTEXT ( ( #4214, #1678, #9295 ) ) REPRESENTATION_CONTEXT ( 'NONE', 'WORKASPACE' ) );
#4607 = SURFACE_SIDE_STYLE ('',( #5260 ) ) ;
#4609 = ORIENTED_EDGE ( 'NONE', *, *, #884, .T. ) ;
#4608 = CARTESIAN_POINT ( 'NONE',  ( 2.501000000000000334, -0.4085630900562654544, 0.8095764709139163795 ) ) ;
#4610 = MECHANICAL_DESIGN_GEOMETRIC_PRESENTATION_REPRESENTATION (  '', ( #9176 ), #7752 ) ;
#4611 = VECTOR ( 'NONE', #7010, 1000.000000000000000 ) ;
#4612 = VERTEX_POINT ( 'NONE', #1458 ) ;
#4613 = CARTESIAN_POINT ( 'NONE',  ( 2.501000000000000334, 0.9495363816256957579, 0.2574843828198626894 ) ) ;
#4614 = EDGE_CURVE ( 'NONE', #1714, #7224, #7348, .T. ) ;
#4615 = EDGE_CURVE ( 'NONE', #60, #2059, #2507, .T. ) ;
#4616 = DIRECTION ( 'NONE',  ( -0.000000000000000000, 1.000000000000000000, 2.973606876999093033E-15 ) ) ;
#4617 = STYLED_ITEM ( 'NONE', ( #9582 ), #3683 ) ;
#4618 = SURFACE_SIDE_STYLE ('',( #832 ) ) ;
#4619 = VECTOR ( 'NONE', #10273, 1000.000000000000000 ) ;
#4620 = LINE ( 'NONE', #5597, #3633 ) ;
#4621 = SURFACE_STYLE_USAGE ( .BOTH. , #11424 ) ;
#4622 = ORIENTED_EDGE ( 'NONE', *, *, #7929, .F. ) ;
#4623 = FACE_OUTER_BOUND ( 'NONE', #11027, .T. ) ;
#4624 = STYLED_ITEM ( 'NONE', ( #7074 ), #4030 ) ;
#4625 = MECHANICAL_DESIGN_GEOMETRIC_PRESENTATION_REPRESENTATION (  '', ( #3050 ), #864 ) ;
#4626 =( NAMED_UNIT ( * ) PLANE_ANGLE_UNIT ( ) SI_UNIT ( $, .RADIAN. ) );
#4627 = LINE ( 'NONE', #11387, #6289 ) ;
#4628 = ORIENTED_EDGE ( 'NONE', *, *, #9390, .T. ) ;
#4629 = COLOUR_RGB ( '',0.8509803921568627194, 0.8509803921568627194, 0.8509803921568627194 ) ;
#4630 = LINE ( 'NONE', #10169, #5198 ) ;
#4631 = EDGE_CURVE ( 'NONE', #5762, #12176, #334, .T. ) ;
#4632 = EDGE_CURVE ( 'NONE', #5314, #3956, #7774, .T. ) ;
#4633 = FILL_AREA_STYLE ('',( #6455 ) ) ;
#4634 = PRESENTATION_STYLE_ASSIGNMENT (( #6345 ) ) ;
#4635 = ORIENTED_EDGE ( 'NONE', *, *, #771, .F. ) ;
#4636 = CARTESIAN_POINT ( 'NONE',  ( 2.501000000000000334, -0.9175505575494772303, 0.6230441176359816646 ) ) ;
#4637 = UNCERTAINTY_MEASURE_WITH_UNIT (LENGTH_MEASURE( 1.000000000000000082E-05 ), #10479, 'distance_accuracy_value', 'NONE');
#4638 = UNCERTAINTY_MEASURE_WITH_UNIT (LENGTH_MEASURE( 1.000000000000000082E-05 ), #7243, 'distance_accuracy_value', 'NONE');
#4639 = CARTESIAN_POINT ( 'NONE',  ( 2.501000000000000334, -0.2654103932648921305, 0.5420688443579295690 ) ) ;
#4640 = CARTESIAN_POINT ( 'NONE',  ( 2.500000000000000000, 0.4866881451771898903, 0.2780715895630394008 ) ) ;
#4641 = CARTESIAN_POINT ( 'NONE',  ( 2.501000000000000334, 0.4383913899645447976, 0.6665251470985904536 ) ) ;
#4642 = DIRECTION ( 'NONE',  ( 1.000000000000000000, 0.000000000000000000, -6.123233995736768501E-17 ) ) ;
#4643 = EDGE_CURVE ( 'NONE', #4581, #2790, #3087, .T. ) ;
#4644 =( NAMED_UNIT ( * ) PLANE_ANGLE_UNIT ( ) SI_UNIT ( $, .RADIAN. ) );
#4645 = PRESENTATION_LAYER_ASSIGNMENT (  '', '', ( #2303 ) ) ;
#4646 = CARTESIAN_POINT ( 'NONE',  ( 2.501000000000000334, -0.1164737257285018007, 0.2933590951473956654 ) ) ;
#4647 = ORIENTED_EDGE ( 'NONE', *, *, #10450, .T. ) ;
#4648 = ORIENTED_EDGE ( 'NONE', *, *, #1781, .T. ) ;
#4649 = DIRECTION ( 'NONE',  ( -1.000000000000000000, -0.000000000000000000, -0.000000000000000000 ) ) ;
#4650 = CARTESIAN_POINT ( 'NONE',  ( 2.500000000000000000, 0.2834154725373658756, 0.2255638147892595757 ) ) ;
#4651 =( GEOMETRIC_REPRESENTATION_CONTEXT ( 3 ) GLOBAL_UNCERTAINTY_ASSIGNED_CONTEXT ( ( #2813 ) ) GLOBAL_UNIT_ASSIGNED_CONTEXT ( ( #8719, #971, #185 ) ) REPRESENTATION_CONTEXT ( 'NONE', 'WORKASPACE' ) );
#4652 = SURFACE_STYLE_FILL_AREA ( #879 ) ;
#4653 = CARTESIAN_POINT ( 'NONE',  ( 2.500000000000000000, 0.5861929777696958110, 0.7316139926607153621 ) ) ;
#4654 = CARTESIAN_POINT ( 'NONE',  ( 2.501000000000000334, 0.8146277919848246007, 0.2289950159133586349 ) ) ;
#4655 = EDGE_CURVE ( 'NONE', #10085, #6643, #3279, .T. ) ;
#4657 = VERTEX_POINT ( 'NONE', #6825 ) ;
#4656 = CARTESIAN_POINT ( 'NONE',  ( 2.501000000000000334, -0.4808624485847420305, 0.8095764709139161575 ) ) ;
#4658 = CARTESIAN_POINT ( 'NONE',  ( 2.501000000000000334, 0.4383913899645447976, 0.6432345697732935186 ) ) ;
#4659 = ORIENTED_EDGE ( 'NONE', *, *, #5022, .F. ) ;
#4660 = SURFACE_STYLE_USAGE ( .BOTH. , #5705 ) ;
#4661 = STYLED_ITEM ( 'NONE', ( #794 ), #5951 ) ;
#4662 = SURFACE_STYLE_FILL_AREA ( #891 ) ;
#4663 = FACE_OUTER_BOUND ( 'NONE', #3176, .T. ) ;
#4664 = DIRECTION ( 'NONE',  ( -1.000000000000000000, -0.000000000000000000, -0.000000000000000000 ) ) ;
#4665 = CARTESIAN_POINT ( 'NONE',  ( 2.500000000000000000, 0.4703119579951469120, 0.2371051276597024027 ) ) ;
#4666 = FACE_BOUND ( 'NONE', #1177, .T. ) ;
#4667 = CARTESIAN_POINT ( 'NONE',  ( 2.501000000000000334, 0.9802092401581361525, 0.3332827349189388944 ) ) ;
#4668 = EDGE_CURVE ( 'NONE', #8554, #5293, #1212, .T. ) ;
#4669 = B_SPLINE_CURVE_WITH_KNOTS ( 'NONE', 3,
 ( #4636, #6277, #7417, #4418 ),
 .UNSPECIFIED., .F., .F.,
 ( 4, 4 ),
 ( 6.000000000000000000, 7.000000000000000000 ),
 .UNSPECIFIED. ) ;
#4670 = CARTESIAN_POINT ( 'NONE',  ( 2.500000000000000000, 0.2191584333087385761, 0.6494731172710164202 ) ) ;
#4672 = ADVANCED_FACE ( 'NONE', ( #7018 ), #11678, .F. ) ;
#4671 = VERTEX_POINT ( 'NONE', #318 ) ;
#4673 = FILL_AREA_STYLE_COLOUR ( '', #3808 ) ;
#4674 = ORIENTED_EDGE ( 'NONE', *, *, #1189, .F. ) ;
#4675 = B_SPLINE_CURVE_WITH_KNOTS ( 'NONE', 3,
 ( #10958, #1351, #4130, #6155 ),
 .UNSPECIFIED., .F., .F.,
 ( 4, 4 ),
 ( 5.000000000000000000, 6.000000000000000000 ),
 .UNSPECIFIED. ) ;
#4676 = ORIENTED_EDGE ( 'NONE', *, *, #1468, .T. ) ;
#4677 = UNCERTAINTY_MEASURE_WITH_UNIT (LENGTH_MEASURE( 1.000000000000000082E-05 ), #3430, 'distance_accuracy_value', 'NONE');
#4678 = CARTESIAN_POINT ( 'NONE',  ( 2.501000000000000334, 0.4273179681559186593, 0.2928361519745508179 ) ) ;
#4679 =( NAMED_UNIT ( * ) SI_UNIT ( $, .STERADIAN. ) SOLID_ANGLE_UNIT ( ) );
#4680 = PLANE ( 'NONE',  #214 ) ;
#4681 = ORIENTED_EDGE ( 'NONE', *, *, #9327, .F. ) ;
#4682 = DIRECTION ( 'NONE',  ( -0.000000000000000000, -1.000000000000000000, -0.000000000000000000 ) ) ;
#4683 = DIRECTION ( 'NONE',  ( 0.000000000000000000, -3.198603716350161147E-15, 1.000000000000000000 ) ) ;
#4684 = CARTESIAN_POINT ( 'NONE',  ( 2.501000000000000334, 0.7658111578125366137, 0.3205976883404589861 ) ) ;
#4685 = ORIENTED_EDGE ( 'NONE', *, *, #6560, .T. ) ;
#4686 = B_SPLINE_CURVE_WITH_KNOTS ( 'NONE', 3,
 ( #9754, #9820, #9697, #1190 ),
 .UNSPECIFIED., .F., .F.,
 ( 4, 4 ),
 ( 9.000000000000000000, 10.00000000000000000 ),
 .UNSPECIFIED. ) ;
#4687 = CARTESIAN_POINT ( 'NONE',  ( 2.501000000000000334, 0.7715818142484478503, 0.4089771112278829390 ) ) ;
#4688 = FACE_OUTER_BOUND ( 'NONE', #1624, .T. ) ;
#4689 = CARTESIAN_POINT ( 'NONE',  ( 2.500000000000000000, -0.3753053961641879543, 0.2731152526957092985 ) ) ;
#4690 = EDGE_CURVE ( 'NONE', #3501, #8547, #11427, .T. ) ;
#4691 = CARTESIAN_POINT ( 'NONE',  ( 2.501000000000000334, 0.2666753700843376707, 0.5930142624155795295 ) ) ;
#4692 = FACE_BOUND ( 'NONE', #3854, .T. ) ;
#4693 = UNCERTAINTY_MEASURE_WITH_UNIT (LENGTH_MEASURE( 1.000000000000000082E-05 ), #6979, 'distance_accuracy_value', 'NONE');
#4695 = SURFACE_STYLE_USAGE ( .BOTH. , #921 ) ;
#4694 =( NAMED_UNIT ( * ) PLANE_ANGLE_UNIT ( ) SI_UNIT ( $, .RADIAN. ) );
#4696 = ORIENTED_EDGE ( 'NONE', *, *, #9346, .F. ) ;
#4698 = ORIENTED_EDGE ( 'NONE', *, *, #481, .T. ) ;
#4697 = SURFACE_STYLE_USAGE ( .BOTH. , #7374 ) ;
#4699 = MECHANICAL_DESIGN_GEOMETRIC_PRESENTATION_REPRESENTATION (  '', ( #3127 ), #5274 ) ;
#4700 = CARTESIAN_POINT ( 'NONE',  ( 2.501000000000000334, 0.4605382335818141160, 0.2660103977336463199 ) ) ;
#4701 = ORIENTED_EDGE ( 'NONE', *, *, #11953, .F. ) ;
#4702 =( LENGTH_UNIT ( ) NAMED_UNIT ( * ) SI_UNIT ( .MILLI., .METRE. ) );
#4703 = CARTESIAN_POINT ( 'NONE',  ( 2.501000000000000334, 0.9526036674781064306, 0.3071848112200114000 ) ) ;
#4704 = LINE ( 'NONE', #2865, #6947 ) ;
#4705 = ADVANCED_FACE ( 'NONE', ( #4806 ), #10432, .F. ) ;
#4706 = EDGE_CURVE ( 'NONE', #903, #2827, #10257, .T. ) ;
#4707 = SURFACE_STYLE_FILL_AREA ( #1824 ) ;
#4708 = CIRCLE ( 'NONE', #6083, 2.500000000000000000 ) ;
#4709 = CIRCLE ( 'NONE', #2939, 2.500000000000000000 ) ;
#4710 = UNCERTAINTY_MEASURE_WITH_UNIT (LENGTH_MEASURE( 1.000000000000000082E-05 ), #7727, 'distance_accuracy_value', 'NONE');
#4711 =( NAMED_UNIT ( * ) SI_UNIT ( $, .STERADIAN. ) SOLID_ANGLE_UNIT ( ) );
#4713 = DIRECTION ( 'NONE',  ( -1.000000000000000000, -0.000000000000000000, -0.000000000000000000 ) ) ;
#4712 = DIRECTION ( 'NONE',  ( 1.000000000000000000, 0.000000000000000000, -6.123233995736766036E-17 ) ) ;
#4714 = DIRECTION ( 'NONE',  ( 0.000000000000000000, 1.000000000000000000, 3.912738504820334588E-15 ) ) ;
#4716 = ORIENTED_EDGE ( 'NONE', *, *, #9019, .T. ) ;
#4715 =( NAMED_UNIT ( * ) PLANE_ANGLE_UNIT ( ) SI_UNIT ( $, .RADIAN. ) );
#4717 = EDGE_LOOP ( 'NONE', ( #20, #2335, #8563, #8859 ) ) ;
#4718 = CARTESIAN_POINT ( 'NONE',  ( 2.501000000000000334, -0.1526234049923927139, 0.4292818560854309573 ) ) ;
#4720 = VERTEX_POINT ( 'NONE', #12088 ) ;
#4719 = PRESENTATION_LAYER_ASSIGNMENT (  '', '', ( #8909 ) ) ;
#4721 = CARTESIAN_POINT ( 'NONE',  ( 2.501000000000000334, -0.4808624485847420305, 0.8095764709139161575 ) ) ;
#4722 = LINE ( 'NONE', #2254, #4346 ) ;
#4723 = EDGE_CURVE ( 'NONE', #1240, #2858, #5661, .T. ) ;
#4724 = PRESENTATION_LAYER_ASSIGNMENT (  '', '', ( #1575 ) ) ;
#4725 = CARTESIAN_POINT ( 'NONE',  ( 2.501000000000000334, 0.5707005848148212213, 0.2558207701542610790 ) ) ;
#4726 = CARTESIAN_POINT ( 'NONE',  ( 2.500000000000000000, 0.4866881451771898903, 0.2685058167327331602 ) ) ;
#4727 =( GEOMETRIC_REPRESENTATION_CONTEXT ( 3 ) GLOBAL_UNCERTAINTY_ASSIGNED_CONTEXT ( ( #9257 ) ) GLOBAL_UNIT_ASSIGNED_CONTEXT ( ( #777, #10084, #4397 ) ) REPRESENTATION_CONTEXT ( 'NONE', 'WORKASPACE' ) );
#4728 = B_SPLINE_CURVE_WITH_KNOTS ( 'NONE', 3,
 ( #12026, #11197, #8335, #10215 ),
 .UNSPECIFIED., .F., .F.,
 ( 4, 4 ),
 ( 1.000000000000000000, 2.000000000000000000 ),
 .UNSPECIFIED. ) ;
#4729 = DIRECTION ( 'NONE',  ( -1.000000000000000000, -0.000000000000000000, -0.000000000000000000 ) ) ;
#4730 = CARTESIAN_POINT ( 'NONE',  ( -0.4000000000000000777, -0.2500000000000000000, -3.000000000000000000 ) ) ;
#4731 =( LENGTH_UNIT ( ) NAMED_UNIT ( * ) SI_UNIT ( .MILLI., .METRE. ) );
#4732 = MECHANICAL_DESIGN_GEOMETRIC_PRESENTATION_REPRESENTATION (  '', ( #10665 ), #2538 ) ;
#4733 = COLOUR_RGB ( '',1.000000000000000000, 1.000000000000000000, 1.000000000000000000 ) ;
#4734 = COLOUR_RGB ( '',0.000000000000000000, 0.000000000000000000, 0.000000000000000000 ) ;
#4735 = ORIENTED_EDGE ( 'NONE', *, *, #3399, .T. ) ;
#4736 = COLOUR_RGB ( '',0.000000000000000000, 0.000000000000000000, 0.000000000000000000 ) ;
#4737 = ORIENTED_EDGE ( 'NONE', *, *, #11978, .F. ) ;
#4738 = MECHANICAL_DESIGN_GEOMETRIC_PRESENTATION_REPRESENTATION (  '', ( #2962 ), #11657 ) ;
#4739 = SURFACE_STYLE_USAGE ( .BOTH. , #7577 ) ;
#4740 = COLOUR_RGB ( '',0.000000000000000000, 0.000000000000000000, 0.000000000000000000 ) ;
#4741 = PRESENTATION_STYLE_ASSIGNMENT (( #960 ) ) ;
#4742 = EDGE_CURVE ( 'NONE', #5483, #2486, #11251, .T. ) ;
#4743 = VECTOR ( 'NONE', #11683, 1000.000000000000000 ) ;
#4744 = MECHANICAL_DESIGN_GEOMETRIC_PRESENTATION_REPRESENTATION (  '', ( #8503 ), #1794 ) ;
#4745 = CARTESIAN_POINT ( 'NONE',  ( 2.500000000000000000, 0.2705744622709291836, 0.2530134237792435181 ) ) ;
#4746 = DIRECTION ( 'NONE',  ( 0.000000000000000000, -3.198603716350161147E-15, 1.000000000000000000 ) ) ;
#4747 = CARTESIAN_POINT ( 'NONE',  ( 2.500000000000000000, -0.2842082154503027813, 0.7343851339065498030 ) ) ;
#4748 = B_SPLINE_SURFACE_WITH_KNOTS ( 'NONE', 3, 1, ( 
 ( #11910, #2511 ),
 ( #7394, #8320 ),
 ( #1720, #12134 ),
 ( #9333, #1586 ) ),
 .UNSPECIFIED., .F., .F., .F.,
 ( 4, 4 ),
 ( 2, 2 ),
 ( 15.00000000000000000, 16.00000000000000000 ),
 ( 0.000000000000000000, 1.000000000000000000 ),
 .UNSPECIFIED. ) ;
#4749 = DIRECTION ( 'NONE',  ( 0.000000000000000000, -0.000000000000000000, -1.000000000000000000 ) ) ;
#4750 = CARTESIAN_POINT ( 'NONE',  ( 2.500000000000000000, 0.2498312918404796690, 0.2370011518681925111 ) ) ;
#4751 = VERTEX_POINT ( 'NONE', #8577 ) ;
#4752 = LINE ( 'NONE', #7640, #5732 ) ;
#4753 = PRESENTATION_LAYER_ASSIGNMENT (  '', '', ( #12042 ) ) ;
#4754 = DIRECTION ( 'NONE',  ( 0.000000000000000000, -1.000000000000000000, -2.973606876999092638E-15 ) ) ;
#4755 = PRESENTATION_LAYER_ASSIGNMENT (  '', '', ( #6906 ) ) ;
#4756 = CARTESIAN_POINT ( 'NONE',  ( 2.500000000000000000, -0.8293453346287746886, 0.6056923570868749662 ) ) ;
#4757 =( LENGTH_UNIT ( ) NAMED_UNIT ( * ) SI_UNIT ( .MILLI., .METRE. ) );
#4758 = ORIENTED_EDGE ( 'NONE', *, *, #5457, .T. ) ;
#4759 = B_SPLINE_SURFACE_WITH_KNOTS ( 'NONE', 3, 1, ( 
 ( #1557, #5305 ),
 ( #9134, #630 ),
 ( #8232, #4422 ),
 ( #8181, #11938 ) ),
 .UNSPECIFIED., .F., .F., .F.,
 ( 4, 4 ),
 ( 2, 2 ),
 ( 6.000000000000000000, 7.000000000000000000 ),
 ( 0.000000000000000000, 1.000000000000000000 ),
 .UNSPECIFIED. ) ;
#4760 = EDGE_CURVE ( 'NONE', #1241, #3330, #8518, .T. ) ;
#4761 = EDGE_CURVE ( 'NONE', #9010, #152, #721, .T. ) ;
#4762 = FILL_AREA_STYLE_COLOUR ( '', #3538 ) ;
#4763 = CIRCLE ( 'NONE', #2786, 2.500000000000000000 ) ;
#4764 = FACE_BOUND ( 'NONE', #5609, .T. ) ;
#4766 = FILL_AREA_STYLE_COLOUR ( '', #3246 ) ;
#4765 = DIRECTION ( 'NONE',  ( 0.000000000000000000, -0.8840949502478795408, -0.4673073067545587267 ) ) ;
#4767 = VERTEX_POINT ( 'NONE', #7405 ) ;
#4768 = DIRECTION ( 'NONE',  ( -0.000000000000000000, -3.331453071941913615E-15, 1.000000000000000000 ) ) ;
#4769 = SURFACE_STYLE_FILL_AREA ( #10457 ) ;
#4770 = SURFACE_SIDE_STYLE ('',( #871 ) ) ;
#4771 = ORIENTED_EDGE ( 'NONE', *, *, #670, .T. ) ;
#4772 = CARTESIAN_POINT ( 'NONE',  ( 2.501000000000000334, -0.5632837007590397738, 0.3743344097954774408 ) ) ;
#4773 = PRESENTATION_LAYER_ASSIGNMENT (  '', '', ( #2999 ) ) ;
#4774 =( NAMED_UNIT ( * ) SI_UNIT ( $, .STERADIAN. ) SOLID_ANGLE_UNIT ( ) );
#4775 = MECHANICAL_DESIGN_GEOMETRIC_PRESENTATION_REPRESENTATION (  '', ( #8966 ), #3207 ) ;
#4776 = STYLED_ITEM ( 'NONE', ( #10408 ), #10075 ) ;
#4777 = SURFACE_STYLE_FILL_AREA ( #10893 ) ;
#4778 =( GEOMETRIC_REPRESENTATION_CONTEXT ( 3 ) GLOBAL_UNCERTAINTY_ASSIGNED_CONTEXT ( ( #802 ) ) GLOBAL_UNIT_ASSIGNED_CONTEXT ( ( #3769, #6466, #7423 ) ) REPRESENTATION_CONTEXT ( 'NONE', 'WORKASPACE' ) );
#4779 = DIRECTION ( 'NONE',  ( 4.336808689942017736E-16, -0.000000000000000000, 1.000000000000000000 ) ) ;
#4780 = LINE ( 'NONE', #10413, #131 ) ;
#4781 =( NAMED_UNIT ( * ) PLANE_ANGLE_UNIT ( ) SI_UNIT ( $, .RADIAN. ) );
#4782 = B_SPLINE_CURVE_WITH_KNOTS ( 'NONE', 3,
 ( #4801, #12137, #3857, #3797 ),
 .UNSPECIFIED., .F., .F.,
 ( 4, 4 ),
 ( 9.000000000000000000, 10.00000000000000000 ),
 .UNSPECIFIED. ) ;
#4783 = ORIENTED_EDGE ( 'NONE', *, *, #10588, .T. ) ;
#4784 = DIRECTION ( 'NONE',  ( -0.000000000000000000, -0.3897582650654539682, -0.9209172030172785295 ) ) ;
#4785 = STYLED_ITEM ( 'NONE', ( #2095 ), #5312 ) ;
#4786 = ADVANCED_FACE ( 'NONE', ( #5602 ), #5310, .F. ) ;
#4787 = ADVANCED_FACE ( 'NONE', ( #11547 ), #5040, .F. ) ;
#4788 = CARTESIAN_POINT ( 'NONE',  ( 2.501000000000000334, -0.6717327385521014715, 0.4234979680790827428 ) ) ;
#4789 = ORIENTED_EDGE ( 'NONE', *, *, #11434, .F. ) ;
#4790 = UNCERTAINTY_MEASURE_WITH_UNIT (LENGTH_MEASURE( 1.000000000000000082E-05 ), #9071, 'distance_accuracy_value', 'NONE');
#4791 = VECTOR ( 'NONE', #8113, 1000.000000000000000 ) ;
#4792 = MECHANICAL_DESIGN_GEOMETRIC_PRESENTATION_REPRESENTATION (  '', ( #9549 ), #11336 ) ;
#4793 = VECTOR ( 'NONE', #9986, 1000.000000000000000 ) ;
#4794 = CARTESIAN_POINT ( 'NONE',  ( 2.501000000000000334, 0.2991678049696441799, 0.3568852396201577237 ) ) ;
#4795 = SURFACE_SIDE_STYLE ('',( #1012 ) ) ;
#4796 = FACE_OUTER_BOUND ( 'NONE', #4513, .T. ) ;
#4797 = CARTESIAN_POINT ( 'NONE',  ( 2.500000000000000000, 0.6487864043313419371, 0.7550085457775257414 ) ) ;
#4798 = DIRECTION ( 'NONE',  ( -0.000000000000000000, -1.000000000000000000, -3.104947329618985886E-15 ) ) ;
#4799 =( GEOMETRIC_REPRESENTATION_CONTEXT ( 3 ) GLOBAL_UNCERTAINTY_ASSIGNED_CONTEXT ( ( #4523 ) ) GLOBAL_UNIT_ASSIGNED_CONTEXT ( ( #3497, #10935, #1512 ) ) REPRESENTATION_CONTEXT ( 'NONE', 'WORKASPACE' ) );
#4800 =( LENGTH_UNIT ( ) NAMED_UNIT ( * ) SI_UNIT ( .MILLI., .METRE. ) );
#4801 = CARTESIAN_POINT ( 'NONE',  ( 2.500000000000000000, 0.2467120180916191341, 0.6510327541464869805 ) ) ;
#4802 = CARTESIAN_POINT ( 'NONE',  ( 2.500000000000000000, -0.7874117121978027045, 0.3830103383357544300 ) ) ;
#4803 = B_SPLINE_SURFACE_WITH_KNOTS ( 'NONE', 3, 1, ( 
 ( #11414, #11237 ),
 ( #2007, #6728 ),
 ( #5515, #935 ),
 ( #1830, #10470 ) ),
 .UNSPECIFIED., .F., .F., .F.,
 ( 4, 4 ),
 ( 2, 2 ),
 ( 33.00000000000000000, 34.00000000000000000 ),
 ( 0.000000000000000000, 1.000000000000000000 ),
 .UNSPECIFIED. ) ;
#4804 = MECHANICAL_DESIGN_GEOMETRIC_PRESENTATION_REPRESENTATION (  '', ( #11704 ), #8979 ) ;
#4805 = DIRECTION ( 'NONE',  ( 0.000000000000000000, -1.000000000000000000, -6.338874234248783164E-15 ) ) ;
#4806 = FACE_OUTER_BOUND ( 'NONE', #791, .T. ) ;
#4807 = EDGE_CURVE ( 'NONE', #10400, #9034, #9468, .T. ) ;
#4808 = ORIENTED_EDGE ( 'NONE', *, *, #9027, .T. ) ;
#4809 = MECHANICAL_DESIGN_GEOMETRIC_PRESENTATION_REPRESENTATION (  '', ( #10167 ), #7926 ) ;
#4810 = COLOUR_RGB ( '',0.000000000000000000, 0.000000000000000000, 0.000000000000000000 ) ;
#4811 = VECTOR ( 'NONE', #5630, 1000.000000000000000 ) ;
#4812 =( NAMED_UNIT ( * ) PLANE_ANGLE_UNIT ( ) SI_UNIT ( $, .RADIAN. ) );
#4814 = PRESENTATION_STYLE_ASSIGNMENT (( #1206 ) ) ;
#4813 = FILL_AREA_STYLE ('',( #5733 ) ) ;
#4815 = VERTEX_POINT ( 'NONE', #1146 ) ;
#4816 = PRESENTATION_LAYER_ASSIGNMENT (  '', '', ( #469 ) ) ;
#4817 = CARTESIAN_POINT ( 'NONE',  ( 2.500000000000000000, -0.1237036615811425294, 0.5941243880140490985 ) ) ;
#4818 = EDGE_CURVE ( 'NONE', #1333, #1549, #8464, .T. ) ;
#4819 = DIRECTION ( 'NONE',  ( 0.000000000000000000, -1.000000000000000000, -9.310221531588289164E-15 ) ) ;
#4820 = CARTESIAN_POINT ( 'NONE',  ( 2.501000000000000334, 0.4688562969125726343, 0.3533500627045519926 ) ) ;
#4821 = VERTEX_POINT ( 'NONE', #9415 ) ;
#4822 = ORIENTED_EDGE ( 'NONE', *, *, #10378, .F. ) ;
#4823 = PRESENTATION_STYLE_ASSIGNMENT (( #5807 ) ) ;
#4824 = CARTESIAN_POINT ( 'NONE',  ( 2.501000000000000334, 0.9495363816256953138, 0.4054419343122745434 ) ) ;
#4825 = CARTESIAN_POINT ( 'NONE',  ( 2.500000000000000000, 0.4797217671381802662, 0.3463836846648499224 ) ) ;
#4826 = DIRECTION ( 'NONE',  ( 0.000000000000000000, -0.9303007377811847167, 0.3667976789509216906 ) ) ;
#4827 = PRESENTATION_STYLE_ASSIGNMENT (( #4883 ) ) ;
#4828 =( GEOMETRIC_REPRESENTATION_CONTEXT ( 3 ) GLOBAL_UNCERTAINTY_ASSIGNED_CONTEXT ( ( #3571 ) ) GLOBAL_UNIT_ASSIGNED_CONTEXT ( ( #1089, #3656, #8415 ) ) REPRESENTATION_CONTEXT ( 'NONE', 'WORKASPACE' ) );
#4829 = PRESENTATION_STYLE_ASSIGNMENT (( #1042 ) ) ;
#4830 = UNCERTAINTY_MEASURE_WITH_UNIT (LENGTH_MEASURE( 1.000000000000000082E-05 ), #6181, 'distance_accuracy_value', 'NONE');
#4832 = FILL_AREA_STYLE_COLOUR ( '', #4014 ) ;
#4831 = CARTESIAN_POINT ( 'NONE',  ( 2.501000000000000334, 1.145478760956904374, 0.2289950159133597729 ) ) ;
#4833 = VERTEX_POINT ( 'NONE', #6770 ) ;
#4834 = EDGE_CURVE ( 'NONE', #4417, #6305, #1094, .T. ) ;
#4836 = ORIENTED_EDGE ( 'NONE', *, *, #4631, .T. ) ;
#4835 = FILL_AREA_STYLE_COLOUR ( '', #2967 ) ;
#4837 = EDGE_CURVE ( 'NONE', #2454, #9768, #6154, .T. ) ;
#4838 = B_SPLINE_CURVE_WITH_KNOTS ( 'NONE', 3,
 ( #9747, #7937, #6850, #10805 ),
 .UNSPECIFIED., .F., .F.,
 ( 4, 4 ),
 ( 1.000000000000000000, 2.000000000000000000 ),
 .UNSPECIFIED. ) ;
#4839 = VECTOR ( 'NONE', #9497, 1000.000000000000000 ) ;
#4840 = VERTEX_POINT ( 'NONE', #8407 ) ;
#4841 = ORIENTED_EDGE ( 'NONE', *, *, #9228, .T. ) ;
#4842 = SURFACE_SIDE_STYLE ('',( #6429 ) ) ;
#4843 = LINE ( 'NONE', #4605, #1235 ) ;
#4844 = VERTEX_POINT ( 'NONE', #11436 ) ;
#4845 = UNCERTAINTY_MEASURE_WITH_UNIT (LENGTH_MEASURE( 1.000000000000000082E-05 ), #6011, 'distance_accuracy_value', 'NONE');
#4846 = LINE ( 'NONE', #8822, #11750 ) ;
#4847 = CARTESIAN_POINT ( 'NONE',  ( 2.500000000000000000, 0.3285929540011501837, 0.2879492897678874730 ) ) ;
#4848 = PRESENTATION_STYLE_ASSIGNMENT (( #9499 ) ) ;
#4849 = DIRECTION ( 'NONE',  ( -0.000000000000000000, 3.198603716350138270E-15, -1.000000000000000000 ) ) ;
#4850 = CARTESIAN_POINT ( 'NONE',  ( 2.501000000000000334, 0.4999450586103734162, 0.3742491968222727561 ) ) ;
#4851 = CARTESIAN_POINT ( 'NONE',  ( 2.500000000000000000, 0.6979149658781653720, 0.6551917858111756532 ) ) ;
#4852 = SURFACE_STYLE_FILL_AREA ( #8624 ) ;
#4853 =( NAMED_UNIT ( * ) PLANE_ANGLE_UNIT ( ) SI_UNIT ( $, .RADIAN. ) );
#4854 = VERTEX_POINT ( 'NONE', #5 ) ;
#4855 = SURFACE_STYLE_USAGE ( .BOTH. , #5653 ) ;
#4856 = STYLED_ITEM ( 'NONE', ( #5829 ), #6539 ) ;
#4857 = PRODUCT_RELATED_PRODUCT_CATEGORY ( 'part', '', ( #3800 ) ) ;
#4858 = PRESENTATION_STYLE_ASSIGNMENT (( #8767 ) ) ;
#4859 = EDGE_CURVE ( 'NONE', #351, #3675, #11334, .T. ) ;
#4860 = CARTESIAN_POINT ( 'NONE',  ( -2.200000000000000178, 0.2500000000000000000, 0.000000000000000000 ) ) ;
#4861 = PLANE ( 'NONE',  #5321 ) ;
#4862 = B_SPLINE_SURFACE_WITH_KNOTS ( 'NONE', 3, 1, ( 
 ( #8160, #4507 ),
 ( #3689, #1907 ),
 ( #9400, #5663 ),
 ( #10494, #956 ) ),
 .UNSPECIFIED., .F., .F., .F.,
 ( 4, 4 ),
 ( 2, 2 ),
 ( 2.000000000000000000, 3.000000000000000000 ),
 ( 0.000000000000000000, 1.000000000000000000 ),
 .UNSPECIFIED. ) ;
#4863 = CARTESIAN_POINT ( 'NONE',  ( 2.501000000000000334, 0.2452563570083526878, 0.5759622325880048299 ) ) ;
#4864 = VECTOR ( 'NONE', #8682, 1000.000000000000000 ) ;
#4865 = VERTEX_POINT ( 'NONE', #5743 ) ;
#4866 = VERTEX_POINT ( 'NONE', #9534 ) ;
#4867 = CARTESIAN_POINT ( 'NONE',  ( 2.500000000000000000, 0.6744164369684616522, 0.5610936943849827996 ) ) ;
#4868 = CARTESIAN_POINT ( 'NONE',  ( 2.501000000000000334, 0.3887429494601593594, 0.3261084052962081592 ) ) ;
#4869 =( NAMED_UNIT ( * ) SI_UNIT ( $, .STERADIAN. ) SOLID_ANGLE_UNIT ( ) );
#4870 = CARTESIAN_POINT ( 'NONE',  ( 2.500000000000000000, 0.8408816793710157667, 0.4089771112278832166 ) ) ;
#4871 =( GEOMETRIC_REPRESENTATION_CONTEXT ( 3 ) GLOBAL_UNCERTAINTY_ASSIGNED_CONTEXT ( ( #1322 ) ) GLOBAL_UNIT_ASSIGNED_CONTEXT ( ( #2422, #10722, #545 ) ) REPRESENTATION_CONTEXT ( 'NONE', 'WORKASPACE' ) );
#4872 = SURFACE_SIDE_STYLE ('',( #10591 ) ) ;
#4873 = ADVANCED_FACE ( 'NONE', ( #1031 ), #8295, .F. ) ;
#4874 = CARTESIAN_POINT ( 'NONE',  ( 2.501000000000000334, 0.4279938108014476605, 0.2255638147892600753 ) ) ;
#4875 =( NAMED_UNIT ( * ) PLANE_ANGLE_UNIT ( ) SI_UNIT ( $, .RADIAN. ) );
#4876 = FACE_OUTER_BOUND ( 'NONE', #11690, .T. ) ;
#4877 = ORIENTED_EDGE ( 'NONE', *, *, #9918, .T. ) ;
#4878 = CARTESIAN_POINT ( 'NONE',  ( 2.501000000000000334, 0.6169178241951169817, 0.7316139926607154731 ) ) ;
#4879 = DIRECTION ( 'NONE',  ( 0.000000000000000000, -1.000000000000000000, 0.000000000000000000 ) ) ;
#4880 = VERTEX_POINT ( 'NONE', #4043 ) ;
#4881 =( NAMED_UNIT ( * ) SI_UNIT ( $, .STERADIAN. ) SOLID_ANGLE_UNIT ( ) );
#4882 = EDGE_CURVE ( 'NONE', #9556, #5948, #3119, .T. ) ;
#4883 = SURFACE_STYLE_USAGE ( .BOTH. , #5924 ) ;
#4884 = FILL_AREA_STYLE ('',( #11447 ) ) ;
#4885 = PLANE ( 'NONE',  #1820 ) ;
#4887 = CARTESIAN_POINT ( 'NONE',  ( 2.500000000000000000, -0.2769782795976638012, 0.5420688443579295690 ) ) ;
#4886 = CARTESIAN_POINT ( 'NONE',  ( 2.501000000000000334, 0.5457463948239242857, 0.2028970922130428900 ) ) ;
#4889 = EDGE_LOOP ( 'NONE', ( #988, #3412, #4918, #463 ) ) ;
#4888 = DIRECTION ( 'NONE',  ( 0.000000000000000000, 3.610195539053074430E-15, -1.000000000000000000 ) ) ;
#4890 = DIRECTION ( 'NONE',  ( 0.000000000000000000, 0.9903286039881266101, 0.1387416884823316487 ) ) ;
#4891 = ORIENTED_EDGE ( 'NONE', *, *, #5094, .F. ) ;
#4892 = LINE ( 'NONE', #6986, #85 ) ;
#4894 = EDGE_CURVE ( 'NONE', #2771, #10762, #4247, .T. ) ;
#4893 = ORIENTED_EDGE ( 'NONE', *, *, #7677, .F. ) ;
#4895 = CARTESIAN_POINT ( 'NONE',  ( 2.500000000000000000, 1.082729370706597916, 0.4063777164358939320 ) ) ;
#4896 = CARTESIAN_POINT ( 'NONE',  ( 2.500000000000000000, 0.3285929540011500727, 0.3450319993737844815 ) ) ;
#4897 = CARTESIAN_POINT ( 'NONE',  ( 2.500000000000000000, 0.9914906135484093941, 0.2289950159133592733 ) ) ;
#4898 = DIRECTION ( 'NONE',  ( -0.000000000000000000, -0.000000000000000000, 1.000000000000000000 ) ) ;
#4899 = ORIENTED_EDGE ( 'NONE', *, *, #8756, .F. ) ;
#4900 = CARTESIAN_POINT ( 'NONE',  ( 2.501000000000000334, 1.080026000124486352, 0.3954602583145310768 ) ) ;
#4901 = CARTESIAN_POINT ( 'NONE',  ( 2.500000000000000000, -0.4794164834778135154, 0.7228172406794669547 ) ) ;
#4902 = LINE ( 'NONE', #3185, #10005 ) ;
#4903 =( LENGTH_UNIT ( ) NAMED_UNIT ( * ) SI_UNIT ( .MILLI., .METRE. ) );
#4904 = LINE ( 'NONE', #8691, #7970 ) ;
#4905 = STYLED_ITEM ( 'NONE', ( #5937 ), #10151 ) ;
#4906 = SURFACE_SIDE_STYLE ('',( #7682 ) ) ;
#4907 = EDGE_CURVE ( 'NONE', #2129, #3861, #5571, .T. ) ;
#4908 = FILL_AREA_STYLE ('',( #5032 ) ) ;
#4909 =( NAMED_UNIT ( * ) PLANE_ANGLE_UNIT ( ) SI_UNIT ( $, .RADIAN. ) );
#4910 = CARTESIAN_POINT ( 'NONE',  ( 2.501000000000000334, 0.6668262041796813033, 0.2289950159133581076 ) ) ;
#4911 = AXIS2_PLACEMENT_3D ( 'NONE', #10709, #4819, #5977 ) ;
#4912 = CARTESIAN_POINT ( 'NONE',  ( 0.000000000000000000, 0.000000000000000000, 0.000000000000000000 ) ) ;
#4913 = DIRECTION ( 'NONE',  ( -1.000000000000000000, -0.000000000000000000, -0.000000000000000000 ) ) ;
#4915 = SURFACE_STYLE_USAGE ( .BOTH. , #10622 ) ;
#4914 = SURFACE_STYLE_FILL_AREA ( #5786 ) ;
#4916 =( NAMED_UNIT ( * ) PLANE_ANGLE_UNIT ( ) SI_UNIT ( $, .RADIAN. ) );
#4917 = PRESENTATION_LAYER_ASSIGNMENT (  '', '', ( #11066 ) ) ;
#4918 = ORIENTED_EDGE ( 'NONE', *, *, #9765, .F. ) ;
#4919 = ORIENTED_EDGE ( 'NONE', *, *, #8429, .T. ) ;
#4920 = CARTESIAN_POINT ( 'NONE',  ( 2.500000000000000000, 0.6158780662799840933, 0.5516318973461908914 ) ) ;
#4921 = MECHANICAL_DESIGN_GEOMETRIC_PRESENTATION_REPRESENTATION (  '', ( #10660 ), #6465 ) ;
#4922 = CARTESIAN_POINT ( 'NONE',  ( 2.501000000000000334, 0.2754613244775989123, 0.2486464405315313431 ) ) ;
#4923 = STYLED_ITEM ( 'NONE', ( #7936 ), #2329 ) ;
#4924 = PRESENTATION_LAYER_ASSIGNMENT (  '', '', ( #4542 ) ) ;
#4925 = MECHANICAL_DESIGN_GEOMETRIC_PRESENTATION_REPRESENTATION (  '', ( #7886 ), #10088 ) ;
#4926 = CARTESIAN_POINT ( 'NONE',  ( 2.501000000000000334, 0.4205595416992428115, 0.3238209378815272710 ) ) ;
#4927 = CARTESIAN_POINT ( 'NONE',  ( 2.501000000000000334, 0.2659475395430476174, 0.3731054631142349809 ) ) ;
#4928 = PRESENTATION_STYLE_ASSIGNMENT (( #8922 ) ) ;
#4929 = PRESENTATION_LAYER_ASSIGNMENT (  '', '', ( #1985 ) ) ;
#4930 = EDGE_LOOP ( 'NONE', ( #3394, #203, #1065, #9353, #10808, #9154 ) ) ;
#4931 = FILL_AREA_STYLE_COLOUR ( '', #6876 ) ;
#4932 = FILL_AREA_STYLE_COLOUR ( '', #1659 ) ;
#4933 = CARTESIAN_POINT ( 'NONE',  ( 2.501000000000000334, 0.2191584333087385761, 0.6494731172710164202 ) ) ;
#4934 = UNCERTAINTY_MEASURE_WITH_UNIT (LENGTH_MEASURE( 1.000000000000000082E-05 ), #5418, 'distance_accuracy_value', 'NONE');
#4935 = AXIS2_PLACEMENT_3D ( 'NONE', #5245, #2485, #11757 ) ;
#4936 = CARTESIAN_POINT ( 'NONE',  ( 2.500000000000000000, 0.4703119579951469120, 0.2371051276597024027 ) ) ;
#4937 = MECHANICAL_DESIGN_GEOMETRIC_PRESENTATION_REPRESENTATION (  '', ( #5294 ), #2383 ) ;
#4938 = EDGE_CURVE ( 'NONE', #5447, #2075, #11774, .T. ) ;
#4939 = SURFACE_SIDE_STYLE ('',( #8797 ) ) ;
#4940 = LINE ( 'NONE', #2682, #47 ) ;
#4941 = ORIENTED_EDGE ( 'NONE', *, *, #2905, .F. ) ;
#4942 = VECTOR ( 'NONE', #7772, 1000.000000000000000 ) ;
#4943 = EDGE_CURVE ( 'NONE', #8657, #5242, #2273, .T. ) ;
#4944 = STYLED_ITEM ( 'NONE', ( #7633 ), #7692 ) ;
#4945 = LINE ( 'NONE', #7908, #7216 ) ;
#4946 = COLOUR_RGB ( '',0.000000000000000000, 0.000000000000000000, 0.000000000000000000 ) ;
#4947 = CARTESIAN_POINT ( 'NONE',  ( 2.500000000000000000, 0.5457463948239242857, 0.2028970922130428900 ) ) ;
#4948 = CARTESIAN_POINT ( 'NONE',  ( 2.501000000000000334, 0.5312937597876492557, 0.1824138612613750710 ) ) ;
#4950 = ORIENTED_EDGE ( 'NONE', *, *, #2614, .T. ) ;
#4949 = DIRECTION ( 'NONE',  ( 0.000000000000000000, 0.000000000000000000, 1.000000000000000000 ) ) ;
#4951 = LINE ( 'NONE', #4019, #2252 ) ;
#4952 = ORIENTED_EDGE ( 'NONE', *, *, #481, .F. ) ;
#4953 = EDGE_CURVE ( 'NONE', #3526, #5443, #1325, .T. ) ;
#4954 = ORIENTED_EDGE ( 'NONE', *, *, #2268, .F. ) ;
#4955 = DIRECTION ( 'NONE',  ( 0.000000000000000000, 0.1387416884823316487, -0.9903286039881266101 ) ) ;
#4957 = VERTEX_POINT ( 'NONE', #1454 ) ;
#4956 = MECHANICAL_DESIGN_GEOMETRIC_PRESENTATION_REPRESENTATION (  '', ( #8498 ), #11667 ) ;
#4958 = CARTESIAN_POINT ( 'NONE',  ( 2.501000000000000334, 0.6158780662799840933, 0.5516318973461910025 ) ) ;
#4959 = DIRECTION ( 'NONE',  ( 0.000000000000000000, 3.331453071941913615E-15, -1.000000000000000000 ) ) ;
#4960 = ORIENTED_EDGE ( 'NONE', *, *, #5880, .F. ) ;
#4961 = B_SPLINE_SURFACE_WITH_KNOTS ( 'NONE', 3, 1, ( 
 ( #6706, #11555 ),
 ( #9652, #4057 ),
 ( #1138, #180 ),
 ( #4926, #10632 ) ),
 .UNSPECIFIED., .F., .F., .F.,
 ( 4, 4 ),
 ( 2, 2 ),
 ( 14.00000000000000000, 15.00000000000000000 ),
 ( 0.000000000000000000, 1.000000000000000000 ),
 .UNSPECIFIED. ) ;
#4962 =( GEOMETRIC_REPRESENTATION_CONTEXT ( 3 ) GLOBAL_UNCERTAINTY_ASSIGNED_CONTEXT ( ( #1946 ) ) GLOBAL_UNIT_ASSIGNED_CONTEXT ( ( #910, #792, #2595 ) ) REPRESENTATION_CONTEXT ( 'NONE', 'WORKASPACE' ) );
#4963 = SURFACE_SIDE_STYLE ('',( #4777 ) ) ;
#4964 = UNCERTAINTY_MEASURE_WITH_UNIT (LENGTH_MEASURE( 1.000000000000000082E-05 ), #5495, 'distance_accuracy_value', 'NONE');
#4965 = FILL_AREA_STYLE_COLOUR ( '', #1878 ) ;
#4967 = ORIENTED_EDGE ( 'NONE', *, *, #3570, .T. ) ;
#4966 =( LENGTH_UNIT ( ) NAMED_UNIT ( * ) SI_UNIT ( .MILLI., .METRE. ) );
#4968 = PLANE ( 'NONE',  #3427 ) ;
#4969 = SURFACE_STYLE_USAGE ( .BOTH. , #3252 ) ;
#4970 = CARTESIAN_POINT ( 'NONE',  ( 2.199999999999999734, -0.2500000000000000000, 0.000000000000000000 ) ) ;
#4971 = CARTESIAN_POINT ( 'NONE',  ( 2.500000000000000000, -0.5271340490744736984, 0.2774532583344880288 ) ) ;
#4972 = EDGE_CURVE ( 'NONE', #152, #838, #8898, .T. ) ;
#4973 = ORIENTED_EDGE ( 'NONE', *, *, #3203, .F. ) ;
#4974 = COLOUR_RGB ( '',0.000000000000000000, 0.000000000000000000, 0.000000000000000000 ) ;
#4975 = ORIENTED_EDGE ( 'NONE', *, *, #6447, .F. ) ;
#4976 = CARTESIAN_POINT ( 'NONE',  ( 2.501000000000000334, -0.3246958451943240953, 0.3989161751472694584 ) ) ;
#4977 = MECHANICAL_DESIGN_GEOMETRIC_PRESENTATION_REPRESENTATION (  '', ( #3783 ), #8531 ) ;
#4978 = LINE ( 'NONE', #1324, #9687 ) ;
#4979 = PRESENTATION_STYLE_ASSIGNMENT (( #11542 ) ) ;
#4980 = CARTESIAN_POINT ( 'NONE',  ( 2.501000000000000334, 0.7715818142484478503, 0.4089771112278829390 ) ) ;
#4981 = CARTESIAN_POINT ( 'NONE',  ( 2.501000000000000334, -0.4794164834778135154, 0.7228172406794669547 ) ) ;
#4982 = EDGE_LOOP ( 'NONE', ( #3043, #7450, #8798, #10914 ) ) ;
#4983 = ADVANCED_FACE ( 'NONE', ( #7053 ), #4554, .F. ) ;
#4984 = VECTOR ( 'NONE', #5681, 1000.000000000000000 ) ;
#4985 = VERTEX_POINT ( 'NONE', #3658 ) ;
#4986 = LINE ( 'NONE', #6025, #3382 ) ;
#4987 = CARTESIAN_POINT ( 'NONE',  ( 2.500000000000000000, 0.3885869857728883048, 0.2340898297030533370 ) ) ;
#4988 = CARTESIAN_POINT ( 'NONE',  ( 2.500000000000000000, 0.7255205385554218678, 0.6559196163531543222 ) ) ;
#4989 = CARTESIAN_POINT ( 'NONE',  ( 2.500000000000000000, -0.2220307229876291588, 0.6635317611693232198 ) ) ;
#4990 =( GEOMETRIC_REPRESENTATION_CONTEXT ( 3 ) GLOBAL_UNCERTAINTY_ASSIGNED_CONTEXT ( ( #3649 ) ) GLOBAL_UNIT_ASSIGNED_CONTEXT ( ( #5553, #9306, #6222 ) ) REPRESENTATION_CONTEXT ( 'NONE', 'WORKASPACE' ) );
#4991 = SURFACE_STYLE_FILL_AREA ( #3927 ) ;
#4992 = CARTESIAN_POINT ( 'NONE',  ( 2.501000000000000334, 0.4812294161165083795, 0.2446953604498728063 ) ) ;
#4993 = CARTESIAN_POINT ( 'NONE',  ( 2.501000000000000334, 0.2826356541003285372, 0.3775764221548518762 ) ) ;
#4994 = CARTESIAN_POINT ( 'NONE',  ( 2.500000000000000000, 0.7936766699699598915, 0.6302375958202814932 ) ) ;
#4995 = ORIENTED_EDGE ( 'NONE', *, *, #2558, .F. ) ;
#4996 = B_SPLINE_CURVE_WITH_KNOTS ( 'NONE', 3,
 ( #322, #5009, #11621, #5064 ),
 .UNSPECIFIED., .F., .F.,
 ( 4, 4 ),
 ( 0.000000000000000000, 1.000000000000000000 ),
 .UNSPECIFIED. ) ;
#4997 = DIRECTION ( 'NONE',  ( -1.000000000000000000, -0.000000000000000000, -0.000000000000000000 ) ) ;
#4998 = FILL_AREA_STYLE ('',( #9719 ) ) ;
#4999 = ORIENTED_EDGE ( 'NONE', *, *, #8736, .T. ) ;
#5000 = AXIS2_PLACEMENT_3D ( 'NONE', #5241, #10224, #502 ) ;
#5001 =( GEOMETRIC_REPRESENTATION_CONTEXT ( 3 ) GLOBAL_UNCERTAINTY_ASSIGNED_CONTEXT ( ( #957 ) ) GLOBAL_UNIT_ASSIGNED_CONTEXT ( ( #9315, #4481, #12113 ) ) REPRESENTATION_CONTEXT ( 'NONE', 'WORKASPACE' ) );
#5002 =( NAMED_UNIT ( * ) PLANE_ANGLE_UNIT ( ) SI_UNIT ( $, .RADIAN. ) );
#5003 = PRESENTATION_STYLE_ASSIGNMENT (( #1355 ) ) ;
#5004 = SURFACE_STYLE_USAGE ( .BOTH. , #9728 ) ;
#5006 = ORIENTED_EDGE ( 'NONE', *, *, #329, .F. ) ;
#5005 = EDGE_CURVE ( 'NONE', #2412, #1974, #8544, .T. ) ;
#5007 = EDGE_CURVE ( 'NONE', #3294, #7096, #6640, .T. ) ;
#5008 = PRESENTATION_LAYER_ASSIGNMENT (  '', '', ( #3621 ) ) ;
#5009 = CARTESIAN_POINT ( 'NONE',  ( 2.500000000000000000, -0.2220307229876291588, 0.6635317611693232198 ) ) ;
#5010 = CARTESIAN_POINT ( 'NONE',  ( 2.500000000000000000, 0.2467120180916193561, 0.6267024189046717098 ) ) ;
#5011 = LINE ( 'NONE', #533, #8747 ) ;
#5013 = ORIENTED_EDGE ( 'NONE', *, *, #7767, .F. ) ;
#5012 = CARTESIAN_POINT ( 'NONE',  ( 0.000000000000000000, 0.000000000000000000, 0.000000000000000000 ) ) ;
#5014 = ORIENTED_EDGE ( 'NONE', *, *, #4742, .F. ) ;
#5015 = ORIENTED_EDGE ( 'NONE', *, *, #3223, .T. ) ;
#5016 = ORIENTED_EDGE ( 'NONE', *, *, #8573, .T. ) ;
#5017 = B_SPLINE_CURVE_WITH_KNOTS ( 'NONE', 3,
 ( #7987, #7027, #10592, #10721 ),
 .UNSPECIFIED., .F., .F.,
 ( 4, 4 ),
 ( 20.00000000000000000, 21.00000000000000000 ),
 .UNSPECIFIED. ) ;
#5018 = CARTESIAN_POINT ( 'NONE',  ( 1.699999999999999956, -0.2500000000000000000, 0.000000000000000000 ) ) ;
#5019 = CARTESIAN_POINT ( 'NONE',  ( 2.501000000000000334, 0.6157221025927129832, 0.5748184988799746042 ) ) ;
#5020 = DIRECTION ( 'NONE',  ( 0.000000000000000000, -2.981400461857163367E-15, 1.000000000000000000 ) ) ;
#5021 = ORIENTED_EDGE ( 'NONE', *, *, #10179, .F. ) ;
#5022 = EDGE_CURVE ( 'NONE', #3108, #1806, #11220, .T. ) ;
#5023 = LINE ( 'NONE', #8883, #3366 ) ;
#5025 = VERTEX_POINT ( 'NONE', #11165 ) ;
#5024 = FILL_AREA_STYLE ('',( #8825 ) ) ;
#5026 =( LENGTH_UNIT ( ) NAMED_UNIT ( * ) SI_UNIT ( .MILLI., .METRE. ) );
#5027 = DIRECTION ( 'NONE',  ( -1.000000000000000000, -0.000000000000000000, -0.000000000000000000 ) ) ;
#5028 = FACE_OUTER_BOUND ( 'NONE', #1636, .T. ) ;
#5029 = VERTEX_POINT ( 'NONE', #6418 ) ;
#5030 = CARTESIAN_POINT ( 'NONE',  ( 2.501000000000000334, 0.4149968368470453028, 0.3431604351237787509 ) ) ;
#5031 = UNCERTAINTY_MEASURE_WITH_UNIT (LENGTH_MEASURE( 1.000000000000000082E-05 ), #11208, 'distance_accuracy_value', 'NONE');
#5032 = FILL_AREA_STYLE_COLOUR ( '', #9937 ) ;
#5033 = EDGE_CURVE ( 'NONE', #10594, #7089, #1752, .T. ) ;
#5034 = CARTESIAN_POINT ( 'NONE',  ( 2.501000000000000334, 0.2930332332634255632, 0.7584397469016189719 ) ) ;
#5035 = SURFACE_STYLE_USAGE ( .BOTH. , #115 ) ;
#5036 = CARTESIAN_POINT ( 'NONE',  ( 2.501000000000000334, 0.5439268184703665021, 0.1605789450186507206 ) ) ;
#5037 = CARTESIAN_POINT ( 'NONE',  ( 2.501000000000000334, -0.1164737257285018007, 0.2933590951473956654 ) ) ;
#5039 = FILL_AREA_STYLE_COLOUR ( '', #11357 ) ;
#5038 =( NAMED_UNIT ( * ) SI_UNIT ( $, .STERADIAN. ) SOLID_ANGLE_UNIT ( ) );
#5040 = PLANE ( 'NONE',  #1621 ) ;
#5041 = ORIENTED_EDGE ( 'NONE', *, *, #7505, .T. ) ;
#5042 = ORIENTED_EDGE ( 'NONE', *, *, #7470, .T. ) ;
#5043 = EDGE_LOOP ( 'NONE', ( #1939, #10202, #3329, #4783 ) ) ;
#5044 = CARTESIAN_POINT ( 'NONE',  ( 2.501000000000000334, -0.6283531234348769257, 0.4234979680790829093 ) ) ;
#5045 = DIRECTION ( 'NONE',  ( 0.000000000000000000, -3.737436600613186379E-15, 1.000000000000000000 ) ) ;
#5046 = CARTESIAN_POINT ( 'NONE',  ( 2.501000000000000334, 0.3959692669786430974, 0.3120716734266724135 ) ) ;
#5047 = DIRECTION ( 'NONE',  ( -0.000000000000000000, -1.000000000000000000, -0.000000000000000000 ) ) ;
#5048 = FILL_AREA_STYLE ('',( #1282 ) ) ;
#5049 = ADVANCED_FACE ( 'NONE', ( #10288 ), #10468, .F. ) ;
#5050 = DIRECTION ( 'NONE',  ( -0.000000000000000000, -0.000000000000000000, 1.000000000000000000 ) ) ;
#5051 = CARTESIAN_POINT ( 'NONE',  ( 2.501000000000000334, 0.2855469762654684329, 0.3152949229677414755 ) ) ;
#5052 = EDGE_CURVE ( 'NONE', #6392, #10438, #3948, .T. ) ;
#5053 = ORIENTED_EDGE ( 'NONE', *, *, #11567, .F. ) ;
#5054 = VECTOR ( 'NONE', #10467, 1000.000000000000114 ) ;
#5055 = ORIENTED_EDGE ( 'NONE', *, *, #11471, .F. ) ;
#5056 = UNCERTAINTY_MEASURE_WITH_UNIT (LENGTH_MEASURE( 1.000000000000000082E-05 ), #11359, 'distance_accuracy_value', 'NONE');
#5057 = LINE ( 'NONE', #2901, #4129 ) ;
#5058 = PLANE ( 'NONE',  #10915 ) ;
#5059 = ORIENTED_EDGE ( 'NONE', *, *, #1309, .T. ) ;
#5060 = ORIENTED_EDGE ( 'NONE', *, *, #5456, .F. ) ;
#5061 = MECHANICAL_DESIGN_GEOMETRIC_PRESENTATION_REPRESENTATION (  '', ( #10399 ), #4871 ) ;
#5062 = CARTESIAN_POINT ( 'NONE',  ( 2.500000000000000000, -0.3304798159407296154, 0.3179408329191652505 ) ) ;
#5063 = DIRECTION ( 'NONE',  ( 0.000000000000000000, -1.000000000000000000, 0.000000000000000000 ) ) ;
#5064 = CARTESIAN_POINT ( 'NONE',  ( 2.500000000000000000, -0.2842082154503027813, 0.7343851339065498030 ) ) ;
#5066 = SURFACE_STYLE_USAGE ( .BOTH. , #11623 ) ;
#5065 = LINE ( 'NONE', #5991, #963 ) ;
#5067 = DIRECTION ( 'NONE',  ( 0.000000000000000000, -1.000000000000000000, -3.610195539053074430E-15 ) ) ;
#5068 = DIRECTION ( 'NONE',  ( 0.000000000000000000, -1.000000000000000000, -4.165559366827285751E-15 ) ) ;
#5069 = EDGE_LOOP ( 'NONE', ( #5776, #6038, #12141, #10663 ) ) ;
#5070 = DIRECTION ( 'NONE',  ( -0.000000000000000000, -1.000000000000000000, -2.981400461829031010E-15 ) ) ;
#5071 = CARTESIAN_POINT ( 'NONE',  ( 2.501000000000000334, 0.4159846068678096365, 0.3737293178647023151 ) ) ;
#5072 = FILL_AREA_STYLE_COLOUR ( '', #3614 ) ;
#5073 = VERTEX_POINT ( 'NONE', #4144 ) ;
#5074 = UNCERTAINTY_MEASURE_WITH_UNIT (LENGTH_MEASURE( 1.000000000000000082E-05 ), #9777, 'distance_accuracy_value', 'NONE');
#5075 = CARTESIAN_POINT ( 'NONE',  ( 2.500000000000000000, 0.9154323219705446935, 0.4026345879372592029 ) ) ;
#5076 = FILL_AREA_STYLE ('',( #9813 ) ) ;
#5077 = EDGE_LOOP ( 'NONE', ( #6699, #4207, #6073, #132 ) ) ;
#5078 = CARTESIAN_POINT ( 'NONE',  ( 2.500000000000000000, 0.3151280889849391031, 0.5482006962220953294 ) ) ;
#5079 = EDGE_LOOP ( 'NONE', ( #4108, #5933, #8826 ) ) ;
#5080 = EDGE_CURVE ( 'NONE', #1873, #7076, #2777, .T. ) ;
#5081 = EDGE_LOOP ( 'NONE', ( #11439, #7725, #10554, #7388 ) ) ;
#5082 = EDGE_CURVE ( 'NONE', #1127, #6392, #5011, .T. ) ;
#5083 = CARTESIAN_POINT ( 'NONE',  ( 2.501000000000000334, 0.2754613244775989123, 0.2486464405315313431 ) ) ;
#5084 = CARTESIAN_POINT ( 'NONE',  ( 2.501000000000000334, 0.1298432282970055640, 0.2521816174471440131 ) ) ;
#5085 = CARTESIAN_POINT ( 'NONE',  ( 2.501000000000000334, 0.7762087369763365219, 0.2521816174471462335 ) ) ;
#5086 =( LENGTH_UNIT ( ) NAMED_UNIT ( * ) SI_UNIT ( .MILLI., .METRE. ) );
#5087 = CARTESIAN_POINT ( 'NONE',  ( 2.501000000000000334, 0.3540670229509985112, 0.2289950159133570251 ) ) ;
#5089 = SURFACE_STYLE_FILL_AREA ( #9708 ) ;
#5088 = SURFACE_STYLE_USAGE ( .BOTH. , #1329 ) ;
#5090 = VERTEX_POINT ( 'NONE', #9972 ) ;
#5091 = PRESENTATION_LAYER_ASSIGNMENT (  '', '', ( #10442 ) ) ;
#5092 = ORIENTED_EDGE ( 'NONE', *, *, #94, .F. ) ;
#5093 = VERTEX_POINT ( 'NONE', #4115 ) ;
#5094 = EDGE_CURVE ( 'NONE', #8369, #8436, #7888, .T. ) ;
#5095 = CARTESIAN_POINT ( 'NONE',  ( 2.500000000000000000, -0.8582650780400244983, 0.3511986095499137761 ) ) ;
#5096 = CARTESIAN_POINT ( 'NONE',  ( 2.501000000000000334, -0.7512620329339118053, 0.6924515045812676961 ) ) ;
#5097 = CARTESIAN_POINT ( 'NONE',  ( 2.501000000000000334, 0.3151280889849391031, 0.5482006962220953294 ) ) ;
#5098 = CARTESIAN_POINT ( 'NONE',  ( -0.3999999999999999667, 0.2500000000000000000, -6.244015795117517112E-17 ) ) ;
#5099 = CARTESIAN_POINT ( 'NONE',  ( 2.501000000000000334, 0.2826356541003285372, 0.3775764221548518762 ) ) ;
#5100 = SURFACE_STYLE_FILL_AREA ( #314 ) ;
#5101 = VECTOR ( 'NONE', #8052, 1000.000000000000000 ) ;
#5102 = EDGE_LOOP ( 'NONE', ( #3219, #12062, #10270, #6104 ) ) ;
#5103 = B_SPLINE_CURVE_WITH_KNOTS ( 'NONE', 3,
 ( #5998, #2111, #9803, #5130 ),
 .UNSPECIFIED., .F., .F.,
 ( 4, 4 ),
 ( 33.00000000000000000, 34.00000000000000000 ),
 .UNSPECIFIED. ) ;
#5104 = B_SPLINE_CURVE_WITH_KNOTS ( 'NONE', 3,
 ( #5478, #7461, #1679, #11262 ),
 .UNSPECIFIED., .F., .F.,
 ( 4, 4 ),
 ( 4.000000000000000000, 5.000000000000000000 ),
 .UNSPECIFIED. ) ;
#5105 = CARTESIAN_POINT ( 'NONE',  ( 2.500000000000000000, 0.2705744622709291836, 0.2530134237792435181 ) ) ;
#5106 = VERTEX_POINT ( 'NONE', #2340 ) ;
#5107 = CARTESIAN_POINT ( 'NONE',  ( 2.501000000000000334, -0.8091015611271364927, 0.2311816578447544734 ) ) ;
#5108 = PRESENTATION_STYLE_ASSIGNMENT (( #6037 ) ) ;
#5109 = EDGE_LOOP ( 'NONE', ( #912, #2066, #8744, #1473, #3525, #12058, #7016 ) ) ;
#5110 = EDGE_CURVE ( 'NONE', #10376, #8758, #4324, .T. ) ;
#5111 = ORIENTED_EDGE ( 'NONE', *, *, #5052, .F. ) ;
#5112 =( GEOMETRIC_REPRESENTATION_CONTEXT ( 3 ) GLOBAL_UNCERTAINTY_ASSIGNED_CONTEXT ( ( #2664 ) ) GLOBAL_UNIT_ASSIGNED_CONTEXT ( ( #4903, #465, #222 ) ) REPRESENTATION_CONTEXT ( 'NONE', 'WORKASPACE' ) );
#5113 = PRESENTATION_LAYER_ASSIGNMENT (  '', '', ( #2560 ) ) ;
#5114 = COLOUR_RGB ( '',0.000000000000000000, 0.000000000000000000, 0.000000000000000000 ) ;
#5115 = CARTESIAN_POINT ( 'NONE',  ( 2.501000000000000334, 0.7255205385554218678, 0.6860725959252541584 ) ) ;
#5116 = MECHANICAL_DESIGN_GEOMETRIC_PRESENTATION_REPRESENTATION (  '', ( #2747 ), #4543 ) ;
#5117 = DIRECTION ( 'NONE',  ( -0.000000000000000000, 0.000000000000000000, 1.000000000000000000 ) ) ;
#5118 = CARTESIAN_POINT ( 'NONE',  ( 2.501000000000000334, 0.2693267527713898990, 0.2255638147892595202 ) ) ;
#5119 = EDGE_LOOP ( 'NONE', ( #10121, #4006, #7172, #7097, #3632, #4415, #2594, #10300, #3267, #9043, #11088, #6219, #5477, #11092 ) ) ;
#5120 = COLOUR_RGB ( '',0.000000000000000000, 0.000000000000000000, 0.000000000000000000 ) ;
#5121 =( GEOMETRIC_REPRESENTATION_CONTEXT ( 3 ) GLOBAL_UNCERTAINTY_ASSIGNED_CONTEXT ( ( #11968 ) ) GLOBAL_UNIT_ASSIGNED_CONTEXT ( ( #7294, #7422, #11274 ) ) REPRESENTATION_CONTEXT ( 'NONE', 'WORKASPACE' ) );
#5123 = VERTEX_POINT ( 'NONE', #8988 ) ;
#5122 = CARTESIAN_POINT ( 'NONE',  ( 2.500000000000000000, 0.4205595416992428115, 0.3238209378815272710 ) ) ;
#5124 = PRESENTATION_LAYER_ASSIGNMENT (  '', '', ( #6290 ) ) ;
#5125 = ORIENTED_EDGE ( 'NONE', *, *, #8065, .F. ) ;
#5126 = EDGE_CURVE ( 'NONE', #2683, #3012, #7969, .T. ) ;
#5127 = ORIENTED_EDGE ( 'NONE', *, *, #3064, .F. ) ;
#5128 = LINE ( 'NONE', #7101, #12029 ) ;
#5129 = VERTEX_POINT ( 'NONE', #6744 ) ;
#5130 = CARTESIAN_POINT ( 'NONE',  ( 2.501000000000000334, -0.1164737257285018007, 0.2933590951473956654 ) ) ;
#5131 =( GEOMETRIC_REPRESENTATION_CONTEXT ( 3 ) GLOBAL_UNCERTAINTY_ASSIGNED_CONTEXT ( ( #1964 ) ) GLOBAL_UNIT_ASSIGNED_CONTEXT ( ( #2890, #4050, #7759 ) ) REPRESENTATION_CONTEXT ( 'NONE', 'WORKASPACE' ) );
#5132 = CARTESIAN_POINT ( 'NONE',  ( 2.501000000000000334, 0.2467120180916191341, 0.6510327541464869805 ) ) ;
#5133 = CARTESIAN_POINT ( 'NONE',  ( 2.501000000000000334, 0.7255205385554218678, 0.6559196163531543222 ) ) ;
#5134 = COLOUR_RGB ( '',0.000000000000000000, 0.000000000000000000, 0.000000000000000000 ) ;
#5135 = SURFACE_STYLE_USAGE ( .BOTH. , #3305 ) ;
#5136 =( NAMED_UNIT ( * ) SI_UNIT ( $, .STERADIAN. ) SOLID_ANGLE_UNIT ( ) );
#5137 = DIRECTION ( 'NONE',  ( -1.000000000000000000, -0.000000000000000000, -0.000000000000000000 ) ) ;
#5138 = CARTESIAN_POINT ( 'NONE',  ( 2.500000000000000000, 0.2817518598710800348, 0.3568852396201577237 ) ) ;
#5139 = CARTESIAN_POINT ( 'NONE',  ( 2.500000000000000000, 0.3151280889849391031, 0.5482006962220953294 ) ) ;
#5141 = ORIENTED_EDGE ( 'NONE', *, *, #11297, .T. ) ;
#5140 = SURFACE_SIDE_STYLE ('',( #11707 ) ) ;
#5142 = STYLED_ITEM ( 'NONE', ( #4167 ), #2125 ) ;
#5143 = CARTESIAN_POINT ( 'NONE',  ( 2.501000000000000334, -0.9247805347721449465, 0.3005890310000325361 ) ) ;
#5144 = PLANE ( 'NONE',  #9003 ) ;
#5145 = CARTESIAN_POINT ( 'NONE',  ( 2.501000000000000334, -0.7295722529553173574, 0.2441954541237268961 ) ) ;
#5146 = B_SPLINE_CURVE_WITH_KNOTS ( 'NONE', 3,
 ( #6068, #5036, #9956, #11721 ),
 .UNSPECIFIED., .F., .F.,
 ( 4, 4 ),
 ( 1.000000000000000000, 2.000000000000000000 ),
 .UNSPECIFIED. ) ;
#5147 = FILL_AREA_STYLE_COLOUR ( '', #9502 ) ;
#5148 =( GEOMETRIC_REPRESENTATION_CONTEXT ( 3 ) GLOBAL_UNCERTAINTY_ASSIGNED_CONTEXT ( ( #10028 ) ) GLOBAL_UNIT_ASSIGNED_CONTEXT ( ( #10245, #5398, #9081 ) ) REPRESENTATION_CONTEXT ( 'NONE', 'WORKASPACE' ) );
#5149 = ORIENTED_EDGE ( 'NONE', *, *, #7717, .F. ) ;
#5150 = CARTESIAN_POINT ( 'NONE',  ( 2.501000000000000334, 0.4453057801077998645, 0.3113438428846952988 ) ) ;
#5151 = COLOUR_RGB ( '',0.000000000000000000, 0.000000000000000000, 0.000000000000000000 ) ;
#5152 = SURFACE_SIDE_STYLE ('',( #6013 ) ) ;
#5153 = CARTESIAN_POINT ( 'NONE',  ( 2.501000000000000334, 0.4781621302634043169, 0.2925242246000139823 ) ) ;
#5154 = CARTESIAN_POINT ( 'NONE',  ( 2.501000000000000334, -0.3333717461538914240, 0.2282896724708662339 ) ) ;
#5155 = ADVANCED_FACE ( 'NONE', ( #4663 ), #8456, .T. ) ;
#5156 = LINE ( 'NONE', #5085, #10474 ) ;
#5157 = PLANE ( 'NONE',  #6126 ) ;
#5158 = EDGE_CURVE ( 'NONE', #11428, #1770, #3651, .T. ) ;
#5159 = CARTESIAN_POINT ( 'NONE',  ( 2.500000000000000000, -0.2769782795976638012, 0.5420688443579295690 ) ) ;
#5160 = ORIENTED_EDGE ( 'NONE', *, *, #8984, .F. ) ;
#5161 = PRESENTATION_LAYER_ASSIGNMENT (  '', '', ( #10499 ) ) ;
#5162 = ORIENTED_EDGE ( 'NONE', *, *, #1745, .F. ) ;
#5163 = FILL_AREA_STYLE_COLOUR ( '', #6908 ) ;
#5164 = CARTESIAN_POINT ( 'NONE',  ( 2.501000000000000334, -0.6457050080940718306, 0.6649777538569622282 ) ) ;
#5165 = LINE ( 'NONE', #8033, #6194 ) ;
#5166 = CARTESIAN_POINT ( 'NONE',  ( 2.501000000000000334, 0.5861929777696964772, 0.5748184988799743822 ) ) ;
#5167 = PRESENTATION_LAYER_ASSIGNMENT (  '', '', ( #6939 ) ) ;
#5168 = CARTESIAN_POINT ( 'NONE',  ( 2.501000000000000334, 0.3540670229509983447, 0.3224692525890843209 ) ) ;
#5169 =( NAMED_UNIT ( * ) PLANE_ANGLE_UNIT ( ) SI_UNIT ( $, .RADIAN. ) );
#5170 = CARTESIAN_POINT ( 'NONE',  ( 2.501000000000000334, 0.6930800915672588047, 0.3438882656657556436 ) ) ;
#5171 = CARTESIAN_POINT ( 'NONE',  ( 2.501000000000000334, 0.2834154725373658756, 0.2255638147892595757 ) ) ;
#5172 = PRESENTATION_STYLE_ASSIGNMENT (( #1408 ) ) ;
#5173 = ORIENTED_EDGE ( 'NONE', *, *, #1441, .T. ) ;
#5174 = EDGE_CURVE ( 'NONE', #9608, #11889, #11079, .T. ) ;
#5175 = ORIENTED_EDGE ( 'NONE', *, *, #5005, .F. ) ;
#5176 = CARTESIAN_POINT ( 'NONE',  ( 2.501000000000000334, -0.2654103932648921305, 0.5420688443579295690 ) ) ;
#5177 = CARTESIAN_POINT ( 'NONE',  ( 2.500000000000000000, 0.3285929540011501837, 0.3018820458472852297 ) ) ;
#5178 = CARTESIAN_POINT ( 'NONE',  ( 2.501000000000000334, 0.3176754958797889938, 0.2583161891533536925 ) ) ;
#5179 = UNCERTAINTY_MEASURE_WITH_UNIT (LENGTH_MEASURE( 1.000000000000000082E-05 ), #4296, 'distance_accuracy_value', 'NONE');
#5180 = ORIENTED_EDGE ( 'NONE', *, *, #7717, .T. ) ;
#5181 = VECTOR ( 'NONE', #5256, 1000.000000000000000 ) ;
#5182 = VECTOR ( 'NONE', #2035, 1000.000000000000000 ) ;
#5183 = CARTESIAN_POINT ( 'NONE',  ( 2.500000000000000000, 1.078778290623552794, 0.3921330329833357942 ) ) ;
#5184 = PRESENTATION_LAYER_ASSIGNMENT (  '', '', ( #76 ) ) ;
#5185 = CARTESIAN_POINT ( 'NONE',  ( 2.500000000000000000, 0.4205595416992428115, 0.3238209378815272710 ) ) ;
#5186 = LINE ( 'NONE', #5352, #3546 ) ;
#5187 = FACE_OUTER_BOUND ( 'NONE', #7982, .T. ) ;
#5188 =( LENGTH_UNIT ( ) NAMED_UNIT ( * ) SI_UNIT ( .MILLI., .METRE. ) );
#5189 = ORIENTED_EDGE ( 'NONE', *, *, #8241, .F. ) ;
#5190 = ADVANCED_FACE ( 'NONE', ( #11143 ), #11080, .F. ) ;
#5191 = VECTOR ( 'NONE', #4642, 1000.000000000000000 ) ;
#5192 = CARTESIAN_POINT ( 'NONE',  ( 2.500000000000000000, 1.469693845669906240, 1.000000000000000000 ) ) ;
#5193 = ORIENTED_EDGE ( 'NONE', *, *, #8284, .T. ) ;
#5194 = ORIENTED_EDGE ( 'NONE', *, *, #8306, .F. ) ;
#5195 = PRESENTATION_LAYER_ASSIGNMENT (  '', '', ( #8374 ) ) ;
#5196 = SURFACE_SIDE_STYLE ('',( #6053 ) ) ;
#5197 =( GEOMETRIC_REPRESENTATION_CONTEXT ( 3 ) GLOBAL_UNCERTAINTY_ASSIGNED_CONTEXT ( ( #2467 ) ) GLOBAL_UNIT_ASSIGNED_CONTEXT ( ( #9529, #12095, #1738 ) ) REPRESENTATION_CONTEXT ( 'NONE', 'WORKASPACE' ) );
#5198 = VECTOR ( 'NONE', #1683, 1000.000000000000000 ) ;
#5199 = DIRECTION ( 'NONE',  ( -0.000000000000000000, -1.000000000000000000, -2.677136871685363975E-15 ) ) ;
#5200 = CARTESIAN_POINT ( 'NONE',  ( 2.500000000000000000, 0.4428103611087141900, 0.3568852396201582788 ) ) ;
#5201 = ADVANCED_FACE ( 'NONE', ( #2952 ), #3020, .F. ) ;
#5202 = EDGE_CURVE ( 'NONE', #5385, #4060, #8089, .T. ) ;
#5203 = FACE_OUTER_BOUND ( 'NONE', #1150, .T. ) ;
#5204 = EDGE_LOOP ( 'NONE', ( #11156, #2336, #3463, #7691 ) ) ;
#5205 = FACE_OUTER_BOUND ( 'NONE', #274, .T. ) ;
#5206 = MECHANICAL_DESIGN_GEOMETRIC_PRESENTATION_REPRESENTATION (  '', ( #4624 ), #8350 ) ;
#5207 = CARTESIAN_POINT ( 'NONE',  ( 2.500000000000000000, 0.4383913899645445755, 0.7316139926607148070 ) ) ;
#5208 = PRESENTATION_LAYER_ASSIGNMENT (  '', '', ( #3050 ) ) ;
#5209 = MECHANICAL_DESIGN_GEOMETRIC_PRESENTATION_REPRESENTATION (  '', ( #6387 ), #4828 ) ;
#5210 = ORIENTED_EDGE ( 'NONE', *, *, #6319, .T. ) ;
#5211 =( GEOMETRIC_REPRESENTATION_CONTEXT ( 3 ) GLOBAL_UNCERTAINTY_ASSIGNED_CONTEXT ( ( #77 ) ) GLOBAL_UNIT_ASSIGNED_CONTEXT ( ( #3056, #99, #8755 ) ) REPRESENTATION_CONTEXT ( 'NONE', 'WORKASPACE' ) );
#5212 = CARTESIAN_POINT ( 'NONE',  ( 2.501000000000000334, -0.9175505575494772303, 0.6230441176359816646 ) ) ;
#5213 = B_SPLINE_CURVE_WITH_KNOTS ( 'NONE', 3,
 ( #3898, #3248, #4896, #2320 ),
 .UNSPECIFIED., .F., .F.,
 ( 4, 4 ),
 ( 11.00000000000000000, 12.00000000000000000 ),
 .UNSPECIFIED. ) ;
#5214 = CARTESIAN_POINT ( 'NONE',  ( 2.500000000000000000, 0.3232382007319779538, 0.7584397469016190829 ) ) ;
#5215 = COLOUR_RGB ( '',0.000000000000000000, 0.000000000000000000, 0.000000000000000000 ) ;
#5216 = PRESENTATION_STYLE_ASSIGNMENT (( #9080 ) ) ;
#5217 =( NAMED_UNIT ( * ) SI_UNIT ( $, .STERADIAN. ) SOLID_ANGLE_UNIT ( ) );
#5218 = DIRECTION ( 'NONE',  ( 0.000000000000000000, -1.000000000000000000, -3.176678786081147283E-15 ) ) ;
#5219 = LINE ( 'NONE', #4252, #6965 ) ;
#5220 = ORIENTED_EDGE ( 'NONE', *, *, #4938, .F. ) ;
#5221 = VERTEX_POINT ( 'NONE', #8153 ) ;
#5222 = ORIENTED_EDGE ( 'NONE', *, *, #4073, .T. ) ;
#5223 = VERTEX_POINT ( 'NONE', #7200 ) ;
#5224 = VECTOR ( 'NONE', #3308, 1000.000000000000000 ) ;
#5225 = EDGE_CURVE ( 'NONE', #1567, #1127, #11007, .T. ) ;
#5226 = ADVANCED_FACE ( 'NONE', ( #1400 ), #10004, .T. ) ;
#5227 = CARTESIAN_POINT ( 'NONE',  ( 2.501000000000000334, 0.6129667441148385354, 0.3742491968222730891 ) ) ;
#5228 = CARTESIAN_POINT ( 'NONE',  ( 2.500000000000000000, 0.9802092401581361525, 0.3332827349189388944 ) ) ;
#5229 = ORIENTED_EDGE ( 'NONE', *, *, #9413, .F. ) ;
#5230 = PRESENTATION_STYLE_ASSIGNMENT (( #11193 ) ) ;
#5231 = ORIENTED_EDGE ( 'NONE', *, *, #4290, .T. ) ;
#5232 = EDGE_LOOP ( 'NONE', ( #11823, #10976, #544, #8129 ) ) ;
#5233 = DIRECTION ( 'NONE',  ( 0.000000000000000000, 0.4630180653866964868, -0.8863488427958604587 ) ) ;
#5234 = CARTESIAN_POINT ( 'NONE',  ( 2.501000000000000334, -0.6731787312390495881, 0.5840025495275701362 ) ) ;
#5235 = EDGE_CURVE ( 'NONE', #8461, #10727, #10132, .T. ) ;
#5236 = DIRECTION ( 'NONE',  ( 0.000000000000000000, -0.000000000000000000, 1.000000000000000000 ) ) ;
#5237 = EDGE_CURVE ( 'NONE', #11565, #1332, #3071, .T. ) ;
#5238 = LINE ( 'NONE', #11869, #1377 ) ;
#5239 = CARTESIAN_POINT ( 'NONE',  ( 0.000000000000000000, 0.000000000000000000, 6.199999999999999289 ) ) ;
#5240 = CARTESIAN_POINT ( 'NONE',  ( 2.501000000000000334, 0.5149695605013602240, 0.1824138612613750154 ) ) ;
#5241 = CARTESIAN_POINT ( 'NONE',  ( 0.4000000000000000777, 0.2500000000000000000, -2.407412430484044816E-32 ) ) ;
#5242 = VERTEX_POINT ( 'NONE', #4308 ) ;
#5243 = FACE_OUTER_BOUND ( 'NONE', #536, .T. ) ;
#5244 = ORIENTED_EDGE ( 'NONE', *, *, #7268, .T. ) ;
#5245 = CARTESIAN_POINT ( 'NONE',  ( 0.000000000000000000, -0.2500000000000000000, 0.000000000000000000 ) ) ;
#5246 = VERTEX_POINT ( 'NONE', #9274 ) ;
#5247 = ORIENTED_EDGE ( 'NONE', *, *, #7404, .F. ) ;
#5248 = CARTESIAN_POINT ( 'NONE',  ( 2.500000000000000000, -0.6428130227208699310, 0.3324007046244422670 ) ) ;
#5249 =( NAMED_UNIT ( * ) SI_UNIT ( $, .STERADIAN. ) SOLID_ANGLE_UNIT ( ) );
#5250 = EDGE_CURVE ( 'NONE', #7005, #7606, #1444, .T. ) ;
#5251 = LINE ( 'NONE', #10000, #4338 ) ;
#5252 = CARTESIAN_POINT ( 'NONE',  ( 2.500000000000000000, 0.5457463948239242857, 0.2028970922130428900 ) ) ;
#5253 = B_SPLINE_CURVE_WITH_KNOTS ( 'NONE', 3,
 ( #3058, #8961, #336, #2262 ),
 .UNSPECIFIED., .F., .F.,
 ( 4, 4 ),
 ( 19.00000000000000000, 20.00000000000000000 ),
 .UNSPECIFIED. ) ;
#5255 = VERTEX_POINT ( 'NONE', #4243 ) ;
#5254 =( NAMED_UNIT ( * ) SI_UNIT ( $, .STERADIAN. ) SOLID_ANGLE_UNIT ( ) );
#5256 = DIRECTION ( 'NONE',  ( -0.000000000000000000, 3.198603716350140242E-15, -1.000000000000000000 ) ) ;
#5257 = ADVANCED_FACE ( 'NONE', ( #8071 ), #11895, .F. ) ;
#5258 = CARTESIAN_POINT ( 'NONE',  ( 2.501000000000000334, -0.5922034717510034074, 0.1328545412775398171 ) ) ;
#5259 = B_SPLINE_SURFACE_WITH_KNOTS ( 'NONE', 3, 1, ( 
 ( #12149, #2769 ),
 ( #9461, #7579 ),
 ( #11142, #2654 ),
 ( #1735, #1969 ) ),
 .UNSPECIFIED., .F., .F., .F.,
 ( 4, 4 ),
 ( 2, 2 ),
 ( 21.00000000000000000, 22.00000000000000000 ),
 ( 0.000000000000000000, 1.000000000000000000 ),
 .UNSPECIFIED. ) ;
#5260 = SURFACE_STYLE_FILL_AREA ( #5453 ) ;
#5262 = VERTEX_POINT ( 'NONE', #11815 ) ;
#5261 = SURFACE_STYLE_USAGE ( .BOTH. , #11181 ) ;
#5263 = SURFACE_STYLE_FILL_AREA ( #1520 ) ;
#5264 = ORIENTED_EDGE ( 'NONE', *, *, #2972, .T. ) ;
#5265 = EDGE_CURVE ( 'NONE', #6569, #475, #7178, .T. ) ;
#5266 =( NAMED_UNIT ( * ) SI_UNIT ( $, .STERADIAN. ) SOLID_ANGLE_UNIT ( ) );
#5267 = LINE ( 'NONE', #3333, #8395 ) ;
#5268 = FILL_AREA_STYLE_COLOUR ( '', #1833 ) ;
#5269 =( NAMED_UNIT ( * ) SI_UNIT ( $, .STERADIAN. ) SOLID_ANGLE_UNIT ( ) );
#5270 = PRESENTATION_STYLE_ASSIGNMENT (( #10951 ) ) ;
#5271 = VERTEX_POINT ( 'NONE', #2543 ) ;
#5272 = SURFACE_STYLE_FILL_AREA ( #2464 ) ;
#5273 = EDGE_LOOP ( 'NONE', ( #3065, #3234, #8693, #11415 ) ) ;
#5274 =( GEOMETRIC_REPRESENTATION_CONTEXT ( 3 ) GLOBAL_UNCERTAINTY_ASSIGNED_CONTEXT ( ( #4594 ) ) GLOBAL_UNIT_ASSIGNED_CONTEXT ( ( #4045, #9889, #5038 ) ) REPRESENTATION_CONTEXT ( 'NONE', 'WORKASPACE' ) );
#5275 = UNCERTAINTY_MEASURE_WITH_UNIT (LENGTH_MEASURE( 1.000000000000000082E-05 ), #3883, 'distance_accuracy_value', 'NONE');
#5276 = DIRECTION ( 'NONE',  ( -1.000000000000000000, -0.000000000000000000, -0.000000000000000000 ) ) ;
#5277 = ORIENTED_EDGE ( 'NONE', *, *, #11593, .F. ) ;
#5278 = LINE ( 'NONE', #5234, #8929 ) ;
#5279 = FILL_AREA_STYLE_COLOUR ( '', #3914 ) ;
#5280 = CARTESIAN_POINT ( 'NONE',  ( 2.500000000000000000, 0.5196484711243036791, 0.1824138612613750154 ) ) ;
#5281 = VECTOR ( 'NONE', #2353, 1000.000000000000000 ) ;
#5282 = CARTESIAN_POINT ( 'NONE',  ( 2.501000000000000334, 0.9526036674781064306, 0.3071848112200114000 ) ) ;
#5283 = MECHANICAL_DESIGN_GEOMETRIC_PRESENTATION_REPRESENTATION (  '', ( #954 ), #1561 ) ;
#5284 = CARTESIAN_POINT ( 'NONE',  ( 2.501000000000000334, 0.4428103611087141900, 0.3568852396201582788 ) ) ;
#5285 = SURFACE_SIDE_STYLE ('',( #9001 ) ) ;
#5286 = CARTESIAN_POINT ( 'NONE',  ( 2.500000000000000000, 0.8716065257978243830, 0.4089771112278832721 ) ) ;
#5287 = ORIENTED_EDGE ( 'NONE', *, *, #6757, .T. ) ;
#5288 = CARTESIAN_POINT ( 'NONE',  ( 2.501000000000000334, 0.5734559432940758983, 0.2070561238791161218 ) ) ;
#5290 = CARTESIAN_POINT ( 'NONE',  ( 2.501000000000000334, 0.8716065257978243830, 0.4089771112278832721 ) ) ;
#5289 = CARTESIAN_POINT ( 'NONE',  ( 2.501000000000000334, 0.9291051385711689425, 0.4234297462634666331 ) ) ;
#5291 = EDGE_CURVE ( 'NONE', #11779, #10918, #2237, .T. ) ;
#5292 = EDGE_CURVE ( 'NONE', #7855, #7114, #5923, .T. ) ;
#5293 = VERTEX_POINT ( 'NONE', #4825 ) ;
#5294 = STYLED_ITEM ( 'NONE', ( #500 ), #10886 ) ;
#5295 = VECTOR ( 'NONE', #369, 1000.000000000000000 ) ;
#5296 = CARTESIAN_POINT ( 'NONE',  ( 2.500000000000000000, 0.4453057801077998645, 0.3113438428846952988 ) ) ;
#5297 = SURFACE_STYLE_FILL_AREA ( #550 ) ;
#5298 = ORIENTED_EDGE ( 'NONE', *, *, #6504, .F. ) ;
#5299 = FILL_AREA_STYLE ('',( #2720 ) ) ;
#5300 = CARTESIAN_POINT ( 'NONE',  ( 2.500000000000000000, 0.8716065257978243830, 0.4089771112278832721 ) ) ;
#5301 = COLOUR_RGB ( '',0.000000000000000000, 0.000000000000000000, 0.000000000000000000 ) ;
#5302 = DIRECTION ( 'NONE',  ( -1.000000000000000000, -0.000000000000000000, -0.000000000000000000 ) ) ;
#5303 = AXIS2_PLACEMENT_3D ( 'NONE', #11012, #1724, #5342 ) ;
#5305 = CARTESIAN_POINT ( 'NONE',  ( 2.500000000000000000, 0.2834154725373658756, 0.2255638147892595757 ) ) ;
#5304 = STYLED_ITEM ( 'NONE', ( #3425 ), #11188 ) ;
#5306 = COLOUR_RGB ( '',0.000000000000000000, 0.000000000000000000, 0.000000000000000000 ) ;
#5307 = COLOUR_RGB ( '',0.000000000000000000, 0.000000000000000000, 0.000000000000000000 ) ;
#5308 = LINE ( 'NONE', #461, #5224 ) ;
#5309 = ORIENTED_EDGE ( 'NONE', *, *, #5158, .T. ) ;
#5310 = B_SPLINE_SURFACE_WITH_KNOTS ( 'NONE', 3, 1, ( 
 ( #1019, #4106 ),
 ( #6753, #303 ),
 ( #6233, #4046 ),
 ( #2073, #1276 ) ),
 .UNSPECIFIED., .F., .F., .F.,
 ( 4, 4 ),
 ( 2, 2 ),
 ( 9.000000000000000000, 10.00000000000000000 ),
 ( 0.000000000000000000, 1.000000000000000000 ),
 .UNSPECIFIED. ) ;
#5311 = CARTESIAN_POINT ( 'NONE',  ( 2.500000000000000000, -0.2885461659304330850, 0.6432879462976581753 ) ) ;
#5312 = ADVANCED_FACE ( 'NONE', ( #8661 ), #7837, .F. ) ;
#5314 = VERTEX_POINT ( 'NONE', #2043 ) ;
#5313 = CARTESIAN_POINT ( 'NONE',  ( 2.501000000000000334, 0.4383913899645447976, 0.6432345697732935186 ) ) ;
#5315 = CARTESIAN_POINT ( 'NONE',  ( 2.500000000000000000, 0.2373541968443407257, 0.2678819619836516064 ) ) ;
#5316 = LINE ( 'NONE', #4365, #2240 ) ;
#5317 = CARTESIAN_POINT ( 'NONE',  ( 2.501000000000000334, -0.3304798159407296154, 0.3179408329191652505 ) ) ;
#5318 = VERTEX_POINT ( 'NONE', #6830 ) ;
#5319 = MECHANICAL_DESIGN_GEOMETRIC_PRESENTATION_REPRESENTATION (  '', ( #8914 ), #3171 ) ;
#5320 = STYLED_ITEM ( 'NONE', ( #3957 ), #11273 ) ;
#5322 = ORIENTED_EDGE ( 'NONE', *, *, #595, .T. ) ;
#5321 = AXIS2_PLACEMENT_3D ( 'NONE', #2934, #8447, #3744 ) ;
#5323 = PRESENTATION_LAYER_ASSIGNMENT (  '', '', ( #7275 ) ) ;
#5324 = SURFACE_STYLE_USAGE ( .BOTH. , #6239 ) ;
#5325 = CARTESIAN_POINT ( 'NONE',  ( 2.501000000000000334, 0.8240895890222245113, 0.7147699144161706597 ) ) ;
#5326 = PRESENTATION_LAYER_ASSIGNMENT (  '', '', ( #3944 ) ) ;
#5327 = FILL_AREA_STYLE_COLOUR ( '', #5215 ) ;
#5328 = EDGE_CURVE ( 'NONE', #10572, #1198, #2154, .T. ) ;
#5329 = VERTEX_POINT ( 'NONE', #1296 ) ;
#5330 =( LENGTH_UNIT ( ) NAMED_UNIT ( * ) SI_UNIT ( .MILLI., .METRE. ) );
#5331 =( GEOMETRIC_REPRESENTATION_CONTEXT ( 3 ) GLOBAL_UNCERTAINTY_ASSIGNED_CONTEXT ( ( #11935 ) ) GLOBAL_UNIT_ASSIGNED_CONTEXT ( ( #5621, #9538, #137 ) ) REPRESENTATION_CONTEXT ( 'NONE', 'WORKASPACE' ) );
#5332 = ORIENTED_EDGE ( 'NONE', *, *, #12032, .F. ) ;
#5333 = FILL_AREA_STYLE ('',( #10020 ) ) ;
#5334 = VECTOR ( 'NONE', #11075, 1000.000000000000000 ) ;
#5335 = VECTOR ( 'NONE', #8364, 1000.000000000000000 ) ;
#5336 = PRESENTATION_STYLE_ASSIGNMENT (( #1588 ) ) ;
#5337 = CARTESIAN_POINT ( 'NONE',  ( 2.501000000000000334, 0.6930800915672590268, 0.3205976883404587086 ) ) ;
#5338 = CARTESIAN_POINT ( 'NONE',  ( 2.501000000000000334, 0.3178834474635015561, 0.2341938054945635894 ) ) ;
#5339 = PRESENTATION_STYLE_ASSIGNMENT (( #1665 ) ) ;
#5340 = DIRECTION ( 'NONE',  ( 0.000000000000000000, 0.000000000000000000, -1.000000000000000000 ) ) ;
#5341 = EDGE_CURVE ( 'NONE', #7694, #4985, #8863, .T. ) ;
#5342 = DIRECTION ( 'NONE',  ( 0.000000000000000000, -0.000000000000000000, -1.000000000000000000 ) ) ;
#5344 = ADVANCED_FACE ( 'NONE', ( #1357 ), #3074, .T. ) ;
#5343 = EDGE_LOOP ( 'NONE', ( #3283, #4960, #5875, #2537, #6602, #4995, #9417, #12118, #11084, #272, #2250, #1492 ) ) ;
#5345 = CARTESIAN_POINT ( 'NONE',  ( 2.500000000000000000, 0.9451693983765955265, 0.3770565431959047586 ) ) ;
#5346 = VECTOR ( 'NONE', #9020, 1000.000000000000000 ) ;
#5347 =( NAMED_UNIT ( * ) SI_UNIT ( $, .STERADIAN. ) SOLID_ANGLE_UNIT ( ) );
#5348 = ORIENTED_EDGE ( 'NONE', *, *, #9413, .T. ) ;
#5349 =( NAMED_UNIT ( * ) SI_UNIT ( $, .STERADIAN. ) SOLID_ANGLE_UNIT ( ) );
#5351 = CARTESIAN_POINT ( 'NONE',  ( 2.501000000000000334, 0.6948476800243670315, 0.7280788157451079101 ) ) ;
#5350 = CARTESIAN_POINT ( 'NONE',  ( 2.500000000000000000, -0.9855119931785349952, 0.4003621126734829283 ) ) ;
#5352 = CARTESIAN_POINT ( 'NONE',  ( 2.500000000000000000, 0.5695048632124164456, 0.2531173995707617919 ) ) ;
#5353 = CARTESIAN_POINT ( 'NONE',  ( 2.500000000000000000, -0.1164737257285018007, 0.2933590951473956654 ) ) ;
#5354 = STYLED_ITEM ( 'NONE', ( #6036 ), #9607 ) ;
#5355 = CARTESIAN_POINT ( 'NONE',  ( 2.500000000000000000, 0.2699506075211635103, 0.2883651929339415276 ) ) ;
#5356 = EDGE_LOOP ( 'NONE', ( #4735, #4973, #7161, #8067 ) ) ;
#5357 = SURFACE_STYLE_USAGE ( .BOTH. , #1614 ) ;
#5358 = B_SPLINE_CURVE_WITH_KNOTS ( 'NONE', 3,
 ( #1593, #8260, #12083, #7400 ),
 .UNSPECIFIED., .F., .F.,
 ( 4, 4 ),
 ( 1.000000000000000000, 2.000000000000000000 ),
 .UNSPECIFIED. ) ;
#5359 = CARTESIAN_POINT ( 'NONE',  ( 2.501000000000000334, 0.2991678049696441799, 0.3568852396201577237 ) ) ;
#5361 = FILL_AREA_STYLE ('',( #1619 ) ) ;
#5360 = CARTESIAN_POINT ( 'NONE',  ( 2.501000000000000334, 0.9495363816256953138, 0.4054419343122745434 ) ) ;
#5362 =( GEOMETRIC_REPRESENTATION_CONTEXT ( 3 ) GLOBAL_UNCERTAINTY_ASSIGNED_CONTEXT ( ( #106 ) ) GLOBAL_UNIT_ASSIGNED_CONTEXT ( ( #244, #7823, #424 ) ) REPRESENTATION_CONTEXT ( 'NONE', 'WORKASPACE' ) );
#5363 = ORIENTED_EDGE ( 'NONE', *, *, #1718, .T. ) ;
#5364 = UNCERTAINTY_MEASURE_WITH_UNIT (LENGTH_MEASURE( 1.000000000000000082E-05 ), #9329, 'distance_accuracy_value', 'NONE');
#5365 = PRESENTATION_LAYER_ASSIGNMENT (  '', '', ( #3602 ) ) ;
#5366 =( LENGTH_UNIT ( ) NAMED_UNIT ( * ) SI_UNIT ( .MILLI., .METRE. ) );
#5367 = FILL_AREA_STYLE ('',( #10050 ) ) ;
#5368 = FACE_OUTER_BOUND ( 'NONE', #2944, .T. ) ;
#5369 = DIRECTION ( 'NONE',  ( -1.000000000000000000, -0.000000000000000000, -0.000000000000000000 ) ) ;
#5370 = ADVANCED_FACE ( 'NONE', ( #11658 ), #4104, .T. ) ;
#5371 =( NAMED_UNIT ( * ) SI_UNIT ( $, .STERADIAN. ) SOLID_ANGLE_UNIT ( ) );
#5372 = PRESENTATION_LAYER_ASSIGNMENT (  '', '', ( #11908 ) ) ;
#5373 = FILL_AREA_STYLE ('',( #8363 ) ) ;
#5374 = LINE ( 'NONE', #9205, #10315 ) ;
#5375 = VECTOR ( 'NONE', #2152, 1000.000000000000000 ) ;
#5376 = CARTESIAN_POINT ( 'NONE',  ( 2.500000000000000000, 0.8962487884141786543, 0.2521816174471466221 ) ) ;
#5377 = VECTOR ( 'NONE', #12074, 1000.000000000000000 ) ;
#5378 = CARTESIAN_POINT ( 'NONE',  ( 2.500000000000000000, -0.3550616088725427888, 0.3179408329191651950 ) ) ;
#5379 = CARTESIAN_POINT ( 'NONE',  ( -0.3999999999999999667, 0.2500000000000000000, -6.244015795117517112E-17 ) ) ;
#5380 = LINE ( 'NONE', #6472, #75 ) ;
#5381 = CARTESIAN_POINT ( 'NONE',  ( 2.500000000000000000, 0.9308727270282786126, 0.2733926789394044432 ) ) ;
#5383 = ORIENTED_EDGE ( 'NONE', *, *, #11504, .T. ) ;
#5382 = DIRECTION ( 'NONE',  ( -1.000000000000000000, -0.000000000000000000, -0.000000000000000000 ) ) ;
#5384 = LINE ( 'NONE', #3316, #10688 ) ;
#5385 = VERTEX_POINT ( 'NONE', #11835 ) ;
#5386 = VECTOR ( 'NONE', #4997, 1000.000000000000000 ) ;
#5387 = B_SPLINE_CURVE_WITH_KNOTS ( 'NONE', 3,
 ( #6547, #2927, #1069, #1894 ),
 .UNSPECIFIED., .F., .F.,
 ( 4, 4 ),
 ( 4.000000000000000000, 5.000000000000000000 ),
 .UNSPECIFIED. ) ;
#5388 = VECTOR ( 'NONE', #3243, 1000.000000000000000 ) ;
#5389 = LINE ( 'NONE', #6431, #5754 ) ;
#5390 =( NAMED_UNIT ( * ) SI_UNIT ( $, .STERADIAN. ) SOLID_ANGLE_UNIT ( ) );
#5391 = EDGE_CURVE ( 'NONE', #1817, #1762, #2201, .T. ) ;
#5392 = DIRECTION ( 'NONE',  ( 0.000000000000000000, -1.000000000000000000, -2.128050635766154552E-15 ) ) ;
#5393 = DIRECTION ( 'NONE',  ( -1.000000000000000000, -0.000000000000000000, -0.000000000000000000 ) ) ;
#5394 = COLOUR_RGB ( '',0.000000000000000000, 0.000000000000000000, 0.000000000000000000 ) ;
#5395 = CARTESIAN_POINT ( 'NONE',  ( -2.200000000000001066, 0.2500000000000000000, -2.000000000000000000 ) ) ;
#5397 = DIRECTION ( 'NONE',  ( 0.000000000000000000, -0.9345104387438658566, -0.3559357243643118673 ) ) ;
#5396 = SURFACE_STYLE_FILL_AREA ( #1514 ) ;
#5398 =( NAMED_UNIT ( * ) PLANE_ANGLE_UNIT ( ) SI_UNIT ( $, .RADIAN. ) );
#5399 = ORIENTED_EDGE ( 'NONE', *, *, #10815, .F. ) ;
#5400 = STYLED_ITEM ( 'NONE', ( #3534 ), #3385 ) ;
#5401 = DIRECTION ( 'NONE',  ( -1.000000000000000000, -0.000000000000000000, -0.000000000000000000 ) ) ;
#5402 = CARTESIAN_POINT ( 'NONE',  ( 2.501000000000000334, -0.3753053961641879543, 0.2731152526957092985 ) ) ;
#5403 = FACE_OUTER_BOUND ( 'NONE', #3298, .T. ) ;
#5404 = EDGE_CURVE ( 'NONE', #7047, #4398, #6131, .T. ) ;
#5405 = COLOUR_RGB ( '',0.000000000000000000, 0.000000000000000000, 0.000000000000000000 ) ;
#5406 =( NAMED_UNIT ( * ) SI_UNIT ( $, .STERADIAN. ) SOLID_ANGLE_UNIT ( ) );
#5407 = FILL_AREA_STYLE_COLOUR ( '', #8475 ) ;
#5408 = DIRECTION ( 'NONE',  ( 1.000000000000000000, 0.000000000000000000, -0.000000000000000000 ) ) ;
#5409 = CARTESIAN_POINT ( 'NONE',  ( 2.501000000000000334, 0.6744164369684609861, 0.7460666276976862799 ) ) ;
#5410 = B_SPLINE_CURVE_WITH_KNOTS ( 'NONE', 3,
 ( #4750, #3819, #2773, #5738 ),
 .UNSPECIFIED., .F., .F.,
 ( 4, 4 ),
 ( 7.000000000000000000, 8.000000000000000000 ),
 .UNSPECIFIED. ) ;
#5411 = SURFACE_SIDE_STYLE ('',( #11863 ) ) ;
#5412 = ORIENTED_EDGE ( 'NONE', *, *, #7960, .F. ) ;
#5413 = EDGE_LOOP ( 'NONE', ( #6987, #2222, #7638, #9318 ) ) ;
#5414 = CARTESIAN_POINT ( 'NONE',  ( 2.501000000000000334, -0.6413670576146327518, 0.2196136611919112802 ) ) ;
#5415 = PRESENTATION_STYLE_ASSIGNMENT (( #2833 ) ) ;
#5416 = ADVANCED_FACE ( 'NONE', ( #3390 ), #5157, .T. ) ;
#5417 = PLANE ( 'NONE',  #3735 ) ;
#5418 =( LENGTH_UNIT ( ) NAMED_UNIT ( * ) SI_UNIT ( .MILLI., .METRE. ) );
#5419 = CARTESIAN_POINT ( 'NONE',  ( 2.501000000000000334, -0.5271340490744740315, 0.2774532583344879177 ) ) ;
#5420 = B_SPLINE_SURFACE_WITH_KNOTS ( 'NONE', 3, 1, ( 
 ( #5284, #5200 ),
 ( #2376, #10924 ),
 ( #6114, #11818 ),
 ( #9021, #9869 ) ),
 .UNSPECIFIED., .F., .F., .F.,
 ( 4, 4 ),
 ( 2, 2 ),
 ( 10.00000000000000000, 11.00000000000000000 ),
 ( 0.000000000000000000, 1.000000000000000000 ),
 .UNSPECIFIED. ) ;
#5421 = DIRECTION ( 'NONE',  ( 0.000000000000000000, -1.000000000000000000, -3.528747247336798979E-15 ) ) ;
#5422 = CARTESIAN_POINT ( 'NONE',  ( 2.500000000000000000, 0.3285929540011503502, 0.2289950159133569696 ) ) ;
#5423 = B_SPLINE_CURVE_WITH_KNOTS ( 'NONE', 3,
 ( #4185, #1086, #3018, #5046 ),
 .UNSPECIFIED., .F., .F.,
 ( 4, 4 ),
 ( 5.000000000000000000, 6.000000000000000000 ),
 .UNSPECIFIED. ) ;
#5424 = FACE_OUTER_BOUND ( 'NONE', #3482, .T. ) ;
#5425 = CARTESIAN_POINT ( 'NONE',  ( 2.500000000000000000, 1.174488006820971320, 0.2289950159133598839 ) ) ;
#5426 =( NAMED_UNIT ( * ) PLANE_ANGLE_UNIT ( ) SI_UNIT ( $, .RADIAN. ) );
#5427 = ORIENTED_EDGE ( 'NONE', *, *, #2912, .F. ) ;
#5428 = CARTESIAN_POINT ( 'NONE',  ( 2.501000000000000334, 0.2129718737067689827, 0.2521816174471442906 ) ) ;
#5429 = B_SPLINE_SURFACE_WITH_KNOTS ( 'NONE', 3, 1, ( 
 ( #7414, #8406 ),
 ( #12156, #7462 ),
 ( #11266, #2128 ),
 ( #5893, #6752 ) ),
 .UNSPECIFIED., .F., .F., .F.,
 ( 4, 4 ),
 ( 2, 2 ),
 ( 3.000000000000000000, 4.000000000000000000 ),
 ( 0.000000000000000000, 1.000000000000000000 ),
 .UNSPECIFIED. ) ;
#5430 = ORIENTED_EDGE ( 'NONE', *, *, #7030, .T. ) ;
#5431 = MECHANICAL_DESIGN_GEOMETRIC_PRESENTATION_REPRESENTATION (  '', ( #341 ), #8606 ) ;
#5432 = VERTEX_POINT ( 'NONE', #11777 ) ;
#5433 = EDGE_CURVE ( 'NONE', #7628, #8669, #3325, .T. ) ;
#5434 = B_SPLINE_CURVE_WITH_KNOTS ( 'NONE', 3,
 ( #4971, #1264, #5834, #4037 ),
 .UNSPECIFIED., .F., .F.,
 ( 4, 4 ),
 ( 11.00000000000000000, 12.00000000000000000 ),
 .UNSPECIFIED. ) ;
#5435 = PRESENTATION_STYLE_ASSIGNMENT (( #2370 ) ) ;
#5436 = CARTESIAN_POINT ( 'NONE',  ( 2.500000000000000000, 0.9526036674781059865, 0.3579249975366796122 ) ) ;
#5437 = CARTESIAN_POINT ( 'NONE',  ( 2.500000000000000000, 1.080026000124486352, 0.3954602583145310768 ) ) ;
#5438 = DIRECTION ( 'NONE',  ( -1.301042606982605321E-16, 0.000000000000000000, -1.000000000000000000 ) ) ;
#5439 = CARTESIAN_POINT ( 'NONE',  ( 2.500000000000000000, 0.6756121585722466572, 0.7124824470001057675 ) ) ;
#5440 = CARTESIAN_POINT ( 'NONE',  ( 2.501000000000000334, 0.5111224562105154412, 0.6432345697732937406 ) ) ;
#5442 = FILL_AREA_STYLE_COLOUR ( '', #9195 ) ;
#5441 = CARTESIAN_POINT ( 'NONE',  ( 0.3999999999999994116, -0.2500000000000000000, -5.000000000000000000 ) ) ;
#5443 = VERTEX_POINT ( 'NONE', #11511 ) ;
#5444 =( GEOMETRIC_REPRESENTATION_CONTEXT ( 3 ) GLOBAL_UNCERTAINTY_ASSIGNED_CONTEXT ( ( #1068 ) ) GLOBAL_UNIT_ASSIGNED_CONTEXT ( ( #5330, #11798, #9177 ) ) REPRESENTATION_CONTEXT ( 'NONE', 'WORKASPACE' ) );
#5445 = SURFACE_STYLE_USAGE ( .BOTH. , #11170 ) ;
#5447 = VERTEX_POINT ( 'NONE', #10509 ) ;
#5446 = DIRECTION ( 'NONE',  ( -1.000000000000000000, -0.000000000000000000, -0.000000000000000000 ) ) ;
#5448 = SURFACE_STYLE_USAGE ( .BOTH. , #1642 ) ;
#5449 = CARTESIAN_POINT ( 'NONE',  ( -2.899999999999999911, 0.000000000000000000, 0.000000000000000000 ) ) ;
#5450 = VERTEX_POINT ( 'NONE', #7832 ) ;
#5451 = CARTESIAN_POINT ( 'NONE',  ( 2.501000000000000334, 0.4453057801078000866, 0.2255638147892601586 ) ) ;
#5452 = CARTESIAN_POINT ( 'NONE',  ( 2.500000000000000000, -0.06297218938474401229, 0.4307278763517052855 ) ) ;
#5453 = FILL_AREA_STYLE ('',( #11236 ) ) ;
#5455 = ORIENTED_EDGE ( 'NONE', *, *, #4953, .F. ) ;
#5454 = CARTESIAN_POINT ( 'NONE',  ( 2.501000000000000334, -0.2032329559622574611, 0.5420688443579297910 ) ) ;
#5456 = EDGE_CURVE ( 'NONE', #7076, #9895, #6772, .T. ) ;
#5457 = EDGE_CURVE ( 'NONE', #11613, #6585, #10835, .T. ) ;
#5458 = ORIENTED_EDGE ( 'NONE', *, *, #9698, .T. ) ;
#5459 = VERTEX_POINT ( 'NONE', #10029 ) ;
#5460 =( LENGTH_UNIT ( ) NAMED_UNIT ( * ) SI_UNIT ( .MILLI., .METRE. ) );
#5461 = LINE ( 'NONE', #831, #9677 ) ;
#5462 = CARTESIAN_POINT ( 'NONE',  ( 2.500000000000000000, 1.097026042056302497, 0.4323716643446928742 ) ) ;
#5463 = DIRECTION ( 'NONE',  ( -1.000000000000000000, -0.000000000000000000, -0.000000000000000000 ) ) ;
#5464 = B_SPLINE_SURFACE_WITH_KNOTS ( 'NONE', 3, 1, ( 
 ( #709, #10306 ),
 ( #12128, #12186 ),
 ( #4608, #7672 ),
 ( #4656, #3849 ) ),
 .UNSPECIFIED., .F., .F., .F.,
 ( 4, 4 ),
 ( 2, 2 ),
 ( 1.000000000000000000, 2.000000000000000000 ),
 ( 0.000000000000000000, 1.000000000000000000 ),
 .UNSPECIFIED. ) ;
#5465 = ORIENTED_EDGE ( 'NONE', *, *, #5858, .T. ) ;
#5466 = EDGE_CURVE ( 'NONE', #816, #7954, #7021, .T. ) ;
#5467 = LINE ( 'NONE', #12119, #1519 ) ;
#5468 = VERTEX_POINT ( 'NONE', #9786 ) ;
#5469 = DIRECTION ( 'NONE',  ( -1.000000000000000000, 0.000000000000000000, 0.000000000000000000 ) ) ;
#5470 = CARTESIAN_POINT ( 'NONE',  ( 2.501000000000000334, -0.8091015611271364927, 0.2311816578447544734 ) ) ;
#5471 = PRESENTATION_STYLE_ASSIGNMENT (( #1968 ) ) ;
#5472 = DIRECTION ( 'NONE',  ( -1.000000000000000000, 0.000000000000000000, -0.000000000000000000 ) ) ;
#5473 = CARTESIAN_POINT ( 'NONE',  ( 2.500000000000000000, 0.2631921810651727256, 0.2629950997769900933 ) ) ;
#5474 = CARTESIAN_POINT ( 'NONE',  ( 2.501000000000000334, 0.3187672416920634966, 0.3568852396201578348 ) ) ;
#5475 = SURFACE_SIDE_STYLE ('',( #8584 ) ) ;
#5476 =( LENGTH_UNIT ( ) NAMED_UNIT ( * ) SI_UNIT ( .MILLI., .METRE. ) );
#5477 = ORIENTED_EDGE ( 'NONE', *, *, #4504, .T. ) ;
#5478 = CARTESIAN_POINT ( 'NONE',  ( 2.501000000000000334, 0.9526036674781059865, 0.3325549043783421754 ) ) ;
#5479 = SURFACE_STYLE_USAGE ( .BOTH. , #2659 ) ;
#5480 = DIRECTION ( 'NONE',  ( -1.000000000000000000, -0.000000000000000000, -0.000000000000000000 ) ) ;
#5481 = EDGE_CURVE ( 'NONE', #2454, #951, #6206, .T. ) ;
#5482 =( LENGTH_UNIT ( ) NAMED_UNIT ( * ) SI_UNIT ( .MILLI., .METRE. ) );
#5483 = VERTEX_POINT ( 'NONE', #9915 ) ;
#5484 = UNCERTAINTY_MEASURE_WITH_UNIT (LENGTH_MEASURE( 1.000000000000000082E-05 ), #6639, 'distance_accuracy_value', 'NONE');
#5485 = PRESENTATION_LAYER_ASSIGNMENT (  '', '', ( #9491 ) ) ;
#5486 = UNCERTAINTY_MEASURE_WITH_UNIT (LENGTH_MEASURE( 1.000000000000000082E-05 ), #3793, 'distance_accuracy_value', 'NONE');
#5487 = DIRECTION ( 'NONE',  ( 1.000000000000000000, -0.000000000000000000, 6.195440985631455317E-17 ) ) ;
#5488 = DIRECTION ( 'NONE',  ( -1.000000000000000000, -0.000000000000000000, -0.000000000000000000 ) ) ;
#5489 = LINE ( 'NONE', #3035, #3938 ) ;
#5490 =( LENGTH_UNIT ( ) NAMED_UNIT ( * ) SI_UNIT ( .MILLI., .METRE. ) );
#5491 = LINE ( 'NONE', #11099, #6515 ) ;
#5492 = DIRECTION ( 'NONE',  ( -1.000000000000000000, -0.000000000000000000, -0.000000000000000000 ) ) ;
#5493 = FILL_AREA_STYLE_COLOUR ( '', #10774 ) ;
#5494 = PRESENTATION_LAYER_ASSIGNMENT (  '', '', ( #4905 ) ) ;
#5496 = CARTESIAN_POINT ( 'NONE',  ( 2.500000000000000000, 0.4015839597265973282, 0.2510378837391080697 ) ) ;
#5495 =( LENGTH_UNIT ( ) NAMED_UNIT ( * ) SI_UNIT ( .MILLI., .METRE. ) );
#5497 = VECTOR ( 'NONE', #3706, 1000.000000000000000 ) ;
#5498 = LINE ( 'NONE', #3661, #3620 ) ;
#5499 = CARTESIAN_POINT ( 'NONE',  ( 2.500000000000000000, 0.2823757146208525914, 0.7272470094116147976 ) ) ;
#5500 = VECTOR ( 'NONE', #3241, 1000.000000000000000 ) ;
#5501 = EDGE_CURVE ( 'NONE', #11700, #1992, #4675, .T. ) ;
#5502 =( NAMED_UNIT ( * ) SI_UNIT ( $, .STERADIAN. ) SOLID_ANGLE_UNIT ( ) );
#5503 = CARTESIAN_POINT ( 'NONE',  ( 2.501000000000000334, 0.3540670229509980671, 0.3592766828277341729 ) ) ;
#5504 =( NAMED_UNIT ( * ) PLANE_ANGLE_UNIT ( ) SI_UNIT ( $, .RADIAN. ) );
#5505 =( NAMED_UNIT ( * ) PLANE_ANGLE_UNIT ( ) SI_UNIT ( $, .RADIAN. ) );
#5506 = CARTESIAN_POINT ( 'NONE',  ( 2.500000000000000000, 0.1298432282970045093, 0.5748184988799728279 ) ) ;
#5507 = ORIENTED_EDGE ( 'NONE', *, *, #10871, .T. ) ;
#5508 = VECTOR ( 'NONE', #8256, 1000.000000000000000 ) ;
#5509 = ORIENTED_EDGE ( 'NONE', *, *, #7532, .F. ) ;
#5510 = FILL_AREA_STYLE_COLOUR ( '', #10098 ) ;
#5511 = COLOUR_RGB ( '',0.000000000000000000, 0.000000000000000000, 0.000000000000000000 ) ;
#5512 = MECHANICAL_DESIGN_GEOMETRIC_PRESENTATION_REPRESENTATION (  '', ( #3368 ), #202 ) ;
#5513 = FACE_OUTER_BOUND ( 'NONE', #9751, .T. ) ;
#5514 =( LENGTH_UNIT ( ) NAMED_UNIT ( * ) SI_UNIT ( .MILLI., .METRE. ) );
#5516 = ORIENTED_EDGE ( 'NONE', *, *, #11992, .F. ) ;
#5515 = CARTESIAN_POINT ( 'NONE',  ( 2.501000000000000334, -0.1511773847254291314, 0.2557634507765713661 ) ) ;
#5517 =( GEOMETRIC_REPRESENTATION_CONTEXT ( 3 ) GLOBAL_UNCERTAINTY_ASSIGNED_CONTEXT ( ( #1434 ) ) GLOBAL_UNIT_ASSIGNED_CONTEXT ( ( #5482, #8352, #12100 ) ) REPRESENTATION_CONTEXT ( 'NONE', 'WORKASPACE' ) );
#5518 = VECTOR ( 'NONE', #2966, 1000.000000000000000 ) ;
#5519 = PRESENTATION_LAYER_ASSIGNMENT (  '', '', ( #7690 ) ) ;
#5520 = B_SPLINE_SURFACE_WITH_KNOTS ( 'NONE', 3, 1, ( 
 ( #11940, #6360 ),
 ( #2551, #11281 ),
 ( #6294, #10122 ),
 ( #4484, #3537 ) ),
 .UNSPECIFIED., .F., .F., .F.,
 ( 4, 4 ),
 ( 2, 2 ),
 ( 0.000000000000000000, 1.000000000000000000 ),
 ( 0.000000000000000000, 1.000000000000000000 ),
 .UNSPECIFIED. ) ;
#5521 = CARTESIAN_POINT ( 'NONE',  ( 0.000000000000000000, -0.2500000000000000000, 0.000000000000000000 ) ) ;
#5522 = SURFACE_SIDE_STYLE ('',( #10314 ) ) ;
#5523 = ADVANCED_FACE ( 'NONE', ( #2411 ), #5058, .F. ) ;
#5524 = STYLED_ITEM ( 'NONE', ( #1594 ), #7115 ) ;
#5525 = EDGE_CURVE ( 'NONE', #351, #174, #2479, .T. ) ;
#5526 = DIRECTION ( 'NONE',  ( -1.000000000000000000, -0.000000000000000000, -0.000000000000000000 ) ) ;
#5527 = FILL_AREA_STYLE_COLOUR ( '', #11926 ) ;
#5528 =( NAMED_UNIT ( * ) PLANE_ANGLE_UNIT ( ) SI_UNIT ( $, .RADIAN. ) );
#5529 = B_SPLINE_SURFACE_WITH_KNOTS ( 'NONE', 3, 1, ( 
 ( #104, #9564 ),
 ( #11239, #10473 ),
 ( #7676, #883 ),
 ( #6597, #11474 ) ),
 .UNSPECIFIED., .F., .F., .F.,
 ( 4, 4 ),
 ( 2, 2 ),
 ( 0.000000000000000000, 1.000000000000000000 ),
 ( 0.000000000000000000, 1.000000000000000000 ),
 .UNSPECIFIED. ) ;
#5530 = VERTEX_POINT ( 'NONE', #5701 ) ;
#5531 = CARTESIAN_POINT ( 'NONE',  ( 2.501000000000000334, -0.2567344923053232475, 0.3164948678129329562 ) ) ;
#5532 = DIRECTION ( 'NONE',  ( -1.000000000000000000, -0.000000000000000000, -0.000000000000000000 ) ) ;
#5533 = LINE ( 'NONE', #7453, #9771 ) ;
#5534 = DIRECTION ( 'NONE',  ( 0.000000000000000000, 0.000000000000000000, 1.000000000000000000 ) ) ;
#5535 = STYLED_ITEM ( 'NONE', ( #2627 ), #7325 ) ;
#5536 = UNCERTAINTY_MEASURE_WITH_UNIT (LENGTH_MEASURE( 1.000000000000000082E-05 ), #8881, 'distance_accuracy_value', 'NONE');
#5537 = LINE ( 'NONE', #8397, #10730 ) ;
#5538 = SURFACE_STYLE_USAGE ( .BOTH. , #6561 ) ;
#5539 = SURFACE_STYLE_USAGE ( .BOTH. , #7212 ) ;
#5540 = PRESENTATION_LAYER_ASSIGNMENT (  '', '', ( #11101 ) ) ;
#5541 = SURFACE_STYLE_FILL_AREA ( #1795 ) ;
#5542 = PLANE ( 'NONE',  #821 ) ;
#5543 = EDGE_CURVE ( 'NONE', #10583, #3554, #11300, .T. ) ;
#5544 = PRESENTATION_STYLE_ASSIGNMENT (( #129 ) ) ;
#5545 = DIRECTION ( 'NONE',  ( -1.000000000000000000, 0.000000000000000000, 0.000000000000000000 ) ) ;
#5546 = VECTOR ( 'NONE', #3565, 1000.000000000000114 ) ;
#5547 =( NAMED_UNIT ( * ) SI_UNIT ( $, .STERADIAN. ) SOLID_ANGLE_UNIT ( ) );
#5548 = CARTESIAN_POINT ( 'NONE',  ( 2.500000000000000000, 0.5101866740862078808, 0.1833496433863854580 ) ) ;
#5549 =( NAMED_UNIT ( * ) PLANE_ANGLE_UNIT ( ) SI_UNIT ( $, .RADIAN. ) );
#5550 = MECHANICAL_DESIGN_GEOMETRIC_PRESENTATION_REPRESENTATION (  '', ( #10923 ), #11311 ) ;
#5551 = DIRECTION ( 'NONE',  ( -0.000000000000000000, 1.000000000000000000, -0.000000000000000000 ) ) ;
#5552 = ORIENTED_EDGE ( 'NONE', *, *, #8124, .T. ) ;
#5553 =( LENGTH_UNIT ( ) NAMED_UNIT ( * ) SI_UNIT ( .MILLI., .METRE. ) );
#5554 = ORIENTED_EDGE ( 'NONE', *, *, #8644, .F. ) ;
#5555 =( GEOMETRIC_REPRESENTATION_CONTEXT ( 3 ) GLOBAL_UNCERTAINTY_ASSIGNED_CONTEXT ( ( #9811 ) ) GLOBAL_UNIT_ASSIGNED_CONTEXT ( ( #2836, #11202, #2713 ) ) REPRESENTATION_CONTEXT ( 'NONE', 'WORKASPACE' ) );
#5556 = DIRECTION ( 'NONE',  ( 0.000000000000000000, -1.000000000000000000, -3.452797389200804321E-15 ) ) ;
#5557 = FILL_AREA_STYLE_COLOUR ( '', #7060 ) ;
#5558 = EDGE_CURVE ( 'NONE', #5863, #105, #9142, .T. ) ;
#5559 = CARTESIAN_POINT ( 'NONE',  ( 2.501000000000000334, 0.2129718737067689827, 0.2521816174471442906 ) ) ;
#5560 = CARTESIAN_POINT ( 'NONE',  ( 2.501000000000000334, 0.2826876419960827058, 0.2956434983481793788 ) ) ;
#5561 = CARTESIAN_POINT ( 'NONE',  ( 2.500000000000000000, -0.4085630900562654544, 0.8095764709139163795 ) ) ;
#5562 = UNCERTAINTY_MEASURE_WITH_UNIT (LENGTH_MEASURE( 1.000000000000000082E-05 ), #3662, 'distance_accuracy_value', 'NONE');
#5564 =( LENGTH_UNIT ( ) NAMED_UNIT ( * ) SI_UNIT ( .MILLI., .METRE. ) );
#5563 = PLANE ( 'NONE',  #776 ) ;
#5565 = CARTESIAN_POINT ( 'NONE',  ( 2.500000000000000000, -0.4794164834778135154, 0.7228172406794669547 ) ) ;
#5566 =( GEOMETRIC_REPRESENTATION_CONTEXT ( 3 ) GLOBAL_UNCERTAINTY_ASSIGNED_CONTEXT ( ( #878 ) ) GLOBAL_UNIT_ASSIGNED_CONTEXT ( ( #8612, #2916, #8489 ) ) REPRESENTATION_CONTEXT ( 'NONE', 'WORKASPACE' ) );
#5567 = CARTESIAN_POINT ( 'NONE',  ( 2.500000000000000000, 0.4781621302634043169, 0.2925242246000139823 ) ) ;
#5568 = B_SPLINE_CURVE_WITH_KNOTS ( 'NONE', 3,
 ( #11157, #2542, #2670, #1693 ),
 .UNSPECIFIED., .F., .F.,
 ( 4, 4 ),
 ( 4.000000000000000000, 5.000000000000000000 ),
 .UNSPECIFIED. ) ;
#5569 =( LENGTH_UNIT ( ) NAMED_UNIT ( * ) SI_UNIT ( .MILLI., .METRE. ) );
#5570 = VERTEX_POINT ( 'NONE', #6730 ) ;
#5571 = B_SPLINE_CURVE_WITH_KNOTS ( 'NONE', 3,
 ( #8839, #11595, #6862, #2330 ),
 .UNSPECIFIED., .F., .F.,
 ( 4, 4 ),
 ( 5.000000000000000000, 6.000000000000000000 ),
 .UNSPECIFIED. ) ;
#5572 = B_SPLINE_SURFACE_WITH_KNOTS ( 'NONE', 3, 1, ( 
 ( #10734, #5823 ),
 ( #3238, #3048 ),
 ( #6792, #10604 ),
 ( #10799, #2251 ) ),
 .UNSPECIFIED., .F., .F., .F.,
 ( 4, 4 ),
 ( 2, 2 ),
 ( 17.00000000000000000, 18.00000000000000000 ),
 ( 0.000000000000000000, 1.000000000000000000 ),
 .UNSPECIFIED. ) ;
#5573 = AXIS2_PLACEMENT_3D ( 'NONE', #5911, #1213, #4754 ) ;
#5574 = EDGE_CURVE ( 'NONE', #9895, #1107, #1886, .T. ) ;
#5575 = VECTOR ( 'NONE', #2577, 1000.000000000000000 ) ;
#5576 = ADVANCED_FACE ( 'NONE', ( #5832 ), #10471, .F. ) ;
#5577 = UNCERTAINTY_MEASURE_WITH_UNIT (LENGTH_MEASURE( 1.000000000000000082E-05 ), #1404, 'distance_accuracy_value', 'NONE');
#5578 = B_SPLINE_CURVE_WITH_KNOTS ( 'NONE', 3,
 ( #7449, #775, #4396, #8156 ),
 .UNSPECIFIED., .F., .F.,
 ( 4, 4 ),
 ( 2.000000000000000000, 3.000000000000000000 ),
 .UNSPECIFIED. ) ;
#5579 = CARTESIAN_POINT ( 'NONE',  ( 2.500000000000000000, 0.7368019119484687796, 0.5516318973461914466 ) ) ;
#5581 = SURFACE_SIDE_STYLE ('',( #3847 ) ) ;
#5580 = CARTESIAN_POINT ( 'NONE',  ( 2.501000000000000334, 0.4227430333237924831, 0.3514784984545376578 ) ) ;
#5582 =( NAMED_UNIT ( * ) PLANE_ANGLE_UNIT ( ) SI_UNIT ( $, .RADIAN. ) );
#5583 = CARTESIAN_POINT ( 'NONE',  ( 2.500000000000000000, 0.1035893409101114049, 0.5516318973461891151 ) ) ;
#5584 = PRESENTATION_LAYER_ASSIGNMENT (  '', '', ( #9969 ) ) ;
#5585 = CARTESIAN_POINT ( 'NONE',  ( 2.500000000000000000, 0.6179575821130161017, 0.7550085457775256303 ) ) ;
#5586 =( GEOMETRIC_REPRESENTATION_CONTEXT ( 3 ) GLOBAL_UNCERTAINTY_ASSIGNED_CONTEXT ( ( #8928 ) ) GLOBAL_UNIT_ASSIGNED_CONTEXT ( ( #4075, #440, #11751 ) ) REPRESENTATION_CONTEXT ( 'NONE', 'WORKASPACE' ) );
#5587 = CARTESIAN_POINT ( 'NONE',  ( 2.500000000000000000, 0.7936766699699597805, 0.6302375958202814932 ) ) ;
#5588 =( LENGTH_UNIT ( ) NAMED_UNIT ( * ) SI_UNIT ( .MILLI., .METRE. ) );
#5589 = CARTESIAN_POINT ( 'NONE',  ( 2.500000000000000000, 0.3409140853093221013, 0.7347332664088832566 ) ) ;
#5590 = CARTESIAN_POINT ( 'NONE',  ( 2.500000000000000000, 0.3426816737671261048, 0.7584397469016191939 ) ) ;
#5591 = FILL_AREA_STYLE_COLOUR ( '', #58 ) ;
#5592 = EDGE_CURVE ( 'NONE', #6641, #5073, #9411, .T. ) ;
#5593 = VECTOR ( 'NONE', #2859, 1000.000000000000000 ) ;
#5594 = SURFACE_SIDE_STYLE ('',( #9447 ) ) ;
#5595 = COLOUR_RGB ( '',0.8509803921568627194, 0.8509803921568627194, 0.8509803921568627194 ) ;
#5596 = CARTESIAN_POINT ( 'NONE',  ( 2.501000000000000334, -0.8293453346287746886, 0.6056923570868749662 ) ) ;
#5597 = CARTESIAN_POINT ( 'NONE',  ( 2.501000000000000334, 0.1035893409101118351, 0.4323716643446894325 ) ) ;
#5598 = SURFACE_SIDE_STYLE ('',( #8327 ) ) ;
#5599 = PRESENTATION_STYLE_ASSIGNMENT (( #4621 ) ) ;
#5600 = CARTESIAN_POINT ( 'NONE',  ( 2.501000000000000334, 0.2680790432718422323, 0.7121705196255647685 ) ) ;
#5601 = EDGE_LOOP ( 'NONE', ( #25, #5092, #10064, #9642, #66, #11352, #4701, #3826 ) ) ;
#5602 = FACE_OUTER_BOUND ( 'NONE', #2333, .T. ) ;
#5603 = AXIS2_PLACEMENT_3D ( 'NONE', #565, #7110, #11041 ) ;
#5604 = PLANE ( 'NONE',  #11594 ) ;
#5605 = EDGE_CURVE ( 'NONE', #8554, #1873, #10166, .T. ) ;
#5606 =( GEOMETRIC_REPRESENTATION_CONTEXT ( 3 ) GLOBAL_UNCERTAINTY_ASSIGNED_CONTEXT ( ( #11493 ) ) GLOBAL_UNIT_ASSIGNED_CONTEXT ( ( #3456, #11010, #4564 ) ) REPRESENTATION_CONTEXT ( 'NONE', 'WORKASPACE' ) );
#5607 = DIRECTION ( 'NONE',  ( -1.000000000000000000, -0.000000000000000000, -0.000000000000000000 ) ) ;
#5608 = SURFACE_STYLE_USAGE ( .BOTH. , #6688 ) ;
#5609 = EDGE_LOOP ( 'NONE', ( #4891, #7925, #11682, #3413, #8385, #6487, #9212, #2535, #5175, #11350, #12177, #11319 ) ) ;
#5610 = FILL_AREA_STYLE_COLOUR ( '', #6522 ) ;
#5611 = FILL_AREA_STYLE ('',( #12152 ) ) ;
#5612 = ORIENTED_EDGE ( 'NONE', *, *, #41, .T. ) ;
#5613 =( GEOMETRIC_REPRESENTATION_CONTEXT ( 3 ) GLOBAL_UNCERTAINTY_ASSIGNED_CONTEXT ( ( #2945 ) ) GLOBAL_UNIT_ASSIGNED_CONTEXT ( ( #4547, #12065, #4711 ) ) REPRESENTATION_CONTEXT ( 'NONE', 'WORKASPACE' ) );
#5614 = CARTESIAN_POINT ( 'NONE',  ( 2.501000000000000334, 0.6607436203678370701, 0.7252714693714786831 ) ) ;
#5615 = CARTESIAN_POINT ( 'NONE',  ( 2.501000000000000334, 0.8907900593541902001, 0.5516318973461918906 ) ) ;
#5616 =( LENGTH_UNIT ( ) NAMED_UNIT ( * ) SI_UNIT ( .MILLI., .METRE. ) );
#5617 = DIRECTION ( 'NONE',  ( -1.000000000000000000, -0.000000000000000000, -0.000000000000000000 ) ) ;
#5618 = EDGE_CURVE ( 'NONE', #10677, #2129, #5104, .T. ) ;
#5619 = LINE ( 'NONE', #8793, #1161 ) ;
#5620 = ORIENTED_EDGE ( 'NONE', *, *, #3909, .F. ) ;
#5621 =( LENGTH_UNIT ( ) NAMED_UNIT ( * ) SI_UNIT ( .MILLI., .METRE. ) );
#5622 = ADVANCED_FACE ( 'NONE', ( #5424 ), #10292, .F. ) ;
#5623 = UNCERTAINTY_MEASURE_WITH_UNIT (LENGTH_MEASURE( 1.000000000000000082E-05 ), #8919, 'distance_accuracy_value', 'NONE');
#5624 = VECTOR ( 'NONE', #10745, 1000.000000000000000 ) ;
#5625 = CARTESIAN_POINT ( 'NONE',  ( 1.700000000000000178, 0.2500000000000000000, -3.500000000000000000 ) ) ;
#5626 = CARTESIAN_POINT ( 'NONE',  ( 2.501000000000000334, 0.2191584333087385761, 0.6822254916351049303 ) ) ;
#5627 = PRESENTATION_STYLE_ASSIGNMENT (( #3882 ) ) ;
#5628 = SURFACE_SIDE_STYLE ('',( #9312 ) ) ;
#5630 = DIRECTION ( 'NONE',  ( -1.000000000000000000, -0.000000000000000000, -0.000000000000000000 ) ) ;
#5629 = SURFACE_STYLE_FILL_AREA ( #2856 ) ;
#5631 = ORIENTED_EDGE ( 'NONE', *, *, #5005, .T. ) ;
#5632 = B_SPLINE_SURFACE_WITH_KNOTS ( 'NONE', 3, 1, ( 
 ( #11111, #7877 ),
 ( #4868, #2079 ),
 ( #3015, #9772 ),
 ( #1131, #8847 ) ),
 .UNSPECIFIED., .F., .F., .F.,
 ( 4, 4 ),
 ( 2, 2 ),
 ( 5.000000000000000000, 6.000000000000000000 ),
 ( 0.000000000000000000, 1.000000000000000000 ),
 .UNSPECIFIED. ) ;
#5633 = SURFACE_STYLE_USAGE ( .BOTH. , #4770 ) ;
#5635 = ORIENTED_EDGE ( 'NONE', *, *, #8674, .F. ) ;
#5634 = CARTESIAN_POINT ( 'NONE',  ( 2.500000000000000000, 1.040047308240521273, 0.2846220644353033014 ) ) ;
#5636 = STYLED_ITEM ( 'NONE', ( #3499 ), #6439 ) ;
#5637 = CARTESIAN_POINT ( 'NONE',  ( 2.501000000000000334, 0.4304892298005331686, 0.2463589731154729734 ) ) ;
#5638 = ADVANCED_FACE ( 'NONE', ( #4000 ), #8587, .F. ) ;
#5639 = EDGE_LOOP ( 'NONE', ( #2083, #3031, #4771, #11397 ) ) ;
#5640 = VERTEX_POINT ( 'NONE', #6653 ) ;
#5641 = CARTESIAN_POINT ( 'NONE',  ( 2.500000000000000000, 0.3279171113556229034, 0.2514537869051606256 ) ) ;
#5642 = B_SPLINE_SURFACE_WITH_KNOTS ( 'NONE', 3, 1, ( 
 ( #716, #1388 ),
 ( #4305, #11653 ),
 ( #2271, #517 ),
 ( #3188, #1450 ) ),
 .UNSPECIFIED., .F., .F., .F.,
 ( 4, 4 ),
 ( 2, 2 ),
 ( 13.00000000000000000, 14.00000000000000000 ),
 ( 0.000000000000000000, 1.000000000000000000 ),
 .UNSPECIFIED. ) ;
#5643 = COLOUR_RGB ( '',0.000000000000000000, 0.000000000000000000, 0.000000000000000000 ) ;
#5644 = FACE_OUTER_BOUND ( 'NONE', #10979, .T. ) ;
#5645 = FILL_AREA_STYLE ('',( #8434 ) ) ;
#5646 = FILL_AREA_STYLE_COLOUR ( '', #11286 ) ;
#5647 = ADVANCED_FACE ( 'NONE', ( #9620 ), #9114, .F. ) ;
#5648 = ORIENTED_EDGE ( 'NONE', *, *, #629, .T. ) ;
#5649 = UNCERTAINTY_MEASURE_WITH_UNIT (LENGTH_MEASURE( 1.000000000000000082E-05 ), #7223, 'distance_accuracy_value', 'NONE');
#5650 = CARTESIAN_POINT ( 'NONE',  ( 2.501000000000000334, 0.6979149658781654830, 0.6298216926528421578 ) ) ;
#5651 = MECHANICAL_DESIGN_GEOMETRIC_PRESENTATION_REPRESENTATION (  '', ( #1106 ), #9053 ) ;
#5652 = VERTEX_POINT ( 'NONE', #9437 ) ;
#5653 = SURFACE_SIDE_STYLE ('',( #169 ) ) ;
#5654 = DIRECTION ( 'NONE',  ( 0.000000000000000000, 2.319788234798266273E-15, -1.000000000000000000 ) ) ;
#5655 = FILL_AREA_STYLE_COLOUR ( '', #9963 ) ;
#5656 = CARTESIAN_POINT ( 'NONE',  ( 2.501000000000000334, 0.3285929540011501837, 0.2879492897678874730 ) ) ;
#5657 = CARTESIAN_POINT ( 'NONE',  ( 2.501000000000000334, 0.4453057801077998645, 0.3113438428846952988 ) ) ;
#5658 = CARTESIAN_POINT ( 'NONE',  ( 2.501000000000000334, -0.6731787588190678573, 0.2196136611919111969 ) ) ;
#5659 = SURFACE_STYLE_USAGE ( .BOTH. , #11488 ) ;
#5660 = DIRECTION ( 'NONE',  ( -0.000000000000000000, 3.198603716350138270E-15, -1.000000000000000000 ) ) ;
#5661 = LINE ( 'NONE', #9520, #7332 ) ;
#5662 = EDGE_CURVE ( 'NONE', #2326, #6786, #7613, .T. ) ;
#5663 = CARTESIAN_POINT ( 'NONE',  ( 2.500000000000000000, 0.5152294999801422248, 0.1605789450186506095 ) ) ;
#5664 = EDGE_CURVE ( 'NONE', #1873, #10194, #10544, .T. ) ;
#5665 = SURFACE_SIDE_STYLE ('',( #2828 ) ) ;
#5666 = ORIENTED_EDGE ( 'NONE', *, *, #5789, .F. ) ;
#5667 = LINE ( 'NONE', #7407, #4541 ) ;
#5668 = CARTESIAN_POINT ( 'NONE',  ( 2.501000000000000334, 0.2859628794322134904, 0.5482006962220952184 ) ) ;
#5669 = FILL_AREA_STYLE_COLOUR ( '', #5720 ) ;
#5670 =( NAMED_UNIT ( * ) PLANE_ANGLE_UNIT ( ) SI_UNIT ( $, .RADIAN. ) );
#5671 = CARTESIAN_POINT ( 'NONE',  ( 2.500000000000000000, 0.3998163712687935467, 0.2284751369544077149 ) ) ;
#5672 = VERTEX_POINT ( 'NONE', #4653 ) ;
#5673 = FILL_AREA_STYLE ('',( #1919 ) ) ;
#5674 = LINE ( 'NONE', #10586, #7152 ) ;
#5675 = B_SPLINE_CURVE_WITH_KNOTS ( 'NONE', 3,
 ( #8923, #3277, #2221, #428 ),
 .UNSPECIFIED., .F., .F.,
 ( 4, 4 ),
 ( 11.00000000000000000, 12.00000000000000000 ),
 .UNSPECIFIED. ) ;
#5676 = DIRECTION ( 'NONE',  ( -1.000000000000000000, -0.000000000000000000, -0.000000000000000000 ) ) ;
#5677 = ORIENTED_EDGE ( 'NONE', *, *, #11206, .F. ) ;
#5678 = PRESENTATION_STYLE_ASSIGNMENT (( #6774 ) ) ;
#5679 = PLANE ( 'NONE',  #4562 ) ;
#5680 = FILL_AREA_STYLE_COLOUR ( '', #9879 ) ;
#5681 = DIRECTION ( 'NONE',  ( -0.000000000000000000, -1.000000000000000000, -3.104947329619024145E-15 ) ) ;
#5682 = EDGE_CURVE ( 'NONE', #1974, #778, #37, .T. ) ;
#5683 = EDGE_CURVE ( 'NONE', #564, #1241, #6592, .T. ) ;
#5685 = SURFACE_STYLE_FILL_AREA ( #88 ) ;
#5684 = CARTESIAN_POINT ( 'NONE',  ( 1.700000000000000178, 0.2500000000000000000, -3.500000000000000000 ) ) ;
#5686 = ORIENTED_EDGE ( 'NONE', *, *, #3749, .T. ) ;
#5688 = ORIENTED_EDGE ( 'NONE', *, *, #3310, .T. ) ;
#5687 = CARTESIAN_POINT ( 'NONE',  ( 2.500000000000000000, 0.3887429494601593594, 0.3350503233774336787 ) ) ;
#5689 = SURFACE_SIDE_STYLE ('',( #10299 ) ) ;
#5690 = ORIENTED_EDGE ( 'NONE', *, *, #56, .T. ) ;
#5691 = ORIENTED_EDGE ( 'NONE', *, *, #1533, .T. ) ;
#5692 = SURFACE_STYLE_FILL_AREA ( #2798 ) ;
#5693 = DIRECTION ( 'NONE',  ( 0.000000000000000000, 1.000000000000000000, 3.671636660359679996E-15 ) ) ;
#5694 =( LENGTH_UNIT ( ) NAMED_UNIT ( * ) SI_UNIT ( .MILLI., .METRE. ) );
#5695 = B_SPLINE_CURVE_WITH_KNOTS ( 'NONE', 3,
 ( #4886, #8665, #4948, #7654 ),
 .UNSPECIFIED., .F., .F.,
 ( 4, 4 ),
 ( 5.000000000000000000, 6.000000000000000000 ),
 .UNSPECIFIED. ) ;
#5696 = EDGE_CURVE ( 'NONE', #10174, #5314, #2005, .T. ) ;
#5697 = UNCERTAINTY_MEASURE_WITH_UNIT (LENGTH_MEASURE( 1.000000000000000082E-05 ), #3946, 'distance_accuracy_value', 'NONE');
#5698 =( NAMED_UNIT ( * ) SI_UNIT ( $, .STERADIAN. ) SOLID_ANGLE_UNIT ( ) );
#5699 = CARTESIAN_POINT ( 'NONE',  ( 2.501000000000000334, 0.2705744622709291836, 0.2530134237792435181 ) ) ;
#5700 = ORIENTED_EDGE ( 'NONE', *, *, #5558, .T. ) ;
#5701 = CARTESIAN_POINT ( 'NONE',  ( 2.500000000000000000, 0.2705744622709291836, 0.2530134237792435181 ) ) ;
#5702 =( GEOMETRIC_REPRESENTATION_CONTEXT ( 3 ) GLOBAL_UNCERTAINTY_ASSIGNED_CONTEXT ( ( #10229 ) ) GLOBAL_UNIT_ASSIGNED_CONTEXT ( ( #7012, #6145, #9971 ) ) REPRESENTATION_CONTEXT ( 'NONE', 'WORKASPACE' ) );
#5703 = MECHANICAL_DESIGN_GEOMETRIC_PRESENTATION_REPRESENTATION (  '', ( #7478 ), #3733 ) ;
#5704 = COLOUR_RGB ( '',0.000000000000000000, 0.000000000000000000, 0.000000000000000000 ) ;
#5705 = SURFACE_SIDE_STYLE ('',( #10419 ) ) ;
#5706 = PRESENTATION_LAYER_ASSIGNMENT (  '', '', ( #10666 ) ) ;
#5707 =( NAMED_UNIT ( * ) SI_UNIT ( $, .STERADIAN. ) SOLID_ANGLE_UNIT ( ) );
#5708 = FACE_OUTER_BOUND ( 'NONE', #6030, .T. ) ;
#5709 = FILL_AREA_STYLE ('',( #11305 ) ) ;
#5710 = FILL_AREA_STYLE_COLOUR ( '', #11062 ) ;
#5711 = STYLED_ITEM ( 'NONE', ( #691 ), #2820 ) ;
#5712 = DIRECTION ( 'NONE',  ( -1.000000000000000000, -0.000000000000000000, -0.000000000000000000 ) ) ;
#5713 = EDGE_CURVE ( 'NONE', #23, #3939, #8620, .T. ) ;
#5714 = DIRECTION ( 'NONE',  ( -1.000000000000000000, -0.000000000000000000, -0.000000000000000000 ) ) ;
#5715 = CARTESIAN_POINT ( 'NONE',  ( 2.501000000000000334, 0.4781621302634043169, 0.2925242246000139823 ) ) ;
#5716 = PRESENTATION_LAYER_ASSIGNMENT (  '', '', ( #2962 ) ) ;
#5717 = PRESENTATION_LAYER_ASSIGNMENT (  '', '', ( #5304 ) ) ;
#5718 = PRESENTATION_STYLE_ASSIGNMENT (( #1954 ) ) ;
#5719 = COLOUR_RGB ( '',1.000000000000000000, 1.000000000000000000, 1.000000000000000000 ) ;
#5720 = COLOUR_RGB ( '',0.000000000000000000, 0.000000000000000000, 0.000000000000000000 ) ;
#5721 =( LENGTH_UNIT ( ) NAMED_UNIT ( * ) SI_UNIT ( .MILLI., .METRE. ) );
#5722 = FILL_AREA_STYLE_COLOUR ( '', #5114 ) ;
#5723 = ORIENTED_EDGE ( 'NONE', *, *, #6603, .F. ) ;
#5724 = STYLED_ITEM ( 'NONE', ( #12117 ), #12180 ) ;
#5725 = CARTESIAN_POINT ( 'NONE',  ( 2.501000000000000334, -0.6731787588190678573, 0.2196136611919111969 ) ) ;
#5726 = LINE ( 'NONE', #121, #8557 ) ;
#5727 = VERTEX_POINT ( 'NONE', #10304 ) ;
#5728 = FILL_AREA_STYLE_COLOUR ( '', #1261 ) ;
#5729 = PRESENTATION_STYLE_ASSIGNMENT (( #10436 ) ) ;
#5730 = VECTOR ( 'NONE', #667, 1000.000000000000000 ) ;
#5731 =( LENGTH_UNIT ( ) NAMED_UNIT ( * ) SI_UNIT ( .MILLI., .METRE. ) );
#5732 = VECTOR ( 'NONE', #3086, 1000.000000000000000 ) ;
#5733 = FILL_AREA_STYLE_COLOUR ( '', #9107 ) ;
#5734 =( NAMED_UNIT ( * ) SI_UNIT ( $, .STERADIAN. ) SOLID_ANGLE_UNIT ( ) );
#5735 = ORIENTED_EDGE ( 'NONE', *, *, #5870, .T. ) ;
#5736 = EDGE_CURVE ( 'NONE', #5385, #7918, #1338, .T. ) ;
#5737 = ADVANCED_FACE ( 'NONE', ( #1257 ), #1604, .F. ) ;
#5738 = CARTESIAN_POINT ( 'NONE',  ( 2.500000000000000000, 0.2834154725373658756, 0.2255638147892595757 ) ) ;
#5739 = LINE ( 'NONE', #6888, #6473 ) ;
#5740 = VERTEX_POINT ( 'NONE', #4333 ) ;
#5741 = CARTESIAN_POINT ( 'NONE',  ( 2.501000000000000334, -0.3753053961641880654, 0.2976969904674864886 ) ) ;
#5742 = CARTESIAN_POINT ( 'NONE',  ( 2.501000000000000334, 0.6411441836454176979, 0.7316139926607155841 ) ) ;
#5743 = CARTESIAN_POINT ( 'NONE',  ( 2.500000000000000000, 0.1035893409101114049, 0.5516318973461891151 ) ) ;
#5744 = ORIENTED_EDGE ( 'NONE', *, *, #8984, .T. ) ;
#5745 = B_SPLINE_SURFACE_WITH_KNOTS ( 'NONE', 3, 1, ( 
 ( #11976, #7276 ),
 ( #790, #4586 ),
 ( #4519, #11089 ),
 ( #7225, #11028 ) ),
 .UNSPECIFIED., .F., .F., .F.,
 ( 4, 4 ),
 ( 2, 2 ),
 ( 11.00000000000000000, 12.00000000000000000 ),
 ( 0.000000000000000000, 1.000000000000000000 ),
 .UNSPECIFIED. ) ;
#5746 = MECHANICAL_DESIGN_GEOMETRIC_PRESENTATION_REPRESENTATION (  '', ( #11101 ), #7710 ) ;
#5747 = DIRECTION ( 'NONE',  ( 0.000000000000000000, -3.452797389200804321E-15, 1.000000000000000000 ) ) ;
#5748 = MECHANICAL_DESIGN_GEOMETRIC_PRESENTATION_REPRESENTATION (  '', ( #8322 ), #10129 ) ;
#5749 = CARTESIAN_POINT ( 'NONE',  ( 2.501000000000000334, 0.6158780662799840933, 0.5516318973461908914 ) ) ;
#5750 = MECHANICAL_DESIGN_GEOMETRIC_PRESENTATION_REPRESENTATION (  '', ( #11887 ), #3586 ) ;
#5751 = SURFACE_SIDE_STYLE ('',( #4769 ) ) ;
#5753 = ORIENTED_EDGE ( 'NONE', *, *, #2599, .T. ) ;
#5752 = CARTESIAN_POINT ( 'NONE',  ( 2.500000000000000000, 0.3887429494601593594, 0.3261084052962081592 ) ) ;
#5754 = VECTOR ( 'NONE', #6238, 1000.000000000000000 ) ;
#5755 =( GEOMETRIC_REPRESENTATION_CONTEXT ( 3 ) GLOBAL_UNCERTAINTY_ASSIGNED_CONTEXT ( ( #8355 ) ) GLOBAL_UNIT_ASSIGNED_CONTEXT ( ( #1088, #4875, #8787 ) ) REPRESENTATION_CONTEXT ( 'NONE', 'WORKASPACE' ) );
#5756 = ORIENTED_EDGE ( 'NONE', *, *, #3476, .T. ) ;
#5757 = ADVANCED_FACE ( 'NONE', ( #11867 ), #886, .T. ) ;
#5758 = ORIENTED_EDGE ( 'NONE', *, *, #2721, .T. ) ;
#5759 = EDGE_CURVE ( 'NONE', #7855, #3972, #4945, .T. ) ;
#5760 = B_SPLINE_CURVE_WITH_KNOTS ( 'NONE', 3,
 ( #10259, #7337, #1789, #2646 ),
 .UNSPECIFIED., .F., .F.,
 ( 4, 4 ),
 ( 7.000000000000000000, 8.000000000000000000 ),
 .UNSPECIFIED. ) ;
#5761 = FILL_AREA_STYLE ('',( #157 ) ) ;
#5762 = VERTEX_POINT ( 'NONE', #2045 ) ;
#5763 = FILL_AREA_STYLE_COLOUR ( '', #8470 ) ;
#5764 = COLOUR_RGB ( '',0.000000000000000000, 0.000000000000000000, 0.000000000000000000 ) ;
#5765 = CARTESIAN_POINT ( 'NONE',  ( 2.501000000000000334, 0.2666753700843376707, 0.5930142624155795295 ) ) ;
#5766 =( GEOMETRIC_REPRESENTATION_CONTEXT ( 3 ) GLOBAL_UNCERTAINTY_ASSIGNED_CONTEXT ( ( #4637 ) ) GLOBAL_UNIT_ASSIGNED_CONTEXT ( ( #10479, #2390, #7051 ) ) REPRESENTATION_CONTEXT ( 'NONE', 'WORKASPACE' ) );
#5767 = CARTESIAN_POINT ( 'NONE',  ( 2.501000000000000334, -0.2567344923053233030, 0.3164948678129329562 ) ) ;
#5768 = LINE ( 'NONE', #8866, #1994 ) ;
#5770 = ORIENTED_EDGE ( 'NONE', *, *, #6200, .F. ) ;
#5769 = LINE ( 'NONE', #11472, #12001 ) ;
#5771 = VECTOR ( 'NONE', #320, 1000.000000000000000 ) ;
#5772 = VERTEX_POINT ( 'NONE', #7458 ) ;
#5773 = UNCERTAINTY_MEASURE_WITH_UNIT (LENGTH_MEASURE( 1.000000000000000082E-05 ), #9663, 'distance_accuracy_value', 'NONE');
#5774 = VECTOR ( 'NONE', #1540, 1000.000000000000114 ) ;
#5775 = CARTESIAN_POINT ( 'NONE',  ( 2.500000000000000000, 0.4175962316383408646, 0.3479433215389325373 ) ) ;
#5776 = ORIENTED_EDGE ( 'NONE', *, *, #3798, .T. ) ;
#5777 = ADVANCED_FACE ( 'NONE', ( #2139 ), #7884, .F. ) ;
#5778 = CARTESIAN_POINT ( 'NONE',  ( 2.500000000000000000, 0.9495363816256953138, 0.4054419343122745434 ) ) ;
#5779 = CARTESIAN_POINT ( 'NONE',  ( 2.501000000000000334, 0.1035893409101118351, 0.4323716643446894325 ) ) ;
#5780 =( NAMED_UNIT ( * ) SI_UNIT ( $, .STERADIAN. ) SOLID_ANGLE_UNIT ( ) );
#5781 = DIRECTION ( 'NONE',  ( -1.000000000000000000, -0.000000000000000000, -0.000000000000000000 ) ) ;
#5782 = PRESENTATION_LAYER_ASSIGNMENT (  '', '', ( #9176 ) ) ;
#5783 = LINE ( 'NONE', #3981, #8481 ) ;
#5784 = FACE_BOUND ( 'NONE', #6929, .T. ) ;
#5785 = MECHANICAL_DESIGN_GEOMETRIC_PRESENTATION_REPRESENTATION (  '', ( #11903 ), #7755 ) ;
#5786 = FILL_AREA_STYLE ('',( #6341 ) ) ;
#5787 = DIRECTION ( 'NONE',  ( -1.000000000000000000, -0.000000000000000000, -0.000000000000000000 ) ) ;
#5788 = VERTEX_POINT ( 'NONE', #2338 ) ;
#5789 = EDGE_CURVE ( 'NONE', #5740, #9977, #10700, .T. ) ;
#5790 = UNCERTAINTY_MEASURE_WITH_UNIT (LENGTH_MEASURE( 1.000000000000000082E-05 ), #6185, 'distance_accuracy_value', 'NONE');
#5791 = CARTESIAN_POINT ( 'NONE',  ( 2.501000000000000334, 0.6158780662799840933, 0.5516318973461908914 ) ) ;
#5792 = VECTOR ( 'NONE', #8761, 1000.000000000000000 ) ;
#5793 = COLOUR_RGB ( '',0.000000000000000000, 0.000000000000000000, 0.000000000000000000 ) ;
#5794 = DIRECTION ( 'NONE',  ( -1.000000000000000000, -0.000000000000000000, -0.000000000000000000 ) ) ;
#5795 = SURFACE_SIDE_STYLE ('',( #130 ) ) ;
#5796 = ORIENTED_EDGE ( 'NONE', *, *, #2025, .T. ) ;
#5797 = SURFACE_SIDE_STYLE ('',( #7639 ) ) ;
#5798 =( GEOMETRIC_REPRESENTATION_CONTEXT ( 3 ) GLOBAL_UNCERTAINTY_ASSIGNED_CONTEXT ( ( #8357 ) ) GLOBAL_UNIT_ASSIGNED_CONTEXT ( ( #10549, #5833, #8686 ) ) REPRESENTATION_CONTEXT ( 'NONE', 'WORKASPACE' ) );
#5799 = CARTESIAN_POINT ( 'NONE',  ( 2.500000000000000000, -0.06441815449166982122, 0.5174870514261157295 ) ) ;
#5800 = STYLED_ITEM ( 'NONE', ( #9973 ), #9217 ) ;
#5801 =( GEOMETRIC_REPRESENTATION_CONTEXT ( 3 ) GLOBAL_UNCERTAINTY_ASSIGNED_CONTEXT ( ( #2707 ) ) GLOBAL_UNIT_ASSIGNED_CONTEXT ( ( #8775, #5962, #11331 ) ) REPRESENTATION_CONTEXT ( 'NONE', 'WORKASPACE' ) );
#5802 = DIRECTION ( 'NONE',  ( 0.000000000000000000, -0.000000000000000000, -1.000000000000000000 ) ) ;
#5803 = ORIENTED_EDGE ( 'NONE', *, *, #6093, .T. ) ;
#5804 = EDGE_CURVE ( 'NONE', #6927, #2719, #9203, .T. ) ;
#5805 = VERTEX_POINT ( 'NONE', #7064 ) ;
#5806 = COLOUR_RGB ( '',0.8509803921568627194, 0.8509803921568627194, 0.8509803921568627194 ) ;
#5807 = SURFACE_STYLE_USAGE ( .BOTH. , #3222 ) ;
#5808 = CARTESIAN_POINT ( 'NONE',  ( 2.501000000000000334, 0.8408816793710162107, 0.2521816174471464556 ) ) ;
#5809 = PLANE ( 'NONE',  #11052 ) ;
#5810 = CARTESIAN_POINT ( 'NONE',  ( 2.501000000000000334, -0.3275878857275646427, 0.3179408329191652505 ) ) ;
#5811 = VECTOR ( 'NONE', #9780, 1000.000000000000000 ) ;
#5813 = CARTESIAN_POINT ( 'NONE',  ( 2.500000000000000000, 0.6169178241951169817, 0.7316139926607154731 ) ) ;
#5812 = CARTESIAN_POINT ( 'NONE',  ( 2.501000000000000334, 0.2129718737067689827, 0.2289950159133565255 ) ) ;
#5815 = VERTEX_POINT ( 'NONE', #2404 ) ;
#5814 = DIRECTION ( 'NONE',  ( -0.000000000000000000, -3.331453071942049694E-15, 1.000000000000000000 ) ) ;
#5816 = CARTESIAN_POINT ( 'NONE',  ( 2.500000000000000000, 0.5439268184703665021, 0.1605789450186507206 ) ) ;
#5817 = EDGE_LOOP ( 'NONE', ( #8316, #11116, #1090, #6720 ) ) ;
#5818 = EDGE_CURVE ( 'NONE', #9441, #6616, #6026, .T. ) ;
#5819 = VECTOR ( 'NONE', #4779, 1000.000000000000000 ) ;
#5820 = ORIENTED_EDGE ( 'NONE', *, *, #2180, .F. ) ;
#5821 = CARTESIAN_POINT ( 'NONE',  ( 2.501000000000000334, 0.2855469762654684329, 0.3152949229677414755 ) ) ;
#5822 = ORIENTED_EDGE ( 'NONE', *, *, #6630, .T. ) ;
#5823 = CARTESIAN_POINT ( 'NONE',  ( 2.500000000000000000, -0.8076555270701600842, 0.3280628093057441075 ) ) ;
#5824 = CARTESIAN_POINT ( 'NONE',  ( 2.501000000000000334, 0.4227430333237924831, 0.3514784984545376578 ) ) ;
#5825 = ORIENTED_EDGE ( 'NONE', *, *, #5341, .T. ) ;
#5826 =( NAMED_UNIT ( * ) PLANE_ANGLE_UNIT ( ) SI_UNIT ( $, .RADIAN. ) );
#5827 = DIRECTION ( 'NONE',  ( -1.000000000000000000, -0.000000000000000000, -0.000000000000000000 ) ) ;
#5828 = UNCERTAINTY_MEASURE_WITH_UNIT (LENGTH_MEASURE( 1.000000000000000082E-05 ), #8580, 'distance_accuracy_value', 'NONE');
#5829 = PRESENTATION_STYLE_ASSIGNMENT (( #2990 ) ) ;
#5831 = ORIENTED_EDGE ( 'NONE', *, *, #11177, .F. ) ;
#5830 = CARTESIAN_POINT ( 'NONE',  ( 2.500000000000000000, -0.7512620329339118053, 0.6924515045812676961 ) ) ;
#5832 = FACE_OUTER_BOUND ( 'NONE', #442, .T. ) ;
#5833 =( NAMED_UNIT ( * ) PLANE_ANGLE_UNIT ( ) SI_UNIT ( $, .RADIAN. ) );
#5834 = CARTESIAN_POINT ( 'NONE',  ( 2.500000000000000000, -0.5271340490744740315, 0.2861291592947543538 ) ) ;
#5835 = VERTEX_POINT ( 'NONE', #5166 ) ;
#5836 = CARTESIAN_POINT ( 'NONE',  ( 2.500000000000000000, 0.4149968368470454694, 0.3373377907934927422 ) ) ;
#5837 = CARTESIAN_POINT ( 'NONE',  ( 2.500000000000000000, 0.8726462837143441620, 0.4323716643446921526 ) ) ;
#5838 = CARTESIAN_POINT ( 'NONE',  ( 0.4000000000000000777, 0.2500000000000000000, -2.407412430484044816E-32 ) ) ;
#5839 = MECHANICAL_DESIGN_GEOMETRIC_PRESENTATION_REPRESENTATION (  '', ( #4856 ), #9610 ) ;
#5840 = CARTESIAN_POINT ( 'NONE',  ( 2.501000000000000334, -0.4808624485847420305, 0.8095764709139161575 ) ) ;
#5841 = CARTESIAN_POINT ( 'NONE',  ( 2.500000000000000000, 0.6761840254269584349, 0.5960295603722350899 ) ) ;
#5842 = CARTESIAN_POINT ( 'NONE',  ( 2.500000000000000000, 0.1035893409101124873, 0.2289950159133561092 ) ) ;
#5843 = EDGE_CURVE ( 'NONE', #11154, #4412, #6141, .T. ) ;
#5844 = CARTESIAN_POINT ( 'NONE',  ( 2.500000000000000000, -0.8076555270701600842, 0.3280628093057441075 ) ) ;
#5845 = EDGE_CURVE ( 'NONE', #3294, #5271, #7390, .T. ) ;
#5847 = PRESENTATION_STYLE_ASSIGNMENT (( #11546 ) ) ;
#5846 = PLANE ( 'NONE',  #7079 ) ;
#5848 = SURFACE_SIDE_STYLE ('',( #2020 ) ) ;
#5849 = CARTESIAN_POINT ( 'NONE',  ( 2.501000000000000334, 0.8253372985217704016, 0.7180971397487506680 ) ) ;
#5850 = SURFACE_STYLE_FILL_AREA ( #7878 ) ;
#5851 = CARTESIAN_POINT ( 'NONE',  ( 2.501000000000000334, 0.2705744622709291836, 0.2530134237792435181 ) ) ;
#5852 = SURFACE_STYLE_FILL_AREA ( #10580 ) ;
#5853 = VECTOR ( 'NONE', #9342, 1000.000000000000000 ) ;
#5854 = CARTESIAN_POINT ( 'NONE',  ( 2.501000000000000334, 0.5599390903821084287, 0.7550085457775252973 ) ) ;
#5855 =( NAMED_UNIT ( * ) SI_UNIT ( $, .STERADIAN. ) SOLID_ANGLE_UNIT ( ) );
#5856 = CARTESIAN_POINT ( 'NONE',  ( 2.500000000000000000, -0.5922034717510034074, 0.1328545412775398171 ) ) ;
#5857 = ORIENTED_EDGE ( 'NONE', *, *, #11851, .T. ) ;
#5858 = EDGE_CURVE ( 'NONE', #3012, #2790, #3889, .T. ) ;
#5859 = CARTESIAN_POINT ( 'NONE',  ( 2.501000000000000334, 0.4999450586103734162, 0.3742491968222727561 ) ) ;
#5860 =( NAMED_UNIT ( * ) SI_UNIT ( $, .STERADIAN. ) SOLID_ANGLE_UNIT ( ) );
#5861 = PRESENTATION_STYLE_ASSIGNMENT (( #1978 ) ) ;
#5862 = DIRECTION ( 'NONE',  ( -1.000000000000000000, -0.000000000000000000, -0.000000000000000000 ) ) ;
#5863 = VERTEX_POINT ( 'NONE', #6981 ) ;
#5864 = PLANE ( 'NONE',  #8097 ) ;
#5865 = ORIENTED_EDGE ( 'NONE', *, *, #11410, .T. ) ;
#5866 = B_SPLINE_CURVE_WITH_KNOTS ( 'NONE', 3,
 ( #1734, #126, #6620, #12209 ),
 .UNSPECIFIED., .F., .F.,
 ( 4, 4 ),
 ( 5.000000000000000000, 6.000000000000000000 ),
 .UNSPECIFIED. ) ;
#5867 = SURFACE_STYLE_USAGE ( .BOTH. , #9601 ) ;
#5868 =( NAMED_UNIT ( * ) PLANE_ANGLE_UNIT ( ) SI_UNIT ( $, .RADIAN. ) );
#5869 = ORIENTED_EDGE ( 'NONE', *, *, #7113, .T. ) ;
#5870 = EDGE_CURVE ( 'NONE', #11365, #7954, #2169, .T. ) ;
#5871 = CARTESIAN_POINT ( 'NONE',  ( 2.501000000000000334, 0.8619367771760082508, 0.6302375958202816042 ) ) ;
#5872 = ORIENTED_EDGE ( 'NONE', *, *, #5237, .F. ) ;
#5873 = CARTESIAN_POINT ( 'NONE',  ( 2.501000000000000334, 0.5701807058572511133, 0.2531173995707617919 ) ) ;
#5874 = LINE ( 'NONE', #9858, #140 ) ;
#5875 = ORIENTED_EDGE ( 'NONE', *, *, #6967, .F. ) ;
#5876 = VERTEX_POINT ( 'NONE', #9735 ) ;
#5877 = PRESENTATION_STYLE_ASSIGNMENT (( #2982 ) ) ;
#5878 = CARTESIAN_POINT ( 'NONE',  ( 2.501000000000000334, -0.2061248861754226280, 0.6201521460534846764 ) ) ;
#5879 = ORIENTED_EDGE ( 'NONE', *, *, #12116, .T. ) ;
#5880 = EDGE_CURVE ( 'NONE', #4257, #3542, #6046, .T. ) ;
#5881 = EDGE_CURVE ( 'NONE', #4840, #8830, #8253, .T. ) ;
#5883 = ORIENTED_EDGE ( 'NONE', *, *, #12127, .T. ) ;
#5882 = LINE ( 'NONE', #4032, #9079 ) ;
#5884 = CARTESIAN_POINT ( 'NONE',  ( 2.501000000000000334, 1.078778290623552794, 0.3921330329833357942 ) ) ;
#5885 = FACE_OUTER_BOUND ( 'NONE', #5204, .T. ) ;
#5886 = CARTESIAN_POINT ( 'NONE',  ( 2.500000000000000000, 0.6979149658781653720, 0.6805618789695090376 ) ) ;
#5887 = ORIENTED_EDGE ( 'NONE', *, *, #8695, .T. ) ;
#5888 = CARTESIAN_POINT ( 'NONE',  ( 2.501000000000000334, 0.4227430333237924831, 0.3514784984545376578 ) ) ;
#5889 = CARTESIAN_POINT ( 'NONE',  ( 2.500000000000000000, -0.7512620329339118053, 0.6924515045812676961 ) ) ;
#5890 = SURFACE_STYLE_FILL_AREA ( #10751 ) ;
#5891 = VECTOR ( 'NONE', #11608, 1000.000000000000000 ) ;
#5892 = CARTESIAN_POINT ( 'NONE',  ( 2.500000000000000000, 0.5439268184703665021, 0.1605789450186507206 ) ) ;
#5893 = CARTESIAN_POINT ( 'NONE',  ( 2.501000000000000334, 0.6948476800243670315, 0.7280788157451079101 ) ) ;
#5894 = EDGE_LOOP ( 'NONE', ( #5194, #10059, #12191, #7416 ) ) ;
#5895 = STYLED_ITEM ( 'NONE', ( #11019 ), #8307 ) ;
#5896 = ORIENTED_EDGE ( 'NONE', *, *, #6319, .F. ) ;
#5897 = EDGE_LOOP ( 'NONE', ( #2421, #5770, #10729, #11741 ) ) ;
#5898 = COLOUR_RGB ( '',0.000000000000000000, 0.000000000000000000, 0.000000000000000000 ) ;
#5899 = LINE ( 'NONE', #308, #10682 ) ;
#5900 = EDGE_CURVE ( 'NONE', #12047, #364, #5874, .T. ) ;
#5901 = ADVANCED_FACE ( 'NONE', ( #4020 ), #10654, .F. ) ;
#5902 = CARTESIAN_POINT ( 'NONE',  ( 2.501000000000000334, 0.5284344255175712490, 0.3742491968222728671 ) ) ;
#5903 = MECHANICAL_DESIGN_GEOMETRIC_PRESENTATION_REPRESENTATION (  '', ( #7870 ), #9891 ) ;
#5904 = PRESENTATION_LAYER_ASSIGNMENT (  '', '', ( #3368 ) ) ;
#5905 = CARTESIAN_POINT ( 'NONE',  ( 2.501000000000000334, 0.6948476800243674756, 0.5801212642526935026 ) ) ;
#5906 =( NAMED_UNIT ( * ) PLANE_ANGLE_UNIT ( ) SI_UNIT ( $, .RADIAN. ) );
#5907 = AXIS2_PLACEMENT_3D ( 'NONE', #11822, #8297, #3603 ) ;
#5908 = CARTESIAN_POINT ( 'NONE',  ( 0.3999999999999994116, -0.2500000000000000000, -5.000000000000000000 ) ) ;
#5909 = ORIENTED_EDGE ( 'NONE', *, *, #10036, .T. ) ;
#5910 = CARTESIAN_POINT ( 'NONE',  ( 2.501000000000000334, 0.4279938108014476605, 0.2255638147892600753 ) ) ;
#5911 = CARTESIAN_POINT ( 'NONE',  ( 2.501000000000000334, 0.5215200353736221262, 0.5516318973461905584 ) ) ;
#5912 = DIRECTION ( 'NONE',  ( 0.000000000000000000, -0.8863488427958603477, -0.4630180653866964313 ) ) ;
#5913 = UNCERTAINTY_MEASURE_WITH_UNIT (LENGTH_MEASURE( 1.000000000000000082E-05 ), #2585, 'distance_accuracy_value', 'NONE');
#5914 = CARTESIAN_POINT ( 'NONE',  ( 2.501000000000000334, -0.3275878857275646427, 0.3179408329191652505 ) ) ;
#5915 = PRESENTATION_LAYER_ASSIGNMENT (  '', '', ( #11275 ) ) ;
#5916 = DIRECTION ( 'NONE',  ( -0.000000000000000000, 1.000000000000000000, -0.000000000000000000 ) ) ;
#5917 = ORIENTED_EDGE ( 'NONE', *, *, #4972, .F. ) ;
#5918 = MECHANICAL_DESIGN_GEOMETRIC_PRESENTATION_REPRESENTATION (  '', ( #5524 ), #9123 ) ;
#5920 = ORIENTED_EDGE ( 'NONE', *, *, #9594, .T. ) ;
#5919 = AXIS2_PLACEMENT_3D ( 'NONE', #7381, #9433, #5392 ) ;
#5921 = SURFACE_STYLE_FILL_AREA ( #9661 ) ;
#5922 = EDGE_CURVE ( 'NONE', #7210, #3588, #6596, .T. ) ;
#5923 = LINE ( 'NONE', #4136, #5771 ) ;
#5924 = SURFACE_SIDE_STYLE ('',( #2156 ) ) ;
#5925 = FILL_AREA_STYLE_COLOUR ( '', #1439 ) ;
#5926 = ORIENTED_EDGE ( 'NONE', *, *, #5845, .F. ) ;
#5927 = STYLED_ITEM ( 'NONE', ( #11243 ), #3589 ) ;
#5928 = SURFACE_SIDE_STYLE ('',( #8542 ) ) ;
#5929 = PRESENTATION_LAYER_ASSIGNMENT (  '', '', ( #10113 ) ) ;
#5930 = FILL_AREA_STYLE ('',( #2162 ) ) ;
#5931 = AXIS2_PLACEMENT_3D ( 'NONE', #7357, #9127, #622 ) ;
#5932 = ORIENTED_EDGE ( 'NONE', *, *, #8057, .T. ) ;
#5933 = ORIENTED_EDGE ( 'NONE', *, *, #2600, .F. ) ;
#5934 = ORIENTED_EDGE ( 'NONE', *, *, #10930, .T. ) ;
#5935 = ADVANCED_FACE ( 'NONE', ( #799 ), #11280, .F. ) ;
#5936 =( NAMED_UNIT ( * ) PLANE_ANGLE_UNIT ( ) SI_UNIT ( $, .RADIAN. ) );
#5937 = PRESENTATION_STYLE_ASSIGNMENT (( #8062 ) ) ;
#5938 = B_SPLINE_SURFACE_WITH_KNOTS ( 'NONE', 3, 1, ( 
 ( #6190, #12006 ),
 ( #10069, #4441 ),
 ( #8312, #8195 ),
 ( #3553, #10014 ) ),
 .UNSPECIFIED., .F., .F., .F.,
 ( 4, 4 ),
 ( 2, 2 ),
 ( 19.00000000000000000, 20.00000000000000000 ),
 ( 0.000000000000000000, 1.000000000000000000 ),
 .UNSPECIFIED. ) ;
#5939 = STYLED_ITEM ( 'NONE', ( #408 ), #5416 ) ;
#5940 = CARTESIAN_POINT ( 'NONE',  ( 2.501000000000000334, -0.6731787588190680793, 0.3324007046244421559 ) ) ;
#5941 = UNCERTAINTY_MEASURE_WITH_UNIT (LENGTH_MEASURE( 1.000000000000000082E-05 ), #275, 'distance_accuracy_value', 'NONE');
#5942 = PRESENTATION_STYLE_ASSIGNMENT (( #1314 ) ) ;
#5943 = PRESENTATION_LAYER_ASSIGNMENT (  '', '', ( #11492 ) ) ;
#5944 = CARTESIAN_POINT ( 'NONE',  ( 2.500000000000000000, -0.7180043390425292493, 0.6895595329987668221 ) ) ;
#5945 = FILL_AREA_STYLE ('',( #2264 ) ) ;
#5946 = SURFACE_STYLE_USAGE ( .BOTH. , #10675 ) ;
#5947 = CARTESIAN_POINT ( 'NONE',  ( 2.501000000000000334, 0.8146277919848239346, 0.4323716643446919305 ) ) ;
#5948 = VERTEX_POINT ( 'NONE', #10971 ) ;
#5949 = AXIS2_PLACEMENT_3D ( 'NONE', #5531, #7575, #3688 ) ;
#5950 = ORIENTED_EDGE ( 'NONE', *, *, #4187, .T. ) ;
#5951 = ADVANCED_FACE ( 'NONE', ( #7347 ), #851, .F. ) ;
#5952 = DIRECTION ( 'NONE',  ( -1.000000000000000000, -0.000000000000000000, -0.000000000000000000 ) ) ;
#5953 = DIRECTION ( 'NONE',  ( 0.000000000000000000, 2.803077450392914507E-15, -1.000000000000000000 ) ) ;
#5954 = SURFACE_SIDE_STYLE ('',( #11654 ) ) ;
#5955 = CARTESIAN_POINT ( 'NONE',  ( 2.500000000000000000, -0.8727249497459994565, 0.6678697254408471062 ) ) ;
#5956 = AXIS2_PLACEMENT_3D ( 'NONE', #666, #7267, #5469 ) ;
#5957 = COLOUR_RGB ( '',0.000000000000000000, 0.000000000000000000, 0.000000000000000000 ) ;
#5958 = CARTESIAN_POINT ( 'NONE',  ( 2.501000000000000334, 0.4273179681559186593, 0.2928361519745508179 ) ) ;
#5959 = CARTESIAN_POINT ( 'NONE',  ( 2.501000000000000334, 0.7255205385554220898, 0.6244149514886103702 ) ) ;
#5960 = CARTESIAN_POINT ( 'NONE',  ( 2.501000000000000334, -0.06297218938474381800, 0.3801183253818423147 ) ) ;
#5962 =( NAMED_UNIT ( * ) PLANE_ANGLE_UNIT ( ) SI_UNIT ( $, .RADIAN. ) );
#5961 = CARTESIAN_POINT ( 'NONE',  ( 2.500000000000000000, 0.5051958360880292043, 0.1626584608516912223 ) ) ;
#5963 = STYLED_ITEM ( 'NONE', ( #531 ), #9897 ) ;
#5964 = VECTOR ( 'NONE', #10313, 1000.000000000000000 ) ;
#5965 = ORIENTED_EDGE ( 'NONE', *, *, #1581, .T. ) ;
#5966 = ORIENTED_EDGE ( 'NONE', *, *, #5558, .F. ) ;
#5967 = ORIENTED_EDGE ( 'NONE', *, *, #8644, .T. ) ;
#5968 = CARTESIAN_POINT ( 'NONE',  ( 2.500000000000000000, 0.4781621302634043169, 0.2925242246000139823 ) ) ;
#5969 = STYLED_ITEM ( 'NONE', ( #2554 ), #4127 ) ;
#5970 = FILL_AREA_STYLE ('',( #4054 ) ) ;
#5971 = CARTESIAN_POINT ( 'NONE',  ( 2.500000000000000000, -0.1164737257285018007, 0.2933590951473956654 ) ) ;
#5972 = CARTESIAN_POINT ( 'NONE',  ( 2.501000000000000334, 0.8240895890222245113, 0.7147699144161706597 ) ) ;
#5973 = MECHANICAL_DESIGN_GEOMETRIC_PRESENTATION_REPRESENTATION (  '', ( #3429 ), #7555 ) ;
#5974 = ORIENTED_EDGE ( 'NONE', *, *, #10276, .F. ) ;
#5975 = ORIENTED_EDGE ( 'NONE', *, *, #4668, .F. ) ;
#5976 = DIRECTION ( 'NONE',  ( -1.000000000000000000, -0.000000000000000000, -0.000000000000000000 ) ) ;
#5977 = DIRECTION ( 'NONE',  ( 0.000000000000000000, 9.310221531588289164E-15, -1.000000000000000000 ) ) ;
#5978 = VECTOR ( 'NONE', #6034, 1000.000000000000000 ) ;
#5979 = B_SPLINE_CURVE_WITH_KNOTS ( 'NONE', 3,
 ( #3205, #6953, #10946, #1403 ),
 .UNSPECIFIED., .F., .F.,
 ( 4, 4 ),
 ( 15.00000000000000000, 16.00000000000000000 ),
 .UNSPECIFIED. ) ;
#5980 = ORIENTED_EDGE ( 'NONE', *, *, #2384, .T. ) ;
#5981 = MECHANICAL_DESIGN_GEOMETRIC_PRESENTATION_REPRESENTATION (  '', ( #6750 ), #7563 ) ;
#5982 = VERTEX_POINT ( 'NONE', #1976 ) ;
#5983 = LINE ( 'NONE', #3096, #5518 ) ;
#5984 = CARTESIAN_POINT ( 'NONE',  ( 2.500000000000000000, -0.3275878857275646427, 0.3179408329191652505 ) ) ;
#5985 = FACE_OUTER_BOUND ( 'NONE', #7817, .T. ) ;
#5986 = CARTESIAN_POINT ( 'NONE',  ( 2.500000000000000000, -0.7874117121978027045, 0.3830103383357544300 ) ) ;
#5987 = DIRECTION ( 'NONE',  ( -0.000000000000000000, 1.000000000000000000, -0.000000000000000000 ) ) ;
#5988 = VECTOR ( 'NONE', #11824, 1000.000000000000000 ) ;
#5989 = MECHANICAL_DESIGN_GEOMETRIC_PRESENTATION_REPRESENTATION (  '', ( #290 ), #1466 ) ;
#5990 = PLANE ( 'NONE',  #997 ) ;
#5991 = CARTESIAN_POINT ( 'NONE',  ( 2.500000000000000000, 0.5599390903821090948, 0.5516318973461907804 ) ) ;
#5992 = EDGE_CURVE ( 'NONE', #8047, #6927, #12155, .T. ) ;
#5993 = EDGE_CURVE ( 'NONE', #5106, #6950, #2228, .T. ) ;
#5994 = VERTEX_POINT ( 'NONE', #6570 ) ;
#5995 = ORIENTED_EDGE ( 'NONE', *, *, #2600, .T. ) ;
#5996 = CARTESIAN_POINT ( 'NONE',  ( 2.500000000000000000, 0.9303008601735733851, 0.3898455655672723452 ) ) ;
#5997 = ORIENTED_EDGE ( 'NONE', *, *, #2449, .F. ) ;
#5998 = CARTESIAN_POINT ( 'NONE',  ( 2.501000000000000334, -0.2480585361857174653, 0.2282896724708665392 ) ) ;
#5999 = CARTESIAN_POINT ( 'NONE',  ( 2.500000000000000000, 0.4383913899645447976, 0.6665251470985903426 ) ) ;
#6000 = CARTESIAN_POINT ( 'NONE',  ( 2.501000000000000334, 0.7658111578125357255, 0.5516318973461914466 ) ) ;
#6001 = ORIENTED_EDGE ( 'NONE', *, *, #6968, .F. ) ;
#6002 = CARTESIAN_POINT ( 'NONE',  ( 2.501000000000000334, 0.8716065257978243830, 0.4089771112278832721 ) ) ;
#6003 = CARTESIAN_POINT ( 'NONE',  ( 2.501000000000000334, 0.3285929540011503502, 0.2289950159133569696 ) ) ;
#6004 = CARTESIAN_POINT ( 'NONE',  ( 2.501000000000000334, 0.4015839597265973282, 0.2510378837391080697 ) ) ;
#6005 = EDGE_CURVE ( 'NONE', #903, #12047, #9614, .T. ) ;
#6006 = STYLED_ITEM ( 'NONE', ( #9682 ), #1133 ) ;
#6008 = ORIENTED_EDGE ( 'NONE', *, *, #9698, .F. ) ;
#6007 = FILL_AREA_STYLE_COLOUR ( '', #7084 ) ;
#6009 = CARTESIAN_POINT ( 'NONE',  ( 2.500000000000000000, 0.2191584333087385761, 0.6494731172710164202 ) ) ;
#6010 = CARTESIAN_POINT ( 'NONE',  ( 2.501000000000000334, 0.8146277919848239346, 0.4323716643446919305 ) ) ;
#6011 =( LENGTH_UNIT ( ) NAMED_UNIT ( * ) SI_UNIT ( .MILLI., .METRE. ) );
#6012 = CARTESIAN_POINT ( 'NONE',  ( 2.500000000000000000, 0.8704108041940397111, 0.2521816174471465666 ) ) ;
#6013 = SURFACE_STYLE_FILL_AREA ( #7865 ) ;
#6014 = CARTESIAN_POINT ( 'NONE',  ( 2.199999999999999289, 0.2500000000000000000, -3.500000000000000000 ) ) ;
#6015 = DIRECTION ( 'NONE',  ( 0.000000000000000000, -2.765901356837858152E-15, 1.000000000000000000 ) ) ;
#6016 = CARTESIAN_POINT ( 'NONE',  ( 2.500000000000000000, -0.08177001157015101329, 0.3309547395182116936 ) ) ;
#6017 = EDGE_CURVE ( 'NONE', #60, #2426, #6628, .T. ) ;
#6018 = FILL_AREA_STYLE ('',( #3194 ) ) ;
#6019 = SURFACE_STYLE_FILL_AREA ( #6944 ) ;
#6020 = ORIENTED_EDGE ( 'NONE', *, *, #159, .T. ) ;
#6021 = VECTOR ( 'NONE', #4712, 1000.000000000000000 ) ;
#6022 = ORIENTED_EDGE ( 'NONE', *, *, #10034, .T. ) ;
#6023 = EDGE_LOOP ( 'NONE', ( #3186, #6992, #2706, #5016 ) ) ;
#6024 = SURFACE_STYLE_USAGE ( .BOTH. , #9038 ) ;
#6025 = CARTESIAN_POINT ( 'NONE',  ( 2.501000000000000334, 1.048365371572667515, 0.3076007143860646220 ) ) ;
#6026 = LINE ( 'NONE', #10822, #715 ) ;
#6027 =( LENGTH_UNIT ( ) NAMED_UNIT ( * ) SI_UNIT ( .MILLI., .METRE. ) );
#6028 = FILL_AREA_STYLE_COLOUR ( '', #4241 ) ;
#6029 = SURFACE_STYLE_FILL_AREA ( #9531 ) ;
#6030 = EDGE_LOOP ( 'NONE', ( #10732, #8671, #1522, #10027 ) ) ;
#6031 = AXIS2_PLACEMENT_3D ( 'NONE', #7821, #11606, #8916 ) ;
#6033 = EDGE_CURVE ( 'NONE', #8885, #1129, #11780, .T. ) ;
#6032 = ORIENTED_EDGE ( 'NONE', *, *, #6242, .T. ) ;
#6034 = DIRECTION ( 'NONE',  ( -1.000000000000000000, -0.000000000000000000, -0.000000000000000000 ) ) ;
#6035 = UNCERTAINTY_MEASURE_WITH_UNIT (LENGTH_MEASURE( 1.000000000000000082E-05 ), #6027, 'distance_accuracy_value', 'NONE');
#6036 = PRESENTATION_STYLE_ASSIGNMENT (( #4066 ) ) ;
#6037 = SURFACE_STYLE_USAGE ( .BOTH. , #9103 ) ;
#6038 = ORIENTED_EDGE ( 'NONE', *, *, #6861, .F. ) ;
#6039 = EDGE_LOOP ( 'NONE', ( #11982, #3806, #5620, #2397 ) ) ;
#6040 = VECTOR ( 'NONE', #10068, 1000.000000000000000 ) ;
#6041 = FILL_AREA_STYLE_COLOUR ( '', #1147 ) ;
#6042 = CARTESIAN_POINT ( 'NONE',  ( 2.500000000000000000, 1.082729370706597916, 0.4063777164358939320 ) ) ;
#6043 = VERTEX_POINT ( 'NONE', #5859 ) ;
#6044 = FILL_AREA_STYLE_COLOUR ( '', #7180 ) ;
#6045 =( NAMED_UNIT ( * ) PLANE_ANGLE_UNIT ( ) SI_UNIT ( $, .RADIAN. ) );
#6046 = LINE ( 'NONE', #204, #1098 ) ;
#6047 = ORIENTED_EDGE ( 'NONE', *, *, #6017, .F. ) ;
#6048 = ORIENTED_EDGE ( 'NONE', *, *, #11456, .F. ) ;
#6049 = FACE_OUTER_BOUND ( 'NONE', #7738, .T. ) ;
#6050 = FILL_AREA_STYLE ('',( #5072 ) ) ;
#6051 = CARTESIAN_POINT ( 'NONE',  ( 2.501000000000000334, 0.6756121585722466572, 0.7124824470001057675 ) ) ;
#6052 = ADVANCED_FACE ( 'NONE', ( #3028 ), #1437, .F. ) ;
#6053 = SURFACE_STYLE_FILL_AREA ( #10853 ) ;
#6054 = ADVANCED_FACE ( 'NONE', ( #8955 ), #7190, .T. ) ;
#6055 = CARTESIAN_POINT ( 'NONE',  ( 2.501000000000000334, 1.174488006820971320, 0.2289950159133598839 ) ) ;
#6056 = UNCERTAINTY_MEASURE_WITH_UNIT (LENGTH_MEASURE( 1.000000000000000082E-05 ), #11323, 'distance_accuracy_value', 'NONE');
#6057 = CARTESIAN_POINT ( 'NONE',  ( 2.501000000000000334, 0.9154323219705446935, 0.4026345879372592029 ) ) ;
#6059 = VERTEX_POINT ( 'NONE', #646 ) ;
#6058 = CARTESIAN_POINT ( 'NONE',  ( 2.500000000000000000, -0.7295722253752995323, 0.6910055256850216043 ) ) ;
#6060 = CARTESIAN_POINT ( 'NONE',  ( 2.501000000000000334, -0.7295722529553175795, 0.3078189116926355329 ) ) ;
#6061 =( NAMED_UNIT ( * ) SI_UNIT ( $, .STERADIAN. ) SOLID_ANGLE_UNIT ( ) );
#6062 = EDGE_LOOP ( 'NONE', ( #4538, #1187, #5220, #6963 ) ) ;
#6063 = CARTESIAN_POINT ( 'NONE',  ( 2.500000000000000000, 0.6668262041796813033, 0.2289950159133581076 ) ) ;
#6064 = CARTESIAN_POINT ( 'NONE',  ( 2.501000000000000334, -0.5271340490744740315, 0.2774532583344879177 ) ) ;
#6065 = CARTESIAN_POINT ( 'NONE',  ( 2.501000000000000334, 0.5284344255175712490, 0.3742491968222728671 ) ) ;
#6066 = EDGE_CURVE ( 'NONE', #3581, #7859, #11946, .T. ) ;
#6067 = PLANE ( 'NONE',  #1166 ) ;
#6068 = CARTESIAN_POINT ( 'NONE',  ( 2.501000000000000334, 0.5216240111658261291, 0.1605789450186506373 ) ) ;
#6070 = ORIENTED_EDGE ( 'NONE', *, *, #6373, .T. ) ;
#6069 = DIRECTION ( 'NONE',  ( -1.000000000000000000, -0.000000000000000000, -0.000000000000000000 ) ) ;
#6071 = ORIENTED_EDGE ( 'NONE', *, *, #1650, .T. ) ;
#6072 = SURFACE_SIDE_STYLE ('',( #6019 ) ) ;
#6073 = ORIENTED_EDGE ( 'NONE', *, *, #8534, .T. ) ;
#6074 = VERTEX_POINT ( 'NONE', #6187 ) ;
#6075 = VERTEX_POINT ( 'NONE', #575 ) ;
#6076 = CARTESIAN_POINT ( 'NONE',  ( 2.500000000000000000, -0.8944147573046109523, 0.4018081605197766915 ) ) ;
#6077 = EDGE_CURVE ( 'NONE', #2858, #2471, #9078, .T. ) ;
#6078 = CARTESIAN_POINT ( 'NONE',  ( 2.500000000000000000, 1.469693845669906240, 1.000000000000000000 ) ) ;
#6079 = DIRECTION ( 'NONE',  ( -1.000000000000000000, -0.000000000000000000, -0.000000000000000000 ) ) ;
#6080 = DIRECTION ( 'NONE',  ( 0.000000000000000000, 0.000000000000000000, 1.000000000000000000 ) ) ;
#6081 = CARTESIAN_POINT ( 'NONE',  ( 2.500000000000000000, 1.145478760956904374, 0.2289950159133597452 ) ) ;
#6082 = PLANE ( 'NONE',  #9005 ) ;
#6083 = AXIS2_PLACEMENT_3D ( 'NONE', #7153, #1536, #10035 ) ;
#6084 = EDGE_LOOP ( 'NONE', ( #4180, #6456, #8578 ) ) ;
#6085 = VECTOR ( 'NONE', #980, 1000.000000000000000 ) ;
#6086 = FACE_OUTER_BOUND ( 'NONE', #2484, .T. ) ;
#6087 = CIRCLE ( 'NONE', #10875, 2.500000000000000000 ) ;
#6088 = EDGE_LOOP ( 'NONE', ( #3432, #5612, #3540, #3764, #6814, #1111, #1879 ) ) ;
#6089 = LINE ( 'NONE', #10902, #5730 ) ;
#6090 = MECHANICAL_DESIGN_GEOMETRIC_PRESENTATION_REPRESENTATION (  '', ( #3734 ), #2375 ) ;
#6091 = CARTESIAN_POINT ( 'NONE',  ( 0.4000000000000000777, 0.2500000000000000000, -2.407412430484044816E-32 ) ) ;
#6092 = COLOUR_RGB ( '',0.000000000000000000, 0.000000000000000000, 0.000000000000000000 ) ;
#6093 = EDGE_CURVE ( 'NONE', #3907, #491, #9148, .T. ) ;
#6094 = EDGE_CURVE ( 'NONE', #11881, #4535, #3496, .T. ) ;
#6095 = CARTESIAN_POINT ( 'NONE',  ( 2.500000000000000000, 0.4325167577371252237, 0.3163346808828755852 ) ) ;
#6096 = PRESENTATION_STYLE_ASSIGNMENT (( #10647 ) ) ;
#6097 = ORIENTED_EDGE ( 'NONE', *, *, #297, .T. ) ;
#6098 =( GEOMETRIC_REPRESENTATION_CONTEXT ( 3 ) GLOBAL_UNCERTAINTY_ASSIGNED_CONTEXT ( ( #10497 ) ) GLOBAL_UNIT_ASSIGNED_CONTEXT ( ( #1565, #2500, #4601 ) ) REPRESENTATION_CONTEXT ( 'NONE', 'WORKASPACE' ) );
#6099 =( GEOMETRIC_REPRESENTATION_CONTEXT ( 3 ) GLOBAL_UNCERTAINTY_ASSIGNED_CONTEXT ( ( #160 ) ) GLOBAL_UNIT_ASSIGNED_CONTEXT ( ( #5366, #9198, #4292 ) ) REPRESENTATION_CONTEXT ( 'NONE', 'WORKASPACE' ) );
#6100 = DIRECTION ( 'NONE',  ( -1.000000000000000000, -0.000000000000000000, -0.000000000000000000 ) ) ;
#6101 = AXIS2_PLACEMENT_3D ( 'NONE', #4112, #7698, #7881 ) ;
#6102 = ORIENTED_EDGE ( 'NONE', *, *, #653, .F. ) ;
#6103 = FILL_AREA_STYLE ('',( #6171 ) ) ;
#6104 = ORIENTED_EDGE ( 'NONE', *, *, #11162, .T. ) ;
#6105 = SURFACE_SIDE_STYLE ('',( #2367 ) ) ;
#6106 = ORIENTED_EDGE ( 'NONE', *, *, #1705, .F. ) ;
#6107 = CARTESIAN_POINT ( 'NONE',  ( 2.501000000000000334, 0.4428103611087141900, 0.3568852396201582788 ) ) ;
#6108 = LINE ( 'NONE', #4958, #5388 ) ;
#6109 = CARTESIAN_POINT ( 'NONE',  ( 2.500000000000000000, 0.3285929540011501837, 0.2879492897678874730 ) ) ;
#6110 = STYLED_ITEM ( 'NONE', ( #4829 ), #6934 ) ;
#6111 =( NAMED_UNIT ( * ) SI_UNIT ( $, .STERADIAN. ) SOLID_ANGLE_UNIT ( ) );
#6112 = COLOUR_RGB ( '',0.000000000000000000, 0.000000000000000000, 0.000000000000000000 ) ;
#6113 = LINE ( 'NONE', #1438, #1616 ) ;
#6114 = CARTESIAN_POINT ( 'NONE',  ( 2.501000000000000334, 0.4688562969125726343, 0.3533500627045519926 ) ) ;
#6115 = CARTESIAN_POINT ( 'NONE',  ( 2.500000000000000000, 0.8146277919848239346, 0.4323716643446919305 ) ) ;
#6116 = PLANE ( 'NONE',  #1925 ) ;
#6117 = CARTESIAN_POINT ( 'NONE',  ( 2.501000000000000334, -0.8076555270701600842, 0.3280628093057441075 ) ) ;
#6118 = PLANE ( 'NONE',  #3253 ) ;
#6119 = EDGE_CURVE ( 'NONE', #3105, #9440, #7249, .T. ) ;
#6120 = CARTESIAN_POINT ( 'NONE',  ( 2.501000000000000334, 0.9699676246816081315, 0.2765119526889580626 ) ) ;
#6121 = EDGE_CURVE ( 'NONE', #8705, #5450, #4728, .T. ) ;
#6122 = VERTEX_POINT ( 'NONE', #2704 ) ;
#6123 = B_SPLINE_CURVE_WITH_KNOTS ( 'NONE', 3,
 ( #3698, #6517, #3090, #2403 ),
 .UNSPECIFIED., .F., .F.,
 ( 4, 4 ),
 ( 4.000000000000000000, 5.000000000000000000 ),
 .UNSPECIFIED. ) ;
#6124 = EDGE_LOOP ( 'NONE', ( #8039, #6427, #3820, #754 ) ) ;
#6125 = CARTESIAN_POINT ( 'NONE',  ( 2.501000000000000334, 0.4866881451771898903, 0.2685058167327331602 ) ) ;
#6126 = AXIS2_PLACEMENT_3D ( 'NONE', #1272, #4251, #8024 ) ;
#6127 = FILL_AREA_STYLE_COLOUR ( '', #9337 ) ;
#6128 = PRESENTATION_LAYER_ASSIGNMENT (  '', '', ( #2991 ) ) ;
#6129 = CARTESIAN_POINT ( 'NONE',  ( 2.501000000000000334, 0.6756121585722466572, 0.7124824470001057675 ) ) ;
#6130 = CARTESIAN_POINT ( 'NONE',  ( 2.500000000000000000, 0.7255205385554220898, 0.6244149514886103702 ) ) ;
#6131 = LINE ( 'NONE', #4178, #10492 ) ;
#6132 = VERTEX_POINT ( 'NONE', #9289 ) ;
#6133 = STYLED_ITEM ( 'NONE', ( #4979 ), #4873 ) ;
#6134 = EDGE_CURVE ( 'NONE', #8873, #7096, #6394, .T. ) ;
#6135 = EDGE_CURVE ( 'NONE', #9441, #11712, #5760, .T. ) ;
#6136 = ORIENTED_EDGE ( 'NONE', *, *, #11539, .T. ) ;
#6137 = ORIENTED_EDGE ( 'NONE', *, *, #2449, .T. ) ;
#6138 = VECTOR ( 'NONE', #2955, 1000.000000000000000 ) ;
#6139 = DIRECTION ( 'NONE',  ( -1.000000000000000000, -0.000000000000000000, -0.000000000000000000 ) ) ;
#6140 = CARTESIAN_POINT ( 'NONE',  ( 2.500000000000000000, -0.5893114587977827945, 0.4047001458936730356 ) ) ;
#6141 = LINE ( 'NONE', #9970, #7612 ) ;
#6142 = COLOUR_RGB ( '',0.000000000000000000, 0.000000000000000000, 0.000000000000000000 ) ;
#6143 =( LENGTH_UNIT ( ) NAMED_UNIT ( * ) SI_UNIT ( .MILLI., .METRE. ) );
#6144 = CARTESIAN_POINT ( 'NONE',  ( 2.501000000000000334, 0.4539877587088579358, 0.2798391780201487378 ) ) ;
#6145 =( NAMED_UNIT ( * ) PLANE_ANGLE_UNIT ( ) SI_UNIT ( $, .RADIAN. ) );
#6146 = SURFACE_STYLE_USAGE ( .BOTH. , #3335 ) ;
#6147 = CARTESIAN_POINT ( 'NONE',  ( 2.500000000000000000, -0.3753053961641879543, 0.2731152526957092985 ) ) ;
#6148 = CARTESIAN_POINT ( 'NONE',  ( 2.500000000000000000, -0.5632837007590397738, 0.3743344097954774408 ) ) ;
#6149 = PRESENTATION_LAYER_ASSIGNMENT (  '', '', ( #5711 ) ) ;
#6150 = B_SPLINE_CURVE_WITH_KNOTS ( 'NONE', 3,
 ( #705, #3671, #4493, #8246 ),
 .UNSPECIFIED., .F., .F.,
 ( 4, 4 ),
 ( 35.00000000000000000, 36.00000000000000000 ),
 .UNSPECIFIED. ) ;
#6151 = ORIENTED_EDGE ( 'NONE', *, *, #10179, .T. ) ;
#6152 = EDGE_CURVE ( 'NONE', #1725, #10945, #2896, .T. ) ;
#6153 = UNCERTAINTY_MEASURE_WITH_UNIT (LENGTH_MEASURE( 1.000000000000000082E-05 ), #6605, 'distance_accuracy_value', 'NONE');
#6154 = B_SPLINE_CURVE_WITH_KNOTS ( 'NONE', 3,
 ( #12158, #10388, #11396, #7464 ),
 .UNSPECIFIED., .F., .F.,
 ( 4, 4 ),
 ( 4.000000000000000000, 5.000000000000000000 ),
 .UNSPECIFIED. ) ;
#6155 = CARTESIAN_POINT ( 'NONE',  ( 2.500000000000000000, 0.9495363816256957579, 0.2574843828198626894 ) ) ;
#6156 = COLOUR_RGB ( '',0.8509803921568627194, 0.8509803921568627194, 0.8509803921568627194 ) ;
#6157 = DIRECTION ( 'NONE',  ( -0.000000000000000000, -0.3409177962187258659, -0.9400931103999046190 ) ) ;
#6158 =( GEOMETRIC_REPRESENTATION_CONTEXT ( 3 ) GLOBAL_UNCERTAINTY_ASSIGNED_CONTEXT ( ( #6461 ) ) GLOBAL_UNIT_ASSIGNED_CONTEXT ( ( #9592, #11562, #8591 ) ) REPRESENTATION_CONTEXT ( 'NONE', 'WORKASPACE' ) );
#6159 = CARTESIAN_POINT ( 'NONE',  ( 2.501000000000000334, 0.2945928701375169489, 0.2973071110151591090 ) ) ;
#6160 = PRESENTATION_LAYER_ASSIGNMENT (  '', '', ( #3429 ) ) ;
#6161 = CARTESIAN_POINT ( 'NONE',  ( 2.501000000000000334, 0.5196484711243036791, 0.1824138612613750154 ) ) ;
#6162 = B_SPLINE_CURVE_WITH_KNOTS ( 'NONE', 3,
 ( #11395, #7706, #2959, #5910 ),
 .UNSPECIFIED., .F., .F.,
 ( 4, 4 ),
 ( 19.00000000000000000, 20.00000000000000000 ),
 .UNSPECIFIED. ) ;
#6163 = VERTEX_POINT ( 'NONE', #4508 ) ;
#6165 = SURFACE_STYLE_FILL_AREA ( #547 ) ;
#6164 = CARTESIAN_POINT ( 'NONE',  ( 2.500000000000000000, 1.085900632350526251, 0.3921330329833359052 ) ) ;
#6166 = EDGE_CURVE ( 'NONE', #9977, #6437, #8263, .T. ) ;
#6167 = AXIS2_PLACEMENT_3D ( 'NONE', #2996, #940, #11479 ) ;
#6168 = VERTEX_POINT ( 'NONE', #1727 ) ;
#6169 = PRESENTATION_STYLE_ASSIGNMENT (( #2425 ) ) ;
#6170 = ORIENTED_EDGE ( 'NONE', *, *, #5736, .T. ) ;
#6171 = FILL_AREA_STYLE_COLOUR ( '', #11393 ) ;
#6172 = CARTESIAN_POINT ( 'NONE',  ( 2.500000000000000000, -0.6731787588190680793, 0.3324007046244421559 ) ) ;
#6173 = ORIENTED_EDGE ( 'NONE', *, *, #3570, .F. ) ;
#6174 = CARTESIAN_POINT ( 'NONE',  ( 2.501000000000000334, 0.2083449509788870557, 0.4323716643446897656 ) ) ;
#6175 = MECHANICAL_DESIGN_GEOMETRIC_PRESENTATION_REPRESENTATION (  '', ( #6975 ), #9375 ) ;
#6176 = CARTESIAN_POINT ( 'NONE',  ( 2.501000000000000334, 0.8302241607284335245, 0.7175772607897984434 ) ) ;
#6177 = PRESENTATION_LAYER_ASSIGNMENT (  '', '', ( #1672 ) ) ;
#6178 = PRESENTATION_STYLE_ASSIGNMENT (( #10115 ) ) ;
#6179 = CARTESIAN_POINT ( 'NONE',  ( 2.501000000000000334, 0.4112537083484125722, 0.2992826510553036057 ) ) ;
#6180 = CARTESIAN_POINT ( 'NONE',  ( 2.501000000000000334, 0.2626723021069166109, 0.5574545416778604601 ) ) ;
#6182 = ORIENTED_EDGE ( 'NONE', *, *, #4071, .T. ) ;
#6181 =( LENGTH_UNIT ( ) NAMED_UNIT ( * ) SI_UNIT ( .MILLI., .METRE. ) );
#6183 = LINE ( 'NONE', #10008, #5181 ) ;
#6184 = STYLED_ITEM ( 'NONE', ( #2380 ), #4107 ) ;
#6185 =( LENGTH_UNIT ( ) NAMED_UNIT ( * ) SI_UNIT ( .MILLI., .METRE. ) );
#6186 = COLOUR_RGB ( '',0.000000000000000000, 0.000000000000000000, 0.000000000000000000 ) ;
#6187 = CARTESIAN_POINT ( 'NONE',  ( 2.501000000000000334, 0.8280406691038836309, 0.7290145978701134677 ) ) ;
#6188 = CARTESIAN_POINT ( 'NONE',  ( 2.501000000000000334, 0.3008314176359281333, 0.7347332664088831455 ) ) ;
#6189 = FILL_AREA_STYLE ('',( #5327 ) ) ;
#6190 = CARTESIAN_POINT ( 'NONE',  ( 2.501000000000000334, -0.7498160402476569120, 0.6056923570868752993 ) ) ;
#6191 = ORIENTED_EDGE ( 'NONE', *, *, #8241, .T. ) ;
#6192 = ORIENTED_EDGE ( 'NONE', *, *, #329, .T. ) ;
#6193 = ORIENTED_EDGE ( 'NONE', *, *, #458, .F. ) ;
#6194 = VECTOR ( 'NONE', #2288, 1000.000000000000000 ) ;
#6195 = CARTESIAN_POINT ( 'NONE',  ( 2.500000000000000000, -0.4794164834778135154, 0.7228172406794669547 ) ) ;
#6196 = CARTESIAN_POINT ( 'NONE',  ( 2.501000000000000334, 0.3564584661585737391, 0.5521517763037560034 ) ) ;
#6197 = PRESENTATION_STYLE_ASSIGNMENT (( #4264 ) ) ;
#6198 = DIRECTION ( 'NONE',  ( 0.000000000000000000, 3.331453071941913615E-15, -1.000000000000000000 ) ) ;
#6199 = EDGE_CURVE ( 'NONE', #5727, #5835, #5467, .T. ) ;
#6200 = EDGE_CURVE ( 'NONE', #1855, #5314, #3664, .T. ) ;
#6201 = CARTESIAN_POINT ( 'NONE',  ( 2.501000000000000334, 0.5051958360880292043, 0.1626584608516912223 ) ) ;
#6202 = ORIENTED_EDGE ( 'NONE', *, *, #6005, .T. ) ;
#6203 = VERTEX_POINT ( 'NONE', #1876 ) ;
#6204 = DIRECTION ( 'NONE',  ( -0.000000000000000000, -1.000000000000000000, -3.805637998265178526E-15 ) ) ;
#6205 = FILL_AREA_STYLE ('',( #7146 ) ) ;
#6206 = LINE ( 'NONE', #1417, #2001 ) ;
#6207 = VERTEX_POINT ( 'NONE', #7431 ) ;
#6208 = CARTESIAN_POINT ( 'NONE',  ( 2.500000000000000000, 0.2681310311675959568, 0.7484580709052610636 ) ) ;
#6209 = CARTESIAN_POINT ( 'NONE',  ( 2.500000000000000000, 1.174488006820971320, 0.2289950159133598839 ) ) ;
#6210 = CARTESIAN_POINT ( 'NONE',  ( 2.501000000000000334, 0.3942016785208403706, 0.3582369249112133391 ) ) ;
#6211 =( NAMED_UNIT ( * ) PLANE_ANGLE_UNIT ( ) SI_UNIT ( $, .RADIAN. ) );
#6212 = CARTESIAN_POINT ( 'NONE',  ( 2.501000000000000334, 0.9453773499610098607, 0.2874294108103194745 ) ) ;
#6213 = LINE ( 'NONE', #609, #5101 ) ;
#6214 = MECHANICAL_DESIGN_GEOMETRIC_PRESENTATION_REPRESENTATION (  '', ( #326 ), #519 ) ;
#6215 = EDGE_CURVE ( 'NONE', #1332, #5863, #926, .T. ) ;
#6216 = CARTESIAN_POINT ( 'NONE',  ( 2.501000000000000334, 1.078778290623552794, 0.3921330329833357942 ) ) ;
#6217 = ORIENTED_EDGE ( 'NONE', *, *, #7086, .F. ) ;
#6218 = SURFACE_SIDE_STYLE ('',( #1545 ) ) ;
#6219 = ORIENTED_EDGE ( 'NONE', *, *, #8032, .T. ) ;
#6220 = ORIENTED_EDGE ( 'NONE', *, *, #12098, .T. ) ;
#6221 = PRESENTATION_LAYER_ASSIGNMENT (  '', '', ( #10399 ) ) ;
#6222 =( NAMED_UNIT ( * ) SI_UNIT ( $, .STERADIAN. ) SOLID_ANGLE_UNIT ( ) );
#6223 = ORIENTED_EDGE ( 'NONE', *, *, #8588, .F. ) ;
#6224 = CARTESIAN_POINT ( 'NONE',  ( 2.500000000000000000, 0.8958328852481319826, 0.4089771112278833831 ) ) ;
#6225 = FILL_AREA_STYLE ('',( #8178 ) ) ;
#6226 = CARTESIAN_POINT ( 'NONE',  ( 2.500000000000000000, -0.8539271551406060201, 0.2427495441775232576 ) ) ;
#6227 = ADVANCED_FACE ( 'NONE', ( #2730 ), #134, .T. ) ;
#6228 = PRESENTATION_LAYER_ASSIGNMENT (  '', '', ( #341 ) ) ;
#6229 = CARTESIAN_POINT ( 'NONE',  ( 2.501000000000000334, -0.3753053961641879543, 0.2731152526957092985 ) ) ;
#6230 = LINE ( 'NONE', #6115, #2478 ) ;
#6232 = ORIENTED_EDGE ( 'NONE', *, *, #2155, .T. ) ;
#6231 = DIRECTION ( 'NONE',  ( 0.000000000000000000, -0.000000000000000000, -1.000000000000000000 ) ) ;
#6233 = CARTESIAN_POINT ( 'NONE',  ( 2.501000000000000334, 0.2538343598179009231, 0.6969900540466155148 ) ) ;
#6234 = DIRECTION ( 'NONE',  ( -0.000000000000000000, -1.000000000000000000, -4.105294533730240877E-15 ) ) ;
#6235 = FILL_AREA_STYLE ('',( #464 ) ) ;
#6236 = VERTEX_POINT ( 'NONE', #8654 ) ;
#6237 = EDGE_LOOP ( 'NONE', ( #10624, #6384, #6820, #6247 ) ) ;
#6238 = DIRECTION ( 'NONE',  ( -0.000000000000000000, -1.000000000000000000, -0.000000000000000000 ) ) ;
#6239 = SURFACE_SIDE_STYLE ('',( #10993 ) ) ;
#6240 =( NAMED_UNIT ( * ) PLANE_ANGLE_UNIT ( ) SI_UNIT ( $, .RADIAN. ) );
#6241 = EDGE_CURVE ( 'NONE', #9023, #1107, #7708, .T. ) ;
#6242 = EDGE_CURVE ( 'NONE', #1549, #6643, #7811, .T. ) ;
#6243 =( NAMED_UNIT ( * ) SI_UNIT ( $, .STERADIAN. ) SOLID_ANGLE_UNIT ( ) );
#6244 = SURFACE_STYLE_USAGE ( .BOTH. , #1515 ) ;
#6245 = CARTESIAN_POINT ( 'NONE',  ( 2.501000000000000334, 0.4304892298005331686, 0.2463589731154729734 ) ) ;
#6246 = FILL_AREA_STYLE ('',( #2508 ) ) ;
#6247 = ORIENTED_EDGE ( 'NONE', *, *, #7237, .T. ) ;
#6248 =( NAMED_UNIT ( * ) PLANE_ANGLE_UNIT ( ) SI_UNIT ( $, .RADIAN. ) );
#6249 = LINE ( 'NONE', #1587, #9367 ) ;
#6250 = SURFACE_STYLE_FILL_AREA ( #8203 ) ;
#6251 = DIRECTION ( 'NONE',  ( -0.000000000000000000, -0.000000000000000000, -1.000000000000000000 ) ) ;
#6252 = FILL_AREA_STYLE_COLOUR ( '', #4443 ) ;
#6253 = CARTESIAN_POINT ( 'NONE',  ( 2.501000000000000334, 0.5152294999801422248, 0.1605789450186506095 ) ) ;
#6254 = FACE_OUTER_BOUND ( 'NONE', #4505, .T. ) ;
#6255 = FILL_AREA_STYLE_COLOUR ( '', #3919 ) ;
#6256 = ORIENTED_EDGE ( 'NONE', *, *, #3363, .F. ) ;
#6257 = PRESENTATION_LAYER_ASSIGNMENT (  '', '', ( #3127 ) ) ;
#6258 = UNCERTAINTY_MEASURE_WITH_UNIT (LENGTH_MEASURE( 1.000000000000000082E-05 ), #3272, 'distance_accuracy_value', 'NONE');
#6259 = ADVANCED_FACE ( 'NONE', ( #2573 ), #10712, .F. ) ;
#6260 = SURFACE_STYLE_FILL_AREA ( #3464 ) ;
#6261 = CARTESIAN_POINT ( 'NONE',  ( 2.501000000000000334, 0.8408816793710157667, 0.4089771112278832166 ) ) ;
#6262 = CARTESIAN_POINT ( 'NONE',  ( 2.500000000000000000, -0.6167852646828186902, 0.3078189116926359215 ) ) ;
#6263 = CARTESIAN_POINT ( 'NONE',  ( 2.500000000000000000, 1.080026000124486352, 0.3954602583145310768 ) ) ;
#6264 = DIRECTION ( 'NONE',  ( -0.000000000000000000, -0.2524218971878628981, 0.9676172723861845570 ) ) ;
#6265 = VECTOR ( 'NONE', #673, 1000.000000000000000 ) ;
#6266 = DIRECTION ( 'NONE',  ( -1.000000000000000000, -0.000000000000000000, -0.000000000000000000 ) ) ;
#6267 =( GEOMETRIC_REPRESENTATION_CONTEXT ( 3 ) GLOBAL_UNCERTAINTY_ASSIGNED_CONTEXT ( ( #6794 ) ) GLOBAL_UNIT_ASSIGNED_CONTEXT ( ( #7441, #6495, #10203 ) ) REPRESENTATION_CONTEXT ( 'NONE', 'WORKASPACE' ) );
#6268 = CARTESIAN_POINT ( 'NONE',  ( 2.501000000000000334, 0.3285929540011503502, 0.2514537869051606256 ) ) ;
#6269 = CARTESIAN_POINT ( 'NONE',  ( 2.501000000000000334, 1.040047308240521273, 0.2846220644353033014 ) ) ;
#6270 = EDGE_LOOP ( 'NONE', ( #5244, #701, #1798, #10007, #780, #7391, #9567, #6070, #2603, #2501, #360, #8607 ) ) ;
#6271 = CARTESIAN_POINT ( 'NONE',  ( 2.501000000000000334, -0.6992065168571193201, 0.7141413121405717490 ) ) ;
#6272 = FACE_OUTER_BOUND ( 'NONE', #526, .T. ) ;
#6273 =( LENGTH_UNIT ( ) NAMED_UNIT ( * ) SI_UNIT ( .MILLI., .METRE. ) );
#6274 = VECTOR ( 'NONE', #8981, 1000.000000000000114 ) ;
#6275 = STYLED_ITEM ( 'NONE', ( #6907 ), #11526 ) ;
#6276 = EDGE_LOOP ( 'NONE', ( #8750, #5917, #7100, #11536 ) ) ;
#6277 = CARTESIAN_POINT ( 'NONE',  ( 2.501000000000000334, -0.9609302105895747292, 0.5796645163087665864 ) ) ;
#6278 = ADVANCED_FACE ( 'NONE', ( #2888 ), #5604, .F. ) ;
#6279 = EDGE_LOOP ( 'NONE', ( #6533, #3289, #4240, #3746 ) ) ;
#6280 = CARTESIAN_POINT ( 'NONE',  ( 2.500000000000000000, 0.5695048632124163346, 0.2531173995707617363 ) ) ;
#6281 = ORIENTED_EDGE ( 'NONE', *, *, #6486, .T. ) ;
#6282 = PRESENTATION_STYLE_ASSIGNMENT (( #2539 ) ) ;
#6283 = FILL_AREA_STYLE ('',( #9364 ) ) ;
#6284 = COLOUR_RGB ( '',0.000000000000000000, 0.000000000000000000, 0.000000000000000000 ) ;
#6285 = SURFACE_SIDE_STYLE ('',( #12109 ) ) ;
#6287 = CARTESIAN_POINT ( 'NONE',  ( 2.500000000000000000, 0.4112537083484125722, 0.2992826510553036057 ) ) ;
#6286 = STYLED_ITEM ( 'NONE', ( #9083 ), #11870 ) ;
#6288 =( GEOMETRIC_REPRESENTATION_CONTEXT ( 3 ) GLOBAL_UNCERTAINTY_ASSIGNED_CONTEXT ( ( #5056 ) ) GLOBAL_UNIT_ASSIGNED_CONTEXT ( ( #11359, #10182, #5371 ) ) REPRESENTATION_CONTEXT ( 'NONE', 'WORKASPACE' ) );
#6289 = VECTOR ( 'NONE', #3813, 1000.000000000000000 ) ;
#6290 = STYLED_ITEM ( 'NONE', ( #2792 ), #12139 ) ;
#6291 = SURFACE_STYLE_FILL_AREA ( #7480 ) ;
#6292 = ORIENTED_EDGE ( 'NONE', *, *, #3736, .T. ) ;
#6293 = B_SPLINE_SURFACE_WITH_KNOTS ( 'NONE', 3, 1, ( 
 ( #10055, #1558 ),
 ( #2546, #7104 ),
 ( #6179, #6287 ),
 ( #10117, #4161 ) ),
 .UNSPECIFIED., .F., .F., .F.,
 ( 4, 4 ),
 ( 2, 2 ),
 ( 4.000000000000000000, 5.000000000000000000 ),
 ( 0.000000000000000000, 1.000000000000000000 ),
 .UNSPECIFIED. ) ;
#6294 = CARTESIAN_POINT ( 'NONE',  ( 2.501000000000000334, 0.3564584661585737391, 0.5521517763037560034 ) ) ;
#6295 = DIRECTION ( 'NONE',  ( -0.000000000000000000, -1.000000000000000000, -3.862017820491772721E-15 ) ) ;
#6297 = ORIENTED_EDGE ( 'NONE', *, *, #1353, .F. ) ;
#6296 = SURFACE_SIDE_STYLE ('',( #3539 ) ) ;
#6298 = CARTESIAN_POINT ( 'NONE',  ( 2.500000000000000000, 0.2945928701375171710, 0.2973071110151591090 ) ) ;
#6299 = B_SPLINE_CURVE_WITH_KNOTS ( 'NONE', 3,
 ( #1352, #2524, #6263, #5183 ),
 .UNSPECIFIED., .F., .F.,
 ( 4, 4 ),
 ( 3.000000000000000000, 4.000000000000000000 ),
 .UNSPECIFIED. ) ;
#6300 = CARTESIAN_POINT ( 'NONE',  ( 2.500000000000000000, 0.9802092401581365966, 0.3017780700543922778 ) ) ;
#6301 = EDGE_CURVE ( 'NONE', #2244, #7047, #7415, .T. ) ;
#6302 = VECTOR ( 'NONE', #6476, 1000.000000000000000 ) ;
#6303 = COLOUR_RGB ( '',0.000000000000000000, 0.000000000000000000, 0.000000000000000000 ) ;
#6305 = VERTEX_POINT ( 'NONE', #1546 ) ;
#6304 = VECTOR ( 'NONE', #11858, 1000.000000000000114 ) ;
#6306 = AXIS2_PLACEMENT_3D ( 'NONE', #1747, #5487, #1690 ) ;
#6307 = DIRECTION ( 'NONE',  ( 0.000000000000000000, -3.198603716350137876E-15, 1.000000000000000000 ) ) ;
#6308 =( LENGTH_UNIT ( ) NAMED_UNIT ( * ) SI_UNIT ( .MILLI., .METRE. ) );
#6309 = PRESENTATION_STYLE_ASSIGNMENT (( #1453 ) ) ;
#6310 = PRESENTATION_STYLE_ASSIGNMENT (( #7556 ) ) ;
#6311 = SURFACE_STYLE_USAGE ( .BOTH. , #229 ) ;
#6312 = B_SPLINE_CURVE_WITH_KNOTS ( 'NONE', 3,
 ( #5658, #8574, #7689, #7571, #6554, #949, #173 ),
 .UNSPECIFIED., .F., .F.,
 ( 4, 3, 4 ),
 ( 0.000000000000000000, 1.000000000000000000, 2.000000000000000000 ),
 .UNSPECIFIED. ) ;
#6313 = FACE_OUTER_BOUND ( 'NONE', #5081, .T. ) ;
#6314 = PRESENTATION_LAYER_ASSIGNMENT (  '', '', ( #7513 ) ) ;
#6315 =( LENGTH_UNIT ( ) NAMED_UNIT ( * ) SI_UNIT ( .MILLI., .METRE. ) );
#6316 = CARTESIAN_POINT ( 'NONE',  ( 2.500000000000000000, 0.4273179681559186593, 0.2928361519745508179 ) ) ;
#6317 = EDGE_CURVE ( 'NONE', #7681, #1673, #2716, .T. ) ;
#6318 =( GEOMETRIC_REPRESENTATION_CONTEXT ( 3 ) GLOBAL_UNCERTAINTY_ASSIGNED_CONTEXT ( ( #5486 ) ) GLOBAL_UNIT_ASSIGNED_CONTEXT ( ( #3793, #1121, #3910 ) ) REPRESENTATION_CONTEXT ( 'NONE', 'WORKASPACE' ) );
#6319 = EDGE_CURVE ( 'NONE', #9829, #6569, #2809, .T. ) ;
#6320 = STYLED_ITEM ( 'NONE', ( #5108 ), #5523 ) ;
#6321 = ORIENTED_EDGE ( 'NONE', *, *, #5250, .T. ) ;
#6322 = SURFACE_STYLE_FILL_AREA ( #7393 ) ;
#6323 = CARTESIAN_POINT ( 'NONE',  ( 2.500000000000000000, 0.7255205385554220898, 0.6244149514886103702 ) ) ;
#6324 = CARTESIAN_POINT ( 'NONE',  ( 2.501000000000000334, 0.3234981402114526228, 0.7347332664088832566 ) ) ;
#6325 = CARTESIAN_POINT ( 'NONE',  ( 2.500000000000000000, -0.1974489852165452197, 0.3208328182930623163 ) ) ;
#6326 = CARTESIAN_POINT ( 'NONE',  ( 2.500000000000000000, -0.5893114587977827945, 0.4047001458936730356 ) ) ;
#6327 = FILL_AREA_STYLE ('',( #7261 ) ) ;
#6328 = ORIENTED_EDGE ( 'NONE', *, *, #5992, .T. ) ;
#6329 = PRESENTATION_LAYER_ASSIGNMENT (  '', '', ( #2417 ) ) ;
#6330 = ORIENTED_EDGE ( 'NONE', *, *, #788, .T. ) ;
#6331 = VECTOR ( 'NONE', #1283, 1000.000000000000000 ) ;
#6332 = CARTESIAN_POINT ( 'NONE',  ( 2.500000000000000000, -0.6731787588190678573, 0.2196136611919111969 ) ) ;
#6333 = FACE_OUTER_BOUND ( 'NONE', #1487, .T. ) ;
#6334 = CARTESIAN_POINT ( 'NONE',  ( 2.501000000000000334, 0.2834154725373658756, 0.2255638147892595757 ) ) ;
#6335 = LINE ( 'NONE', #4511, #3742 ) ;
#6336 = CARTESIAN_POINT ( 'NONE',  ( 2.501000000000000334, 0.3285929540011501837, 0.2879492897678874730 ) ) ;
#6337 =( GEOMETRIC_REPRESENTATION_CONTEXT ( 3 ) GLOBAL_UNCERTAINTY_ASSIGNED_CONTEXT ( ( #4845 ) ) GLOBAL_UNIT_ASSIGNED_CONTEXT ( ( #6011, #6997, #8019 ) ) REPRESENTATION_CONTEXT ( 'NONE', 'WORKASPACE' ) );
#6338 = VECTOR ( 'NONE', #9627, 1000.000000000000000 ) ;
#6339 = CARTESIAN_POINT ( 'NONE',  ( 2.501000000000000334, 0.4279938108014476605, 0.2255638147892600753 ) ) ;
#6340 = ORIENTED_EDGE ( 'NONE', *, *, #8721, .T. ) ;
#6342 =( NAMED_UNIT ( * ) PLANE_ANGLE_UNIT ( ) SI_UNIT ( $, .RADIAN. ) );
#6341 = FILL_AREA_STYLE_COLOUR ( '', #10280 ) ;
#6343 = MECHANICAL_DESIGN_GEOMETRIC_PRESENTATION_REPRESENTATION (  '', ( #4785 ), #454 ) ;
#6344 = SURFACE_SIDE_STYLE ('',( #3697 ) ) ;
#6345 = SURFACE_STYLE_USAGE ( .BOTH. , #6407 ) ;
#6346 = MECHANICAL_DESIGN_GEOMETRIC_PRESENTATION_REPRESENTATION (  '', ( #10523 ), #4990 ) ;
#6347 = DIRECTION ( 'NONE',  ( -1.000000000000000000, -0.000000000000000000, -0.000000000000000000 ) ) ;
#6348 =( GEOMETRIC_REPRESENTATION_CONTEXT ( 3 ) GLOBAL_UNCERTAINTY_ASSIGNED_CONTEXT ( ( #7776 ) ) GLOBAL_UNIT_ASSIGNED_CONTEXT ( ( #2369, #3426, #508 ) ) REPRESENTATION_CONTEXT ( 'NONE', 'WORKASPACE' ) );
#6349 = PRESENTATION_LAYER_ASSIGNMENT (  '', '', ( #7155 ) ) ;
#6350 = COLOUR_RGB ( '',0.000000000000000000, 0.000000000000000000, 0.000000000000000000 ) ;
#6351 = ORIENTED_EDGE ( 'NONE', *, *, #6166, .F. ) ;
#6352 = UNCERTAINTY_MEASURE_WITH_UNIT (LENGTH_MEASURE( 1.000000000000000082E-05 ), #8610, 'distance_accuracy_value', 'NONE');
#6353 = FILL_AREA_STYLE_COLOUR ( '', #3725 ) ;
#6354 = VECTOR ( 'NONE', #7054, 1000.000000000000000 ) ;
#6355 = CARTESIAN_POINT ( 'NONE',  ( 0.9000000000000001332, 0.2500000000000000000, -6.123233995736767268E-17 ) ) ;
#6356 = DIRECTION ( 'NONE',  ( 0.000000000000000000, -1.000000000000000000, 0.000000000000000000 ) ) ;
#6357 = EDGE_CURVE ( 'NONE', #3344, #7973, #11238, .T. ) ;
#6358 = ADVANCED_FACE ( 'NONE', ( #11981 ), #2601, .F. ) ;
#6359 = CARTESIAN_POINT ( 'NONE',  ( 2.500000000000000000, -0.6717327385521014715, 0.4234979680790827428 ) ) ;
#6360 = CARTESIAN_POINT ( 'NONE',  ( 2.500000000000000000, 0.3151280889849391031, 0.5482006962220953294 ) ) ;
#6361 = CARTESIAN_POINT ( 'NONE',  ( 2.500000000000000000, 0.9453773499610098607, 0.2874294108103194745 ) ) ;
#6363 = ORIENTED_EDGE ( 'NONE', *, *, #1468, .F. ) ;
#6362 =( NAMED_UNIT ( * ) PLANE_ANGLE_UNIT ( ) SI_UNIT ( $, .RADIAN. ) );
#6364 =( NAMED_UNIT ( * ) PLANE_ANGLE_UNIT ( ) SI_UNIT ( $, .RADIAN. ) );
#6365 = CARTESIAN_POINT ( 'NONE',  ( 2.500000000000000000, 0.2699506075211635103, 0.2883651929339415276 ) ) ;
#6366 = DIRECTION ( 'NONE',  ( -0.000000000000000000, 0.000000000000000000, 1.000000000000000000 ) ) ;
#6367 = VECTOR ( 'NONE', #7934, 1000.000000000000227 ) ;
#6368 = ORIENTED_EDGE ( 'NONE', *, *, #11770, .F. ) ;
#6369 = AXIS2_PLACEMENT_3D ( 'NONE', #8269, #3639, #1736 ) ;
#6370 = CARTESIAN_POINT ( 'NONE',  ( 2.501000000000000334, 0.3104491783612968736, 0.2504140289886409576 ) ) ;
#6371 =( NAMED_UNIT ( * ) SI_UNIT ( $, .STERADIAN. ) SOLID_ANGLE_UNIT ( ) );
#6372 = SURFACE_STYLE_USAGE ( .BOTH. , #2625 ) ;
#6373 = EDGE_CURVE ( 'NONE', #3939, #10362, #9355, .T. ) ;
#6374 = LINE ( 'NONE', #1711, #8743 ) ;
#6375 = SURFACE_SIDE_STYLE ('',( #3673 ) ) ;
#6376 = VECTOR ( 'NONE', #5794, 1000.000000000000000 ) ;
#6377 = AXIS2_PLACEMENT_3D ( 'NONE', #9480, #9667, #1045 ) ;
#6379 = ORIENTED_EDGE ( 'NONE', *, *, #8945, .F. ) ;
#6378 =( NAMED_UNIT ( * ) PLANE_ANGLE_UNIT ( ) SI_UNIT ( $, .RADIAN. ) );
#6380 = SURFACE_STYLE_USAGE ( .BOTH. , #11117 ) ;
#6381 = CARTESIAN_POINT ( 'NONE',  ( 2.501000000000000334, -0.3304798159407296154, 0.3179408329191652505 ) ) ;
#6382 = EDGE_LOOP ( 'NONE', ( #2897, #9554, #10830, #7843 ) ) ;
#6383 =( GEOMETRIC_REPRESENTATION_CONTEXT ( 3 ) GLOBAL_UNCERTAINTY_ASSIGNED_CONTEXT ( ( #6459 ) ) GLOBAL_UNIT_ASSIGNED_CONTEXT ( ( #4191, #5906, #1208 ) ) REPRESENTATION_CONTEXT ( 'NONE', 'WORKASPACE' ) );
#6384 = ORIENTED_EDGE ( 'NONE', *, *, #8221, .F. ) ;
#6385 = LINE ( 'NONE', #1657, #3162 ) ;
#6386 = FACE_OUTER_BOUND ( 'NONE', #4023, .T. ) ;
#6387 = STYLED_ITEM ( 'NONE', ( #4593 ), #576 ) ;
#6388 = CARTESIAN_POINT ( 'NONE',  ( 2.501000000000000334, 0.6761840254269584349, 0.5960295603722350899 ) ) ;
#6389 = ADVANCED_FACE ( 'NONE', ( #7463 ), #6116, .F. ) ;
#6390 = CARTESIAN_POINT ( 'NONE',  ( 2.500000000000000000, 0.2900179353060841625, 0.2464629489069816159 ) ) ;
#6391 = CARTESIAN_POINT ( 'NONE',  ( 2.500000000000000000, 0.6930800915672588047, 0.3438882656657556436 ) ) ;
#6392 = VERTEX_POINT ( 'NONE', #11587 ) ;
#6393 = COLOUR_RGB ( '',0.000000000000000000, 0.000000000000000000, 0.000000000000000000 ) ;
#6394 = LINE ( 'NONE', #779, #1313 ) ;
#6395 = ORIENTED_EDGE ( 'NONE', *, *, #5525, .T. ) ;
#6396 = UNCERTAINTY_MEASURE_WITH_UNIT (LENGTH_MEASURE( 1.000000000000000082E-05 ), #6553, 'distance_accuracy_value', 'NONE');
#6397 = CARTESIAN_POINT ( 'NONE',  ( 2.501000000000000334, 0.3232382007319779538, 0.7584397469016190829 ) ) ;
#6398 = FACE_OUTER_BOUND ( 'NONE', #7043, .T. ) ;
#6399 = CARTESIAN_POINT ( 'NONE',  ( 2.500000000000000000, -0.06297218938474401229, 0.4307278763517052855 ) ) ;
#6400 = ADVANCED_FACE ( 'NONE', ( #8064 ), #333, .T. ) ;
#6401 = FILL_AREA_STYLE_COLOUR ( '', #1859 ) ;
#6402 = EDGE_CURVE ( 'NONE', #6437, #10727, #10520, .T. ) ;
#6403 = SURFACE_STYLE_FILL_AREA ( #1797 ) ;
#6404 = DIRECTION ( 'NONE',  ( 0.000000000000000000, 0.5048830486499255032, -0.8631877589412148000 ) ) ;
#6405 = VERTEX_POINT ( 'NONE', #10025 ) ;
#6406 = FILL_AREA_STYLE ('',( #2660 ) ) ;
#6407 = SURFACE_SIDE_STYLE ('',( #11152 ) ) ;
#6408 = ORIENTED_EDGE ( 'NONE', *, *, #9216, .F. ) ;
#6409 = CARTESIAN_POINT ( 'NONE',  ( -2.200000000000000178, 0.2500000000000000000, 0.000000000000000000 ) ) ;
#6410 = B_SPLINE_SURFACE_WITH_KNOTS ( 'NONE', 3, 1, ( 
 ( #3491, #7245 ),
 ( #6120, #9944 ),
 ( #2556, #6300 ),
 ( #639, #700 ) ),
 .UNSPECIFIED., .F., .F., .F.,
 ( 4, 4 ),
 ( 2, 2 ),
 ( 4.000000000000000000, 5.000000000000000000 ),
 ( 0.000000000000000000, 1.000000000000000000 ),
 .UNSPECIFIED. ) ;
#6411 = PRESENTATION_LAYER_ASSIGNMENT (  '', '', ( #4856 ) ) ;
#6412 = CARTESIAN_POINT ( 'NONE',  ( 2.501000000000000334, 0.9451693983765955265, 0.3770565431959047586 ) ) ;
#6413 = CARTESIAN_POINT ( 'NONE',  ( 2.501000000000000334, 0.3714309801537978295, 0.5852160780437705156 ) ) ;
#6414 = DIRECTION ( 'NONE',  ( -0.000000000000000000, 0.3493954794973187505, -0.9369753459439787990 ) ) ;
#6415 = FILL_AREA_STYLE_COLOUR ( '', #8970 ) ;
#6416 = DIRECTION ( 'NONE',  ( -1.000000000000000000, -0.000000000000000000, -0.000000000000000000 ) ) ;
#6417 = CARTESIAN_POINT ( 'NONE',  ( 2.501000000000000334, -0.6717327661321198518, 0.1328545412775395118 ) ) ;
#6418 = CARTESIAN_POINT ( 'NONE',  ( 2.500000000000000000, 0.7715818142484478503, 0.4089771112278829390 ) ) ;
#6419 = CARTESIAN_POINT ( 'NONE',  ( 2.501000000000000334, -0.5271340490744741425, 0.2919131300411534902 ) ) ;
#6420 = MECHANICAL_DESIGN_GEOMETRIC_PRESENTATION_REPRESENTATION (  '', ( #10019 ), #10223 ) ;
#6421 = CARTESIAN_POINT ( 'NONE',  ( 2.501000000000000334, -0.3753053961641879543, 0.2731152526957092985 ) ) ;
#6423 = VERTEX_POINT ( 'NONE', #3040 ) ;
#6422 = CARTESIAN_POINT ( 'NONE',  ( 2.500000000000000000, 0.3540670229509982336, 0.3224692525890843209 ) ) ;
#6424 = CARTESIAN_POINT ( 'NONE',  ( 2.501000000000000334, 0.7936766699699597805, 0.6302375958202814932 ) ) ;
#6425 = CARTESIAN_POINT ( 'NONE',  ( 2.501000000000000334, 0.3565624419500829090, 0.5761701841710316074 ) ) ;
#6426 = CARTESIAN_POINT ( 'NONE',  ( 2.500000000000000000, 0.7658111578125357255, 0.5516318973461914466 ) ) ;
#6427 = ORIENTED_EDGE ( 'NONE', *, *, #189, .F. ) ;
#6428 = EDGE_CURVE ( 'NONE', #10362, #5029, #1017, .T. ) ;
#6429 = SURFACE_STYLE_FILL_AREA ( #7433 ) ;
#6430 = EDGE_CURVE ( 'NONE', #11881, #4304, #2882, .T. ) ;
#6431 = CARTESIAN_POINT ( 'NONE',  ( 2.501000000000000334, 0.5695048632124164456, 0.2531173995707617919 ) ) ;
#6432 = VECTOR ( 'NONE', #7587, 1000.000000000000000 ) ;
#6433 = B_SPLINE_CURVE_WITH_KNOTS ( 'NONE', 3,
 ( #8402, #2839, #12151, #3694 ),
 .UNSPECIFIED., .F., .F.,
 ( 4, 4 ),
 ( 1.000000000000000000, 2.000000000000000000 ),
 .UNSPECIFIED. ) ;
#6434 = B_SPLINE_CURVE_WITH_KNOTS ( 'NONE', 3,
 ( #8874, #1242, #8608, #11459 ),
 .UNSPECIFIED., .F., .F.,
 ( 4, 4 ),
 ( 8.000000000000000000, 9.000000000000000000 ),
 .UNSPECIFIED. ) ;
#6435 = SURFACE_SIDE_STYLE ('',( #4652 ) ) ;
#6436 = SURFACE_STYLE_FILL_AREA ( #11899 ) ;
#6437 = VERTEX_POINT ( 'NONE', #4730 ) ;
#6438 = ORIENTED_EDGE ( 'NONE', *, *, #2308, .F. ) ;
#6439 = ADVANCED_FACE ( 'NONE', ( #7570 ), #11373, .F. ) ;
#6440 = LINE ( 'NONE', #1951, #3155 ) ;
#6441 = SURFACE_SIDE_STYLE ('',( #8446 ) ) ;
#6442 = CARTESIAN_POINT ( 'NONE',  ( 2.501000000000000334, 0.2515468924018349761, 0.3393133308336281351 ) ) ;
#6443 = ORIENTED_EDGE ( 'NONE', *, *, #10975, .F. ) ;
#6444 =( NAMED_UNIT ( * ) SI_UNIT ( $, .STERADIAN. ) SOLID_ANGLE_UNIT ( ) );
#6445 = DIRECTION ( 'NONE',  ( 0.000000000000000000, 1.000000000000000000, 3.671636660359679996E-15 ) ) ;
#6446 = B_SPLINE_CURVE_WITH_KNOTS ( 'NONE', 3,
 ( #11056, #12013, #3559, #2636 ),
 .UNSPECIFIED., .F., .F.,
 ( 4, 4 ),
 ( 17.00000000000000000, 18.00000000000000000 ),
 .UNSPECIFIED. ) ;
#6447 = EDGE_CURVE ( 'NONE', #10656, #6168, #7650, .T. ) ;
#6448 = CARTESIAN_POINT ( 'NONE',  ( 2.500000000000000000, 0.6930800915672585827, 0.4089771112278826615 ) ) ;
#6449 = PLANE ( 'NONE',  #581 ) ;
#6450 = DIRECTION ( 'NONE',  ( -1.000000000000000000, -0.000000000000000000, -0.000000000000000000 ) ) ;
#6451 =( NAMED_UNIT ( * ) SI_UNIT ( $, .STERADIAN. ) SOLID_ANGLE_UNIT ( ) );
#6452 = ORIENTED_EDGE ( 'NONE', *, *, #159, .F. ) ;
#6453 = CARTESIAN_POINT ( 'NONE',  ( 2.501000000000000334, 1.124735590525067552, 0.2846220644353035789 ) ) ;
#6454 = PRESENTATION_STYLE_ASSIGNMENT (( #10170 ) ) ;
#6455 = FILL_AREA_STYLE_COLOUR ( '', #3017 ) ;
#6456 = ORIENTED_EDGE ( 'NONE', *, *, #11204, .T. ) ;
#6457 = SURFACE_STYLE_USAGE ( .BOTH. , #8280 ) ;
#6458 = EDGE_CURVE ( 'NONE', #8501, #11417, #7384, .T. ) ;
#6459 = UNCERTAINTY_MEASURE_WITH_UNIT (LENGTH_MEASURE( 1.000000000000000082E-05 ), #4191, 'distance_accuracy_value', 'NONE');
#6460 = VECTOR ( 'NONE', #8998, 1000.000000000000000 ) ;
#6461 = UNCERTAINTY_MEASURE_WITH_UNIT (LENGTH_MEASURE( 1.000000000000000082E-05 ), #9592, 'distance_accuracy_value', 'NONE');
#6462 = CARTESIAN_POINT ( 'NONE',  ( 2.501000000000000334, 0.4428103611087141900, 0.3568852396201582788 ) ) ;
#6463 = CARTESIAN_POINT ( 'NONE',  ( 2.500000000000000000, -0.9247805347721449465, 0.3005890310000325361 ) ) ;
#6464 = CARTESIAN_POINT ( 'NONE',  ( 2.500000000000000000, 0.2191584333087385761, 0.6494731172710164202 ) ) ;
#6465 =( GEOMETRIC_REPRESENTATION_CONTEXT ( 3 ) GLOBAL_UNCERTAINTY_ASSIGNED_CONTEXT ( ( #11337 ) ) GLOBAL_UNIT_ASSIGNED_CONTEXT ( ( #11000, #2572, #11159 ) ) REPRESENTATION_CONTEXT ( 'NONE', 'WORKASPACE' ) );
#6466 =( NAMED_UNIT ( * ) PLANE_ANGLE_UNIT ( ) SI_UNIT ( $, .RADIAN. ) );
#6467 = FACE_OUTER_BOUND ( 'NONE', #2224, .T. ) ;
#6468 = CARTESIAN_POINT ( 'NONE',  ( 2.500000000000000000, -0.9175505575494772303, 0.6230441176359816646 ) ) ;
#6469 = DIRECTION ( 'NONE',  ( -0.000000000000000000, -0.000000000000000000, 1.000000000000000000 ) ) ;
#6470 = PRESENTATION_STYLE_ASSIGNMENT (( #2908 ) ) ;
#6471 =( NAMED_UNIT ( * ) PLANE_ANGLE_UNIT ( ) SI_UNIT ( $, .RADIAN. ) );
#6472 = CARTESIAN_POINT ( 'NONE',  ( 2.501000000000000334, 0.8408816793710157667, 0.4089771112278832166 ) ) ;
#6473 = VECTOR ( 'NONE', #3025, 1000.000000000000000 ) ;
#6474 = CARTESIAN_POINT ( 'NONE',  ( 2.500000000000000000, 0.3365471020609183128, 0.3775764221548520982 ) ) ;
#6475 = FILL_AREA_STYLE ('',( #8370 ) ) ;
#6476 = DIRECTION ( 'NONE',  ( -1.000000000000000000, -0.000000000000000000, -0.000000000000000000 ) ) ;
#6477 = ORIENTED_EDGE ( 'NONE', *, *, #1566, .F. ) ;
#6478 =( NAMED_UNIT ( * ) SI_UNIT ( $, .STERADIAN. ) SOLID_ANGLE_UNIT ( ) );
#6479 =( NAMED_UNIT ( * ) SI_UNIT ( $, .STERADIAN. ) SOLID_ANGLE_UNIT ( ) );
#6480 = STYLED_ITEM ( 'NONE', ( #3690 ), #11008 ) ;
#6481 =( NAMED_UNIT ( * ) SI_UNIT ( $, .STERADIAN. ) SOLID_ANGLE_UNIT ( ) );
#6482 = VECTOR ( 'NONE', #6831, 1000.000000000000000 ) ;
#6483 = FILL_AREA_STYLE ('',( #6590 ) ) ;
#6485 = DIRECTION ( 'NONE',  ( -0.000000000000000000, -3.331453071941913615E-15, 1.000000000000000000 ) ) ;
#6484 = CARTESIAN_POINT ( 'NONE',  ( 2.501000000000000334, -0.8134394840265561921, 0.6924515045812674741 ) ) ;
#6486 = EDGE_CURVE ( 'NONE', #5129, #7681, #3846, .T. ) ;
#6487 = ORIENTED_EDGE ( 'NONE', *, *, #6719, .F. ) ;
#6488 = VECTOR ( 'NONE', #5551, 1000.000000000000000 ) ;
#6489 = AXIS2_PLACEMENT_3D ( 'NONE', #12178, #10406, #3719 ) ;
#6490 = SURFACE_STYLE_USAGE ( .BOTH. , #2811 ) ;
#6491 =( GEOMETRIC_REPRESENTATION_CONTEXT ( 3 ) GLOBAL_UNCERTAINTY_ASSIGNED_CONTEXT ( ( #5179 ) ) GLOBAL_UNIT_ASSIGNED_CONTEXT ( ( #4296, #558, #5136 ) ) REPRESENTATION_CONTEXT ( 'NONE', 'WORKASPACE' ) );
#6492 = MECHANICAL_DESIGN_GEOMETRIC_PRESENTATION_REPRESENTATION (  '', ( #2574 ), #1793 ) ;
#6493 = ORIENTED_EDGE ( 'NONE', *, *, #6066, .T. ) ;
#6494 = ORIENTED_EDGE ( 'NONE', *, *, #12142, .F. ) ;
#6495 =( NAMED_UNIT ( * ) PLANE_ANGLE_UNIT ( ) SI_UNIT ( $, .RADIAN. ) );
#6496 =( LENGTH_UNIT ( ) NAMED_UNIT ( * ) SI_UNIT ( .MILLI., .METRE. ) );
#6497 = PLANE ( 'NONE',  #192 ) ;
#6498 = DIRECTION ( 'NONE',  ( -0.000000000000000000, 0.9369753459544848395, 0.3493954794691446764 ) ) ;
#6499 = FILL_AREA_STYLE ('',( #7512 ) ) ;
#6500 =( GEOMETRIC_REPRESENTATION_CONTEXT ( 3 ) GLOBAL_UNCERTAINTY_ASSIGNED_CONTEXT ( ( #1475 ) ) GLOBAL_UNIT_ASSIGNED_CONTEXT ( ( #5514, #8380, #8141 ) ) REPRESENTATION_CONTEXT ( 'NONE', 'WORKASPACE' ) );
#6501 = FILL_AREA_STYLE_COLOUR ( '', #10674 ) ;
#6502 = DIRECTION ( 'NONE',  ( 0.000000000000000000, 0.000000000000000000, 1.000000000000000000 ) ) ;
#6503 = EDGE_CURVE ( 'NONE', #8274, #2359, #9683, .T. ) ;
#6504 = EDGE_CURVE ( 'NONE', #6662, #4304, #6652, .T. ) ;
#6505 =( NAMED_UNIT ( * ) SI_UNIT ( $, .STERADIAN. ) SOLID_ANGLE_UNIT ( ) );
#6506 = CARTESIAN_POINT ( 'NONE',  ( 2.501000000000000334, -0.7295722529553175795, 0.3078189116926355329 ) ) ;
#6507 =( GEOMETRIC_REPRESENTATION_CONTEXT ( 3 ) GLOBAL_UNCERTAINTY_ASSIGNED_CONTEXT ( ( #8043 ) ) GLOBAL_UNIT_ASSIGNED_CONTEXT ( ( #11597, #4310, #1271 ) ) REPRESENTATION_CONTEXT ( 'NONE', 'WORKASPACE' ) );
#6508 = UNCERTAINTY_MEASURE_WITH_UNIT (LENGTH_MEASURE( 1.000000000000000082E-05 ), #11037, 'distance_accuracy_value', 'NONE');
#6509 =( NAMED_UNIT ( * ) SI_UNIT ( $, .STERADIAN. ) SOLID_ANGLE_UNIT ( ) );
#6510 = VECTOR ( 'NONE', #1610, 1000.000000000000000 ) ;
#6511 = CARTESIAN_POINT ( 'NONE',  ( 2.501000000000000334, -0.2842082154503027813, 0.7343851339065498030 ) ) ;
#6512 = CARTESIAN_POINT ( 'NONE',  ( 2.501000000000000334, 0.4149968368470453028, 0.3431604351237787509 ) ) ;
#6513 = ORIENTED_EDGE ( 'NONE', *, *, #7052, .T. ) ;
#6514 = EDGE_CURVE ( 'NONE', #6786, #9598, #4780, .T. ) ;
#6515 = VECTOR ( 'NONE', #9310, 1000.000000000000000 ) ;
#6516 = DIRECTION ( 'NONE',  ( 0.000000000000000000, -0.000000000000000000, 1.000000000000000000 ) ) ;
#6517 = CARTESIAN_POINT ( 'NONE',  ( 2.501000000000000334, -0.7295722253752995323, 0.6910055256850216043 ) ) ;
#6518 = ORIENTED_EDGE ( 'NONE', *, *, #3983, .F. ) ;
#6519 = CARTESIAN_POINT ( 'NONE',  ( 2.500000000000000000, 0.2129718737067689827, 0.2289950159133565255 ) ) ;
#6520 = ORIENTED_EDGE ( 'NONE', *, *, #3894, .T. ) ;
#6521 = COLOUR_RGB ( '',0.000000000000000000, 0.000000000000000000, 0.000000000000000000 ) ;
#6522 = COLOUR_RGB ( '',0.000000000000000000, 0.000000000000000000, 0.000000000000000000 ) ;
#6523 = CARTESIAN_POINT ( 'NONE',  ( 2.501000000000000334, 0.3714309801537973854, 0.7501216835708589548 ) ) ;
#6524 = CARTESIAN_POINT ( 'NONE',  ( 2.501000000000000334, 0.2289321577220630455, 0.7085313669184435392 ) ) ;
#6525 =( NAMED_UNIT ( * ) SI_UNIT ( $, .STERADIAN. ) SOLID_ANGLE_UNIT ( ) );
#6526 = FILL_AREA_STYLE ('',( #2787 ) ) ;
#6527 = EDGE_CURVE ( 'NONE', #6641, #7745, #10787, .T. ) ;
#6528 = FACE_BOUND ( 'NONE', #7584, .T. ) ;
#6529 = LINE ( 'NONE', #11278, #3615 ) ;
#6530 = ORIENTED_EDGE ( 'NONE', *, *, #9455, .F. ) ;
#6531 = AXIS2_PLACEMENT_3D ( 'NONE', #12015, #7133, #6198 ) ;
#6533 = ORIENTED_EDGE ( 'NONE', *, *, #1173, .F. ) ;
#6532 = PLANE ( 'NONE',  #11652 ) ;
#6534 = DIRECTION ( 'NONE',  ( 0.000000000000000000, 4.148852035256676393E-15, -1.000000000000000000 ) ) ;
#6535 = CARTESIAN_POINT ( 'NONE',  ( 2.501000000000000334, 0.4583547419579575011, 0.2762000253130332816 ) ) ;
#6536 = ORIENTED_EDGE ( 'NONE', *, *, #2924, .F. ) ;
#6537 = MECHANICAL_DESIGN_GEOMETRIC_PRESENTATION_REPRESENTATION (  '', ( #4604 ), #10334 ) ;
#6538 = CARTESIAN_POINT ( 'NONE',  ( 2.501000000000000334, 0.3714309801537977740, 0.5852160780437705156 ) ) ;
#6539 = ADVANCED_FACE ( 'NONE', ( #2004 ), #8110, .F. ) ;
#6540 = UNCERTAINTY_MEASURE_WITH_UNIT (LENGTH_MEASURE( 1.000000000000000082E-05 ), #732, 'distance_accuracy_value', 'NONE');
#6541 = CARTESIAN_POINT ( 'NONE',  ( 2.501000000000000334, 0.2631921810651727256, 0.2629950997769900933 ) ) ;
#6542 = ORIENTED_EDGE ( 'NONE', *, *, #7532, .T. ) ;
#6543 = MECHANICAL_DESIGN_GEOMETRIC_PRESENTATION_REPRESENTATION (  '', ( #11908 ), #6954 ) ;
#6544 = CARTESIAN_POINT ( 'NONE',  ( 2.501000000000000334, -0.6283531234348769257, 0.4234979680790829093 ) ) ;
#6545 = VECTOR ( 'NONE', #2527, 1000.000000000000114 ) ;
#6546 = AXIS2_PLACEMENT_3D ( 'NONE', #1872, #10118, #2611 ) ;
#6547 = CARTESIAN_POINT ( 'NONE',  ( 2.501000000000000334, 0.3232382007319779538, 0.7584397469016190829 ) ) ;
#6548 = ORIENTED_EDGE ( 'NONE', *, *, #9541, .F. ) ;
#6549 = CARTESIAN_POINT ( 'NONE',  ( 2.501000000000000334, 0.3568743693253202398, 0.7307821863272226937 ) ) ;
#6550 = CARTESIAN_POINT ( 'NONE',  ( 2.501000000000000334, 0.3942016785208403706, 0.3582369249112133391 ) ) ;
#6551 =( GEOMETRIC_REPRESENTATION_CONTEXT ( 3 ) GLOBAL_UNCERTAINTY_ASSIGNED_CONTEXT ( ( #803 ) ) GLOBAL_UNIT_ASSIGNED_CONTEXT ( ( #9288, #600, #5347 ) ) REPRESENTATION_CONTEXT ( 'NONE', 'WORKASPACE' ) );
#6552 = CARTESIAN_POINT ( 'NONE',  ( 2.501000000000000334, 0.5168931126464334502, 0.7550085457775251863 ) ) ;
#6553 =( LENGTH_UNIT ( ) NAMED_UNIT ( * ) SI_UNIT ( .MILLI., .METRE. ) );
#6554 = CARTESIAN_POINT ( 'NONE',  ( 2.501000000000000334, -0.6167852646828186902, 0.3078189116926359215 ) ) ;
#6555 = CARTESIAN_POINT ( 'NONE',  ( 2.501000000000000334, -0.5271340490744740315, 0.2817912088146252714 ) ) ;
#6556 = CARTESIAN_POINT ( 'NONE',  ( 2.501000000000000334, 0.6756121585722466572, 0.7124824470001057675 ) ) ;
#6557 = FILL_AREA_STYLE_COLOUR ( '', #7234 ) ;
#6558 = MECHANICAL_DESIGN_GEOMETRIC_PRESENTATION_REPRESENTATION (  '', ( #10192 ), #7387 ) ;
#6559 = CARTESIAN_POINT ( 'NONE',  ( 2.501000000000000334, 0.5457463948239242857, 0.2028970922130428900 ) ) ;
#6560 = EDGE_CURVE ( 'NONE', #7659, #8554, #12079, .T. ) ;
#6561 = SURFACE_SIDE_STYLE ('',( #10219 ) ) ;
#6562 = EDGE_CURVE ( 'NONE', #3757, #10919, #615, .T. ) ;
#6563 = SURFACE_STYLE_FILL_AREA ( #4813 ) ;
#6564 = CARTESIAN_POINT ( 'NONE',  ( 2.500000000000000000, 0.4149968368470453028, 0.3431604351237787509 ) ) ;
#6565 = CARTESIAN_POINT ( 'NONE',  ( 2.500000000000000000, 0.4781621302634043169, 0.2925242246000139823 ) ) ;
#6566 = ORIENTED_EDGE ( 'NONE', *, *, #2642, .T. ) ;
#6567 =( LENGTH_UNIT ( ) NAMED_UNIT ( * ) SI_UNIT ( .MILLI., .METRE. ) );
#6568 = SURFACE_SIDE_STYLE ('',( #2774 ) ) ;
#6569 = VERTEX_POINT ( 'NONE', #10789 ) ;
#6570 = CARTESIAN_POINT ( 'NONE',  ( 0.9000000000000001332, 0.2500000000000000000, -6.123233995736767268E-17 ) ) ;
#6571 = VERTEX_POINT ( 'NONE', #11876 ) ;
#6572 = UNCERTAINTY_MEASURE_WITH_UNIT (LENGTH_MEASURE( 1.000000000000000082E-05 ), #5721, 'distance_accuracy_value', 'NONE');
#6573 = EDGE_CURVE ( 'NONE', #3146, #9766, #2532, .T. ) ;
#6574 = PLANE ( 'NONE',  #2778 ) ;
#6575 = B_SPLINE_CURVE_WITH_KNOTS ( 'NONE', 3,
 ( #11020, #6095, #9920, #5185 ),
 .UNSPECIFIED., .F., .F.,
 ( 4, 4 ),
 ( 14.00000000000000000, 15.00000000000000000 ),
 .UNSPECIFIED. ) ;
#6576 = CARTESIAN_POINT ( 'NONE',  ( 2.501000000000000334, 0.2744735544568344121, 0.2927321761830329883 ) ) ;
#6577 = FACE_BOUND ( 'NONE', #11753, .T. ) ;
#6578 = CARTESIAN_POINT ( 'NONE',  ( 2.500000000000000000, 0.6761840254269584349, 0.5960295603722350899 ) ) ;
#6579 = PLANE ( 'NONE',  #8570 ) ;
#6580 = EDGE_LOOP ( 'NONE', ( #3300, #6548, #11637, #2466 ) ) ;
#6581 = B_SPLINE_SURFACE_WITH_KNOTS ( 'NONE', 3, 1, ( 
 ( #3362, #11636 ),
 ( #3303, #6919 ),
 ( #7038, #10739 ),
 ( #6051, #380 ) ),
 .UNSPECIFIED., .F., .F., .F.,
 ( 4, 4 ),
 ( 2, 2 ),
 ( 4.000000000000000000, 5.000000000000000000 ),
 ( 0.000000000000000000, 1.000000000000000000 ),
 .UNSPECIFIED. ) ;
#6582 = CARTESIAN_POINT ( 'NONE',  ( 2.500000000000000000, 0.6157221025927129832, 0.5748184988799746042 ) ) ;
#6583 = COLOUR_RGB ( '',0.000000000000000000, 0.000000000000000000, 0.000000000000000000 ) ;
#6584 = VERTEX_POINT ( 'NONE', #5288 ) ;
#6585 = VERTEX_POINT ( 'NONE', #3290 ) ;
#6586 = EDGE_CURVE ( 'NONE', #10337, #10918, #11937, .T. ) ;
#6587 = CARTESIAN_POINT ( 'NONE',  ( 2.500000000000000000, -1.469693845669906240, 1.000000000000000000 ) ) ;
#6588 = SURFACE_STYLE_USAGE ( .BOTH. , #11358 ) ;
#6589 = COLOUR_RGB ( '',0.000000000000000000, 0.000000000000000000, 0.000000000000000000 ) ;
#6590 = FILL_AREA_STYLE_COLOUR ( '', #4629 ) ;
#6592 = LINE ( 'NONE', #4897, #5054 ) ;
#6591 = DIRECTION ( 'NONE',  ( -1.000000000000000000, -0.000000000000000000, -0.000000000000000000 ) ) ;
#6593 = B_SPLINE_CURVE_WITH_KNOTS ( 'NONE', 3,
 ( #11973, #5115, #541, #5351 ),
 .UNSPECIFIED., .F., .F.,
 ( 4, 4 ),
 ( 3.000000000000000000, 4.000000000000000000 ),
 .UNSPECIFIED. ) ;
#6594 = CARTESIAN_POINT ( 'NONE',  ( 0.000000000000000000, 0.000000000000000000, 1.000000000000000000 ) ) ;
#6595 = CARTESIAN_POINT ( 'NONE',  ( 2.501000000000000334, -0.8944147573046110633, 0.4610936400299214255 ) ) ;
#6596 = B_SPLINE_CURVE_WITH_KNOTS ( 'NONE', 3,
 ( #10279, #2846, #4756, #11916 ),
 .UNSPECIFIED., .F., .F.,
 ( 4, 4 ),
 ( 18.00000000000000000, 19.00000000000000000 ),
 .UNSPECIFIED. ) ;
#6597 = CARTESIAN_POINT ( 'NONE',  ( 2.501000000000000334, 0.3885869857728883048, 0.2603957049850004202 ) ) ;
#6598 = DIRECTION ( 'NONE',  ( -0.000000000000000000, 1.000000000000000000, 3.717008596225309524E-15 ) ) ;
#6599 = UNCERTAINTY_MEASURE_WITH_UNIT (LENGTH_MEASURE( 1.000000000000000082E-05 ), #5086, 'distance_accuracy_value', 'NONE');
#6600 = FILL_AREA_STYLE ('',( #2814 ) ) ;
#6601 = VECTOR ( 'NONE', #6445, 1000.000000000000000 ) ;
#6602 = ORIENTED_EDGE ( 'NONE', *, *, #5341, .F. ) ;
#6603 = EDGE_CURVE ( 'NONE', #1530, #9675, #3396, .T. ) ;
#6604 = EDGE_CURVE ( 'NONE', #4458, #1817, #3420, .T. ) ;
#6605 =( LENGTH_UNIT ( ) NAMED_UNIT ( * ) SI_UNIT ( .MILLI., .METRE. ) );
#6606 = PRESENTATION_STYLE_ASSIGNMENT (( #1899 ) ) ;
#6607 = LINE ( 'NONE', #2371, #1375 ) ;
#6608 = CARTESIAN_POINT ( 'NONE',  ( 2.500000000000000000, 0.9495363816256953138, 0.4054419343122745434 ) ) ;
#6609 = DIRECTION ( 'NONE',  ( -1.000000000000000000, -0.000000000000000000, -0.000000000000000000 ) ) ;
#6610 = LINE ( 'NONE', #5462, #5546 ) ;
#6611 = DIRECTION ( 'NONE',  ( -1.000000000000000000, -0.000000000000000000, -0.000000000000000000 ) ) ;
#6612 = SURFACE_STYLE_USAGE ( .BOTH. , #6441 ) ;
#6613 = CARTESIAN_POINT ( 'NONE',  ( 2.500000000000000000, 1.085900632350526029, 0.3921330329833358497 ) ) ;
#6614 = CARTESIAN_POINT ( 'NONE',  ( 2.501000000000000334, -0.2061248861754226280, 0.6201521460534846764 ) ) ;
#6615 = CARTESIAN_POINT ( 'NONE',  ( 2.501000000000000334, 0.2191584333087387981, 0.6190082103229908039 ) ) ;
#6616 = VERTEX_POINT ( 'NONE', #4125 ) ;
#6617 = ORIENTED_EDGE ( 'NONE', *, *, #595, .F. ) ;
#6618 = ORIENTED_EDGE ( 'NONE', *, *, #9346, .T. ) ;
#6619 = CARTESIAN_POINT ( 'NONE',  ( 2.500000000000000000, 0.9495363816256957579, 0.2574843828198626894 ) ) ;
#6620 = CARTESIAN_POINT ( 'NONE',  ( 2.500000000000000000, 0.3285929540011504613, 0.2759920737300050053 ) ) ;
#6621 = CARTESIAN_POINT ( 'NONE',  ( 2.500000000000000000, -1.469693845669906240, 0.000000000000000000 ) ) ;
#6622 = CARTESIAN_POINT ( 'NONE',  ( 2.501000000000000334, 0.5861929777696964772, 0.5748184988799743822 ) ) ;
#6623 = SURFACE_STYLE_USAGE ( .BOTH. , #6689 ) ;
#6624 = FACE_OUTER_BOUND ( 'NONE', #9671, .T. ) ;
#6625 = CARTESIAN_POINT ( 'NONE',  ( 2.500000000000000000, 0.2515468924018348096, 0.3640595692428862939 ) ) ;
#6626 = ORIENTED_EDGE ( 'NONE', *, *, #5457, .F. ) ;
#6627 = CARTESIAN_POINT ( 'NONE',  ( 2.500000000000000000, -0.3550616088725427888, 0.3179408329191651950 ) ) ;
#6628 = LINE ( 'NONE', #8590, #11965 ) ;
#6629 = SURFACE_SIDE_STYLE ('',( #10639 ) ) ;
#6630 = EDGE_CURVE ( 'NONE', #1497, #10611, #3409, .T. ) ;
#6631 =( NAMED_UNIT ( * ) PLANE_ANGLE_UNIT ( ) SI_UNIT ( $, .RADIAN. ) );
#6632 = FACE_OUTER_BOUND ( 'NONE', #10165, .T. ) ;
#6633 = DIRECTION ( 'NONE',  ( 0.000000000000000000, 0.000000000000000000, 1.000000000000000000 ) ) ;
#6634 = DIRECTION ( 'NONE',  ( 0.000000000000000000, 0.3559357243698763051, -0.9345104387417464409 ) ) ;
#6635 = ORIENTED_EDGE ( 'NONE', *, *, #365, .T. ) ;
#6636 = LINE ( 'NONE', #11566, #7687 ) ;
#6637 = LINE ( 'NONE', #4639, #6085 ) ;
#6638 = FILL_AREA_STYLE ('',( #5680 ) ) ;
#6639 =( LENGTH_UNIT ( ) NAMED_UNIT ( * ) SI_UNIT ( .MILLI., .METRE. ) );
#6640 = LINE ( 'NONE', #5749, #8735 ) ;
#6641 = VERTEX_POINT ( 'NONE', #433 ) ;
#6642 = EDGE_CURVE ( 'NONE', #9070, #2412, #8157, .T. ) ;
#6643 = VERTEX_POINT ( 'NONE', #11742 ) ;
#6644 = COLOUR_RGB ( '',0.000000000000000000, 0.000000000000000000, 0.000000000000000000 ) ;
#6645 = ORIENTED_EDGE ( 'NONE', *, *, #11624, .F. ) ;
#6646 = ORIENTED_EDGE ( 'NONE', *, *, #7646, .T. ) ;
#6647 = VECTOR ( 'NONE', #7232, 1000.000000000000000 ) ;
#6648 =( GEOMETRIC_REPRESENTATION_CONTEXT ( 3 ) GLOBAL_UNCERTAINTY_ASSIGNED_CONTEXT ( ( #2868 ) ) GLOBAL_UNIT_ASSIGNED_CONTEXT ( ( #10290, #3599, #7370 ) ) REPRESENTATION_CONTEXT ( 'NONE', 'WORKASPACE' ) );
#6649 = DIRECTION ( 'NONE',  ( 0.000000000000000000, -0.9434452330824949495, 0.3315284183503985904 ) ) ;
#6650 = UNCERTAINTY_MEASURE_WITH_UNIT (LENGTH_MEASURE( 1.000000000000000082E-05 ), #2635, 'distance_accuracy_value', 'NONE');
#6651 = PRESENTATION_STYLE_ASSIGNMENT (( #11361 ) ) ;
#6653 = CARTESIAN_POINT ( 'NONE',  ( 2.501000000000000334, 0.5732999796068046772, 0.2648666640256179261 ) ) ;
#6652 = LINE ( 'NONE', #7496, #6021 ) ;
#6654 = DIRECTION ( 'NONE',  ( -1.000000000000000000, -0.000000000000000000, -0.000000000000000000 ) ) ;
#6655 = EDGE_CURVE ( 'NONE', #6043, #10583, #7017, .T. ) ;
#6657 = ORIENTED_EDGE ( 'NONE', *, *, #3717, .T. ) ;
#6656 = SURFACE_STYLE_FILL_AREA ( #5645 ) ;
#6658 = DIRECTION ( 'NONE',  ( -0.000000000000000000, -0.000000000000000000, 1.000000000000000000 ) ) ;
#6659 = STYLED_ITEM ( 'NONE', ( #12147 ), #10621 ) ;
#6660 = AXIS2_PLACEMENT_3D ( 'NONE', #6419, #1814, #4765 ) ;
#6661 = PLANE ( 'NONE',  #6167 ) ;
#6662 = VERTEX_POINT ( 'NONE', #598 ) ;
#6663 = CARTESIAN_POINT ( 'NONE',  ( 2.501000000000000334, 0.3426816737671261048, 0.7584397469016191939 ) ) ;
#6664 = PRESENTATION_STYLE_ASSIGNMENT (( #2591 ) ) ;
#6665 = B_SPLINE_CURVE_WITH_KNOTS ( 'NONE', 3,
 ( #5657, #948, #2755, #2881 ),
 .UNSPECIFIED., .F., .F.,
 ( 4, 4 ),
 ( 14.00000000000000000, 15.00000000000000000 ),
 .UNSPECIFIED. ) ;
#6666 = CARTESIAN_POINT ( 'NONE',  ( 2.500000000000000000, 0.8291844028119207399, 0.7222561714134376754 ) ) ;
#6667 =( LENGTH_UNIT ( ) NAMED_UNIT ( * ) SI_UNIT ( .MILLI., .METRE. ) );
#6668 =( GEOMETRIC_REPRESENTATION_CONTEXT ( 3 ) GLOBAL_UNCERTAINTY_ASSIGNED_CONTEXT ( ( #10379 ) ) GLOBAL_UNIT_ASSIGNED_CONTEXT ( ( #5569, #11351, #8372 ) ) REPRESENTATION_CONTEXT ( 'NONE', 'WORKASPACE' ) );
#6669 = CARTESIAN_POINT ( 'NONE',  ( 2.501000000000000334, 0.5284344255175712490, 0.3742491968222728671 ) ) ;
#6670 = CARTESIAN_POINT ( 'NONE',  ( 2.501000000000000334, 0.1298432282970053697, 0.3205976883404567657 ) ) ;
#6671 = VECTOR ( 'NONE', #1597, 1000.000000000000000 ) ;
#6672 = EDGE_CURVE ( 'NONE', #6883, #1198, #2347, .T. ) ;
#6673 = PRESENTATION_LAYER_ASSIGNMENT (  '', '', ( #4552 ) ) ;
#6674 = SURFACE_SIDE_STYLE ('',( #1682 ) ) ;
#6675 = ORIENTED_EDGE ( 'NONE', *, *, #873, .T. ) ;
#6676 =( GEOMETRIC_REPRESENTATION_CONTEXT ( 3 ) GLOBAL_UNCERTAINTY_ASSIGNED_CONTEXT ( ( #4830 ) ) GLOBAL_UNIT_ASSIGNED_CONTEXT ( ( #6181, #9211, #4363 ) ) REPRESENTATION_CONTEXT ( 'NONE', 'WORKASPACE' ) );
#6677 = FILL_AREA_STYLE ('',( #120 ) ) ;
#6678 = VERTEX_POINT ( 'NONE', #11915 ) ;
#6679 = SURFACE_STYLE_USAGE ( .BOTH. , #11380 ) ;
#6680 = ORIENTED_EDGE ( 'NONE', *, *, #12097, .F. ) ;
#6681 = ORIENTED_EDGE ( 'NONE', *, *, #6121, .T. ) ;
#6682 = VECTOR ( 'NONE', #2414, 1000.000000000000000 ) ;
#6683 = CARTESIAN_POINT ( 'NONE',  ( 2.500000000000000000, 0.2498312918404796690, 0.2370011518681925111 ) ) ;
#6684 = AXIS2_PLACEMENT_3D ( 'NONE', #9234, #12138, #5340 ) ;
#6685 = PRESENTATION_LAYER_ASSIGNMENT (  '', '', ( #12044 ) ) ;
#6686 =( LENGTH_UNIT ( ) NAMED_UNIT ( * ) SI_UNIT ( .MILLI., .METRE. ) );
#6687 = FILL_AREA_STYLE_COLOUR ( '', #12092 ) ;
#6688 = SURFACE_SIDE_STYLE ('',( #11324 ) ) ;
#6689 = SURFACE_SIDE_STYLE ('',( #7635 ) ) ;
#6690 = DIRECTION ( 'NONE',  ( 0.000000000000000000, -5.120907607230711934E-15, 1.000000000000000000 ) ) ;
#6691 = SURFACE_STYLE_USAGE ( .BOTH. , #7702 ) ;
#6692 = CARTESIAN_POINT ( 'NONE',  ( 2.501000000000000334, 1.116625478778722869, 0.3076007143860648441 ) ) ;
#6693 = ORIENTED_EDGE ( 'NONE', *, *, #4587, .F. ) ;
#6694 = PRESENTATION_STYLE_ASSIGNMENT (( #2958 ) ) ;
#6695 = LINE ( 'NONE', #1975, #7696 ) ;
#6696 = DIRECTION ( 'NONE',  ( 0.000000000000000000, 0.9409537876827113179, -0.3385350342956531255 ) ) ;
#6697 = SURFACE_STYLE_USAGE ( .BOTH. , #2961 ) ;
#6698 = B_SPLINE_CURVE_WITH_KNOTS ( 'NONE', 3,
 ( #1525, #9836, #3400, #11786 ),
 .UNSPECIFIED., .F., .F.,
 ( 4, 4 ),
 ( 1.000000000000000000, 2.000000000000000000 ),
 .UNSPECIFIED. ) ;
#6699 = ORIENTED_EDGE ( 'NONE', *, *, #6119, .F. ) ;
#6700 = B_SPLINE_CURVE_WITH_KNOTS ( 'NONE', 3,
 ( #6839, #11628, #7602, #2106 ),
 .UNSPECIFIED., .F., .F.,
 ( 4, 4 ),
 ( 12.00000000000000000, 13.00000000000000000 ),
 .UNSPECIFIED. ) ;
#6701 = ORIENTED_EDGE ( 'NONE', *, *, #11383, .F. ) ;
#6702 = SURFACE_STYLE_USAGE ( .BOTH. , #367 ) ;
#6703 = MECHANICAL_DESIGN_GEOMETRIC_PRESENTATION_REPRESENTATION (  '', ( #9930 ), #4962 ) ;
#6704 = CARTESIAN_POINT ( 'NONE',  ( 2.501000000000000334, -0.2523964866658467421, 0.2282896724708665392 ) ) ;
#6705 =( NAMED_UNIT ( * ) SI_UNIT ( $, .STERADIAN. ) SOLID_ANGLE_UNIT ( ) );
#6706 = CARTESIAN_POINT ( 'NONE',  ( 2.501000000000000334, 0.4453057801077998645, 0.3113438428846952988 ) ) ;
#6707 = CARTESIAN_POINT ( 'NONE',  ( 2.501000000000000334, 0.8280406691038837419, 0.7290145978701134677 ) ) ;
#6708 = CARTESIAN_POINT ( 'NONE',  ( 2.501000000000000334, -0.7353562237017230441, 0.1328545412775392898 ) ) ;
#6709 = ORIENTED_EDGE ( 'NONE', *, *, #430, .F. ) ;
#6710 = CARTESIAN_POINT ( 'NONE',  ( 2.501000000000000334, 0.6744164369684616522, 0.5610936943849827996 ) ) ;
#6711 = VERTEX_POINT ( 'NONE', #3459 ) ;
#6712 = PRESENTATION_LAYER_ASSIGNMENT (  '', '', ( #439 ) ) ;
#6713 = ORIENTED_EDGE ( 'NONE', *, *, #9493, .T. ) ;
#6714 = VERTEX_POINT ( 'NONE', #5176 ) ;
#6715 =( NAMED_UNIT ( * ) SI_UNIT ( $, .STERADIAN. ) SOLID_ANGLE_UNIT ( ) );
#6716 = PRESENTATION_LAYER_ASSIGNMENT (  '', '', ( #12071 ) ) ;
#6717 = CARTESIAN_POINT ( 'NONE',  ( 2.500000000000000000, -0.5271340490744739204, 0.2919131300411538232 ) ) ;
#6718 = EDGE_CURVE ( 'NONE', #778, #7657, #10895, .T. ) ;
#6719 = EDGE_CURVE ( 'NONE', #7657, #5029, #7209, .T. ) ;
#6720 = ORIENTED_EDGE ( 'NONE', *, *, #2522, .T. ) ;
#6721 =( LENGTH_UNIT ( ) NAMED_UNIT ( * ) SI_UNIT ( .MILLI., .METRE. ) );
#6722 = CARTESIAN_POINT ( 'NONE',  ( 2.500000000000000000, -0.4808624485847420305, 0.8095764709139161575 ) ) ;
#6723 = MECHANICAL_DESIGN_GEOMETRIC_PRESENTATION_REPRESENTATION (  '', ( #9351 ), #6337 ) ;
#6724 = B_SPLINE_CURVE_WITH_KNOTS ( 'NONE', 3,
 ( #10079, #1661, #6325, #7135 ),
 .UNSPECIFIED., .F., .F.,
 ( 4, 4 ),
 ( 24.00000000000000000, 25.00000000000000000 ),
 .UNSPECIFIED. ) ;
#6725 = CARTESIAN_POINT ( 'NONE',  ( 2.501000000000000334, 0.9303008601735733851, 0.3898455655672723452 ) ) ;
#6727 = CARTESIAN_POINT ( 'NONE',  ( 2.501000000000000334, 0.4605382335818141160, 0.2660103977336463199 ) ) ;
#6726 = SURFACE_STYLE_FILL_AREA ( #161 ) ;
#6729 = ORIENTED_EDGE ( 'NONE', *, *, #8887, .T. ) ;
#6728 = CARTESIAN_POINT ( 'NONE',  ( 2.500000000000000000, -0.1974489852165448867, 0.2326276229509959270 ) ) ;
#6730 = CARTESIAN_POINT ( 'NONE',  ( 2.501000000000000334, 1.116625478778722869, 0.3076007143860648441 ) ) ;
#6731 = CARTESIAN_POINT ( 'NONE',  ( 2.501000000000000334, 0.9303008601735733851, 0.3898455655672723452 ) ) ;
#6732 = ORIENTED_EDGE ( 'NONE', *, *, #8094, .T. ) ;
#6733 =( GEOMETRIC_REPRESENTATION_CONTEXT ( 3 ) GLOBAL_UNCERTAINTY_ASSIGNED_CONTEXT ( ( #4638 ) ) GLOBAL_UNIT_ASSIGNED_CONTEXT ( ( #7243, #4300, #9072 ) ) REPRESENTATION_CONTEXT ( 'NONE', 'WORKASPACE' ) );
#6734 = UNCERTAINTY_MEASURE_WITH_UNIT (LENGTH_MEASURE( 1.000000000000000082E-05 ), #2332, 'distance_accuracy_value', 'NONE');
#6735 = LINE ( 'NONE', #8627, #846 ) ;
#6736 = ORIENTED_EDGE ( 'NONE', *, *, #10249, .T. ) ;
#6737 =( GEOMETRIC_REPRESENTATION_CONTEXT ( 3 ) GLOBAL_UNCERTAINTY_ASSIGNED_CONTEXT ( ( #9522 ) ) GLOBAL_UNIT_ASSIGNED_CONTEXT ( ( #8146, #8250, #7198 ) ) REPRESENTATION_CONTEXT ( 'NONE', 'WORKASPACE' ) );
#6738 = DIRECTION ( 'NONE',  ( 1.301042606982605321E-16, -0.000000000000000000, 1.000000000000000000 ) ) ;
#6739 = CARTESIAN_POINT ( 'NONE',  ( 2.501000000000000334, 0.3285929540011502947, 0.2879492897678874730 ) ) ;
#6740 = EDGE_CURVE ( 'NONE', #6203, #4844, #1668, .T. ) ;
#6741 = B_SPLINE_CURVE_WITH_KNOTS ( 'NONE', 3,
 ( #11735, #2290, #1136, #3274 ),
 .UNSPECIFIED., .F., .F.,
 ( 4, 4 ),
 ( 12.00000000000000000, 13.00000000000000000 ),
 .UNSPECIFIED. ) ;
#6742 = CARTESIAN_POINT ( 'NONE',  ( 2.500000000000000000, 0.2485315944444836667, 0.7284947189111605770 ) ) ;
#6743 = PRESENTATION_STYLE_ASSIGNMENT (( #7809 ) ) ;
#6744 = CARTESIAN_POINT ( 'NONE',  ( 2.501000000000000334, 0.2108403699786665364, 0.5748184988799730499 ) ) ;
#6745 = CARTESIAN_POINT ( 'NONE',  ( 2.501000000000000334, 0.4121375025776601864, 0.5516318973461902253 ) ) ;
#6746 = LINE ( 'NONE', #9637, #2624 ) ;
#6747 = COLOUR_RGB ( '',0.000000000000000000, 0.000000000000000000, 0.000000000000000000 ) ;
#6748 = CARTESIAN_POINT ( 'NONE',  ( 2.501000000000000334, 0.4159846068678096365, 0.3737293178647023151 ) ) ;
#6749 =( NAMED_UNIT ( * ) PLANE_ANGLE_UNIT ( ) SI_UNIT ( $, .RADIAN. ) );
#6750 = STYLED_ITEM ( 'NONE', ( #4814 ), #8660 ) ;
#6752 = CARTESIAN_POINT ( 'NONE',  ( 2.500000000000000000, 0.6948476800243670315, 0.7280788157451079101 ) ) ;
#6751 = FILL_AREA_STYLE_COLOUR ( '', #2165 ) ;
#6753 = CARTESIAN_POINT ( 'NONE',  ( 2.501000000000000334, 0.2467120180916191341, 0.6766107988878468094 ) ) ;
#6754 = ORIENTED_EDGE ( 'NONE', *, *, #873, .F. ) ;
#6755 = UNCERTAINTY_MEASURE_WITH_UNIT (LENGTH_MEASURE( 1.000000000000000082E-05 ), #3767, 'distance_accuracy_value', 'NONE');
#6756 = MECHANICAL_DESIGN_GEOMETRIC_PRESENTATION_REPRESENTATION (  '', ( #7176 ), #289 ) ;
#6757 = EDGE_CURVE ( 'NONE', #6423, #10107, #4111, .T. ) ;
#6758 = STYLED_ITEM ( 'NONE', ( #5544 ), #9028 ) ;
#6759 = MECHANICAL_DESIGN_GEOMETRIC_PRESENTATION_REPRESENTATION (  '', ( #1672 ), #4230 ) ;
#6760 = CARTESIAN_POINT ( 'NONE',  ( 2.501000000000000334, 1.040047308240521273, 0.2846220644353033014 ) ) ;
#6761 = CARTESIAN_POINT ( 'NONE',  ( 2.501000000000000334, 0.3176754958797889938, 0.2583161891533536925 ) ) ;
#6762 = SURFACE_STYLE_FILL_AREA ( #6960 ) ;
#6763 =( NAMED_UNIT ( * ) PLANE_ANGLE_UNIT ( ) SI_UNIT ( $, .RADIAN. ) );
#6764 = ORIENTED_EDGE ( 'NONE', *, *, #10034, .F. ) ;
#6765 =( NAMED_UNIT ( * ) SI_UNIT ( $, .STERADIAN. ) SOLID_ANGLE_UNIT ( ) );
#6766 = AXIS2_PLACEMENT_3D ( 'NONE', #363, #4879, #5802 ) ;
#6767 = CARTESIAN_POINT ( 'NONE',  ( 2.501000000000000334, -0.3218039149811601218, 0.3164948678129326787 ) ) ;
#6768 = UNCERTAINTY_MEASURE_WITH_UNIT (LENGTH_MEASURE( 1.000000000000000082E-05 ), #2853, 'distance_accuracy_value', 'NONE');
#6769 = VECTOR ( 'NONE', #5492, 1000.000000000000000 ) ;
#6770 = CARTESIAN_POINT ( 'NONE',  ( 2.501000000000000334, -0.1164737257285018007, 0.2933590951473956654 ) ) ;
#6771 = FACE_OUTER_BOUND ( 'NONE', #12061, .T. ) ;
#6772 = LINE ( 'NONE', #9658, #9725 ) ;
#6773 = ORIENTED_EDGE ( 'NONE', *, *, #5605, .T. ) ;
#6774 = SURFACE_STYLE_USAGE ( .BOTH. , #8658 ) ;
#6775 = ORIENTED_EDGE ( 'NONE', *, *, #1354, .F. ) ;
#6776 = ADVANCED_FACE ( 'NONE', ( #7451 ), #725, .T. ) ;
#6777 = ADVANCED_FACE ( 'NONE', ( #8897 ), #6067, .F. ) ;
#6778 =( NAMED_UNIT ( * ) SI_UNIT ( $, .STERADIAN. ) SOLID_ANGLE_UNIT ( ) );
#6779 = FACE_OUTER_BOUND ( 'NONE', #9062, .T. ) ;
#6780 = VECTOR ( 'NONE', #2331, 1000.000000000000000 ) ;
#6781 = CARTESIAN_POINT ( 'NONE',  ( 2.501000000000000334, -0.6717327385521014715, 0.4234979680790827428 ) ) ;
#6782 = LINE ( 'NONE', #6905, #3792 ) ;
#6784 = SURFACE_SIDE_STYLE ('',( #5685 ) ) ;
#6783 = SURFACE_STYLE_USAGE ( .BOTH. , #201 ) ;
#6786 = VERTEX_POINT ( 'NONE', #10067 ) ;
#6785 =( NAMED_UNIT ( * ) SI_UNIT ( $, .STERADIAN. ) SOLID_ANGLE_UNIT ( ) );
#6787 = CARTESIAN_POINT ( 'NONE',  ( 2.500000000000000000, 0.5611867998816577607, 0.1760713379721396687 ) ) ;
#6788 = CARTESIAN_POINT ( 'NONE',  ( 2.501000000000000334, -0.9855119931785352172, 0.4582015994973731576 ) ) ;
#6789 = PRESENTATION_LAYER_ASSIGNMENT (  '', '', ( #12125 ) ) ;
#6790 = CARTESIAN_POINT ( 'NONE',  ( 2.500000000000000000, 0.2974002165118395657, 0.5715952493389054867 ) ) ;
#6791 = ORIENTED_EDGE ( 'NONE', *, *, #4148, .F. ) ;
#6792 = CARTESIAN_POINT ( 'NONE',  ( 2.501000000000000334, -0.8944147573046109523, 0.4018081605197766915 ) ) ;
#6793 = ORIENTED_EDGE ( 'NONE', *, *, #9256, .T. ) ;
#6794 = UNCERTAINTY_MEASURE_WITH_UNIT (LENGTH_MEASURE( 1.000000000000000082E-05 ), #7441, 'distance_accuracy_value', 'NONE');
#6795 = SURFACE_SIDE_STYLE ('',( #4089 ) ) ;
#6796 =( GEOMETRIC_REPRESENTATION_CONTEXT ( 3 ) GLOBAL_UNCERTAINTY_ASSIGNED_CONTEXT ( ( #9047 ) ) GLOBAL_UNIT_ASSIGNED_CONTEXT ( ( #707, #2566, #1652 ) ) REPRESENTATION_CONTEXT ( 'NONE', 'WORKASPACE' ) );
#6798 = VERTEX_POINT ( 'NONE', #12182 ) ;
#6797 = PRESENTATION_STYLE_ASSIGNMENT (( #11530 ) ) ;
#6799 = ADVANCED_FACE ( 'NONE', ( #9220 ), #2203, .T. ) ;
#6800 = CARTESIAN_POINT ( 'NONE',  ( 2.501000000000000334, 0.4781621302634043169, 0.2925242246000139823 ) ) ;
#6801 = EDGE_CURVE ( 'NONE', #8012, #3501, #8361, .T. ) ;
#6802 = FILL_AREA_STYLE_COLOUR ( '', #7378 ) ;
#6803 = STYLED_ITEM ( 'NONE', ( #6694 ), #5638 ) ;
#6804 = CARTESIAN_POINT ( 'NONE',  ( 2.501000000000000334, 0.4407308452763668560, 0.2878453139763706425 ) ) ;
#6805 = DIRECTION ( 'NONE',  ( -1.000000000000000000, -0.000000000000000000, -0.000000000000000000 ) ) ;
#6806 = DIRECTION ( 'NONE',  ( 3.252606517456513302E-16, 0.000000000000000000, -1.000000000000000000 ) ) ;
#6807 = CARTESIAN_POINT ( 'NONE',  ( 2.500000000000000000, -0.8944147573046113964, 0.5406229344117308155 ) ) ;
#6808 = B_SPLINE_SURFACE_WITH_KNOTS ( 'NONE', 3, 1, ( 
 ( #6725, #1255 ),
 ( #6057, #5075 ),
 ( #3112, #8681 ),
 ( #6002, #6989 ) ),
 .UNSPECIFIED., .F., .F., .F.,
 ( 4, 4 ),
 ( 2, 2 ),
 ( 5.000000000000000000, 6.000000000000000000 ),
 ( 0.000000000000000000, 1.000000000000000000 ),
 .UNSPECIFIED. ) ;
#6809 = FILL_AREA_STYLE ('',( #5039 ) ) ;
#6810 = ORIENTED_EDGE ( 'NONE', *, *, #4504, .F. ) ;
#6811 = COLOUR_RGB ( '',0.000000000000000000, 0.000000000000000000, 0.000000000000000000 ) ;
#6812 = EDGE_CURVE ( 'NONE', #9458, #4254, #156, .T. ) ;
#6813 = ORIENTED_EDGE ( 'NONE', *, *, #10207, .T. ) ;
#6814 = ORIENTED_EDGE ( 'NONE', *, *, #11715, .T. ) ;
#6815 = FACE_OUTER_BOUND ( 'NONE', #4169, .T. ) ;
#6816 =( LENGTH_UNIT ( ) NAMED_UNIT ( * ) SI_UNIT ( .MILLI., .METRE. ) );
#6817 = CARTESIAN_POINT ( 'NONE',  ( 2.500000000000000000, 0.3998163712687935467, 0.2284751369544077149 ) ) ;
#6818 = AXIS2_PLACEMENT_3D ( 'NONE', #7169, #10977, #4683 ) ;
#6819 =( NAMED_UNIT ( * ) PLANE_ANGLE_UNIT ( ) SI_UNIT ( $, .RADIAN. ) );
#6820 = ORIENTED_EDGE ( 'NONE', *, *, #10649, .F. ) ;
#6821 =( LENGTH_UNIT ( ) NAMED_UNIT ( * ) SI_UNIT ( .MILLI., .METRE. ) );
#6822 = FACE_BOUND ( 'NONE', #7186, .T. ) ;
#6823 = ORIENTED_EDGE ( 'NONE', *, *, #5501, .T. ) ;
#6824 = PLANE ( 'NONE',  #10287 ) ;
#6825 = CARTESIAN_POINT ( 'NONE',  ( 2.501000000000000334, -0.4808624485847420305, 0.8095764709139161575 ) ) ;
#6826 = FACE_OUTER_BOUND ( 'NONE', #10988, .T. ) ;
#6827 = EDGE_CURVE ( 'NONE', #8609, #2604, #8474, .T. ) ;
#6828 = DIRECTION ( 'NONE',  ( -0.000000000000000000, -1.000000000000000000, -0.000000000000000000 ) ) ;
#6829 =( LENGTH_UNIT ( ) NAMED_UNIT ( * ) SI_UNIT ( .MILLI., .METRE. ) );
#6830 = CARTESIAN_POINT ( 'NONE',  ( 2.501000000000000334, 0.9802092401581361525, 0.3332827349189388944 ) ) ;
#6831 = DIRECTION ( 'NONE',  ( -1.000000000000000000, -0.000000000000000000, -0.000000000000000000 ) ) ;
#6832 = PLANE ( 'NONE',  #8978 ) ;
#6833 = SURFACE_SIDE_STYLE ('',( #11752 ) ) ;
#6834 =( NAMED_UNIT ( * ) SI_UNIT ( $, .STERADIAN. ) SOLID_ANGLE_UNIT ( ) );
#6835 = EDGE_CURVE ( 'NONE', #3526, #2491, #14, .T. ) ;
#6837 = ORIENTED_EDGE ( 'NONE', *, *, #7868, .T. ) ;
#6836 = SURFACE_STYLE_USAGE ( .BOTH. , #3951 ) ;
#6838 = MANIFOLD_SOLID_BREP ( 'ÕπÃ®-¿≠…Ï3', #9182 ) ;
#6839 = CARTESIAN_POINT ( 'NONE',  ( 2.500000000000000000, 0.5732999796068046772, 0.2648666640256179261 ) ) ;
#6840 = FILL_AREA_STYLE_COLOUR ( '', #11070 ) ;
#6841 = ORIENTED_EDGE ( 'NONE', *, *, #11119, .T. ) ;
#6842 = ORIENTED_EDGE ( 'NONE', *, *, #5080, .T. ) ;
#6843 = ORIENTED_EDGE ( 'NONE', *, *, #10231, .T. ) ;
#6844 = FILL_AREA_STYLE ('',( #8813 ) ) ;
#6845 = CARTESIAN_POINT ( 'NONE',  ( 2.501000000000000334, 0.4227430333237924831, 0.3514784984545376578 ) ) ;
#6846 = CARTESIAN_POINT ( 'NONE',  ( 2.500000000000000000, 0.2754613244775989123, 0.2486464405315313431 ) ) ;
#6847 = EDGE_LOOP ( 'NONE', ( #9372, #1728, #3616, #5666 ) ) ;
#6848 = PRESENTATION_LAYER_ASSIGNMENT (  '', '', ( #12192 ) ) ;
#6849 = CARTESIAN_POINT ( 'NONE',  ( 2.501000000000000334, 0.2467120180916191341, 0.6510327541464869805 ) ) ;
#6851 = VERTEX_POINT ( 'NONE', #1869 ) ;
#6850 = CARTESIAN_POINT ( 'NONE',  ( 2.500000000000000000, 0.4505045696896998741, 0.2463589731154730289 ) ) ;
#6852 = CARTESIAN_POINT ( 'NONE',  ( 2.500000000000000000, 0.3959692669786430974, 0.3120716734266724135 ) ) ;
#6853 = FACE_OUTER_BOUND ( 'NONE', #11955, .T. ) ;
#6854 = CARTESIAN_POINT ( 'NONE',  ( 2.501000000000000334, 0.8274168143548046306, 0.7290145978701134677 ) ) ;
#6855 = ORIENTED_EDGE ( 'NONE', *, *, #4837, .F. ) ;
#6856 = AXIS2_PLACEMENT_3D ( 'NONE', #4406, #9851, #5236 ) ;
#6857 =( LENGTH_UNIT ( ) NAMED_UNIT ( * ) SI_UNIT ( .MILLI., .METRE. ) );
#6858 = FILL_AREA_STYLE ('',( #9076 ) ) ;
#6859 = UNCERTAINTY_MEASURE_WITH_UNIT (LENGTH_MEASURE( 1.000000000000000082E-05 ), #449, 'distance_accuracy_value', 'NONE');
#6860 = LINE ( 'NONE', #4173, #2006 ) ;
#6861 = EDGE_CURVE ( 'NONE', #8212, #11837, #5489, .T. ) ;
#6862 = CARTESIAN_POINT ( 'NONE',  ( 2.501000000000000334, 0.8958328852481319826, 0.4089771112278833831 ) ) ;
#6863 =( GEOMETRIC_REPRESENTATION_CONTEXT ( 3 ) GLOBAL_UNCERTAINTY_ASSIGNED_CONTEXT ( ( #5623 ) ) GLOBAL_UNIT_ASSIGNED_CONTEXT ( ( #8919, #6819, #1339 ) ) REPRESENTATION_CONTEXT ( 'NONE', 'WORKASPACE' ) );
#6864 = CARTESIAN_POINT ( 'NONE',  ( 2.501000000000000334, 0.6756121585722466572, 0.7124824470001057675 ) ) ;
#6866 = FACE_OUTER_BOUND ( 'NONE', #1368, .T. ) ;
#6865 = DIRECTION ( 'NONE',  ( -1.000000000000000000, -0.000000000000000000, -0.000000000000000000 ) ) ;
#6867 = ORIENTED_EDGE ( 'NONE', *, *, #2319, .T. ) ;
#6868 = AXIS2_PLACEMENT_3D ( 'NONE', #11139, #904, #3811 ) ;
#6869 =( NAMED_UNIT ( * ) SI_UNIT ( $, .STERADIAN. ) SOLID_ANGLE_UNIT ( ) );
#6870 = PRESENTATION_LAYER_ASSIGNMENT (  '', '', ( #10665 ) ) ;
#6871 = EDGE_LOOP ( 'NONE', ( #154, #6775, #2605, #9942 ) ) ;
#6872 = ORIENTED_EDGE ( 'NONE', *, *, #5265, .F. ) ;
#6873 = ORIENTED_EDGE ( 'NONE', *, *, #6503, .F. ) ;
#6874 = PRESENTATION_STYLE_ASSIGNMENT (( #11845 ) ) ;
#6875 = FACE_OUTER_BOUND ( 'NONE', #4420, .T. ) ;
#6876 = COLOUR_RGB ( '',0.000000000000000000, 0.000000000000000000, 0.000000000000000000 ) ;
#6877 = AXIS2_PLACEMENT_3D ( 'NONE', #10049, #11932, #683 ) ;
#6878 = EDGE_CURVE ( 'NONE', #10594, #9386, #11341, .T. ) ;
#6879 = MECHANICAL_DESIGN_GEOMETRIC_PRESENTATION_REPRESENTATION (  '', ( #6286 ), #2355 ) ;
#6880 = MECHANICAL_DESIGN_GEOMETRIC_PRESENTATION_REPRESENTATION (  '', ( #2385 ), #4145 ) ;
#6881 = PRESENTATION_STYLE_ASSIGNMENT (( #2291 ) ) ;
#6883 = VERTEX_POINT ( 'NONE', #10719 ) ;
#6882 = ADVANCED_FACE ( 'NONE', ( #6779 ), #9407, .F. ) ;
#6884 =( GEOMETRIC_REPRESENTATION_CONTEXT ( 3 ) GLOBAL_UNCERTAINTY_ASSIGNED_CONTEXT ( ( #10897 ) ) GLOBAL_UNIT_ASSIGNED_CONTEXT ( ( #6686, #3994, #4869 ) ) REPRESENTATION_CONTEXT ( 'NONE', 'WORKASPACE' ) );
#6885 = DIRECTION ( 'NONE',  ( -0.000000000000000000, -1.000000000000000000, -3.737436600434502284E-15 ) ) ;
#6886 = VECTOR ( 'NONE', #5814, 1000.000000000000000 ) ;
#6887 = FILL_AREA_STYLE_COLOUR ( '', #3592 ) ;
#6888 = CARTESIAN_POINT ( 'NONE',  ( 2.501000000000000334, 0.2025742945436623255, 0.3205976883404570432 ) ) ;
#6889 = CARTESIAN_POINT ( 'NONE',  ( 2.501000000000000334, 0.3714309801537973854, 0.7501216835708589548 ) ) ;
#6890 = VERTEX_POINT ( 'NONE', #8111 ) ;
#6891 =( LENGTH_UNIT ( ) NAMED_UNIT ( * ) SI_UNIT ( .MILLI., .METRE. ) );
#6892 = VERTEX_POINT ( 'NONE', #10040 ) ;
#6893 = DIRECTION ( 'NONE',  ( -1.000000000000000000, -0.000000000000000000, -0.000000000000000000 ) ) ;
#6894 = UNCERTAINTY_MEASURE_WITH_UNIT (LENGTH_MEASURE( 1.000000000000000082E-05 ), #1245, 'distance_accuracy_value', 'NONE');
#6895 = VECTOR ( 'NONE', #8069, 1000.000000000000000 ) ;
#6896 = ORIENTED_EDGE ( 'NONE', *, *, #8861, .T. ) ;
#6897 = VECTOR ( 'NONE', #2018, 1000.000000000000000 ) ;
#6899 = ORIENTED_EDGE ( 'NONE', *, *, #5456, .T. ) ;
#6898 = PRESENTATION_LAYER_ASSIGNMENT (  '', '', ( #2940 ) ) ;
#6900 = CARTESIAN_POINT ( 'NONE',  ( 2.500000000000000000, -0.9609302105895747292, 0.5796645163087665864 ) ) ;
#6901 = ADVANCED_FACE ( 'NONE', ( #5985 ), #5420, .F. ) ;
#6902 = CARTESIAN_POINT ( 'NONE',  ( 2.500000000000000000, -0.6992065168571193201, 0.7141413121405717490 ) ) ;
#6903 = CARTESIAN_POINT ( 'NONE',  ( 2.500000000000000000, -0.1526234049923927139, 0.4292818560854309573 ) ) ;
#6904 = AXIS2_PLACEMENT_3D ( 'NONE', #4509, #3751, #10323 ) ;
#6905 = CARTESIAN_POINT ( 'NONE',  ( 2.501000000000000334, 0.7658111578125357255, 0.5516318973461914466 ) ) ;
#6906 = STYLED_ITEM ( 'NONE', ( #8805 ), #7373 ) ;
#6907 = PRESENTATION_STYLE_ASSIGNMENT (( #6783 ) ) ;
#6908 = COLOUR_RGB ( '',0.000000000000000000, 0.000000000000000000, 0.000000000000000000 ) ;
#6909 = ORIENTED_EDGE ( 'NONE', *, *, #10389, .F. ) ;
#6910 = DIRECTION ( 'NONE',  ( -0.000000000000000000, -1.000000000000000000, -3.260615420656684653E-15 ) ) ;
#6911 = ORIENTED_EDGE ( 'NONE', *, *, #11456, .T. ) ;
#6912 = EDGE_LOOP ( 'NONE', ( #742, #10782, #11226, #2875, #1880, #4952, #5509, #10397, #3931, #9626, #3125, #9506, #4082, #6791, #2143 ) ) ;
#6913 =( NAMED_UNIT ( * ) SI_UNIT ( $, .STERADIAN. ) SOLID_ANGLE_UNIT ( ) );
#6915 = ORIENTED_EDGE ( 'NONE', *, *, #7039, .T. ) ;
#6914 = PRESENTATION_LAYER_ASSIGNMENT (  '', '', ( #8520 ) ) ;
#6916 = FACE_OUTER_BOUND ( 'NONE', #7320, .T. ) ;
#6918 = DIRECTION ( 'NONE',  ( -1.000000000000000000, -0.000000000000000000, -0.000000000000000000 ) ) ;
#6917 = DIRECTION ( 'NONE',  ( -0.000000000000000000, -1.000000000000000000, -3.805637998265178526E-15 ) ) ;
#6919 = CARTESIAN_POINT ( 'NONE',  ( 2.500000000000000000, 0.6979149658781653720, 0.6805618789695090376 ) ) ;
#6921 = ADVANCED_FACE ( 'NONE', ( #2437 ), #6293, .F. ) ;
#6920 = ORIENTED_EDGE ( 'NONE', *, *, #4376, .F. ) ;
#6922 = B_SPLINE_SURFACE_WITH_KNOTS ( 'NONE', 3, 1, ( 
 ( #8283, #8717 ),
 ( #4993, #3998 ),
 ( #2956, #8788 ),
 ( #9716, #6625 ) ),
 .UNSPECIFIED., .F., .F., .F.,
 ( 4, 4 ),
 ( 2, 2 ),
 ( 0.000000000000000000, 1.000000000000000000 ),
 ( 0.000000000000000000, 1.000000000000000000 ),
 .UNSPECIFIED. ) ;
#6923 = UNCERTAINTY_MEASURE_WITH_UNIT (LENGTH_MEASURE( 1.000000000000000082E-05 ), #3347, 'distance_accuracy_value', 'NONE');
#6924 = PRESENTATION_STYLE_ASSIGNMENT (( #386 ) ) ;
#6926 = FILL_AREA_STYLE_COLOUR ( '', #6589 ) ;
#6925 =( LENGTH_UNIT ( ) NAMED_UNIT ( * ) SI_UNIT ( .MILLI., .METRE. ) );
#6927 = VERTEX_POINT ( 'NONE', #6988 ) ;
#6928 = LINE ( 'NONE', #4166, #6338 ) ;
#6929 = EDGE_LOOP ( 'NONE', ( #9909, #885, #7528, #10417 ) ) ;
#6930 = VECTOR ( 'NONE', #10811, 1000.000000000000000 ) ;
#6931 = VERTEX_POINT ( 'NONE', #10801 ) ;
#6932 = LINE ( 'NONE', #8893, #572 ) ;
#6933 = FILL_AREA_STYLE ('',( #4099 ) ) ;
#6934 = ADVANCED_FACE ( 'NONE', ( #11100 ), #7813, .F. ) ;
#6935 = VECTOR ( 'NONE', #11549, 1000.000000000000000 ) ;
#6936 = CARTESIAN_POINT ( 'NONE',  ( 2.500000000000000000, 0.6157221025927128721, 0.5748184988799746042 ) ) ;
#6937 = DIRECTION ( 'NONE',  ( 0.000000000000000000, 1.000000000000000000, 7.343273320721139662E-15 ) ) ;
#6938 = PRESENTATION_STYLE_ASSIGNMENT (( #3120 ) ) ;
#6939 = STYLED_ITEM ( 'NONE', ( #4848 ), #5049 ) ;
#6940 = CARTESIAN_POINT ( 'NONE',  ( 2.501000000000000334, 0.7152789230802812925, 0.5991488341217902081 ) ) ;
#6941 = CARTESIAN_POINT ( 'NONE',  ( 2.501000000000000334, 0.8408816793710157667, 0.4089771112278832166 ) ) ;
#6942 = SURFACE_STYLE_FILL_AREA ( #6018 ) ;
#6943 = ORIENTED_EDGE ( 'NONE', *, *, #9841, .F. ) ;
#6944 = FILL_AREA_STYLE ('',( #3195 ) ) ;
#6945 = SURFACE_STYLE_USAGE ( .BOTH. , #1128 ) ;
#6946 = STYLED_ITEM ( 'NONE', ( #9853 ), #3452 ) ;
#6947 = VECTOR ( 'NONE', #3054, 1000.000000000000000 ) ;
#6948 = VECTOR ( 'NONE', #676, 1000.000000000000000 ) ;
#6949 = ORIENTED_EDGE ( 'NONE', *, *, #739, .T. ) ;
#6950 = VERTEX_POINT ( 'NONE', #12041 ) ;
#6951 = ORIENTED_EDGE ( 'NONE', *, *, #7402, .F. ) ;
#6952 = CARTESIAN_POINT ( 'NONE',  ( 2.501000000000000334, 0.5111224562105154412, 0.6665251470985906757 ) ) ;
#6953 = CARTESIAN_POINT ( 'NONE',  ( 2.501000000000000334, 0.4724434617239411383, 0.2989707236807600532 ) ) ;
#6954 =( GEOMETRIC_REPRESENTATION_CONTEXT ( 3 ) GLOBAL_UNCERTAINTY_ASSIGNED_CONTEXT ( ( #12049 ) ) GLOBAL_UNIT_ASSIGNED_CONTEXT ( ( #8184, #870, #7239 ) ) REPRESENTATION_CONTEXT ( 'NONE', 'WORKASPACE' ) );
#6955 = PRESENTATION_STYLE_ASSIGNMENT (( #3082 ) ) ;
#6956 = SURFACE_STYLE_FILL_AREA ( #3132 ) ;
#6957 = LINE ( 'NONE', #357, #11254 ) ;
#6958 = MECHANICAL_DESIGN_GEOMETRIC_PRESENTATION_REPRESENTATION (  '', ( #76 ), #9753 ) ;
#6959 = CARTESIAN_POINT ( 'NONE',  ( 2.501000000000000334, 0.4691162363913611855, 0.3754969063218119296 ) ) ;
#6960 = FILL_AREA_STYLE ('',( #3997 ) ) ;
#6961 =( NAMED_UNIT ( * ) SI_UNIT ( $, .STERADIAN. ) SOLID_ANGLE_UNIT ( ) );
#6962 = ORIENTED_EDGE ( 'NONE', *, *, #8078, .T. ) ;
#6963 = ORIENTED_EDGE ( 'NONE', *, *, #224, .T. ) ;
#6964 = LINE ( 'NONE', #3342, #4216 ) ;
#6965 = VECTOR ( 'NONE', #9957, 1000.000000000000000 ) ;
#6966 =( NAMED_UNIT ( * ) SI_UNIT ( $, .STERADIAN. ) SOLID_ANGLE_UNIT ( ) );
#6967 = EDGE_CURVE ( 'NONE', #5815, #4257, #9297, .T. ) ;
#6968 = EDGE_CURVE ( 'NONE', #5255, #4866, #6695, .T. ) ;
#6969 = MECHANICAL_DESIGN_GEOMETRIC_PRESENTATION_REPRESENTATION (  '', ( #1449 ), #2631 ) ;
#6970 = STYLED_ITEM ( 'NONE', ( #10291 ), #313 ) ;
#6971 = ORIENTED_EDGE ( 'NONE', *, *, #8576, .T. ) ;
#6972 = FILL_AREA_STYLE ('',( #2238 ) ) ;
#6973 = FILL_AREA_STYLE_COLOUR ( '', #8565 ) ;
#6974 = LINE ( 'NONE', #2306, #4793 ) ;
#6975 = STYLED_ITEM ( 'NONE', ( #4035 ), #3866 ) ;
#6976 = VECTOR ( 'NONE', #246, 1000.000000000000000 ) ;
#6977 = MECHANICAL_DESIGN_GEOMETRIC_PRESENTATION_REPRESENTATION (  '', ( #10757 ), #11732 ) ;
#6978 = PRESENTATION_LAYER_ASSIGNMENT (  '', '', ( #2653 ) ) ;
#6980 = ORIENTED_EDGE ( 'NONE', *, *, #9064, .F. ) ;
#6979 =( LENGTH_UNIT ( ) NAMED_UNIT ( * ) SI_UNIT ( .MILLI., .METRE. ) );
#6981 = CARTESIAN_POINT ( 'NONE',  ( 2.501000000000000334, 1.082105515956131025, 0.4063777164358939320 ) ) ;
#6982 = EDGE_LOOP ( 'NONE', ( #11912, #3852, #292, #5950 ) ) ;
#6983 = EDGE_CURVE ( 'NONE', #8844, #315, #4752, .T. ) ;
#6984 = ORIENTED_EDGE ( 'NONE', *, *, #9000, .F. ) ;
#6985 =( NAMED_UNIT ( * ) PLANE_ANGLE_UNIT ( ) SI_UNIT ( $, .RADIAN. ) );
#6986 = CARTESIAN_POINT ( 'NONE',  ( 2.500000000000000000, 0.5732999796068045661, 0.2648666640256179261 ) ) ;
#6987 = ORIENTED_EDGE ( 'NONE', *, *, #5391, .T. ) ;
#6988 = CARTESIAN_POINT ( 'NONE',  ( 2.500000000000000000, -0.2480585361857175208, 0.2282896724708665670 ) ) ;
#6989 = CARTESIAN_POINT ( 'NONE',  ( 2.500000000000000000, 0.8716065257978243830, 0.4089771112278832721 ) ) ;
#6990 = DIRECTION ( 'NONE',  ( 0.000000000000000000, -0.000000000000000000, 1.000000000000000000 ) ) ;
#6991 =( GEOMETRIC_REPRESENTATION_CONTEXT ( 3 ) GLOBAL_UNCERTAINTY_ASSIGNED_CONTEXT ( ( #6508 ) ) GLOBAL_UNIT_ASSIGNED_CONTEXT ( ( #11037, #11994, #3535 ) ) REPRESENTATION_CONTEXT ( 'NONE', 'WORKASPACE' ) );
#6992 = ORIENTED_EDGE ( 'NONE', *, *, #2943, .F. ) ;
#6993 =( NAMED_UNIT ( * ) PLANE_ANGLE_UNIT ( ) SI_UNIT ( $, .RADIAN. ) );
#6994 = EDGE_CURVE ( 'NONE', #4751, #7005, #6162, .T. ) ;
#6995 = EDGE_LOOP ( 'NONE', ( #3903, #729, #350, #8926 ) ) ;
#6996 = CARTESIAN_POINT ( 'NONE',  ( 2.501000000000000334, 0.8907900593541902001, 0.5516318973461918906 ) ) ;
#6997 =( NAMED_UNIT ( * ) PLANE_ANGLE_UNIT ( ) SI_UNIT ( $, .RADIAN. ) );
#6998 = CARTESIAN_POINT ( 'NONE',  ( -2.500000000000000000, 0.000000000000000000, 1.000000000000000000 ) ) ;
#6999 = CARTESIAN_POINT ( 'NONE',  ( 2.501000000000000334, 0.4539877587088579358, 0.2798391780201487378 ) ) ;
#7000 = CARTESIAN_POINT ( 'NONE',  ( 2.501000000000000334, 0.2681310311675959568, 0.7484580709052610636 ) ) ;
#7001 =( NAMED_UNIT ( * ) SI_UNIT ( $, .STERADIAN. ) SOLID_ANGLE_UNIT ( ) );
#7002 = B_SPLINE_CURVE_WITH_KNOTS ( 'NONE', 3,
 ( #8762, #4036, #3116, #10676 ),
 .UNSPECIFIED., .F., .F.,
 ( 4, 4 ),
 ( 12.00000000000000000, 13.00000000000000000 ),
 .UNSPECIFIED. ) ;
#7003 = ORIENTED_EDGE ( 'NONE', *, *, #5605, .F. ) ;
#7004 = ADVANCED_FACE ( 'NONE', ( #7585 ), #6824, .F. ) ;
#7005 = VERTEX_POINT ( 'NONE', #10828 ) ;
#7006 = EDGE_CURVE ( 'NONE', #8669, #4671, #2345, .T. ) ;
#7007 = COLOUR_RGB ( '',0.000000000000000000, 0.000000000000000000, 0.000000000000000000 ) ;
#7008 = EDGE_LOOP ( 'NONE', ( #3676, #7481, #10353, #11043 ) ) ;
#7009 = ORIENTED_EDGE ( 'NONE', *, *, #8724, .F. ) ;
#7010 = DIRECTION ( 'NONE',  ( -0.000000000000000000, -0.000000000000000000, -1.000000000000000000 ) ) ;
#7011 = CARTESIAN_POINT ( 'NONE',  ( 2.500000000000000000, 0.7255205385554218678, 0.6860725959252541584 ) ) ;
#7012 =( LENGTH_UNIT ( ) NAMED_UNIT ( * ) SI_UNIT ( .MILLI., .METRE. ) );
#7013 = CARTESIAN_POINT ( 'NONE',  ( -1.699999999999999067, 0.2500000000000000000, -2.000000000000000000 ) ) ;
#7014 = PLANE ( 'NONE',  #4017 ) ;
#7015 = MECHANICAL_DESIGN_GEOMETRIC_PRESENTATION_REPRESENTATION (  '', ( #6803 ), #9821 ) ;
#7016 = ORIENTED_EDGE ( 'NONE', *, *, #8534, .F. ) ;
#7017 = LINE ( 'NONE', #10832, #2758 ) ;
#7018 = FACE_OUTER_BOUND ( 'NONE', #9252, .T. ) ;
#7019 = UNCERTAINTY_MEASURE_WITH_UNIT (LENGTH_MEASURE( 1.000000000000000082E-05 ), #3150, 'distance_accuracy_value', 'NONE');
#7020 = SURFACE_STYLE_FILL_AREA ( #9596 ) ;
#7021 = LINE ( 'NONE', #10710, #44 ) ;
#7022 = ORIENTED_EDGE ( 'NONE', *, *, #4514, .T. ) ;
#7023 = CARTESIAN_POINT ( 'NONE',  ( 2.501000000000000334, 0.5861929777696958110, 0.7316139926607153621 ) ) ;
#7024 =( LENGTH_UNIT ( ) NAMED_UNIT ( * ) SI_UNIT ( .MILLI., .METRE. ) );
#7025 = B_SPLINE_CURVE_WITH_KNOTS ( 'NONE', 3,
 ( #2808, #10612, #6544, #2186 ),
 .UNSPECIFIED., .F., .F.,
 ( 4, 4 ),
 ( 15.00000000000000000, 16.00000000000000000 ),
 .UNSPECIFIED. ) ;
#7026 = LINE ( 'NONE', #608, #394 ) ;
#7027 = CARTESIAN_POINT ( 'NONE',  ( 2.500000000000000000, -0.6457050080940718306, 0.6649777538569622282 ) ) ;
#7029 = ORIENTED_EDGE ( 'NONE', *, *, #10391, .T. ) ;
#7028 = ADVANCED_FACE ( 'NONE', ( #3406 ), #7830, .T. ) ;
#7030 = EDGE_CURVE ( 'NONE', #10138, #2729, #5578, .T. ) ;
#7031 = SURFACE_STYLE_USAGE ( .BOTH. , #2360 ) ;
#7032 = ORIENTED_EDGE ( 'NONE', *, *, #2642, .F. ) ;
#7033 = ORIENTED_EDGE ( 'NONE', *, *, #498, .T. ) ;
#7034 = EDGE_LOOP ( 'NONE', ( #302, #8243, #11148, #6899 ) ) ;
#7035 = DIRECTION ( 'NONE',  ( 0.000000000000000000, 0.000000000000000000, 1.000000000000000000 ) ) ;
#7036 = ORIENTED_EDGE ( 'NONE', *, *, #6514, .F. ) ;
#7037 = LINE ( 'NONE', #11634, #1366 ) ;
#7038 = CARTESIAN_POINT ( 'NONE',  ( 2.501000000000000334, 0.6904806967752673552, 0.6996934246301188542 ) ) ;
#7039 = EDGE_CURVE ( 'NONE', #4038, #8294, #1840, .T. ) ;
#7040 = DIRECTION ( 'NONE',  ( -3.614007241618347908E-17, 0.000000000000000000, -1.000000000000000000 ) ) ;
#7041 = DIRECTION ( 'NONE',  ( -1.000000000000000000, -0.000000000000000000, -0.000000000000000000 ) ) ;
#7043 = EDGE_LOOP ( 'NONE', ( #11231, #12121, #10528, #1302 ) ) ;
#7042 = FILL_AREA_STYLE ('',( #6007 ) ) ;
#7044 = FILL_AREA_STYLE_COLOUR ( '', #8162 ) ;
#7045 = SURFACE_STYLE_USAGE ( .BOTH. , #8015 ) ;
#7046 = ORIENTED_EDGE ( 'NONE', *, *, #8032, .F. ) ;
#7047 = VERTEX_POINT ( 'NONE', #9284 ) ;
#7048 = DIRECTION ( 'NONE',  ( -1.000000000000000000, -0.000000000000000000, -0.000000000000000000 ) ) ;
#7049 = CARTESIAN_POINT ( 'NONE',  ( 2.501000000000000334, -0.6543809090536403250, 0.7531829698819683117 ) ) ;
#7050 = CARTESIAN_POINT ( 'NONE',  ( 2.501000000000000334, 1.084912862331147920, 0.3949403793569650212 ) ) ;
#7051 =( NAMED_UNIT ( * ) SI_UNIT ( $, .STERADIAN. ) SOLID_ANGLE_UNIT ( ) );
#7052 = EDGE_CURVE ( 'NONE', #3840, #1549, #8712, .T. ) ;
#7053 = FACE_OUTER_BOUND ( 'NONE', #8890, .T. ) ;
#7054 = DIRECTION ( 'NONE',  ( -1.000000000000000000, -0.000000000000000000, -0.000000000000000000 ) ) ;
#7055 = PRESENTATION_STYLE_ASSIGNMENT (( #8075 ) ) ;
#7056 = CARTESIAN_POINT ( 'NONE',  ( 2.501000000000000334, 1.174488006820971320, 0.2289950159133598839 ) ) ;
#7057 = EDGE_LOOP ( 'NONE', ( #4152, #2368, #10657, #8845 ) ) ;
#7058 = ORIENTED_EDGE ( 'NONE', *, *, #8836, .F. ) ;
#7059 = ORIENTED_EDGE ( 'NONE', *, *, #6801, .F. ) ;
#7060 = COLOUR_RGB ( '',0.000000000000000000, 0.000000000000000000, 0.000000000000000000 ) ;
#7061 = VERTEX_POINT ( 'NONE', #5600 ) ;
#7062 = FACE_OUTER_BOUND ( 'NONE', #7008, .T. ) ;
#7063 = CARTESIAN_POINT ( 'NONE',  ( 2.501000000000000334, 1.082729370706597916, 0.4063777164358939320 ) ) ;
#7064 = CARTESIAN_POINT ( 'NONE',  ( 2.500000000000000000, 0.8274168143548046306, 0.7290145978701134677 ) ) ;
#7065 = CARTESIAN_POINT ( 'NONE',  ( 2.500000000000000000, 0.2373541968443407257, 0.2678819619836516064 ) ) ;
#7066 = EDGE_CURVE ( 'NONE', #5090, #6883, #2701, .T. ) ;
#7067 = DIRECTION ( 'NONE',  ( 0.000000000000000000, 1.000000000000000000, 2.981400461857163367E-15 ) ) ;
#7068 = PRESENTATION_LAYER_ASSIGNMENT (  '', '', ( #11250 ) ) ;
#7069 = CARTESIAN_POINT ( 'NONE',  ( 2.501000000000000334, 0.7762087369763365219, 0.2289950159133584962 ) ) ;
#7070 = STYLED_ITEM ( 'NONE', ( #920 ), #11525 ) ;
#7071 = ORIENTED_EDGE ( 'NONE', *, *, #3520, .F. ) ;
#7072 = CARTESIAN_POINT ( 'NONE',  ( 2.500000000000000000, 0.6930800915672585827, 0.4089771112278826615 ) ) ;
#7073 =( NAMED_UNIT ( * ) PLANE_ANGLE_UNIT ( ) SI_UNIT ( $, .RADIAN. ) );
#7074 = PRESENTATION_STYLE_ASSIGNMENT (( #11795 ) ) ;
#7075 = VECTOR ( 'NONE', #11059, 1000.000000000000000 ) ;
#7076 = VERTEX_POINT ( 'NONE', #4503 ) ;
#7077 =( GEOMETRIC_REPRESENTATION_CONTEXT ( 3 ) GLOBAL_UNCERTAINTY_ASSIGNED_CONTEXT ( ( #6572 ) ) GLOBAL_UNIT_ASSIGNED_CONTEXT ( ( #5721, #11247, #6505 ) ) REPRESENTATION_CONTEXT ( 'NONE', 'WORKASPACE' ) );
#7078 =( NAMED_UNIT ( * ) PLANE_ANGLE_UNIT ( ) SI_UNIT ( $, .RADIAN. ) );
#7079 = AXIS2_PLACEMENT_3D ( 'NONE', #898, #4805, #7281 ) ;
#7081 = DIRECTION ( 'NONE',  ( 0.000000000000000000, 0.000000000000000000, -1.000000000000000000 ) ) ;
#7080 = LINE ( 'NONE', #10838, #2362 ) ;
#7082 =( GEOMETRIC_REPRESENTATION_CONTEXT ( 3 ) GLOBAL_UNCERTAINTY_ASSIGNED_CONTEXT ( ( #11508 ) ) GLOBAL_UNIT_ASSIGNED_CONTEXT ( ( #5026, #6993, #11589 ) ) REPRESENTATION_CONTEXT ( 'NONE', 'WORKASPACE' ) );
#7083 = CARTESIAN_POINT ( 'NONE',  ( 2.500000000000000000, 0.5457463948239242857, 0.2028970922130428900 ) ) ;
#7084 = COLOUR_RGB ( '',0.8509803921568627194, 0.8509803921568627194, 0.8509803921568627194 ) ;
#7085 = CARTESIAN_POINT ( 'NONE',  ( 0.9000000000000001332, 0.2500000000000000000, -6.123233995736767268E-17 ) ) ;
#7086 = EDGE_CURVE ( 'NONE', #9598, #5329, #9395, .T. ) ;
#7087 = DIRECTION ( 'NONE',  ( -1.000000000000000000, -0.000000000000000000, -0.000000000000000000 ) ) ;
#7088 = PLANE ( 'NONE',  #1203 ) ;
#7089 = VERTEX_POINT ( 'NONE', #11129 ) ;
#7090 = VECTOR ( 'NONE', #8465, 1000.000000000000000 ) ;
#7091 = CARTESIAN_POINT ( 'NONE',  ( 2.500000000000000000, -0.3753053961641878433, 0.2499794800301714248 ) ) ;
#7092 = PRESENTATION_LAYER_ASSIGNMENT (  '', '', ( #209 ) ) ;
#7093 = FACE_BOUND ( 'NONE', #5109, .T. ) ;
#7094 = STYLED_ITEM ( 'NONE', ( #1884 ), #6799 ) ;
#7095 =( GEOMETRIC_REPRESENTATION_CONTEXT ( 3 ) GLOBAL_UNCERTAINTY_ASSIGNED_CONTEXT ( ( #1093 ) ) GLOBAL_UNIT_ASSIGNED_CONTEXT ( ( #12078, #11122, #7443 ) ) REPRESENTATION_CONTEXT ( 'NONE', 'WORKASPACE' ) );
#7096 = VERTEX_POINT ( 'NONE', #3457 ) ;
#7097 = ORIENTED_EDGE ( 'NONE', *, *, #1632, .T. ) ;
#7098 = CARTESIAN_POINT ( 'NONE',  ( 2.500000000000000000, 0.5732999796068046772, 0.2648666640256179261 ) ) ;
#7099 = UNCERTAINTY_MEASURE_WITH_UNIT (LENGTH_MEASURE( 1.000000000000000082E-05 ), #9758, 'distance_accuracy_value', 'NONE');
#7100 = ORIENTED_EDGE ( 'NONE', *, *, #7194, .T. ) ;
#7101 = CARTESIAN_POINT ( 'NONE',  ( 2.500000000000000000, 0.3540670229509983447, 0.3224692525890843209 ) ) ;
#7102 = DIRECTION ( 'NONE',  ( 0.000000000000000000, -0.000000000000000000, -1.000000000000000000 ) ) ;
#7103 = DIRECTION ( 'NONE',  ( 0.000000000000000000, 0.3897582650654539682, 0.9209172030172785295 ) ) ;
#7104 = CARTESIAN_POINT ( 'NONE',  ( 2.500000000000000000, 0.4007521533937969949, 0.3057291501374355680 ) ) ;
#7105 = FACE_OUTER_BOUND ( 'NONE', #6279, .T. ) ;
#7106 = CARTESIAN_POINT ( 'NONE',  ( 2.500000000000000000, 0.8962487884141786543, 0.2521816174471466221 ) ) ;
#7107 = SURFACE_SIDE_STYLE ('',( #8008 ) ) ;
#7108 = CARTESIAN_POINT ( 'NONE',  ( 2.500000000000000000, 0.2859628794322134904, 0.5482006962220952184 ) ) ;
#7109 = CARTESIAN_POINT ( 'NONE',  ( 2.501000000000000334, 0.4797217671381802662, 0.3711299230727123644 ) ) ;
#7110 = DIRECTION ( 'NONE',  ( 0.000000000000000000, -1.000000000000000000, 0.000000000000000000 ) ) ;
#7111 = FILL_AREA_STYLE_COLOUR ( '', #10175 ) ;
#7112 = EDGE_LOOP ( 'NONE', ( #8934, #938, #5516, #930 ) ) ;
#7113 = EDGE_CURVE ( 'NONE', #8083, #2829, #3625, .T. ) ;
#7114 = VERTEX_POINT ( 'NONE', #10082 ) ;
#7115 = ADVANCED_FACE ( 'NONE', ( #6254 ), #7509, .F. ) ;
#7116 = PRESENTATION_LAYER_ASSIGNMENT (  '', '', ( #6320 ) ) ;
#7117 = CARTESIAN_POINT ( 'NONE',  ( 2.501000000000000334, 0.4279938108014476605, 0.2255638147892600753 ) ) ;
#7118 = MECHANICAL_DESIGN_GEOMETRIC_PRESENTATION_REPRESENTATION (  '', ( #7922 ), #435 ) ;
#7119 = DIRECTION ( 'NONE',  ( -1.000000000000000000, 0.000000000000000000, 0.000000000000000000 ) ) ;
#7120 = SURFACE_SIDE_STYLE ('',( #522 ) ) ;
#7122 = ORIENTED_EDGE ( 'NONE', *, *, #932, .T. ) ;
#7121 = DIRECTION ( 'NONE',  ( 0.000000000000000000, 0.000000000000000000, -1.000000000000000000 ) ) ;
#7123 = ORIENTED_EDGE ( 'NONE', *, *, #7962, .F. ) ;
#7124 = ORIENTED_EDGE ( 'NONE', *, *, #3079, .F. ) ;
#7125 = ORIENTED_EDGE ( 'NONE', *, *, #4837, .T. ) ;
#7126 = ORIENTED_EDGE ( 'NONE', *, *, #10831, .T. ) ;
#7127 = EDGE_CURVE ( 'NONE', #7076, #9023, #7362, .T. ) ;
#7128 = AXIS2_PLACEMENT_3D ( 'NONE', #3922, #6080, #7699 ) ;
#7129 = DIRECTION ( 'NONE',  ( -1.000000000000000000, 0.000000000000000000, 0.000000000000000000 ) ) ;
#7130 = DIRECTION ( 'NONE',  ( -1.000000000000000000, -0.000000000000000000, -0.000000000000000000 ) ) ;
#7131 = CARTESIAN_POINT ( 'NONE',  ( 2.501000000000000334, 0.6158780662799840933, 0.5516318973461908914 ) ) ;
#7132 = MECHANICAL_DESIGN_GEOMETRIC_PRESENTATION_REPRESENTATION (  '', ( #12071 ), #4413 ) ;
#7133 = DIRECTION ( 'NONE',  ( 0.000000000000000000, -1.000000000000000000, -3.331453071941913615E-15 ) ) ;
#7134 = CARTESIAN_POINT ( 'NONE',  ( 2.501000000000000334, -0.4794164834778135154, 0.7228172406794669547 ) ) ;
#7135 = CARTESIAN_POINT ( 'NONE',  ( 2.500000000000000000, -0.2567344923053232475, 0.3164948678129328452 ) ) ;
#7136 =( LENGTH_UNIT ( ) NAMED_UNIT ( * ) SI_UNIT ( .MILLI., .METRE. ) );
#7137 = FILL_AREA_STYLE_COLOUR ( '', #3454 ) ;
#7138 = ORIENTED_EDGE ( 'NONE', *, *, #6503, .T. ) ;
#7139 = CARTESIAN_POINT ( 'NONE',  ( -0.9000000000000002442, -0.2500000000000000000, -3.000000000000000000 ) ) ;
#7140 = DIRECTION ( 'NONE',  ( 0.000000000000000000, -3.717008596225309524E-15, 1.000000000000000000 ) ) ;
#7141 = COLOUR_RGB ( '',0.000000000000000000, 0.000000000000000000, 0.000000000000000000 ) ;
#7142 = AXIS2_PLACEMENT_3D ( 'NONE', #2609, #6356, #1694 ) ;
#7143 = CARTESIAN_POINT ( 'NONE',  ( -2.899999999999999911, 0.000000000000000000, 1.000000000000000000 ) ) ;
#7144 = ORIENTED_EDGE ( 'NONE', *, *, #2599, .F. ) ;
#7145 = UNCERTAINTY_MEASURE_WITH_UNIT (LENGTH_MEASURE( 1.000000000000000082E-05 ), #4341, 'distance_accuracy_value', 'NONE');
#7146 = FILL_AREA_STYLE_COLOUR ( '', #11728 ) ;
#7147 = DIRECTION ( 'NONE',  ( -1.000000000000000000, -0.000000000000000000, -0.000000000000000000 ) ) ;
#7148 = EDGE_LOOP ( 'NONE', ( #2876, #9656, #7519, #9734 ) ) ;
#7149 = EDGE_CURVE ( 'NONE', #286, #3675, #2505, .T. ) ;
#7150 = CARTESIAN_POINT ( 'NONE',  ( 2.501000000000000334, 0.2945928701375169489, 0.2973071110151591090 ) ) ;
#7151 = FILL_AREA_STYLE ('',( #9919 ) ) ;
#7152 = VECTOR ( 'NONE', #249, 1000.000000000000000 ) ;
#7153 = CARTESIAN_POINT ( 'NONE',  ( 0.000000000000000000, 0.000000000000000000, 1.000000000000000000 ) ) ;
#7154 = VECTOR ( 'NONE', #3721, 1000.000000000000000 ) ;
#7155 = STYLED_ITEM ( 'NONE', ( #7323 ), #73 ) ;
#7156 = CARTESIAN_POINT ( 'NONE',  ( 2.501000000000000334, 0.4383913899645447976, 0.6665251470985904536 ) ) ;
#7157 = LINE ( 'NONE', #672, #7285 ) ;
#7158 =( NAMED_UNIT ( * ) PLANE_ANGLE_UNIT ( ) SI_UNIT ( $, .RADIAN. ) );
#7159 = CARTESIAN_POINT ( 'NONE',  ( 2.500000000000000000, 1.469693845669906240, 1.000000000000000000 ) ) ;
#7160 = CARTESIAN_POINT ( 'NONE',  ( 2.500000000000000000, 0.2826876419960827058, 0.2956434983481793788 ) ) ;
#7161 = ORIENTED_EDGE ( 'NONE', *, *, #9653, .F. ) ;
#7162 = COLOUR_RGB ( '',0.000000000000000000, 0.000000000000000000, 0.000000000000000000 ) ;
#7163 = CARTESIAN_POINT ( 'NONE',  ( 2.501000000000000334, -0.6543809090536403250, 0.7531829698819683117 ) ) ;
#7164 = CARTESIAN_POINT ( 'NONE',  ( 2.501000000000000334, 0.7762087369763365219, 0.2521816174471462335 ) ) ;
#7165 = B_SPLINE_CURVE_WITH_KNOTS ( 'NONE', 3,
 ( #10033, #4208, #6208, #9982 ),
 .UNSPECIFIED., .F., .F.,
 ( 4, 4 ),
 ( 4.000000000000000000, 5.000000000000000000 ),
 .UNSPECIFIED. ) ;
#7166 = MECHANICAL_DESIGN_GEOMETRIC_PRESENTATION_REPRESENTATION (  '', ( #8174 ), #10346 ) ;
#7167 = MECHANICAL_DESIGN_GEOMETRIC_PRESENTATION_REPRESENTATION (  '', ( #8989 ), #4008 ) ;
#7168 = B_SPLINE_CURVE_WITH_KNOTS ( 'NONE', 3,
 ( #8066, #8128, #1562, #6117 ),
 .UNSPECIFIED., .F., .F.,
 ( 4, 4 ),
 ( 16.00000000000000000, 17.00000000000000000 ),
 .UNSPECIFIED. ) ;
#7169 = CARTESIAN_POINT ( 'NONE',  ( 2.501000000000000334, 0.1035893409101124873, 0.2289950159133561369 ) ) ;
#7170 = ORIENTED_EDGE ( 'NONE', *, *, #5007, .F. ) ;
#7171 = EDGE_CURVE ( 'NONE', #5318, #10911, #9577, .T. ) ;
#7172 = ORIENTED_EDGE ( 'NONE', *, *, #1662, .T. ) ;
#7173 = EDGE_LOOP ( 'NONE', ( #11040, #4681, #8016, #9834 ) ) ;
#7174 =( NAMED_UNIT ( * ) PLANE_ANGLE_UNIT ( ) SI_UNIT ( $, .RADIAN. ) );
#7175 =( NAMED_UNIT ( * ) SI_UNIT ( $, .STERADIAN. ) SOLID_ANGLE_UNIT ( ) );
#7176 = STYLED_ITEM ( 'NONE', ( #9948 ), #3628 ) ;
#7177 = FILL_AREA_STYLE_COLOUR ( '', #762 ) ;
#7178 = LINE ( 'NONE', #10054, #2621 ) ;
#7179 = AXIS2_PLACEMENT_3D ( 'NONE', #1026, #6690, #908 ) ;
#7180 = COLOUR_RGB ( '',0.000000000000000000, 0.000000000000000000, 0.000000000000000000 ) ;
#7181 =( NAMED_UNIT ( * ) PLANE_ANGLE_UNIT ( ) SI_UNIT ( $, .RADIAN. ) );
#7182 = EDGE_LOOP ( 'NONE', ( #3163, #10884, #12087, #8176 ) ) ;
#7183 = FILL_AREA_STYLE_COLOUR ( '', #2216 ) ;
#7184 = SURFACE_SIDE_STYLE ('',( #8187 ) ) ;
#7185 = AXIS2_PLACEMENT_3D ( 'NONE', #1702, #1237, #10599 ) ;
#7186 = EDGE_LOOP ( 'NONE', ( #6701, #1265, #371, #9425, #151, #9396 ) ) ;
#7187 = ORIENTED_EDGE ( 'NONE', *, *, #8588, .T. ) ;
#7188 = CARTESIAN_POINT ( 'NONE',  ( 2.500000000000000000, 0.2515468924018347541, 0.3640595692428862384 ) ) ;
#7189 = FILL_AREA_STYLE ('',( #3439 ) ) ;
#7190 = PLANE ( 'NONE',  #8048 ) ;
#7191 = MECHANICAL_DESIGN_GEOMETRIC_PRESENTATION_REPRESENTATION (  '', ( #8193 ), #874 ) ;
#7192 = SURFACE_STYLE_FILL_AREA ( #11898 ) ;
#7193 = LINE ( 'NONE', #3498, #10981 ) ;
#7194 = EDGE_CURVE ( 'NONE', #152, #9010, #6312, .T. ) ;
#7195 = PRESENTATION_STYLE_ASSIGNMENT (( #11050 ) ) ;
#7196 = EDGE_CURVE ( 'NONE', #6584, #8556, #1018, .T. ) ;
#7197 = EDGE_LOOP ( 'NONE', ( #8746, #5014, #7844, #6962 ) ) ;
#7198 =( NAMED_UNIT ( * ) SI_UNIT ( $, .STERADIAN. ) SOLID_ANGLE_UNIT ( ) );
#7199 = VECTOR ( 'NONE', #8149, 1000.000000000000000 ) ;
#7200 = CARTESIAN_POINT ( 'NONE',  ( 2.500000000000000000, 0.1298432282970053697, 0.3205976883404568212 ) ) ;
#7201 = LINE ( 'NONE', #5337, #9887 ) ;
#7202 = SURFACE_STYLE_USAGE ( .BOTH. , #7399 ) ;
#7203 = CARTESIAN_POINT ( 'NONE',  ( 2.501000000000000334, 0.4383913899645447976, 0.6665251470985904536 ) ) ;
#7204 = LINE ( 'NONE', #9165, #10458 ) ;
#7205 = PLANE ( 'NONE',  #3262 ) ;
#7206 = DIRECTION ( 'NONE',  ( -0.000000000000000000, 8.762561441094640626E-15, -1.000000000000000000 ) ) ;
#7207 = ADVANCED_FACE ( 'NONE', ( #8701 ), #4861, .F. ) ;
#7208 = EDGE_LOOP ( 'NONE', ( #5383, #2159, #1236, #9924 ) ) ;
#7209 = LINE ( 'NONE', #11014, #6671 ) ;
#7210 = VERTEX_POINT ( 'NONE', #2821 ) ;
#7211 = CARTESIAN_POINT ( 'NONE',  ( 2.500000000000000000, 0.4121375025776594092, 0.7550085457775248532 ) ) ;
#7212 = SURFACE_SIDE_STYLE ('',( #4407 ) ) ;
#7213 = DIRECTION ( 'NONE',  ( -0.000000000000000000, -1.000000000000000000, -0.000000000000000000 ) ) ;
#7214 = LINE ( 'NONE', #542, #10463 ) ;
#7215 = CARTESIAN_POINT ( 'NONE',  ( 2.500000000000000000, -0.08177001157015101329, 0.3309547395182116936 ) ) ;
#7216 = VECTOR ( 'NONE', #10519, 1000.000000000000000 ) ;
#7217 = CARTESIAN_POINT ( 'NONE',  ( 2.500000000000000000, 0.5599390903821090948, 0.5516318973461907804 ) ) ;
#7218 = FACE_OUTER_BOUND ( 'NONE', #9931, .T. ) ;
#7219 = ORIENTED_EDGE ( 'NONE', *, *, #5237, .T. ) ;
#7220 = EDGE_CURVE ( 'NONE', #10919, #9670, #9517, .T. ) ;
#7221 = DIRECTION ( 'NONE',  ( -1.000000000000000000, -0.000000000000000000, -0.000000000000000000 ) ) ;
#7222 = DIRECTION ( 'NONE',  ( 0.000000000000000000, 7.498006859809977909E-15, -1.000000000000000000 ) ) ;
#7223 =( LENGTH_UNIT ( ) NAMED_UNIT ( * ) SI_UNIT ( .MILLI., .METRE. ) );
#7224 = VERTEX_POINT ( 'NONE', #11374 ) ;
#7225 = CARTESIAN_POINT ( 'NONE',  ( 2.501000000000000334, 0.4428103611087141900, 0.3568852396201582788 ) ) ;
#7226 = UNCERTAINTY_MEASURE_WITH_UNIT (LENGTH_MEASURE( 1.000000000000000082E-05 ), #11509, 'distance_accuracy_value', 'NONE');
#7227 = ORIENTED_EDGE ( 'NONE', *, *, #1010, .T. ) ;
#7228 = ORIENTED_EDGE ( 'NONE', *, *, #7455, .F. ) ;
#7229 = SURFACE_STYLE_FILL_AREA ( #5367 ) ;
#7230 = UNCERTAINTY_MEASURE_WITH_UNIT (LENGTH_MEASURE( 1.000000000000000082E-05 ), #10351, 'distance_accuracy_value', 'NONE');
#7231 = DIRECTION ( 'NONE',  ( 0.000000000000000000, 8.617725714964536457E-15, -1.000000000000000000 ) ) ;
#7232 = DIRECTION ( 'NONE',  ( -0.000000000000000000, -3.169437117124707915E-15, 1.000000000000000000 ) ) ;
#7233 = DIRECTION ( 'NONE',  ( -0.000000000000000000, -8.617725714964536457E-15, 1.000000000000000000 ) ) ;
#7234 = COLOUR_RGB ( '',0.000000000000000000, 0.000000000000000000, 0.000000000000000000 ) ;
#7235 = EDGE_CURVE ( 'NONE', #1844, #9548, #7958, .T. ) ;
#7236 =( NAMED_UNIT ( * ) SI_UNIT ( $, .STERADIAN. ) SOLID_ANGLE_UNIT ( ) );
#7237 = EDGE_CURVE ( 'NONE', #1046, #5223, #2883, .T. ) ;
#7238 = CARTESIAN_POINT ( 'NONE',  ( 2.500000000000000000, 0.3885869857728882493, 0.2603957049850002536 ) ) ;
#7239 =( NAMED_UNIT ( * ) SI_UNIT ( $, .STERADIAN. ) SOLID_ANGLE_UNIT ( ) );
#7240 = LINE ( 'NONE', #11038, #9478 ) ;
#7242 = ORIENTED_EDGE ( 'NONE', *, *, #8094, .F. ) ;
#7241 = LINE ( 'NONE', #11039, #4149 ) ;
#7243 =( LENGTH_UNIT ( ) NAMED_UNIT ( * ) SI_UNIT ( .MILLI., .METRE. ) );
#7244 = CARTESIAN_POINT ( 'NONE',  ( 2.500000000000000000, 0.2654796484805464485, 0.2839982096862280203 ) ) ;
#7245 = CARTESIAN_POINT ( 'NONE',  ( 2.500000000000000000, 0.9495363816256957579, 0.2574843828198626894 ) ) ;
#7246 = ORIENTED_EDGE ( 'NONE', *, *, #10695, .T. ) ;
#7247 =( NAMED_UNIT ( * ) PLANE_ANGLE_UNIT ( ) SI_UNIT ( $, .RADIAN. ) );
#7248 =( NAMED_UNIT ( * ) SI_UNIT ( $, .STERADIAN. ) SOLID_ANGLE_UNIT ( ) );
#7249 = LINE ( 'NONE', #9240, #6601 ) ;
#7250 = DIRECTION ( 'NONE',  ( -1.000000000000000000, -0.000000000000000000, -0.000000000000000000 ) ) ;
#7251 = PLANE ( 'NONE',  #7319 ) ;
#7252 = ORIENTED_EDGE ( 'NONE', *, *, #6878, .T. ) ;
#7253 = FILL_AREA_STYLE ('',( #3617 ) ) ;
#7254 = PRESENTATION_STYLE_ASSIGNMENT (( #11905 ) ) ;
#7255 = CARTESIAN_POINT ( 'NONE',  ( -2.500000000000000000, 0.000000000000000000, 8.699999999999999289 ) ) ;
#7256 = CARTESIAN_POINT ( 'NONE',  ( 2.501000000000000334, 0.5216240111658261291, 0.1605789450186506373 ) ) ;
#7257 = DIRECTION ( 'NONE',  ( 0.000000000000000000, 0.9345104387438686322, -0.3559357243643047619 ) ) ;
#7258 = CARTESIAN_POINT ( 'NONE',  ( 2.501000000000000334, -0.2061248861754226280, 0.6201521460534846764 ) ) ;
#7259 = CARTESIAN_POINT ( 'NONE',  ( 2.501000000000000334, 0.8142638767131364919, 0.7550085457775261855 ) ) ;
#7260 = LINE ( 'NONE', #593, #11174 ) ;
#7261 = FILL_AREA_STYLE_COLOUR ( '', #2160 ) ;
#7262 = ORIENTED_EDGE ( 'NONE', *, *, #1215, .F. ) ;
#7263 = CARTESIAN_POINT ( 'NONE',  ( 2.500000000000000000, 0.9526036674781059865, 0.3325549043783421754 ) ) ;
#7264 = VECTOR ( 'NONE', #6865, 1000.000000000000000 ) ;
#7265 = ORIENTED_EDGE ( 'NONE', *, *, #6994, .F. ) ;
#7266 = ORIENTED_EDGE ( 'NONE', *, *, #10735, .T. ) ;
#7267 = DIRECTION ( 'NONE',  ( -0.000000000000000000, -0.000000000000000000, -1.000000000000000000 ) ) ;
#7268 = EDGE_CURVE ( 'NONE', #11616, #11726, #5156, .T. ) ;
#7269 = PLANE ( 'NONE',  #6856 ) ;
#7270 = EDGE_CURVE ( 'NONE', #6236, #2412, #8900, .T. ) ;
#7271 = CARTESIAN_POINT ( 'NONE',  ( 2.501000000000000334, 0.5215200353736221262, 0.5748184988799742712 ) ) ;
#7272 =( NAMED_UNIT ( * ) SI_UNIT ( $, .STERADIAN. ) SOLID_ANGLE_UNIT ( ) );
#7273 = FILL_AREA_STYLE ('',( #3519 ) ) ;
#7274 = PRESENTATION_LAYER_ASSIGNMENT (  '', '', ( #4121 ) ) ;
#7275 = STYLED_ITEM ( 'NONE', ( #5435 ), #8000 ) ;
#7276 = CARTESIAN_POINT ( 'NONE',  ( 2.500000000000000000, 0.4227430333237924831, 0.3514784984545376578 ) ) ;
#7277 = CARTESIAN_POINT ( 'NONE',  ( 2.501000000000000334, 0.5663855894628643250, 0.2650746156086442595 ) ) ;
#7278 = EDGE_LOOP ( 'NONE', ( #8718, #7722, #5831, #1310, #3926, #4109, #6764, #279, #2098, #11860, #2872, #8041, #1047, #2914 ) ) ;
#7279 = DIRECTION ( 'NONE',  ( 0.000000000000000000, -1.000000000000000000, -3.200567254518949031E-15 ) ) ;
#7280 = COLOUR_RGB ( '',0.000000000000000000, 0.000000000000000000, 0.000000000000000000 ) ;
#7282 = CARTESIAN_POINT ( 'NONE',  ( 2.501000000000000334, 0.9526036674781059865, 0.3325549043783421754 ) ) ;
#7281 = DIRECTION ( 'NONE',  ( 0.000000000000000000, 6.338874234248783164E-15, -1.000000000000000000 ) ) ;
#7283 = FILL_AREA_STYLE_COLOUR ( '', #6583 ) ;
#7284 = PRESENTATION_LAYER_ASSIGNMENT (  '', '', ( #1374 ) ) ;
#7285 = VECTOR ( 'NONE', #9921, 1000.000000000000000 ) ;
#7286 =( GEOMETRIC_REPRESENTATION_CONTEXT ( 3 ) GLOBAL_UNCERTAINTY_ASSIGNED_CONTEXT ( ( #7798 ) ) GLOBAL_UNIT_ASSIGNED_CONTEXT ( ( #546, #11809, #7993 ) ) REPRESENTATION_CONTEXT ( 'NONE', 'WORKASPACE' ) );
#7287 = ORIENTED_EDGE ( 'NONE', *, *, #6134, .F. ) ;
#7288 = COLOUR_RGB ( '',0.000000000000000000, 0.000000000000000000, 0.000000000000000000 ) ;
#7289 = ORIENTED_EDGE ( 'NONE', *, *, #7819, .T. ) ;
#7290 = EDGE_LOOP ( 'NONE', ( #5688, #1948, #7833, #4467, #5879, #6911, #1596 ) ) ;
#7291 = EDGE_CURVE ( 'NONE', #2206, #6584, #5146, .T. ) ;
#7292 = PRESENTATION_LAYER_ASSIGNMENT (  '', '', ( #11265 ) ) ;
#7293 =( LENGTH_UNIT ( ) NAMED_UNIT ( * ) SI_UNIT ( .MILLI., .METRE. ) );
#7294 =( LENGTH_UNIT ( ) NAMED_UNIT ( * ) SI_UNIT ( .MILLI., .METRE. ) );
#7295 = VECTOR ( 'NONE', #11710, 1000.000000000000000 ) ;
#7297 =( NAMED_UNIT ( * ) SI_UNIT ( $, .STERADIAN. ) SOLID_ANGLE_UNIT ( ) );
#7296 = PRESENTATION_LAYER_ASSIGNMENT (  '', '', ( #7883 ) ) ;
#7298 = CARTESIAN_POINT ( 'NONE',  ( 2.500000000000000000, 0.5215200353736221262, 0.5516318973461905584 ) ) ;
#7299 = DIRECTION ( 'NONE',  ( 0.000000000000000000, 3.260615420683595459E-15, -1.000000000000000000 ) ) ;
#7300 = STYLED_ITEM ( 'NONE', ( #8820 ), #6901 ) ;
#7301 = MECHANICAL_DESIGN_GEOMETRIC_PRESENTATION_REPRESENTATION (  '', ( #2575 ), #12034 ) ;
#7302 = FILL_AREA_STYLE_COLOUR ( '', #3032 ) ;
#7303 = CARTESIAN_POINT ( 'NONE',  ( 2.500000000000000000, 0.2855469762654683774, 0.3152949229677414755 ) ) ;
#7304 = DIRECTION ( 'NONE',  ( 0.000000000000000000, 0.000000000000000000, 1.000000000000000000 ) ) ;
#7305 = LINE ( 'NONE', #2978, #3750 ) ;
#7306 = ORIENTED_EDGE ( 'NONE', *, *, #94, .T. ) ;
#7307 = VECTOR ( 'NONE', #6157, 1000.000000000000227 ) ;
#7308 = ADVANCED_FACE ( 'NONE', ( #9031 ), #11183, .F. ) ;
#7309 = VECTOR ( 'NONE', #142, 1000.000000000000000 ) ;
#7310 = COLOUR_RGB ( '',1.000000000000000000, 1.000000000000000000, 1.000000000000000000 ) ;
#7311 = CARTESIAN_POINT ( 'NONE',  ( 2.501000000000000334, 1.082729370706597916, 0.4063777164358939320 ) ) ;
#7312 = B_SPLINE_SURFACE_WITH_KNOTS ( 'NONE', 3, 1, ( 
 ( #3977, #1192 ),
 ( #8569, #113 ),
 ( #9699, #6666 ),
 ( #10617, #2933 ) ),
 .UNSPECIFIED., .F., .F., .F.,
 ( 4, 4 ),
 ( 2, 2 ),
 ( 1.000000000000000000, 2.000000000000000000 ),
 ( 0.000000000000000000, 1.000000000000000000 ),
 .UNSPECIFIED. ) ;
#7313 = FILL_AREA_STYLE_COLOUR ( '', #979 ) ;
#7314 =( NAMED_UNIT ( * ) SI_UNIT ( $, .STERADIAN. ) SOLID_ANGLE_UNIT ( ) );
#7315 =( NAMED_UNIT ( * ) SI_UNIT ( $, .STERADIAN. ) SOLID_ANGLE_UNIT ( ) );
#7316 = STYLED_ITEM ( 'NONE', ( #10308 ), #2062 ) ;
#7317 = SURFACE_SIDE_STYLE ('',( #8247 ) ) ;
#7318 = FILL_AREA_STYLE_COLOUR ( '', #1809 ) ;
#7319 = AXIS2_PLACEMENT_3D ( 'NONE', #4654, #10723, #12185 ) ;
#7320 = EDGE_LOOP ( 'NONE', ( #6292, #6980, #10226, #2553 ) ) ;
#7321 = VERTEX_POINT ( 'NONE', #4250 ) ;
#7322 = STYLED_ITEM ( 'NONE', ( #10813 ), #5370 ) ;
#7323 = PRESENTATION_STYLE_ASSIGNMENT (( #11001 ) ) ;
#7324 = ADVANCED_FACE ( 'NONE', ( #521 ), #8076, .T. ) ;
#7325 = ADVANCED_FACE ( 'NONE', ( #6313 ), #823, .F. ) ;
#7326 = CARTESIAN_POINT ( 'NONE',  ( 2.500000000000000000, 0.3008314176359281333, 0.7347332664088831455 ) ) ;
#7327 = VECTOR ( 'NONE', #3117, 1000.000000000000000 ) ;
#7328 = CARTESIAN_POINT ( 'NONE',  ( 2.501000000000000334, -0.1526234049923924918, 0.3699963765752876110 ) ) ;
#7329 = CARTESIAN_POINT ( 'NONE',  ( 2.501000000000000334, 0.2467120180916191341, 0.6510327541464869805 ) ) ;
#7330 = FILL_AREA_STYLE_COLOUR ( '', #9760 ) ;
#7331 = CARTESIAN_POINT ( 'NONE',  ( 2.501000000000000334, -0.7512620329339118053, 0.6924515045812676961 ) ) ;
#7332 = VECTOR ( 'NONE', #9456, 1000.000000000000227 ) ;
#7333 = SURFACE_STYLE_USAGE ( .BOTH. , #5598 ) ;
#7334 = SURFACE_STYLE_FILL_AREA ( #2463 ) ;
#7335 =( LENGTH_UNIT ( ) NAMED_UNIT ( * ) SI_UNIT ( .MILLI., .METRE. ) );
#7336 = STYLED_ITEM ( 'NONE', ( #2026 ), #9823 ) ;
#7337 = CARTESIAN_POINT ( 'NONE',  ( 2.501000000000000334, 0.2581493551705456579, 0.2294109190794095809 ) ) ;
#7338 = EDGE_LOOP ( 'NONE', ( #6048, #1171, #2922, #5803 ) ) ;
#7339 = ORIENTED_EDGE ( 'NONE', *, *, #2838, .T. ) ;
#7340 = MECHANICAL_DESIGN_GEOMETRIC_PRESENTATION_REPRESENTATION (  '', ( #6939 ), #640 ) ;
#7341 = CARTESIAN_POINT ( 'NONE',  ( 2.500000000000000000, -0.6428130227208699310, 0.3324007046244422670 ) ) ;
#7342 =( NAMED_UNIT ( * ) SI_UNIT ( $, .STERADIAN. ) SOLID_ANGLE_UNIT ( ) );
#7343 = VECTOR ( 'NONE', #3722, 1000.000000000000000 ) ;
#7344 = PLANE ( 'NONE',  #7179 ) ;
#7345 = LINE ( 'NONE', #6216, #5774 ) ;
#7346 = VERTEX_POINT ( 'NONE', #1653 ) ;
#7347 = FACE_OUTER_BOUND ( 'NONE', #11838, .T. ) ;
#7348 = B_SPLINE_CURVE_WITH_KNOTS ( 'NONE', 3,
 ( #6245, #1576, #6004, #8824 ),
 .UNSPECIFIED., .F., .F.,
 ( 4, 4 ),
 ( 0.000000000000000000, 1.000000000000000000 ),
 .UNSPECIFIED. ) ;
#7349 = PRESENTATION_LAYER_ASSIGNMENT (  '', '', ( #4785 ) ) ;
#7350 = ADVANCED_FACE ( 'NONE', ( #2567 ), #5938, .F. ) ;
#7351 =( LENGTH_UNIT ( ) NAMED_UNIT ( * ) SI_UNIT ( .MILLI., .METRE. ) );
#7352 = ADVANCED_FACE ( 'NONE', ( #1767 ), #7251, .F. ) ;
#7353 = DIRECTION ( 'NONE',  ( -0.000000000000000000, 1.000000000000000000, 3.452797389200804321E-15 ) ) ;
#7354 = B_SPLINE_SURFACE_WITH_KNOTS ( 'NONE', 3, 1, ( 
 ( #4444, #11115 ),
 ( #5454, #2629 ),
 ( #9279, #9224 ),
 ( #10998, #10137 ) ),
 .UNSPECIFIED., .F., .F., .F.,
 ( 4, 4 ),
 ( 2, 2 ),
 ( 23.00000000000000000, 24.00000000000000000 ),
 ( 0.000000000000000000, 1.000000000000000000 ),
 .UNSPECIFIED. ) ;
#7355 = STYLED_ITEM ( 'NONE', ( #9251 ), #3490 ) ;
#7356 = CARTESIAN_POINT ( 'NONE',  ( 2.500000000000000000, 0.4605382335818141160, 0.2660103977336463199 ) ) ;
#7357 = CARTESIAN_POINT ( 'NONE',  ( 2.501000000000000334, 0.2129718737067689827, 0.2289950159133565255 ) ) ;
#7358 = AXIS2_PLACEMENT_3D ( 'NONE', #6174, #9997, #1499 ) ;
#7359 = VERTEX_POINT ( 'NONE', #8433 ) ;
#7360 = B_SPLINE_CURVE_WITH_KNOTS ( 'NONE', 3,
 ( #1436, #6846, #510, #8749 ),
 .UNSPECIFIED., .F., .F.,
 ( 4, 4 ),
 ( 3.000000000000000000, 4.000000000000000000 ),
 .UNSPECIFIED. ) ;
#7361 = UNCERTAINTY_MEASURE_WITH_UNIT (LENGTH_MEASURE( 1.000000000000000082E-05 ), #2226, 'distance_accuracy_value', 'NONE');
#7362 = B_SPLINE_CURVE_WITH_KNOTS ( 'NONE', 3,
 ( #8634, #10374, #6748, #10427 ),
 .UNSPECIFIED., .F., .F.,
 ( 4, 4 ),
 ( 7.000000000000000000, 8.000000000000000000 ),
 .UNSPECIFIED. ) ;
#7363 = DIRECTION ( 'NONE',  ( -0.000000000000000000, -8.617725714964536457E-15, 1.000000000000000000 ) ) ;
#7364 = SURFACE_STYLE_USAGE ( .BOTH. , #1931 ) ;
#7365 = CARTESIAN_POINT ( 'NONE',  ( 2.500000000000000000, 1.078778290623552794, 0.3921330329833357942 ) ) ;
#7366 = MECHANICAL_DESIGN_GEOMETRIC_PRESENTATION_REPRESENTATION (  '', ( #9969 ), #4799 ) ;
#7367 = FACE_OUTER_BOUND ( 'NONE', #3512, .T. ) ;
#7368 = DIRECTION ( 'NONE',  ( 0.000000000000000000, -1.000000000000000000, -3.528747247177437638E-15 ) ) ;
#7369 = CARTESIAN_POINT ( 'NONE',  ( 2.501000000000000334, 0.9308727270282786126, 0.2733926789394044432 ) ) ;
#7371 = SURFACE_SIDE_STYLE ('',( #2788 ) ) ;
#7370 =( NAMED_UNIT ( * ) SI_UNIT ( $, .STERADIAN. ) SOLID_ANGLE_UNIT ( ) );
#7372 = CARTESIAN_POINT ( 'NONE',  ( 2.501000000000000334, 0.2373541968443407257, 0.2548849880292575754 ) ) ;
#7373 = ADVANCED_FACE ( 'NONE', ( #1230 ), #5990, .F. ) ;
#7375 = ORIENTED_EDGE ( 'NONE', *, *, #6135, .F. ) ;
#7374 = SURFACE_SIDE_STYLE ('',( #11407 ) ) ;
#7376 = CARTESIAN_POINT ( 'NONE',  ( 2.501000000000000334, 0.5695048632124164456, 0.2531173995707617919 ) ) ;
#7377 = ORIENTED_EDGE ( 'NONE', *, *, #11233, .F. ) ;
#7378 = COLOUR_RGB ( '',0.000000000000000000, 0.000000000000000000, 0.000000000000000000 ) ;
#7379 = MECHANICAL_DESIGN_GEOMETRIC_PRESENTATION_REPRESENTATION (  '', ( #7991 ), #291 ) ;
#7380 = CARTESIAN_POINT ( 'NONE',  ( 2.500000000000000000, 0.3187672416920634966, 0.3568852396201578348 ) ) ;
#7381 = CARTESIAN_POINT ( 'NONE',  ( 2.501000000000000334, 0.3540670229509985112, 0.2289950159133570251 ) ) ;
#7382 =( GEOMETRIC_REPRESENTATION_CONTEXT ( 3 ) GLOBAL_UNCERTAINTY_ASSIGNED_CONTEXT ( ( #1689 ) ) GLOBAL_UNIT_ASSIGNED_CONTEXT ( ( #4092, #11768, #9875 ) ) REPRESENTATION_CONTEXT ( 'NONE', 'WORKASPACE' ) );
#7383 = CARTESIAN_POINT ( 'NONE',  ( 2.501000000000000334, 0.1298432282970038432, 0.7550085457775238540 ) ) ;
#7384 = LINE ( 'NONE', #5580, #8208 ) ;
#7385 = EDGE_CURVE ( 'NONE', #9454, #8705, #7497, .T. ) ;
#7386 = AXIS2_PLACEMENT_3D ( 'NONE', #10824, #11060, #5408 ) ;
#7387 =( GEOMETRIC_REPRESENTATION_CONTEXT ( 3 ) GLOBAL_UNCERTAINTY_ASSIGNED_CONTEXT ( ( #6396 ) ) GLOBAL_UNIT_ASSIGNED_CONTEXT ( ( #6553, #1016, #7688 ) ) REPRESENTATION_CONTEXT ( 'NONE', 'WORKASPACE' ) );
#7388 = ORIENTED_EDGE ( 'NONE', *, *, #11627, .T. ) ;
#7389 = PRESENTATION_STYLE_ASSIGNMENT (( #6380 ) ) ;
#7390 = B_SPLINE_CURVE_WITH_KNOTS ( 'NONE', 3,
 ( #7131, #7917, #6710, #270 ),
 .UNSPECIFIED., .F., .F.,
 ( 4, 4 ),
 ( 5.000000000000000000, 6.000000000000000000 ),
 .UNSPECIFIED. ) ;
#7391 = ORIENTED_EDGE ( 'NONE', *, *, #2628, .T. ) ;
#7392 = FILL_AREA_STYLE_COLOUR ( '', #2391 ) ;
#7393 = FILL_AREA_STYLE ('',( #3618 ) ) ;
#7394 = CARTESIAN_POINT ( 'NONE',  ( 2.501000000000000334, 0.4724434617239411383, 0.2989707236807600532 ) ) ;
#7395 = CARTESIAN_POINT ( 'NONE',  ( 2.501000000000000334, -0.2697483437450227117, 0.5420688443579295690 ) ) ;
#7396 =( GEOMETRIC_REPRESENTATION_CONTEXT ( 3 ) GLOBAL_UNCERTAINTY_ASSIGNED_CONTEXT ( ( #1845 ) ) GLOBAL_UNIT_ASSIGNED_CONTEXT ( ( #1712, #11113, #1456 ) ) REPRESENTATION_CONTEXT ( 'NONE', 'WORKASPACE' ) );
#7397 = PRESENTATION_STYLE_ASSIGNMENT (( #48 ) ) ;
#7398 = CARTESIAN_POINT ( 'NONE',  ( 2.501000000000000334, -0.5271340490744741425, 0.2919131300411534347 ) ) ;
#7399 = SURFACE_SIDE_STYLE ('',( #9495 ) ) ;
#7400 = CARTESIAN_POINT ( 'NONE',  ( 2.500000000000000000, 0.8280406691038836309, 0.7290145978701134677 ) ) ;
#7401 = CARTESIAN_POINT ( 'NONE',  ( 2.500000000000000000, 0.4112537083484125722, 0.2992826510553036057 ) ) ;
#7402 = EDGE_CURVE ( 'NONE', #2812, #2858, #38, .T. ) ;
#7404 = EDGE_CURVE ( 'NONE', #8556, #8729, #9795, .T. ) ;
#7403 = ORIENTED_EDGE ( 'NONE', *, *, #5235, .F. ) ;
#7405 = CARTESIAN_POINT ( 'NONE',  ( 2.500000000000000000, 0.2666753700843376707, 0.5930142624155795295 ) ) ;
#7406 =( GEOMETRIC_REPRESENTATION_CONTEXT ( 3 ) GLOBAL_UNCERTAINTY_ASSIGNED_CONTEXT ( ( #11382 ) ) GLOBAL_UNIT_ASSIGNED_CONTEXT ( ( #11246, #1839, #9516 ) ) REPRESENTATION_CONTEXT ( 'NONE', 'WORKASPACE' ) );
#7407 = CARTESIAN_POINT ( 'NONE',  ( 2.501000000000000334, 0.9197993052196431485, 0.5516318973461920017 ) ) ;
#7408 = FILL_AREA_STYLE ('',( #9403 ) ) ;
#7409 = LINE ( 'NONE', #11201, #11839 ) ;
#7410 = LINE ( 'NONE', #9350, #11317 ) ;
#7411 = FILL_AREA_STYLE ('',( #9352 ) ) ;
#7412 = DIRECTION ( 'NONE',  ( -0.000000000000000000, -0.000000000000000000, -1.000000000000000000 ) ) ;
#7413 = VERTEX_POINT ( 'NONE', #2871 ) ;
#7414 = CARTESIAN_POINT ( 'NONE',  ( 2.501000000000000334, 0.7255205385554218678, 0.6559196163531543222 ) ) ;
#7415 = LINE ( 'NONE', #1620, #9238 ) ;
#7416 = ORIENTED_EDGE ( 'NONE', *, *, #6017, .T. ) ;
#7417 = CARTESIAN_POINT ( 'NONE',  ( 2.501000000000000334, -0.9855119931785354392, 0.5203790367986217413 ) ) ;
#7418 = B_SPLINE_SURFACE_WITH_KNOTS ( 'NONE', 3, 1, ( 
 ( #10380, #2998 ),
 ( #2816, #5589 ),
 ( #6549, #7566 ),
 ( #12133, #3679 ) ),
 .UNSPECIFIED., .F., .F., .F.,
 ( 4, 4 ),
 ( 2, 2 ),
 ( 7.000000000000000000, 8.000000000000000000 ),
 ( 0.000000000000000000, 1.000000000000000000 ),
 .UNSPECIFIED. ) ;
#7419 = CARTESIAN_POINT ( 'NONE',  ( 2.501000000000000334, 0.2191584333087385761, 0.6494731172710164202 ) ) ;
#7420 = EDGE_CURVE ( 'NONE', #8872, #5262, #7614, .T. ) ;
#7421 = EDGE_CURVE ( 'NONE', #12070, #6305, #4996, .T. ) ;
#7422 =( NAMED_UNIT ( * ) PLANE_ANGLE_UNIT ( ) SI_UNIT ( $, .RADIAN. ) );
#7423 =( NAMED_UNIT ( * ) SI_UNIT ( $, .STERADIAN. ) SOLID_ANGLE_UNIT ( ) );
#7424 = UNCERTAINTY_MEASURE_WITH_UNIT (LENGTH_MEASURE( 1.000000000000000082E-05 ), #1577, 'distance_accuracy_value', 'NONE');
#7425 =( LENGTH_UNIT ( ) NAMED_UNIT ( * ) SI_UNIT ( .MILLI., .METRE. ) );
#7427 = PLANE ( 'NONE',  #2259 ) ;
#7426 = CARTESIAN_POINT ( 'NONE',  ( 2.501000000000000334, 0.7255205385554218678, 0.6559196163531543222 ) ) ;
#7428 = VECTOR ( 'NONE', #5047, 1000.000000000000000 ) ;
#7429 = CARTESIAN_POINT ( 'NONE',  ( 2.501000000000000334, 0.2498312918404796690, 0.2370011518681925111 ) ) ;
#7430 = CARTESIAN_POINT ( 'NONE',  ( 2.501000000000000334, 0.3714309801537973854, 0.7501216835708589548 ) ) ;
#7431 = CARTESIAN_POINT ( 'NONE',  ( 2.500000000000000000, 0.1298432282970038432, 0.7550085457775238540 ) ) ;
#7432 = ORIENTED_EDGE ( 'NONE', *, *, #842, .T. ) ;
#7433 = FILL_AREA_STYLE ('',( #5510 ) ) ;
#7434 = EDGE_CURVE ( 'NONE', #538, #6798, #5768, .T. ) ;
#7435 = MECHANICAL_DESIGN_GEOMETRIC_PRESENTATION_REPRESENTATION (  '', ( #8421 ), #150 ) ;
#7436 = EDGE_CURVE ( 'NONE', #9454, #10901, #7913, .T. ) ;
#7437 = CARTESIAN_POINT ( 'NONE',  ( 2.500000000000000000, 0.3714309801537973854, 0.7501216835708589548 ) ) ;
#7438 = FACE_OUTER_BOUND ( 'NONE', #5639, .T. ) ;
#7439 = ORIENTED_EDGE ( 'NONE', *, *, #3550, .T. ) ;
#7440 = ORIENTED_EDGE ( 'NONE', *, *, #9877, .F. ) ;
#7441 =( LENGTH_UNIT ( ) NAMED_UNIT ( * ) SI_UNIT ( .MILLI., .METRE. ) );
#7442 = LINE ( 'NONE', #5838, #2749 ) ;
#7443 =( NAMED_UNIT ( * ) SI_UNIT ( $, .STERADIAN. ) SOLID_ANGLE_UNIT ( ) );
#7444 = PRESENTATION_STYLE_ASSIGNMENT (( #9159 ) ) ;
#7445 = CARTESIAN_POINT ( 'NONE',  ( 2.500000000000000000, 0.3234981402114526228, 0.7347332664088832566 ) ) ;
#7446 = ADVANCED_FACE ( 'NONE', ( #12000 ), #1280, .F. ) ;
#7447 = CARTESIAN_POINT ( 'NONE',  ( 2.500000000000000000, 0.9034751059326698863, 0.4323716643446922636 ) ) ;
#7448 = PLANE ( 'NONE',  #501 ) ;
#7449 = CARTESIAN_POINT ( 'NONE',  ( 2.501000000000000334, 0.6157221025927129832, 0.5748184988799746042 ) ) ;
#7450 = ORIENTED_EDGE ( 'NONE', *, *, #1010, .F. ) ;
#7451 = FACE_OUTER_BOUND ( 'NONE', #7956, .T. ) ;
#7452 = FILL_AREA_STYLE_COLOUR ( '', #9732 ) ;
#7453 = CARTESIAN_POINT ( 'NONE',  ( 2.501000000000000334, 0.4999450586103734162, 0.3742491968222727561 ) ) ;
#7454 = SURFACE_STYLE_FILL_AREA ( #6103 ) ;
#7455 = EDGE_CURVE ( 'NONE', #7089, #1278, #10964, .T. ) ;
#7456 = DIRECTION ( 'NONE',  ( -1.239088197126290817E-16, 0.000000000000000000, -1.000000000000000000 ) ) ;
#7457 = ORIENTED_EDGE ( 'NONE', *, *, #297, .F. ) ;
#7458 = CARTESIAN_POINT ( 'NONE',  ( -2.200000000000001066, -0.2500000000000000000, -2.000000000000000000 ) ) ;
#7459 =( NAMED_UNIT ( * ) SI_UNIT ( $, .STERADIAN. ) SOLID_ANGLE_UNIT ( ) );
#7460 = ORIENTED_EDGE ( 'NONE', *, *, #3292, .F. ) ;
#7461 = CARTESIAN_POINT ( 'NONE',  ( 2.501000000000000334, 0.9526036674781059865, 0.3579249975366796122 ) ) ;
#7462 = CARTESIAN_POINT ( 'NONE',  ( 2.500000000000000000, 0.7255205385554218678, 0.6860725959252541584 ) ) ;
#7463 = FACE_OUTER_BOUND ( 'NONE', #3850, .T. ) ;
#7464 = CARTESIAN_POINT ( 'NONE',  ( 2.501000000000000334, 0.5051958360880290932, 0.1853251834279087962 ) ) ;
#7465 = SURFACE_SIDE_STYLE ('',( #9535 ) ) ;
#7466 = CARTESIAN_POINT ( 'NONE',  ( 2.500000000000000000, 0.3714309801537973854, 0.7226720745808750124 ) ) ;
#7467 = ORIENTED_EDGE ( 'NONE', *, *, #8078, .F. ) ;
#7468 = UNCERTAINTY_MEASURE_WITH_UNIT (LENGTH_MEASURE( 1.000000000000000082E-05 ), #7425, 'distance_accuracy_value', 'NONE');
#7469 = VECTOR ( 'NONE', #3594, 1000.000000000000000 ) ;
#7470 = EDGE_CURVE ( 'NONE', #3888, #6405, #11974, .T. ) ;
#7471 = SURFACE_STYLE_FILL_AREA ( #355 ) ;
#7472 = FACE_OUTER_BOUND ( 'NONE', #10827, .T. ) ;
#7473 = FACE_OUTER_BOUND ( 'NONE', #12129, .T. ) ;
#7474 = PRESENTATION_STYLE_ASSIGNMENT (( #690 ) ) ;
#7475 = SURFACE_SIDE_STYLE ('',( #9476 ) ) ;
#7476 = FACE_BOUND ( 'NONE', #11578, .T. ) ;
#7477 = DIRECTION ( 'NONE',  ( -0.000000000000000000, 1.000000000000000000, 2.981400461857163762E-15 ) ) ;
#7478 = STYLED_ITEM ( 'NONE', ( #3242 ), #10852 ) ;
#7480 = FILL_AREA_STYLE ('',( #7302 ) ) ;
#7479 = FACE_OUTER_BOUND ( 'NONE', #6084, .T. ) ;
#7481 = ORIENTED_EDGE ( 'NONE', *, *, #9565, .T. ) ;
#7482 = VECTOR ( 'NONE', #2121, 1000.000000000000000 ) ;
#7483 = PLANE ( 'NONE',  #2647 ) ;
#7484 = CARTESIAN_POINT ( 'NONE',  ( 2.500000000000000000, -0.2769782795976638012, 0.5420688443579295690 ) ) ;
#7485 = MECHANICAL_DESIGN_GEOMETRIC_PRESENTATION_REPRESENTATION (  '', ( #5895 ), #9100 ) ;
#7487 = ORIENTED_EDGE ( 'NONE', *, *, #4859, .T. ) ;
#7486 = CARTESIAN_POINT ( 'NONE',  ( 2.500000000000000000, 0.4866881451771898903, 0.2685058167327331602 ) ) ;
#7488 = CARTESIAN_POINT ( 'NONE',  ( 2.500000000000000000, -0.9175505575494772303, 0.6230441176359816646 ) ) ;
#7489 = PRESENTATION_LAYER_ASSIGNMENT (  '', '', ( #1159 ) ) ;
#7490 = EDGE_LOOP ( 'NONE', ( #2590, #660, #7375, #1893 ) ) ;
#7491 = FACE_OUTER_BOUND ( 'NONE', #7034, .T. ) ;
#7492 = STYLED_ITEM ( 'NONE', ( #5230 ), #2247 ) ;
#7493 = FILL_AREA_STYLE ('',( #7663 ) ) ;
#7494 = VECTOR ( 'NONE', #5660, 1000.000000000000000 ) ;
#7495 = VECTOR ( 'NONE', #1629, 1000.000000000000000 ) ;
#7496 = CARTESIAN_POINT ( 'NONE',  ( -2.200000000000000178, -0.2500000000000000000, 0.000000000000000000 ) ) ;
#7497 = LINE ( 'NONE', #3848, #421 ) ;
#7499 = ORIENTED_EDGE ( 'NONE', *, *, #8521, .F. ) ;
#7498 = FILL_AREA_STYLE_COLOUR ( '', #10857 ) ;
#7500 = MECHANICAL_DESIGN_GEOMETRIC_PRESENTATION_REPRESENTATION (  '', ( #9487 ), #6098 ) ;
#7501 =( GEOMETRIC_REPRESENTATION_CONTEXT ( 3 ) GLOBAL_UNCERTAINTY_ASSIGNED_CONTEXT ( ( #10802 ) ) GLOBAL_UNIT_ASSIGNED_CONTEXT ( ( #8673, #8875, #378 ) ) REPRESENTATION_CONTEXT ( 'NONE', 'WORKASPACE' ) );
#7502 = LINE ( 'NONE', #11532, #2266 ) ;
#7503 = EDGE_CURVE ( 'NONE', #1129, #4720, #4763, .T. ) ;
#7504 = VECTOR ( 'NONE', #4913, 1000.000000000000000 ) ;
#7505 = EDGE_CURVE ( 'NONE', #11712, #3473, #11802, .T. ) ;
#7506 = VECTOR ( 'NONE', #10577, 1000.000000000000000 ) ;
#7507 = ORIENTED_EDGE ( 'NONE', *, *, #1396, .T. ) ;
#7508 = UNCERTAINTY_MEASURE_WITH_UNIT (LENGTH_MEASURE( 1.000000000000000082E-05 ), #11372, 'distance_accuracy_value', 'NONE');
#7509 = B_SPLINE_SURFACE_WITH_KNOTS ( 'NONE', 3, 1, ( 
 ( #8261, #896 ),
 ( #1903, #6807 ),
 ( #10489, #2071 ),
 ( #3912, #1125 ) ),
 .UNSPECIFIED., .F., .F., .F.,
 ( 4, 4 ),
 ( 2, 2 ),
 ( 18.00000000000000000, 19.00000000000000000 ),
 ( 0.000000000000000000, 1.000000000000000000 ),
 .UNSPECIFIED. ) ;
#7510 = SURFACE_SIDE_STYLE ('',( #1775 ) ) ;
#7511 = CARTESIAN_POINT ( 'NONE',  ( 2.500000000000000000, 0.3587459335746319145, 0.7556324005279899669 ) ) ;
#7512 = FILL_AREA_STYLE_COLOUR ( '', #5511 ) ;
#7513 = STYLED_ITEM ( 'NONE', ( #7195 ), #7350 ) ;
#7514 = CARTESIAN_POINT ( 'NONE',  ( 2.501000000000000334, 0.5732999796068046772, 0.2648666640256179261 ) ) ;
#7515 = SURFACE_SIDE_STYLE ('',( #2699 ) ) ;
#7516 = CARTESIAN_POINT ( 'NONE',  ( 2.500000000000000000, 0.4428103611087141900, 0.3568852396201582788 ) ) ;
#7517 = B_SPLINE_SURFACE_WITH_KNOTS ( 'NONE', 3, 1, ( 
 ( #5791, #4920 ),
 ( #9585, #1085 ),
 ( #9644, #4867 ),
 ( #8640, #177 ) ),
 .UNSPECIFIED., .F., .F., .F.,
 ( 4, 4 ),
 ( 2, 2 ),
 ( 5.000000000000000000, 6.000000000000000000 ),
 ( 0.000000000000000000, 1.000000000000000000 ),
 .UNSPECIFIED. ) ;
#7518 = VECTOR ( 'NONE', #10444, 1000.000000000000000 ) ;
#7519 = ORIENTED_EDGE ( 'NONE', *, *, #9150, .F. ) ;
#7520 = ADVANCED_FACE ( 'NONE', ( #8267 ), #1537, .F. ) ;
#7521 = ORIENTED_EDGE ( 'NONE', *, *, #8306, .T. ) ;
#7522 =( GEOMETRIC_REPRESENTATION_CONTEXT ( 3 ) GLOBAL_UNCERTAINTY_ASSIGNED_CONTEXT ( ( #4934 ) ) GLOBAL_UNIT_ASSIGNED_CONTEXT ( ( #5418, #6211, #1422 ) ) REPRESENTATION_CONTEXT ( 'NONE', 'WORKASPACE' ) );
#7523 =( LENGTH_UNIT ( ) NAMED_UNIT ( * ) SI_UNIT ( .MILLI., .METRE. ) );
#7524 = FACE_OUTER_BOUND ( 'NONE', #7182, .T. ) ;
#7525 = CARTESIAN_POINT ( 'NONE',  ( 2.501000000000000334, 0.7368019119484687796, 0.5516318973461914466 ) ) ;
#7526 = PLANE ( 'NONE',  #3446 ) ;
#7527 = CARTESIAN_POINT ( 'NONE',  ( 2.501000000000000334, 0.6158780662799840933, 0.5516318973461908914 ) ) ;
#7528 = ORIENTED_EDGE ( 'NONE', *, *, #7985, .T. ) ;
#7529 =( GEOMETRIC_REPRESENTATION_CONTEXT ( 3 ) GLOBAL_UNCERTAINTY_ASSIGNED_CONTEXT ( ( #1378 ) ) GLOBAL_UNIT_ASSIGNED_CONTEXT ( ( #3039, #5868, #8804 ) ) REPRESENTATION_CONTEXT ( 'NONE', 'WORKASPACE' ) );
#7530 =( NAMED_UNIT ( * ) SI_UNIT ( $, .STERADIAN. ) SOLID_ANGLE_UNIT ( ) );
#7531 = DIRECTION ( 'NONE',  ( -1.000000000000000000, 0.000000000000000000, 0.000000000000000000 ) ) ;
#7532 = EDGE_CURVE ( 'NONE', #2977, #951, #3513, .T. ) ;
#7533 = DIRECTION ( 'NONE',  ( -1.000000000000000000, -0.000000000000000000, -0.000000000000000000 ) ) ;
#7534 = VECTOR ( 'NONE', #55, 1000.000000000000000 ) ;
#7535 = ORIENTED_EDGE ( 'NONE', *, *, #12032, .T. ) ;
#7536 = VECTOR ( 'NONE', #4388, 1000.000000000000000 ) ;
#7537 = CARTESIAN_POINT ( 'NONE',  ( 2.501000000000000334, 0.2191584333087385761, 0.6822254916351049303 ) ) ;
#7538 = CARTESIAN_POINT ( 'NONE',  ( 2.501000000000000334, 0.2191584333087385761, 0.6494731172710164202 ) ) ;
#7539 = CARTESIAN_POINT ( 'NONE',  ( 2.500000000000000000, -0.1526234049923927139, 0.4292818560854309573 ) ) ;
#7540 = VECTOR ( 'NONE', #2164, 1000.000000000000000 ) ;
#7541 =( NAMED_UNIT ( * ) SI_UNIT ( $, .STERADIAN. ) SOLID_ANGLE_UNIT ( ) );
#7542 = SURFACE_STYLE_USAGE ( .BOTH. , #8546 ) ;
#7543 = ORIENTED_EDGE ( 'NONE', *, *, #2448, .F. ) ;
#7544 = EDGE_CURVE ( 'NONE', #9035, #11452, #671, .T. ) ;
#7545 = MECHANICAL_DESIGN_GEOMETRIC_PRESENTATION_REPRESENTATION (  '', ( #10741 ), #3214 ) ;
#7547 = ORIENTED_EDGE ( 'NONE', *, *, #11851, .F. ) ;
#7546 = DIRECTION ( 'NONE',  ( -1.000000000000000000, -0.000000000000000000, -0.000000000000000000 ) ) ;
#7548 =( LENGTH_UNIT ( ) NAMED_UNIT ( * ) SI_UNIT ( .MILLI., .METRE. ) );
#7549 = ORIENTED_EDGE ( 'NONE', *, *, #6152, .T. ) ;
#7550 = ORIENTED_EDGE ( 'NONE', *, *, #9958, .T. ) ;
#7551 =( GEOMETRIC_REPRESENTATION_CONTEXT ( 3 ) GLOBAL_UNCERTAINTY_ASSIGNED_CONTEXT ( ( #2541 ) ) GLOBAL_UNIT_ASSIGNED_CONTEXT ( ( #10126, #1641, #11104 ) ) REPRESENTATION_CONTEXT ( 'NONE', 'WORKASPACE' ) );
#7552 = CARTESIAN_POINT ( 'NONE',  ( 2.500000000000000000, 0.9308727270282786126, 0.2733926789394044432 ) ) ;
#7553 = SURFACE_STYLE_FILL_AREA ( #5761 ) ;
#7554 = B_SPLINE_SURFACE_WITH_KNOTS ( 'NONE', 3, 1, ( 
 ( #4678, #8454 ),
 ( #8524, #62 ),
 ( #11255, #8338 ),
 ( #3635, #2766 ) ),
 .UNSPECIFIED., .F., .F., .F.,
 ( 4, 4 ),
 ( 2, 2 ),
 ( 3.000000000000000000, 4.000000000000000000 ),
 ( 0.000000000000000000, 1.000000000000000000 ),
 .UNSPECIFIED. ) ;
#7555 =( GEOMETRIC_REPRESENTATION_CONTEXT ( 3 ) GLOBAL_UNCERTAINTY_ASSIGNED_CONTEXT ( ( #9913 ) ) GLOBAL_UNIT_ASSIGNED_CONTEXT ( ( #8631, #9430, #6481 ) ) REPRESENTATION_CONTEXT ( 'NONE', 'WORKASPACE' ) );
#7556 = SURFACE_STYLE_USAGE ( .BOTH. , #2687 ) ;
#7557 = UNCERTAINTY_MEASURE_WITH_UNIT (LENGTH_MEASURE( 1.000000000000000082E-05 ), #8005, 'distance_accuracy_value', 'NONE');
#7558 = CARTESIAN_POINT ( 'NONE',  ( 2.500000000000000000, 0.1035893409101118351, 0.4323716643446894325 ) ) ;
#7559 = DIRECTION ( 'NONE',  ( -0.000000000000000000, -1.000000000000000000, -2.981400461885572221E-15 ) ) ;
#7560 = CARTESIAN_POINT ( 'NONE',  ( 2.501000000000000334, 0.7853586066392009846, 0.6072589458695240028 ) ) ;
#7562 = ORIENTED_EDGE ( 'NONE', *, *, #1535, .T. ) ;
#7561 =( NAMED_UNIT ( * ) SI_UNIT ( $, .STERADIAN. ) SOLID_ANGLE_UNIT ( ) );
#7563 =( GEOMETRIC_REPRESENTATION_CONTEXT ( 3 ) GLOBAL_UNCERTAINTY_ASSIGNED_CONTEXT ( ( #6035 ) ) GLOBAL_UNIT_ASSIGNED_CONTEXT ( ( #6027, #7634, #9588 ) ) REPRESENTATION_CONTEXT ( 'NONE', 'WORKASPACE' ) );
#7564 = CARTESIAN_POINT ( 'NONE',  ( 2.501000000000000334, -0.1526234049923929081, 0.4914592933880656545 ) ) ;
#7565 = EDGE_LOOP ( 'NONE', ( #7989, #10944, #327, #9486 ) ) ;
#7566 = CARTESIAN_POINT ( 'NONE',  ( 2.500000000000000000, 0.3568743693253202398, 0.7307821863272226937 ) ) ;
#7567 = EDGE_CURVE ( 'NONE', #4194, #10071, #3236, .T. ) ;
#7568 = VECTOR ( 'NONE', #2954, 1000.000000000000114 ) ;
#7569 = SURFACE_STYLE_FILL_AREA ( #116 ) ;
#7570 = FACE_OUTER_BOUND ( 'NONE', #1220, .T. ) ;
#7571 = CARTESIAN_POINT ( 'NONE',  ( 2.501000000000000334, -0.6167852646828186902, 0.2760071829081734984 ) ) ;
#7572 = STYLED_ITEM ( 'NONE', ( #10505 ), #3326 ) ;
#7573 = DIRECTION ( 'NONE',  ( 0.000000000000000000, -1.000000000000000000, -3.726750577356964881E-15 ) ) ;
#7574 = EDGE_LOOP ( 'NONE', ( #269, #3059, #1148, #7771 ) ) ;
#7575 = DIRECTION ( 'NONE',  ( 0.000000000000000000, 4.165559366827285751E-15, -1.000000000000000000 ) ) ;
#7576 = VERTEX_POINT ( 'NONE', #3518 ) ;
#7577 = SURFACE_SIDE_STYLE ('',( #3864 ) ) ;
#7578 = CARTESIAN_POINT ( 'NONE',  ( 2.500000000000000000, 0.3942016785208403706, 0.3582369249112133391 ) ) ;
#7579 = CARTESIAN_POINT ( 'NONE',  ( 2.500000000000000000, -0.3753053961641895642, 0.7228172406794672877 ) ) ;
#7580 = CARTESIAN_POINT ( 'NONE',  ( 2.501000000000000334, 0.4175962316383408646, 0.3479433215389325373 ) ) ;
#7581 = EDGE_CURVE ( 'NONE', #1770, #9330, #6575, .T. ) ;
#7582 = CARTESIAN_POINT ( 'NONE',  ( 2.501000000000000334, 0.4050671487464481135, 0.3660351092830227970 ) ) ;
#7583 = CARTESIAN_POINT ( 'NONE',  ( 2.500000000000000000, 0.4129173210147061290, 0.2255638147892600198 ) ) ;
#7584 = EDGE_LOOP ( 'NONE', ( #12046, #2323 ) ) ;
#7585 = FACE_OUTER_BOUND ( 'NONE', #8060, .T. ) ;
#7586 = MECHANICAL_DESIGN_GEOMETRIC_PRESENTATION_REPRESENTATION (  '', ( #6006 ), #6991 ) ;
#7587 = DIRECTION ( 'NONE',  ( -1.000000000000000000, -0.000000000000000000, -0.000000000000000000 ) ) ;
#7588 = CARTESIAN_POINT ( 'NONE',  ( 2.500000000000000000, 0.8240895890222245113, 0.7147699144161706597 ) ) ;
#7589 = CARTESIAN_POINT ( 'NONE',  ( 2.500000000000000000, 0.4583547419579575011, 0.2762000253130332816 ) ) ;
#7590 = VERTEX_POINT ( 'NONE', #11141 ) ;
#7591 = VERTEX_POINT ( 'NONE', #10221 ) ;
#7592 = DIRECTION ( 'NONE',  ( -1.000000000000000000, -0.000000000000000000, -0.000000000000000000 ) ) ;
#7593 = SURFACE_STYLE_FILL_AREA ( #804 ) ;
#7594 =( NAMED_UNIT ( * ) PLANE_ANGLE_UNIT ( ) SI_UNIT ( $, .RADIAN. ) );
#7595 = PLANE ( 'NONE',  #11446 ) ;
#7596 = EDGE_CURVE ( 'NONE', #6075, #10174, #5866, .T. ) ;
#7598 = FACE_OUTER_BOUND ( 'NONE', #1542, .T. ) ;
#7597 = FACE_OUTER_BOUND ( 'NONE', #8031, .T. ) ;
#7599 = EDGE_LOOP ( 'NONE', ( #4967, #9916, #397, #1914 ) ) ;
#7601 = ORIENTED_EDGE ( 'NONE', *, *, #11400, .T. ) ;
#7600 = SURFACE_STYLE_FILL_AREA ( #1874 ) ;
#7602 = CARTESIAN_POINT ( 'NONE',  ( 2.500000000000000000, 0.5707005848148212213, 0.2558207701542610790 ) ) ;
#7603 = PRESENTATION_LAYER_ASSIGNMENT (  '', '', ( #10214 ) ) ;
#7604 = CARTESIAN_POINT ( 'NONE',  ( 2.501000000000000334, 1.145478760956904374, 0.2289950159133597729 ) ) ;
#7605 = ORIENTED_EDGE ( 'NONE', *, *, #4212, .F. ) ;
#7606 = VERTEX_POINT ( 'NONE', #10381 ) ;
#7607 = PRESENTATION_STYLE_ASSIGNMENT (( #1995 ) ) ;
#7608 = CARTESIAN_POINT ( 'NONE',  ( 2.501000000000000334, 0.9526036674781059865, 0.3325549043783421754 ) ) ;
#7609 = PRESENTATION_STYLE_ASSIGNMENT (( #11291 ) ) ;
#7610 = ADVANCED_FACE ( 'NONE', ( #7524 ), #4680, .F. ) ;
#7611 = B_SPLINE_SURFACE_WITH_KNOTS ( 'NONE', 3, 1, ( 
 ( #11998, #1819 ),
 ( #6535, #8555 ),
 ( #12059, #2619 ),
 ( #3605, #1877 ) ),
 .UNSPECIFIED., .F., .F., .F.,
 ( 4, 4 ),
 ( 2, 2 ),
 ( 2.000000000000000000, 3.000000000000000000 ),
 ( 0.000000000000000000, 1.000000000000000000 ),
 .UNSPECIFIED. ) ;
#7612 = VECTOR ( 'NONE', #8086, 1000.000000000000341 ) ;
#7613 = LINE ( 'NONE', #8562, #2694 ) ;
#7614 = LINE ( 'NONE', #3158, #4168 ) ;
#7615 = SURFACE_STYLE_USAGE ( .BOTH. , #9500 ) ;
#7616 = CARTESIAN_POINT ( 'NONE',  ( 2.500000000000000000, 0.6487864043313419371, 0.7550085457775257414 ) ) ;
#7617 = CARTESIAN_POINT ( 'NONE',  ( 2.501000000000000334, -0.6731787588190678573, 0.2196136611919111969 ) ) ;
#7618 = PRESENTATION_LAYER_ASSIGNMENT (  '', '', ( #4661 ) ) ;
#7619 = CARTESIAN_POINT ( 'NONE',  ( 2.500000000000000000, -0.7498160402476569120, 0.6056923570868752993 ) ) ;
#7620 = B_SPLINE_CURVE_WITH_KNOTS ( 'NONE', 3,
 ( #1699, #8296, #12057, #6421 ),
 .UNSPECIFIED., .F., .F.,
 ( 4, 4 ),
 ( 27.00000000000000000, 28.00000000000000000 ),
 .UNSPECIFIED. ) ;
#7621 = CARTESIAN_POINT ( 'NONE',  ( 2.500000000000000000, -0.3218039149811601218, 0.3164948678129326787 ) ) ;
#7622 = CARTESIAN_POINT ( 'NONE',  ( 2.500000000000000000, 0.6179575821130159907, 0.7550085457775256303 ) ) ;
#7623 = CARTESIAN_POINT ( 'NONE',  ( 2.501000000000000334, 0.8408816793710162107, 0.2521816174471464556 ) ) ;
#7624 = FILL_AREA_STYLE_COLOUR ( '', #9409 ) ;
#7625 = CARTESIAN_POINT ( 'NONE',  ( 2.500000000000000000, 1.084912862331147920, 0.3949403793569650212 ) ) ;
#7626 = PRESENTATION_STYLE_ASSIGNMENT (( #118 ) ) ;
#7627 = CARTESIAN_POINT ( 'NONE',  ( 2.500000000000000000, 0.1035893409101106694, 0.7550085457775238540 ) ) ;
#7628 = VERTEX_POINT ( 'NONE', #12093 ) ;
#7629 = ORIENTED_EDGE ( 'NONE', *, *, #2384, .F. ) ;
#7630 = UNCERTAINTY_MEASURE_WITH_UNIT (LENGTH_MEASURE( 1.000000000000000082E-05 ), #370, 'distance_accuracy_value', 'NONE');
#7631 = CARTESIAN_POINT ( 'NONE',  ( 2.500999999999999446, 0.8240895890222245113, 0.7147699144161706597 ) ) ;
#7632 =( LENGTH_UNIT ( ) NAMED_UNIT ( * ) SI_UNIT ( .MILLI., .METRE. ) );
#7633 = PRESENTATION_STYLE_ASSIGNMENT (( #3868 ) ) ;
#7634 =( NAMED_UNIT ( * ) PLANE_ANGLE_UNIT ( ) SI_UNIT ( $, .RADIAN. ) );
#7635 = SURFACE_STYLE_FILL_AREA ( #7273 ) ;
#7636 = CARTESIAN_POINT ( 'NONE',  ( 2.501000000000000334, 0.1298432282970055640, 0.2521816174471440131 ) ) ;
#7637 = SURFACE_STYLE_FILL_AREA ( #3871 ) ;
#7638 = ORIENTED_EDGE ( 'NONE', *, *, #6655, .F. ) ;
#7639 = SURFACE_STYLE_FILL_AREA ( #3873 ) ;
#7640 = CARTESIAN_POINT ( 'NONE',  ( 2.500000000000000000, 1.469693845669906240, 1.000000000000000000 ) ) ;
#7641 = SURFACE_STYLE_FILL_AREA ( #5673 ) ;
#7642 = LINE ( 'NONE', #2899, #5182 ) ;
#7643 = EDGE_CURVE ( 'NONE', #2657, #5262, #8398, .T. ) ;
#7644 = FACE_OUTER_BOUND ( 'NONE', #684, .T. ) ;
#7645 = ORIENTED_EDGE ( 'NONE', *, *, #6562, .F. ) ;
#7646 = EDGE_CURVE ( 'NONE', #4866, #3887, #8340, .T. ) ;
#7647 = VERTEX_POINT ( 'NONE', #2710 ) ;
#7648 =( NAMED_UNIT ( * ) PLANE_ANGLE_UNIT ( ) SI_UNIT ( $, .RADIAN. ) );
#7649 = SURFACE_STYLE_FILL_AREA ( #3652 ) ;
#7650 = B_SPLINE_CURVE_WITH_KNOTS ( 'NONE', 3,
 ( #11179, #6484, #10303, #1829 ),
 .UNSPECIFIED., .F., .F.,
 ( 4, 4 ),
 ( 5.000000000000000000, 6.000000000000000000 ),
 .UNSPECIFIED. ) ;
#7651 = SURFACE_STYLE_USAGE ( .BOTH. , #8663 ) ;
#7652 =( NAMED_UNIT ( * ) PLANE_ANGLE_UNIT ( ) SI_UNIT ( $, .RADIAN. ) );
#7653 = CARTESIAN_POINT ( 'NONE',  ( 2.500000000000000000, 0.6979149658781653720, 0.6551917858111756532 ) ) ;
#7654 = CARTESIAN_POINT ( 'NONE',  ( 2.501000000000000334, 0.5196484711243036791, 0.1824138612613750154 ) ) ;
#7655 = ORIENTED_EDGE ( 'NONE', *, *, #9085, .F. ) ;
#7657 = VERTEX_POINT ( 'NONE', #6448 ) ;
#7656 = CARTESIAN_POINT ( 'NONE',  ( 2.500000000000000000, 0.6948476800243674756, 0.5801212642526935026 ) ) ;
#7658 = CARTESIAN_POINT ( 'NONE',  ( 2.500000000000000000, 0.5216240111658261291, 0.1605789450186506373 ) ) ;
#7659 = VERTEX_POINT ( 'NONE', #1910 ) ;
#7660 = EDGE_CURVE ( 'NONE', #5432, #8872, #3754, .T. ) ;
#7661 = ORIENTED_EDGE ( 'NONE', *, *, #1882, .T. ) ;
#7662 = FILL_AREA_STYLE ('',( #10356 ) ) ;
#7663 = FILL_AREA_STYLE_COLOUR ( '', #1431 ) ;
#7664 = CARTESIAN_POINT ( 'NONE',  ( 2.501000000000000334, 0.5111224562105154412, 0.6432345697732937406 ) ) ;
#7665 = VERTEX_POINT ( 'NONE', #12148 ) ;
#7666 =( GEOMETRIC_REPRESENTATION_CONTEXT ( 3 ) GLOBAL_UNCERTAINTY_ASSIGNED_CONTEXT ( ( #7557 ) ) GLOBAL_UNIT_ASSIGNED_CONTEXT ( ( #8005, #1175, #1249 ) ) REPRESENTATION_CONTEXT ( 'NONE', 'WORKASPACE' ) );
#7667 =( LENGTH_UNIT ( ) NAMED_UNIT ( * ) SI_UNIT ( .MILLI., .METRE. ) );
#7668 = MECHANICAL_DESIGN_GEOMETRIC_PRESENTATION_REPRESENTATION (  '', ( #4121 ), #6648 ) ;
#7669 = UNCERTAINTY_MEASURE_WITH_UNIT (LENGTH_MEASURE( 1.000000000000000082E-05 ), #4392, 'distance_accuracy_value', 'NONE');
#7670 = DIRECTION ( 'NONE',  ( -0.000000000000000000, -0.3559357243698762496, 0.9345104387417464409 ) ) ;
#7671 = CARTESIAN_POINT ( 'NONE',  ( 2.501000000000000334, 0.2631921810651727256, 0.2699614778153062167 ) ) ;
#7673 = ORIENTED_EDGE ( 'NONE', *, *, #1287, .T. ) ;
#7672 = CARTESIAN_POINT ( 'NONE',  ( 2.500000000000000000, -0.4085630900562654544, 0.8095764709139163795 ) ) ;
#7674 = CARTESIAN_POINT ( 'NONE',  ( 2.501000000000000334, 1.081117745935373575, 0.4002431447296835310 ) ) ;
#7675 = LINE ( 'NONE', #8888, #5624 ) ;
#7676 = CARTESIAN_POINT ( 'NONE',  ( 2.501000000000000334, 0.4015839597265973282, 0.2510378837391080697 ) ) ;
#7677 = EDGE_CURVE ( 'NONE', #8300, #1007, #4627, .T. ) ;
#7678 = ORIENTED_EDGE ( 'NONE', *, *, #11591, .T. ) ;
#7679 =( GEOMETRIC_REPRESENTATION_CONTEXT ( 3 ) GLOBAL_UNCERTAINTY_ASSIGNED_CONTEXT ( ( #5697 ) ) GLOBAL_UNIT_ASSIGNED_CONTEXT ( ( #3946, #1104, #10452 ) ) REPRESENTATION_CONTEXT ( 'NONE', 'WORKASPACE' ) );
#7680 = PRESENTATION_STYLE_ASSIGNMENT (( #4660 ) ) ;
#7681 = VERTEX_POINT ( 'NONE', #11322 ) ;
#7682 = SURFACE_STYLE_FILL_AREA ( #1072 ) ;
#7683 = CARTESIAN_POINT ( 'NONE',  ( 2.501000000000000334, 0.9308727270282786126, 0.2733926789394044432 ) ) ;
#7684 = SURFACE_SIDE_STYLE ('',( #11481 ) ) ;
#7685 = SURFACE_STYLE_FILL_AREA ( #1074 ) ;
#7686 = PRESENTATION_LAYER_ASSIGNMENT (  '', '', ( #8914 ) ) ;
#7687 = VECTOR ( 'NONE', #4070, 1000.000000000000000 ) ;
#7688 =( NAMED_UNIT ( * ) SI_UNIT ( $, .STERADIAN. ) SOLID_ANGLE_UNIT ( ) );
#7689 = CARTESIAN_POINT ( 'NONE',  ( 2.501000000000000334, -0.6167852646828184682, 0.2456414743899958675 ) ) ;
#7690 = STYLED_ITEM ( 'NONE', ( #4260 ), #7847 ) ;
#7691 = ORIENTED_EDGE ( 'NONE', *, *, #10294, .T. ) ;
#7692 = ADVANCED_FACE ( 'NONE', ( #8581 ), #2835, .T. ) ;
#7693 = VERTEX_POINT ( 'NONE', #11496 ) ;
#7694 = VERTEX_POINT ( 'NONE', #8851 ) ;
#7695 = ORIENTED_EDGE ( 'NONE', *, *, #967, .T. ) ;
#7696 = VECTOR ( 'NONE', #11432, 1000.000000000000114 ) ;
#7697 = CARTESIAN_POINT ( 'NONE',  ( 2.501000000000000334, 0.3151280889849391031, 0.5482006962220953294 ) ) ;
#7698 = DIRECTION ( 'NONE',  ( 0.000000000000000000, -3.671636660359679996E-15, 1.000000000000000000 ) ) ;
#7699 = DIRECTION ( 'NONE',  ( 1.000000000000000000, 0.000000000000000000, 0.000000000000000000 ) ) ;
#7700 = DIRECTION ( 'NONE',  ( -1.000000000000000000, -0.000000000000000000, -0.000000000000000000 ) ) ;
#7701 = LINE ( 'NONE', #4190, #6376 ) ;
#7702 = SURFACE_SIDE_STYLE ('',( #7637 ) ) ;
#7703 = LINE ( 'NONE', #1028, #1783 ) ;
#7704 = PRESENTATION_STYLE_ASSIGNMENT (( #692 ) ) ;
#7705 = ORIENTED_EDGE ( 'NONE', *, *, #1650, .F. ) ;
#7706 = CARTESIAN_POINT ( 'NONE',  ( 2.501000000000000334, 0.3998163712687935467, 0.2284751369544077149 ) ) ;
#7707 =( GEOMETRIC_REPRESENTATION_CONTEXT ( 3 ) GLOBAL_UNCERTAINTY_ASSIGNED_CONTEXT ( ( #10779 ) ) GLOBAL_UNIT_ASSIGNED_CONTEXT ( ( #7965, #6240, #6371 ) ) REPRESENTATION_CONTEXT ( 'NONE', 'WORKASPACE' ) );
#7708 = LINE ( 'NONE', #2088, #8628 ) ;
#7709 = ORIENTED_EDGE ( 'NONE', *, *, #3613, .T. ) ;
#7710 =( GEOMETRIC_REPRESENTATION_CONTEXT ( 3 ) GLOBAL_UNCERTAINTY_ASSIGNED_CONTEXT ( ( #939 ) ) GLOBAL_UNIT_ASSIGNED_CONTEXT ( ( #2935, #6749, #3982 ) ) REPRESENTATION_CONTEXT ( 'NONE', 'WORKASPACE' ) );
#7711 = PRESENTATION_STYLE_ASSIGNMENT (( #9662 ) ) ;
#7712 = CARTESIAN_POINT ( 'NONE',  ( 2.500000000000000000, -0.9855119931785354392, 0.5203790367986217413 ) ) ;
#7713 = CARTESIAN_POINT ( 'NONE',  ( 2.501000000000000334, -0.9247805347721449465, 0.3005890310000325361 ) ) ;
#7714 = VECTOR ( 'NONE', #9421, 1000.000000000000000 ) ;
#7715 =( NAMED_UNIT ( * ) PLANE_ANGLE_UNIT ( ) SI_UNIT ( $, .RADIAN. ) );
#7716 = EDGE_CURVE ( 'NONE', #7576, #5459, #5423, .T. ) ;
#7717 = EDGE_CURVE ( 'NONE', #3887, #3146, #10498, .T. ) ;
#7718 = PLANE ( 'NONE',  #6377 ) ;
#7719 = VECTOR ( 'NONE', #2198, 1000.000000000000000 ) ;
#7720 = EDGE_LOOP ( 'NONE', ( #4150, #175, #10108, #9961 ) ) ;
#7721 = DIRECTION ( 'NONE',  ( -0.000000000000000000, 1.000000000000000000, 3.469208023143580518E-15 ) ) ;
#7722 = ORIENTED_EDGE ( 'NONE', *, *, #5993, .F. ) ;
#7723 = MECHANICAL_DESIGN_GEOMETRIC_PRESENTATION_REPRESENTATION (  '', ( #2011 ), #1423 ) ;
#7724 = VECTOR ( 'NONE', #5393, 1000.000000000000000 ) ;
#7725 = ORIENTED_EDGE ( 'NONE', *, *, #11539, .F. ) ;
#7726 = ORIENTED_EDGE ( 'NONE', *, *, #2742, .F. ) ;
#7727 =( LENGTH_UNIT ( ) NAMED_UNIT ( * ) SI_UNIT ( .MILLI., .METRE. ) );
#7728 = VECTOR ( 'NONE', #11852, 1000.000000000000000 ) ;
#7729 = CARTESIAN_POINT ( 'NONE',  ( 2.501000000000000334, 0.3189232053793272237, 0.5715952493389055977 ) ) ;
#7730 = DIRECTION ( 'NONE',  ( 0.000000000000000000, -1.000000000000000000, -2.981400461857163367E-15 ) ) ;
#7731 = ORIENTED_EDGE ( 'NONE', *, *, #9377, .T. ) ;
#7732 = EDGE_CURVE ( 'NONE', #3344, #4767, #3206, .T. ) ;
#7733 = AXIS2_PLACEMENT_3D ( 'NONE', #9743, #9674, #4959 ) ;
#7734 = FILL_AREA_STYLE ('',( #3962 ) ) ;
#7735 = CARTESIAN_POINT ( 'NONE',  ( 2.500000000000000000, 0.4304892298005331686, 0.2463589731154729734 ) ) ;
#7736 = LINE ( 'NONE', #9621, #9106 ) ;
#7738 = EDGE_LOOP ( 'NONE', ( #9551, #11315, #11194, #3913, #10331, #10030, #417, #1462 ) ) ;
#7737 = CARTESIAN_POINT ( 'NONE',  ( 2.501000000000000334, -0.7512620329339118053, 0.6924515045812676961 ) ) ;
#7739 = CARTESIAN_POINT ( 'NONE',  ( 2.501000000000000334, 0.5457463948239241747, 0.2028970922130428900 ) ) ;
#7740 = PRESENTATION_STYLE_ASSIGNMENT (( #389 ) ) ;
#7741 = DIRECTION ( 'NONE',  ( 0.000000000000000000, 3.805637998265178526E-15, -1.000000000000000000 ) ) ;
#7742 = CARTESIAN_POINT ( 'NONE',  ( 2.500000000000000000, -0.6543809090536403250, 0.7531829698819683117 ) ) ;
#7743 = PRESENTATION_LAYER_ASSIGNMENT (  '', '', ( #4604 ) ) ;
#7744 = UNCERTAINTY_MEASURE_WITH_UNIT (LENGTH_MEASURE( 1.000000000000000082E-05 ), #1574, 'distance_accuracy_value', 'NONE');
#7745 = VERTEX_POINT ( 'NONE', #5851 ) ;
#7746 = PRESENTATION_LAYER_ASSIGNMENT (  '', '', ( #2243 ) ) ;
#7747 = PRESENTATION_STYLE_ASSIGNMENT (( #2272 ) ) ;
#7748 = FACE_OUTER_BOUND ( 'NONE', #5232, .T. ) ;
#7749 = ADVANCED_FACE ( 'NONE', ( #6875 ), #9647, .F. ) ;
#7750 = CARTESIAN_POINT ( 'NONE',  ( 2.501000000000000334, 0.8312119307491994125, 0.7147699144161706597 ) ) ;
#7751 = CARTESIAN_POINT ( 'NONE',  ( 2.501000000000000334, 0.6179575821130159907, 0.7550085457775256303 ) ) ;
#7752 =( GEOMETRIC_REPRESENTATION_CONTEXT ( 3 ) GLOBAL_UNCERTAINTY_ASSIGNED_CONTEXT ( ( #7230 ) ) GLOBAL_UNIT_ASSIGNED_CONTEXT ( ( #10351, #5504, #1938 ) ) REPRESENTATION_CONTEXT ( 'NONE', 'WORKASPACE' ) );
#7753 = CARTESIAN_POINT ( 'NONE',  ( 2.500000000000000000, 0.4576788993117350546, 0.3775764221548525423 ) ) ;
#7754 = B_SPLINE_CURVE_WITH_KNOTS ( 'NONE', 3,
 ( #10526, #1108, #2050, #10601 ),
 .UNSPECIFIED., .F., .F.,
 ( 4, 4 ),
 ( 19.00000000000000000, 20.00000000000000000 ),
 .UNSPECIFIED. ) ;
#7755 =( GEOMETRIC_REPRESENTATION_CONTEXT ( 3 ) GLOBAL_UNCERTAINTY_ASSIGNED_CONTEXT ( ( #7899 ) ) GLOBAL_UNIT_ASSIGNED_CONTEXT ( ( #455, #5936, #11523 ) ) REPRESENTATION_CONTEXT ( 'NONE', 'WORKASPACE' ) );
#7756 = VECTOR ( 'NONE', #1119, 1000.000000000000000 ) ;
#7757 = CARTESIAN_POINT ( 'NONE',  ( 2.500000000000000000, 0.4576788993117350546, 0.3775764221548525423 ) ) ;
#7758 = ORIENTED_EDGE ( 'NONE', *, *, #726, .T. ) ;
#7759 =( NAMED_UNIT ( * ) SI_UNIT ( $, .STERADIAN. ) SOLID_ANGLE_UNIT ( ) );
#7760 =( GEOMETRIC_REPRESENTATION_CONTEXT ( 3 ) GLOBAL_UNCERTAINTY_ASSIGNED_CONTEXT ( ( #6352 ) ) GLOBAL_UNIT_ASSIGNED_CONTEXT ( ( #8610, #4457, #2645 ) ) REPRESENTATION_CONTEXT ( 'NONE', 'WORKASPACE' ) );
#7761 = AXIS2_PLACEMENT_3D ( 'NONE', #7203, #1592, #7067 ) ;
#7762 = CARTESIAN_POINT ( 'NONE',  ( 2.501000000000000334, 0.2666753700843376707, 0.5930142624155795295 ) ) ;
#7763 = LINE ( 'NONE', #4870, #1033 ) ;
#7764 = FILL_AREA_STYLE ('',( #243 ) ) ;
#7765 =( LENGTH_UNIT ( ) NAMED_UNIT ( * ) SI_UNIT ( .MILLI., .METRE. ) );
#7766 = ORIENTED_EDGE ( 'NONE', *, *, #1935, .T. ) ;
#7767 = EDGE_CURVE ( 'NONE', #816, #5570, #4986, .T. ) ;
#7768 = FACE_OUTER_BOUND ( 'NONE', #8059, .T. ) ;
#7769 = ADVANCED_FACE ( 'NONE', ( #311 ), #2213, .F. ) ;
#7770 = FACE_OUTER_BOUND ( 'NONE', #10848, .T. ) ;
#7771 = ORIENTED_EDGE ( 'NONE', *, *, #11817, .T. ) ;
#7772 = DIRECTION ( 'NONE',  ( -0.000000000000000000, 3.198603716350161147E-15, -1.000000000000000000 ) ) ;
#7773 = VECTOR ( 'NONE', #391, 1000.000000000000000 ) ;
#7774 = LINE ( 'NONE', #5177, #82 ) ;
#7775 = PLANE ( 'NONE',  #5573 ) ;
#7776 = UNCERTAINTY_MEASURE_WITH_UNIT (LENGTH_MEASURE( 1.000000000000000082E-05 ), #2369, 'distance_accuracy_value', 'NONE');
#7777 = AXIS2_PLACEMENT_3D ( 'NONE', #3533, #7299, #2610 ) ;
#7778 = CARTESIAN_POINT ( 'NONE',  ( 2.501000000000000334, -0.3246959003543624656, 0.3164948678129326787 ) ) ;
#7779 =( NAMED_UNIT ( * ) PLANE_ANGLE_UNIT ( ) SI_UNIT ( $, .RADIAN. ) );
#7780 = CARTESIAN_POINT ( 'NONE',  ( 2.501000000000000334, 0.3885869857728882493, 0.2340898297030533093 ) ) ;
#7781 = SURFACE_SIDE_STYLE ('',( #4011 ) ) ;
#7782 = EDGE_CURVE ( 'NONE', #7413, #1504, #1612, .T. ) ;
#7783 = STYLED_ITEM ( 'NONE', ( #6651 ), #1050 ) ;
#7784 = FACE_OUTER_BOUND ( 'NONE', #11261, .T. ) ;
#7785 = ORIENTED_EDGE ( 'NONE', *, *, #11817, .F. ) ;
#7786 = FILL_AREA_STYLE_COLOUR ( '', #1717 ) ;
#7787 = PLANE ( 'NONE',  #4935 ) ;
#7788 = ORIENTED_EDGE ( 'NONE', *, *, #11164, .F. ) ;
#7789 = B_SPLINE_CURVE_WITH_KNOTS ( 'NONE', 3,
 ( #11216, #6176, #10982, #9067 ),
 .UNSPECIFIED., .F., .F.,
 ( 4, 4 ),
 ( 1.000000000000000000, 2.000000000000000000 ),
 .UNSPECIFIED. ) ;
#7790 = COLOUR_RGB ( '',0.000000000000000000, 0.000000000000000000, 0.000000000000000000 ) ;
#7791 =( LENGTH_UNIT ( ) NAMED_UNIT ( * ) SI_UNIT ( .MILLI., .METRE. ) );
#7792 = ORIENTED_EDGE ( 'NONE', *, *, #8384, .T. ) ;
#7793 = ADVANCED_FACE ( 'NONE', ( #11734 ), #3723, .F. ) ;
#7794 = FILL_AREA_STYLE ('',( #1370 ) ) ;
#7795 = FACE_OUTER_BOUND ( 'NONE', #2589, .T. ) ;
#7796 = CARTESIAN_POINT ( 'NONE',  ( 2.500000000000000000, 0.4797217671381802662, 0.3463836846648499224 ) ) ;
#7797 = ORIENTED_EDGE ( 'NONE', *, *, #5922, .F. ) ;
#7798 = UNCERTAINTY_MEASURE_WITH_UNIT (LENGTH_MEASURE( 1.000000000000000082E-05 ), #546, 'distance_accuracy_value', 'NONE');
#7799 = CARTESIAN_POINT ( 'NONE',  ( 2.500000000000000000, 0.9699676246816081315, 0.2765119526889580626 ) ) ;
#7801 = ORIENTED_EDGE ( 'NONE', *, *, #2427, .F. ) ;
#7800 = LINE ( 'NONE', #9872, #10646 ) ;
#7802 = CARTESIAN_POINT ( 'NONE',  ( 2.500000000000000000, 0.2859628794322134904, 0.5482006962220952184 ) ) ;
#7803 = CARTESIAN_POINT ( 'NONE',  ( 2.501000000000000334, 0.4149968368470454694, 0.3373377907934927422 ) ) ;
#7804 = ADVANCED_FACE ( 'NONE', ( #5513 ), #5632, .F. ) ;
#7805 = EDGE_CURVE ( 'NONE', #7745, #4194, #9884, .T. ) ;
#7806 = SURFACE_SIDE_STYLE ('',( #2328 ) ) ;
#7807 = AXIS2_PLACEMENT_3D ( 'NONE', #1477, #5233, #9052 ) ;
#7808 = CARTESIAN_POINT ( 'NONE',  ( 2.500000000000000000, -0.7035444949165744477, 0.2196136611919110859 ) ) ;
#7809 = SURFACE_STYLE_USAGE ( .BOTH. , #2014 ) ;
#7810 = CARTESIAN_POINT ( 'NONE',  ( 2.501000000000000334, -0.8091015611271364927, 0.2311816578447544734 ) ) ;
#7811 = B_SPLINE_CURVE_WITH_KNOTS ( 'NONE', 3,
 ( #6316, #3556, #2365, #9994 ),
 .UNSPECIFIED., .F., .F.,
 ( 4, 4 ),
 ( 3.000000000000000000, 4.000000000000000000 ),
 .UNSPECIFIED. ) ;
#7812 = FILL_AREA_STYLE ('',( #9638 ) ) ;
#7813 = B_SPLINE_SURFACE_WITH_KNOTS ( 'NONE', 3, 1, ( 
 ( #9365, #4947 ),
 ( #11620, #8732 ),
 ( #4077, #10648 ),
 ( #1228, #7839 ) ),
 .UNSPECIFIED., .F., .F., .F.,
 ( 4, 4 ),
 ( 2, 2 ),
 ( 5.000000000000000000, 6.000000000000000000 ),
 ( 0.000000000000000000, 1.000000000000000000 ),
 .UNSPECIFIED. ) ;
#7815 = FILL_AREA_STYLE_COLOUR ( '', #3622 ) ;
#7814 = SURFACE_SIDE_STYLE ('',( #233 ) ) ;
#7816 = ORIENTED_EDGE ( 'NONE', *, *, #7544, .T. ) ;
#7817 = EDGE_LOOP ( 'NONE', ( #2975, #5975, #10493, #11604 ) ) ;
#7818 = ORIENTED_EDGE ( 'NONE', *, *, #5900, .T. ) ;
#7819 = EDGE_CURVE ( 'NONE', #6931, #7591, #241, .T. ) ;
#7820 = FACE_OUTER_BOUND ( 'NONE', #10213, .T. ) ;
#7821 = CARTESIAN_POINT ( 'NONE',  ( 2.501000000000000334, 0.7658111578125357255, 0.5516318973461914466 ) ) ;
#7822 = SURFACE_STYLE_USAGE ( .BOTH. , #4056 ) ;
#7823 =( NAMED_UNIT ( * ) PLANE_ANGLE_UNIT ( ) SI_UNIT ( $, .RADIAN. ) );
#7824 = MECHANICAL_DESIGN_GEOMETRIC_PRESENTATION_REPRESENTATION (  '', ( #9814 ), #1295 ) ;
#7825 = DIRECTION ( 'NONE',  ( -0.000000000000000000, 1.000000000000000000, 3.452797389170332991E-15 ) ) ;
#7826 = DIRECTION ( 'NONE',  ( -1.000000000000000000, 0.000000000000000000, -0.000000000000000000 ) ) ;
#7827 = CARTESIAN_POINT ( 'NONE',  ( 2.501000000000000334, 0.5051958360880292043, 0.1626584608516912223 ) ) ;
#7828 = SURFACE_SIDE_STYLE ('',( #2343 ) ) ;
#7829 = ORIENTED_EDGE ( 'NONE', *, *, #4643, .T. ) ;
#7830 = PLANE ( 'NONE',  #6684 ) ;
#7831 = PRESENTATION_STYLE_ASSIGNMENT (( #4064 ) ) ;
#7832 = CARTESIAN_POINT ( 'NONE',  ( 2.501000000000000334, 0.3015592481772202960, 0.3775764221548519872 ) ) ;
#7833 = ORIENTED_EDGE ( 'NONE', *, *, #10904, .T. ) ;
#7834 = EDGE_CURVE ( 'NONE', #4671, #4854, #5899, .T. ) ;
#7835 = ORIENTED_EDGE ( 'NONE', *, *, #1784, .T. ) ;
#7836 =( NAMED_UNIT ( * ) SI_UNIT ( $, .STERADIAN. ) SOLID_ANGLE_UNIT ( ) );
#7837 = PLANE ( 'NONE',  #11124 ) ;
#7838 = CARTESIAN_POINT ( 'NONE',  ( 2.500000000000000000, -0.6717327385521014715, 0.4234979680790827428 ) ) ;
#7839 = CARTESIAN_POINT ( 'NONE',  ( 2.500000000000000000, 0.5196484711243036791, 0.1824138612613750154 ) ) ;
#7840 =( NAMED_UNIT ( * ) SI_UNIT ( $, .STERADIAN. ) SOLID_ANGLE_UNIT ( ) );
#7841 = FILL_AREA_STYLE ('',( #1163 ) ) ;
#7843 = ORIENTED_EDGE ( 'NONE', *, *, #10065, .T. ) ;
#7842 = SHAPE_DEFINITION_REPRESENTATION ( #1013, #962 ) ;
#7844 = ORIENTED_EDGE ( 'NONE', *, *, #112, .F. ) ;
#7845 = ORIENTED_EDGE ( 'NONE', *, *, #460, .F. ) ;
#7846 = CARTESIAN_POINT ( 'NONE',  ( 2.501000000000000334, 0.1298432282970051477, 0.3438882656657537007 ) ) ;
#7847 = ADVANCED_FACE ( 'NONE', ( #125 ), #3865, .F. ) ;
#7848 = CARTESIAN_POINT ( 'NONE',  ( 2.500000000000000000, 0.4453057801077996425, 0.3775764221548525423 ) ) ;
#7849 = ORIENTED_EDGE ( 'NONE', *, *, #6801, .T. ) ;
#7850 =( NAMED_UNIT ( * ) PLANE_ANGLE_UNIT ( ) SI_UNIT ( $, .RADIAN. ) );
#7851 = AXIS2_PLACEMENT_3D ( 'NONE', #3391, #3448, #7121 ) ;
#7852 = DIRECTION ( 'NONE',  ( 0.000000000000000000, 1.000000000000000000, 0.000000000000000000 ) ) ;
#7853 = SURFACE_STYLE_FILL_AREA ( #335 ) ;
#7855 = VERTEX_POINT ( 'NONE', #8438 ) ;
#7854 = CARTESIAN_POINT ( 'NONE',  ( 2.501000000000000334, 0.2108403699786665364, 0.5748184988799730499 ) ) ;
#7856 = CARTESIAN_POINT ( 'NONE',  ( 2.500000000000000000, 0.3568743693253202398, 0.7307821863272226937 ) ) ;
#7857 = FILL_AREA_STYLE ('',( #9943 ) ) ;
#7858 = FILL_AREA_STYLE ('',( #11711 ) ) ;
#7859 = VERTEX_POINT ( 'NONE', #9445 ) ;
#7860 = VECTOR ( 'NONE', #7363, 1000.000000000000000 ) ;
#7861 = FACE_OUTER_BOUND ( 'NONE', #4033, .T. ) ;
#7862 = PRESENTATION_LAYER_ASSIGNMENT (  '', '', ( #3354 ) ) ;
#7863 = UNCERTAINTY_MEASURE_WITH_UNIT (LENGTH_MEASURE( 1.000000000000000082E-05 ), #3364, 'distance_accuracy_value', 'NONE');
#7864 =( NAMED_UNIT ( * ) SI_UNIT ( $, .STERADIAN. ) SOLID_ANGLE_UNIT ( ) );
#7865 = FILL_AREA_STYLE ('',( #8592 ) ) ;
#7866 = EDGE_CURVE ( 'NONE', #12205, #11013, #849, .T. ) ;
#7867 = PRESENTATION_STYLE_ASSIGNMENT (( #11834 ) ) ;
#7868 = EDGE_CURVE ( 'NONE', #8083, #9737, #6385, .T. ) ;
#7869 = FACE_BOUND ( 'NONE', #11812, .T. ) ;
#7870 = STYLED_ITEM ( 'NONE', ( #4416 ), #2134 ) ;
#7871 = VECTOR ( 'NONE', #264, 1000.000000000000000 ) ;
#7872 = COLOUR_RGB ( '',0.000000000000000000, 0.000000000000000000, 0.000000000000000000 ) ;
#7873 = ORIENTED_EDGE ( 'NONE', *, *, #4447, .T. ) ;
#7874 = VERTEX_POINT ( 'NONE', #3558 ) ;
#7875 = ORIENTED_EDGE ( 'NONE', *, *, #1335, .T. ) ;
#7876 = PRESENTATION_LAYER_ASSIGNMENT (  '', '', ( #8913 ) ) ;
#7877 = CARTESIAN_POINT ( 'NONE',  ( 2.500000000000000000, 0.3887429494601593594, 0.3350503233774336787 ) ) ;
#7878 = FILL_AREA_STYLE ('',( #2891 ) ) ;
#7879 = CARTESIAN_POINT ( 'NONE',  ( 2.501000000000000334, -0.5632837007590397738, 0.3743344097954774408 ) ) ;
#7880 = CARTESIAN_POINT ( 'NONE',  ( 2.501000000000000334, 1.174488006820971320, 0.2289950159133598839 ) ) ;
#7881 = DIRECTION ( 'NONE',  ( 0.000000000000000000, -1.000000000000000000, -3.671636660359679996E-15 ) ) ;
#7882 = VECTOR ( 'NONE', #659, 1000.000000000000000 ) ;
#7883 = STYLED_ITEM ( 'NONE', ( #9404 ), #10942 ) ;
#7884 = PLANE ( 'NONE',  #6031 ) ;
#7885 = LINE ( 'NONE', #3208, #10538 ) ;
#7886 = STYLED_ITEM ( 'NONE', ( #6309 ), #6777 ) ;
#7887 = CARTESIAN_POINT ( 'NONE',  ( 0.000000000000000000, 0.000000000000000000, 6.199999999999999289 ) ) ;
#7888 = LINE ( 'NONE', #3210, #8150 ) ;
#7889 = VECTOR ( 'NONE', #4577, 1000.000000000000000 ) ;
#7890 = LINE ( 'NONE', #3928, #472 ) ;
#7891 =( NAMED_UNIT ( * ) PLANE_ANGLE_UNIT ( ) SI_UNIT ( $, .RADIAN. ) );
#7892 =( GEOMETRIC_REPRESENTATION_CONTEXT ( 3 ) GLOBAL_UNCERTAINTY_ASSIGNED_CONTEXT ( ( #9545 ) ) GLOBAL_UNIT_ASSIGNED_CONTEXT ( ( #2116, #9622, #2183 ) ) REPRESENTATION_CONTEXT ( 'NONE', 'WORKASPACE' ) );
#7893 = ORIENTED_EDGE ( 'NONE', *, *, #9810, .T. ) ;
#7894 = EDGE_CURVE ( 'NONE', #12160, #10740, #944, .T. ) ;
#7895 = ORIENTED_EDGE ( 'NONE', *, *, #2671, .F. ) ;
#7896 = DIRECTION ( 'NONE',  ( -1.000000000000000000, -0.000000000000000000, -0.000000000000000000 ) ) ;
#7897 =( NAMED_UNIT ( * ) PLANE_ANGLE_UNIT ( ) SI_UNIT ( $, .RADIAN. ) );
#7898 =( NAMED_UNIT ( * ) PLANE_ANGLE_UNIT ( ) SI_UNIT ( $, .RADIAN. ) );
#7899 = UNCERTAINTY_MEASURE_WITH_UNIT (LENGTH_MEASURE( 1.000000000000000082E-05 ), #455, 'distance_accuracy_value', 'NONE');
#7900 = STYLED_ITEM ( 'NONE', ( #4634 ), #1799 ) ;
#7901 = PRESENTATION_LAYER_ASSIGNMENT (  '', '', ( #5320 ) ) ;
#7902 = CARTESIAN_POINT ( 'NONE',  ( 1.700000000000000178, 0.2500000000000000000, -3.500000000000000000 ) ) ;
#7903 = ORIENTED_EDGE ( 'NONE', *, *, #10065, .F. ) ;
#7904 =( GEOMETRIC_REPRESENTATION_CONTEXT ( 3 ) GLOBAL_UNCERTAINTY_ASSIGNED_CONTEXT ( ( #493 ) ) GLOBAL_UNIT_ASSIGNED_CONTEXT ( ( #11913, #10211, #11964 ) ) REPRESENTATION_CONTEXT ( 'NONE', 'WORKASPACE' ) );
#7905 = CARTESIAN_POINT ( 'NONE',  ( 2.501000000000000334, 0.4797217671381802662, 0.3711299230727123644 ) ) ;
#7906 = CARTESIAN_POINT ( 'NONE',  ( 2.500000000000000000, -0.3218039149811601218, 0.3164948678129326787 ) ) ;
#7907 = FACE_OUTER_BOUND ( 'NONE', #10795, .T. ) ;
#7908 = CARTESIAN_POINT ( 'NONE',  ( 2.501000000000000334, 0.8146277919848239346, 0.4323716643446919305 ) ) ;
#7909 = STYLED_ITEM ( 'NONE', ( #10342 ), #2061 ) ;
#7910 = LINE ( 'NONE', #4140, #3225 ) ;
#7911 = VECTOR ( 'NONE', #2736, 1000.000000000000000 ) ;
#7912 = EDGE_CURVE ( 'NONE', #7647, #10594, #12012, .T. ) ;
#7913 = LINE ( 'NONE', #5087, #2981 ) ;
#7914 = CARTESIAN_POINT ( 'NONE',  ( 2.500000000000000000, 0.2467120180916191341, 0.6510327541464869805 ) ) ;
#7915 = EDGE_LOOP ( 'NONE', ( #7246, #1429, #11760, #6915 ) ) ;
#7916 = VECTOR ( 'NONE', #4784, 1000.000000000000114 ) ;
#7917 = CARTESIAN_POINT ( 'NONE',  ( 2.501000000000000334, 0.6480585737893667098, 0.5516318973461911135 ) ) ;
#7918 = VERTEX_POINT ( 'NONE', #8506 ) ;
#7919 = VERTEX_POINT ( 'NONE', #5402 ) ;
#7920 = SURFACE_STYLE_USAGE ( .BOTH. , #10797 ) ;
#7921 = SURFACE_SIDE_STYLE ('',( #328 ) ) ;
#7922 = STYLED_ITEM ( 'NONE', ( #7747 ), #9452 ) ;
#7923 = SURFACE_STYLE_USAGE ( .BOTH. , #3301 ) ;
#7924 = CARTESIAN_POINT ( 'NONE',  ( 2.501000000000000334, 0.9526036674781059865, 0.3325549043783421754 ) ) ;
#7925 = ORIENTED_EDGE ( 'NONE', *, *, #549, .F. ) ;
#7926 =( GEOMETRIC_REPRESENTATION_CONTEXT ( 3 ) GLOBAL_UNCERTAINTY_ASSIGNED_CONTEXT ( ( #10109 ) ) GLOBAL_UNIT_ASSIGNED_CONTEXT ( ( #1291, #7897, #5860 ) ) REPRESENTATION_CONTEXT ( 'NONE', 'WORKASPACE' ) );
#7927 = DIRECTION ( 'NONE',  ( -1.000000000000000000, -0.000000000000000000, -0.000000000000000000 ) ) ;
#7928 = FILL_AREA_STYLE ('',( #8182 ) ) ;
#7929 = EDGE_CURVE ( 'NONE', #3779, #5025, #9149, .T. ) ;
#7930 = UNCERTAINTY_MEASURE_WITH_UNIT (LENGTH_MEASURE( 1.000000000000000082E-05 ), #7667, 'distance_accuracy_value', 'NONE');
#7931 = ADVANCED_FACE ( 'NONE', ( #3794 ), #6497, .F. ) ;
#7932 = CARTESIAN_POINT ( 'NONE',  ( 2.500000000000000000, 0.4050671487464481135, 0.3660351092830227970 ) ) ;
#7933 = PRESENTATION_STYLE_ASSIGNMENT (( #8882 ) ) ;
#7934 = DIRECTION ( 'NONE',  ( 0.000000000000000000, -0.3385350343141474982, -0.9409537876760573072 ) ) ;
#7935 = COLOUR_RGB ( '',0.000000000000000000, 0.000000000000000000, 0.000000000000000000 ) ;
#7936 = PRESENTATION_STYLE_ASSIGNMENT (( #3181 ) ) ;
#7937 = CARTESIAN_POINT ( 'NONE',  ( 2.500000000000000000, 0.4605382335818141160, 0.2529094479877349588 ) ) ;
#7938 =( NAMED_UNIT ( * ) SI_UNIT ( $, .STERADIAN. ) SOLID_ANGLE_UNIT ( ) );
#7939 = ORIENTED_EDGE ( 'NONE', *, *, #2104, .F. ) ;
#7940 = VECTOR ( 'NONE', #7368, 1000.000000000000000 ) ;
#7941 = LINE ( 'NONE', #4306, #7482 ) ;
#7942 = PRESENTATION_LAYER_ASSIGNMENT (  '', '', ( #3987 ) ) ;
#7943 = STYLED_ITEM ( 'NONE', ( #2931 ), #2902 ) ;
#7944 = B_SPLINE_CURVE_WITH_KNOTS ( 'NONE', 3,
 ( #8383, #2741, #7616, #5585 ),
 .UNSPECIFIED., .F., .F.,
 ( 4, 4 ),
 ( 2.000000000000000000, 3.000000000000000000 ),
 .UNSPECIFIED. ) ;
#7945 = CARTESIAN_POINT ( 'NONE',  ( 2.501000000000000334, 1.145478760956904374, 0.2289950159133597729 ) ) ;
#7946 = FILL_AREA_STYLE ('',( #6127 ) ) ;
#7947 = CARTESIAN_POINT ( 'NONE',  ( 2.501000000000000334, 0.7658111578125366137, 0.3205976883404589861 ) ) ;
#7948 =( NAMED_UNIT ( * ) PLANE_ANGLE_UNIT ( ) SI_UNIT ( $, .RADIAN. ) );
#7950 = CARTESIAN_POINT ( 'NONE',  ( 2.500000000000000000, 0.4797217671381801551, 0.3711299230727124199 ) ) ;
#7949 = CARTESIAN_POINT ( 'NONE',  ( 2.501000000000000334, 0.4112537083484125722, 0.2992826510553036057 ) ) ;
#7951 = ORIENTED_EDGE ( 'NONE', *, *, #668, .T. ) ;
#7952 = MECHANICAL_DESIGN_GEOMETRIC_PRESENTATION_REPRESENTATION (  '', ( #7155 ), #6737 ) ;
#7953 = STYLED_ITEM ( 'NONE', ( #12039 ), #3141 ) ;
#7954 = VERTEX_POINT ( 'NONE', #4026 ) ;
#7955 = VERTEX_POINT ( 'NONE', #4794 ) ;
#7956 = EDGE_LOOP ( 'NONE', ( #5127, #12214, #902, #4676 ) ) ;
#7957 = B_SPLINE_CURVE_WITH_KNOTS ( 'NONE', 3,
 ( #6144, #9092, #4449, #9039 ),
 .UNSPECIFIED., .F., .F.,
 ( 4, 4 ),
 ( 2.000000000000000000, 3.000000000000000000 ),
 .UNSPECIFIED. ) ;
#7958 = B_SPLINE_CURVE_WITH_KNOTS ( 'NONE', 3,
 ( #6613, #7625, #3858, #11425 ),
 .UNSPECIFIED., .F., .F.,
 ( 4, 4 ),
 ( 1.000000000000000000, 2.000000000000000000 ),
 .UNSPECIFIED. ) ;
#7959 = FILL_AREA_STYLE_COLOUR ( '', #783 ) ;
#7960 = EDGE_CURVE ( 'NONE', #8501, #7659, #10763, .T. ) ;
#7961 = SURFACE_STYLE_USAGE ( .BOTH. , #4318 ) ;
#7962 = EDGE_CURVE ( 'NONE', #8629, #3526, #7037, .T. ) ;
#7963 =( NAMED_UNIT ( * ) PLANE_ANGLE_UNIT ( ) SI_UNIT ( $, .RADIAN. ) );
#7964 = CARTESIAN_POINT ( 'NONE',  ( 2.501000000000000334, 0.4273179681559186593, 0.2928361519745508179 ) ) ;
#7965 =( LENGTH_UNIT ( ) NAMED_UNIT ( * ) SI_UNIT ( .MILLI., .METRE. ) );
#7966 = VECTOR ( 'NONE', #11563, 1000.000000000000000 ) ;
#7967 = DIRECTION ( 'NONE',  ( 0.000000000000000000, 0.3559357243643047064, 0.9345104387438685212 ) ) ;
#7968 = PRESENTATION_LAYER_ASSIGNMENT (  '', '', ( #1449 ) ) ;
#7969 = LINE ( 'NONE', #485, #9946 ) ;
#7970 = VECTOR ( 'NONE', #8237, 1000.000000000000000 ) ;
#7971 = CARTESIAN_POINT ( 'NONE',  ( 0.000000000000000000, 0.000000000000000000, 6.199999999999999289 ) ) ;
#7972 = FILL_AREA_STYLE ('',( #11558 ) ) ;
#7973 = VERTEX_POINT ( 'NONE', #5132 ) ;
#7974 =( NAMED_UNIT ( * ) SI_UNIT ( $, .STERADIAN. ) SOLID_ANGLE_UNIT ( ) );
#7975 = CARTESIAN_POINT ( 'NONE',  ( 2.500000000000000000, 0.2631921810651727256, 0.2629950997769900933 ) ) ;
#7976 = ORIENTED_EDGE ( 'NONE', *, *, #3064, .T. ) ;
#7977 = DIRECTION ( 'NONE',  ( -0.000000000000000000, 1.000000000000000000, 3.726750577356965670E-15 ) ) ;
#7978 = LINE ( 'NONE', #250, #9555 ) ;
#7979 = DIRECTION ( 'NONE',  ( 0.000000000000000000, -1.000000000000000000, 0.000000000000000000 ) ) ;
#7980 = ORIENTED_EDGE ( 'NONE', *, *, #5683, .F. ) ;
#7981 = COLOUR_RGB ( '',1.000000000000000000, 1.000000000000000000, 1.000000000000000000 ) ;
#7982 = EDGE_LOOP ( 'NONE', ( #3626, #9126, #59, #5967 ) ) ;
#7983 = CARTESIAN_POINT ( 'NONE',  ( 2.501000000000000334, 1.124735590525067552, 0.2846220644353035789 ) ) ;
#7984 = CARTESIAN_POINT ( 'NONE',  ( 2.501000000000000334, 0.6179575821130161017, 0.7550085457775255193 ) ) ;
#7985 = EDGE_CURVE ( 'NONE', #4957, #1518, #9804, .T. ) ;
#7986 = FILL_AREA_STYLE ('',( #4135 ) ) ;
#7987 = CARTESIAN_POINT ( 'NONE',  ( 2.500000000000000000, -0.6731787312390495881, 0.5840025495275701362 ) ) ;
#7988 = PRESENTATION_LAYER_ASSIGNMENT (  '', '', ( #1053 ) ) ;
#7989 = ORIENTED_EDGE ( 'NONE', *, *, #5993, .T. ) ;
#7990 = VECTOR ( 'NONE', #8272, 1000.000000000000000 ) ;
#7991 = STYLED_ITEM ( 'NONE', ( #12096 ), #509 ) ;
#7992 = CARTESIAN_POINT ( 'NONE',  ( 2.501000000000000334, 0.2025742945436621034, 0.3438882656657539227 ) ) ;
#7993 =( NAMED_UNIT ( * ) SI_UNIT ( $, .STERADIAN. ) SOLID_ANGLE_UNIT ( ) );
#7994 = COLOUR_RGB ( '',0.000000000000000000, 0.000000000000000000, 0.000000000000000000 ) ;
#7995 = ORIENTED_EDGE ( 'NONE', *, *, #4760, .T. ) ;
#7996 = VERTEX_POINT ( 'NONE', #2314 ) ;
#7997 = DIRECTION ( 'NONE',  ( -0.000000000000000000, 1.000000000000000000, 2.981400461857163762E-15 ) ) ;
#7998 = ORIENTED_EDGE ( 'NONE', *, *, #8057, .F. ) ;
#7999 = SURFACE_SIDE_STYLE ('',( #7229 ) ) ;
#8000 = ADVANCED_FACE ( 'NONE', ( #6916 ), #10736, .F. ) ;
#8001 = STYLED_ITEM ( 'NONE', ( #5172 ), #712 ) ;
#8002 = SURFACE_STYLE_FILL_AREA ( #2253 ) ;
#8003 = FILL_AREA_STYLE_COLOUR ( '', #2151 ) ;
#8004 = PRESENTATION_STYLE_ASSIGNMENT (( #10850 ) ) ;
#8005 =( LENGTH_UNIT ( ) NAMED_UNIT ( * ) SI_UNIT ( .MILLI., .METRE. ) );
#8006 = CARTESIAN_POINT ( 'NONE',  ( 2.500000000000000000, 0.4205595416992428115, 0.3238209378815272710 ) ) ;
#8007 = CARTESIAN_POINT ( 'NONE',  ( 2.501000000000000334, 0.2699506075211635103, 0.2883651929339415276 ) ) ;
#8009 = CARTESIAN_POINT ( 'NONE',  ( 2.501000000000000334, -0.2885461659304330850, 0.6432879462976581753 ) ) ;
#8008 = SURFACE_STYLE_FILL_AREA ( #5076 ) ;
#8010 = AXIS2_PLACEMENT_3D ( 'NONE', #9275, #9030, #520 ) ;
#8011 = CARTESIAN_POINT ( 'NONE',  ( 2.500000000000000000, 0.9526036674781059865, 0.3325549043783421754 ) ) ;
#8012 = VERTEX_POINT ( 'NONE', #11029 ) ;
#8013 = FACE_OUTER_BOUND ( 'NONE', #8812, .T. ) ;
#8014 = CARTESIAN_POINT ( 'NONE',  ( 2.501000000000000334, 0.8716065257978243830, 0.4089771112278832721 ) ) ;
#8015 = SURFACE_SIDE_STYLE ('',( #9213 ) ) ;
#8016 = ORIENTED_EDGE ( 'NONE', *, *, #5433, .F. ) ;
#8017 = ADVANCED_FACE ( 'NONE', ( #3593 ), #1555, .F. ) ;
#8018 = LINE ( 'NONE', #6996, #11257 ) ;
#8019 =( NAMED_UNIT ( * ) SI_UNIT ( $, .STERADIAN. ) SOLID_ANGLE_UNIT ( ) );
#8020 =( LENGTH_UNIT ( ) NAMED_UNIT ( * ) SI_UNIT ( .MILLI., .METRE. ) );
#8021 = LINE ( 'NONE', #3323, #6354 ) ;
#8022 = CARTESIAN_POINT ( 'NONE',  ( 2.501000000000000334, 0.4383913899645445755, 0.7316139926607148070 ) ) ;
#8023 = SURFACE_SIDE_STYLE ('',( #10812 ) ) ;
#8024 = DIRECTION ( 'NONE',  ( 0.000000000000000000, 0.9910683662997864518, 0.1333547648937686847 ) ) ;
#8026 = EDGE_LOOP ( 'NONE', ( #5735, #6736, #7550, #9175, #7976, #4647 ) ) ;
#8025 = SURFACE_STYLE_USAGE ( .BOTH. , #2072 ) ;
#8027 = ORIENTED_EDGE ( 'NONE', *, *, #10602, .F. ) ;
#8028 = VERTEX_POINT ( 'NONE', #6523 ) ;
#8029 = VECTOR ( 'NONE', #4217, 1000.000000000000000 ) ;
#8030 = VERTEX_POINT ( 'NONE', #5808 ) ;
#8031 = EDGE_LOOP ( 'NONE', ( #4716, #9833, #3235, #8906 ) ) ;
#8032 = EDGE_CURVE ( 'NONE', #2263, #3284, #4269, .T. ) ;
#8033 = CARTESIAN_POINT ( 'NONE',  ( 2.501000000000000334, 0.6761840254269584349, 0.5960295603722350899 ) ) ;
#8034 = CARTESIAN_POINT ( 'NONE',  ( 2.500000000000000000, 0.2025742945436623255, 0.3205976883404570432 ) ) ;
#8035 = DIRECTION ( 'NONE',  ( -1.000000000000000000, -0.000000000000000000, -0.000000000000000000 ) ) ;
#8036 = PRESENTATION_STYLE_ASSIGNMENT (( #4325 ) ) ;
#8037 = FACE_OUTER_BOUND ( 'NONE', #9481, .T. ) ;
#8038 = CARTESIAN_POINT ( 'NONE',  ( 2.500000000000000000, 0.2654796484805464485, 0.2839982096862280203 ) ) ;
#8039 = ORIENTED_EDGE ( 'NONE', *, *, #7782, .T. ) ;
#8040 = FACE_OUTER_BOUND ( 'NONE', #1999, .T. ) ;
#8041 = ORIENTED_EDGE ( 'NONE', *, *, #1114, .F. ) ;
#8042 = CARTESIAN_POINT ( 'NONE',  ( 2.501000000000000334, 0.2485315944444836667, 0.7284947189111605770 ) ) ;
#8043 = UNCERTAINTY_MEASURE_WITH_UNIT (LENGTH_MEASURE( 1.000000000000000082E-05 ), #11597, 'distance_accuracy_value', 'NONE');
#8044 = SURFACE_SIDE_STYLE ('',( #4271 ) ) ;
#8045 = CARTESIAN_POINT ( 'NONE',  ( 2.501000000000000334, -0.8582650780400244983, 0.3511986095499137761 ) ) ;
#8046 = VERTEX_POINT ( 'NONE', #5625 ) ;
#8047 = VERTEX_POINT ( 'NONE', #915 ) ;
#8048 = AXIS2_PLACEMENT_3D ( 'NONE', #1511, #11047, #2564 ) ;
#8050 = PLANE ( 'NONE',  #1440 ) ;
#8049 = SURFACE_STYLE_USAGE ( .BOTH. , #4460 ) ;
#8051 = SURFACE_STYLE_FILL_AREA ( #4280 ) ;
#8052 = DIRECTION ( 'NONE',  ( -1.000000000000000000, -0.000000000000000000, -0.000000000000000000 ) ) ;
#8053 = CARTESIAN_POINT ( 'NONE',  ( 2.500000000000000000, 0.6169178241951168706, 0.7316139926607154731 ) ) ;
#8054 = ORIENTED_EDGE ( 'NONE', *, *, #5481, .T. ) ;
#8055 = LINE ( 'NONE', #9061, #3547 ) ;
#8056 = EDGE_CURVE ( 'NONE', #7659, #2301, #3828, .T. ) ;
#8057 = EDGE_CURVE ( 'NONE', #4328, #1821, #9362, .T. ) ;
#8058 = VERTEX_POINT ( 'NONE', #4824 ) ;
#8059 = EDGE_LOOP ( 'NONE', ( #4598, #7071, #2108, #1739 ) ) ;
#8060 = EDGE_LOOP ( 'NONE', ( #3313, #10691, #9896, #12153 ) ) ;
#8061 = DIRECTION ( 'NONE',  ( 1.000000000000000000, 0.000000000000000000, 0.000000000000000000 ) ) ;
#8062 = SURFACE_STYLE_USAGE ( .BOTH. , #11699 ) ;
#8063 = FILL_AREA_STYLE_COLOUR ( '', #11406 ) ;
#8064 = FACE_OUTER_BOUND ( 'NONE', #7338, .T. ) ;
#8065 = EDGE_CURVE ( 'NONE', #11452, #5090, #4588, .T. ) ;
#8067 = ORIENTED_EDGE ( 'NONE', *, *, #10533, .T. ) ;
#8066 = CARTESIAN_POINT ( 'NONE',  ( 2.501000000000000334, -0.6717327385521014715, 0.4234979680790827428 ) ) ;
#8068 = CARTESIAN_POINT ( 'NONE',  ( 2.501000000000000334, 0.1035893409101107526, 0.7550085457775238540 ) ) ;
#8069 = DIRECTION ( 'NONE',  ( -0.000000000000000000, 1.000000000000000000, 3.717008596225309524E-15 ) ) ;
#8070 = FILL_AREA_STYLE ('',( #9024 ) ) ;
#8071 = FACE_OUTER_BOUND ( 'NONE', #3687, .T. ) ;
#8072 = CARTESIAN_POINT ( 'NONE',  ( 2.501000000000000334, -0.8134394840265561921, 0.6924515045812674741 ) ) ;
#8073 = CARTESIAN_POINT ( 'NONE',  ( 2.500000000000000000, -0.7295722529553173574, 0.2441954541237268961 ) ) ;
#8074 = CARTESIAN_POINT ( 'NONE',  ( 2.501000000000000334, 0.3234981402114526228, 0.7347332664088832566 ) ) ;
#8075 = SURFACE_STYLE_USAGE ( .BOTH. , #10997 ) ;
#8076 = CYLINDRICAL_SURFACE ( 'NONE', #10912, 2.500000000000000000 ) ;
#8077 = SURFACE_SIDE_STYLE ('',( #4311 ) ) ;
#8078 = EDGE_CURVE ( 'NONE', #6714, #3251, #6637, .T. ) ;
#8079 = FILL_AREA_STYLE_COLOUR ( '', #6644 ) ;
#8080 = ORIENTED_EDGE ( 'NONE', *, *, #2074, .F. ) ;
#8081 = ORIENTED_EDGE ( 'NONE', *, *, #629, .F. ) ;
#8082 = B_SPLINE_CURVE_WITH_KNOTS ( 'NONE', 3,
 ( #8418, #11345, #3659, #10396 ),
 .UNSPECIFIED., .F., .F.,
 ( 4, 4 ),
 ( 3.000000000000000000, 4.000000000000000000 ),
 .UNSPECIFIED. ) ;
#8083 = VERTEX_POINT ( 'NONE', #10393 ) ;
#8084 = PRESENTATION_STYLE_ASSIGNMENT (( #7961 ) ) ;
#8085 = CARTESIAN_POINT ( 'NONE',  ( 2.501000000000000334, 0.7368019119484687796, 0.5516318973461914466 ) ) ;
#8086 = DIRECTION ( 'NONE',  ( -0.000000000000000000, -0.2524218971878628981, 0.9676172723861845570 ) ) ;
#8087 = CARTESIAN_POINT ( 'NONE',  ( 2.500000000000000000, 0.6393765951883095822, 0.3742491968222732002 ) ) ;
#8088 = CARTESIAN_POINT ( 'NONE',  ( 2.500000000000000000, -0.1974489852165452197, 0.3208328182930623163 ) ) ;
#8089 = LINE ( 'NONE', #7134, #6331 ) ;
#8090 = PLANE ( 'NONE',  #2947 ) ;
#8091 = CARTESIAN_POINT ( 'NONE',  ( 2.501000000000000334, -0.3565075739794707488, 0.2297356375770986947 ) ) ;
#8092 = AXIS2_PLACEMENT_3D ( 'NONE', #766, #4557, #1523 ) ;
#8093 = COLOUR_RGB ( '',0.000000000000000000, 0.000000000000000000, 0.000000000000000000 ) ;
#8094 = EDGE_CURVE ( 'NONE', #10307, #7694, #8597, .T. ) ;
#8095 = EDGE_CURVE ( 'NONE', #9386, #1278, #2722, .T. ) ;
#8096 = B_SPLINE_CURVE_WITH_KNOTS ( 'NONE', 3,
 ( #2474, #8339, #1733, #10327 ),
 .UNSPECIFIED., .F., .F.,
 ( 4, 4 ),
 ( 3.000000000000000000, 4.000000000000000000 ),
 .UNSPECIFIED. ) ;
#8097 = AXIS2_PLACEMENT_3D ( 'NONE', #1149, #8728, #10338 ) ;
#8098 = FACE_OUTER_BOUND ( 'NONE', #2170, .T. ) ;
#8099 = MECHANICAL_DESIGN_GEOMETRIC_PRESENTATION_REPRESENTATION (  '', ( #1159 ), #1977 ) ;
#8100 =( LENGTH_UNIT ( ) NAMED_UNIT ( * ) SI_UNIT ( .MILLI., .METRE. ) );
#8101 = ORIENTED_EDGE ( 'NONE', *, *, #3202, .T. ) ;
#8102 = VECTOR ( 'NONE', #8127, 1000.000000000000000 ) ;
#8103 = FACE_OUTER_BOUND ( 'NONE', #4717, .T. ) ;
#8104 =( GEOMETRIC_REPRESENTATION_CONTEXT ( 3 ) GLOBAL_UNCERTAINTY_ASSIGNED_CONTEXT ( ( #3247 ) ) GLOBAL_UNIT_ASSIGNED_CONTEXT ( ( #11303, #4853, #6913 ) ) REPRESENTATION_CONTEXT ( 'NONE', 'WORKASPACE' ) );
#8105 = FILL_AREA_STYLE_COLOUR ( '', #1765 ) ;
#8106 = VECTOR ( 'NONE', #2703, 1000.000000000000000 ) ;
#8107 = SURFACE_STYLE_USAGE ( .BOTH. , #4408 ) ;
#8108 = CARTESIAN_POINT ( 'NONE',  ( 2.501000000000000334, 0.5101866740862078808, 0.1833496433863854580 ) ) ;
#8109 = CARTESIAN_POINT ( 'NONE',  ( 2.500000000000000000, 0.2083449509788870557, 0.4323716643446897656 ) ) ;
#8110 = B_SPLINE_SURFACE_WITH_KNOTS ( 'NONE', 3, 1, ( 
 ( #5037, #2202 ),
 ( #2278, #6016 ),
 ( #5960, #1328 ),
 ( #8902, #409 ) ),
 .UNSPECIFIED., .F., .F., .F.,
 ( 4, 4 ),
 ( 2, 2 ),
 ( 34.00000000000000000, 35.00000000000000000 ),
 ( 0.000000000000000000, 1.000000000000000000 ),
 .UNSPECIFIED. ) ;
#8111 = CARTESIAN_POINT ( 'NONE',  ( 2.500000000000000000, -0.7180043390425292493, 0.6895595329987668221 ) ) ;
#8112 = CARTESIAN_POINT ( 'NONE',  ( 2.500000000000000000, 0.000000000000000000, 1.000000000000000000 ) ) ;
#8113 = DIRECTION ( 'NONE',  ( -0.000000000000000000, -6.338874234248783164E-15, 1.000000000000000000 ) ) ;
#8114 = VERTEX_POINT ( 'NONE', #8358 ) ;
#8115 = AXIS2_PLACEMENT_3D ( 'NONE', #11209, #1804, #9356 ) ;
#8116 = DIRECTION ( 'NONE',  ( -1.000000000000000000, -0.000000000000000000, -0.000000000000000000 ) ) ;
#8117 =( GEOMETRIC_REPRESENTATION_CONTEXT ( 3 ) GLOBAL_UNCERTAINTY_ASSIGNED_CONTEXT ( ( #10641 ) ) GLOBAL_UNIT_ASSIGNED_CONTEXT ( ( #4731, #3007, #11544 ) ) REPRESENTATION_CONTEXT ( 'NONE', 'WORKASPACE' ) );
#8118 = ORIENTED_EDGE ( 'NONE', *, *, #7660, .F. ) ;
#8119 = ORIENTED_EDGE ( 'NONE', *, *, #8164, .T. ) ;
#8120 = ORIENTED_EDGE ( 'NONE', *, *, #9511, .F. ) ;
#8121 = ORIENTED_EDGE ( 'NONE', *, *, #3550, .F. ) ;
#8122 =( GEOMETRIC_REPRESENTATION_CONTEXT ( 3 ) GLOBAL_UNCERTAINTY_ASSIGNED_CONTEXT ( ( #6755 ) ) GLOBAL_UNIT_ASSIGNED_CONTEXT ( ( #3767, #9474, #11553 ) ) REPRESENTATION_CONTEXT ( 'NONE', 'WORKASPACE' ) );
#8123 = FACE_OUTER_BOUND ( 'NONE', #6039, .T. ) ;
#8124 = EDGE_CURVE ( 'NONE', #2207, #2771, #3879, .T. ) ;
#8125 = ADVANCED_FACE ( 'NONE', ( #1986 ), #5679, .F. ) ;
#8126 = LINE ( 'NONE', #5379, #11560 ) ;
#8127 = DIRECTION ( 'NONE',  ( -1.000000000000000000, -0.000000000000000000, -0.000000000000000000 ) ) ;
#8129 = ORIENTED_EDGE ( 'NONE', *, *, #11671, .T. ) ;
#8128 = CARTESIAN_POINT ( 'NONE',  ( 2.501000000000000334, -0.7339102034347555481, 0.4234979680790825207 ) ) ;
#8130 = CARTESIAN_POINT ( 'NONE',  ( 2.501000000000000334, 1.020499859413864119, 0.2289950159133593566 ) ) ;
#8131 = PRESENTATION_STYLE_ASSIGNMENT (( #4197 ) ) ;
#8132 = COLOUR_RGB ( '',0.000000000000000000, 0.000000000000000000, 0.000000000000000000 ) ;
#8133 = EDGE_LOOP ( 'NONE', ( #2617, #10188, #2797, #123 ) ) ;
#8134 = COLOUR_RGB ( '',0.000000000000000000, 0.000000000000000000, 0.000000000000000000 ) ;
#8135 = CARTESIAN_POINT ( 'NONE',  ( 2.501000000000000334, 0.4703119579951469120, 0.2371051276597024027 ) ) ;
#8136 = ADVANCED_FACE ( 'NONE', ( #12102 ), #8841, .F. ) ;
#8137 = DIRECTION ( 'NONE',  ( -0.000000000000000000, 1.000000000000000000, 5.120907607230711934E-15 ) ) ;
#8138 = AXIS2_PLACEMENT_3D ( 'NONE', #11189, #6502, #1778 ) ;
#8139 = VECTOR ( 'NONE', #10225, 1000.000000000000000 ) ;
#8140 = PRESENTATION_STYLE_ASSIGNMENT (( #759 ) ) ;
#8141 =( NAMED_UNIT ( * ) SI_UNIT ( $, .STERADIAN. ) SOLID_ANGLE_UNIT ( ) );
#8142 = CARTESIAN_POINT ( 'NONE',  ( 2.500000000000000000, 0.5569237924247600890, 0.2293069432879014657 ) ) ;
#8144 = ORIENTED_EDGE ( 'NONE', *, *, #11069, .T. ) ;
#8143 =( NAMED_UNIT ( * ) SI_UNIT ( $, .STERADIAN. ) SOLID_ANGLE_UNIT ( ) );
#8145 = VECTOR ( 'NONE', #6937, 1000.000000000000000 ) ;
#8146 =( LENGTH_UNIT ( ) NAMED_UNIT ( * ) SI_UNIT ( .MILLI., .METRE. ) );
#8147 = CARTESIAN_POINT ( 'NONE',  ( 2.500000000000000000, 0.8423373404535873243, 0.7550085457775262965 ) ) ;
#8148 = ADVANCED_FACE ( 'NONE', ( #7907 ), #9316, .F. ) ;
#8149 = DIRECTION ( 'NONE',  ( -0.000000000000000000, -3.169437117124707915E-15, 1.000000000000000000 ) ) ;
#8150 = VECTOR ( 'NONE', #2292, 1000.000000000000000 ) ;
#8151 = DIRECTION ( 'NONE',  ( 0.000000000000000000, -3.198603716350137876E-15, 1.000000000000000000 ) ) ;
#8152 = FACE_OUTER_BOUND ( 'NONE', #3791, .T. ) ;
#8153 = CARTESIAN_POINT ( 'NONE',  ( 2.500000000000000000, 0.6930800915672592488, 0.2521816174471460115 ) ) ;
#8154 = DIRECTION ( 'NONE',  ( -0.000000000000000000, 8.762561441094640626E-15, -1.000000000000000000 ) ) ;
#8155 = ORIENTED_EDGE ( 'NONE', *, *, #12196, .T. ) ;
#8156 = CARTESIAN_POINT ( 'NONE',  ( 2.501000000000000334, 0.6761840254269584349, 0.5960295603722350899 ) ) ;
#8157 = LINE ( 'NONE', #1348, #11195 ) ;
#8158 = CARTESIAN_POINT ( 'NONE',  ( 2.501000000000000334, -0.7903037251517165407, 0.1733421710208657152 ) ) ;
#8159 = UNCERTAINTY_MEASURE_WITH_UNIT (LENGTH_MEASURE( 1.000000000000000082E-05 ), #10415, 'distance_accuracy_value', 'NONE');
#8160 = CARTESIAN_POINT ( 'NONE',  ( 2.501000000000000334, 0.5051958360880292043, 0.1626584608516912223 ) ) ;
#8161 = ORIENTED_EDGE ( 'NONE', *, *, #8756, .T. ) ;
#8162 = COLOUR_RGB ( '',0.000000000000000000, 0.000000000000000000, 0.000000000000000000 ) ;
#8163 = PRESENTATION_STYLE_ASSIGNMENT (( #8049 ) ) ;
#8164 = EDGE_CURVE ( 'NONE', #23, #778, #9789, .T. ) ;
#8165 = PRESENTATION_LAYER_ASSIGNMENT (  '', '', ( #9549 ) ) ;
#8166 = CARTESIAN_POINT ( 'NONE',  ( 2.501000000000000334, 0.4453057801078000866, 0.2255638147892601586 ) ) ;
#8167 = SURFACE_STYLE_USAGE ( .BOTH. , #8217 ) ;
#8168 = ORIENTED_EDGE ( 'NONE', *, *, #9426, .T. ) ;
#8169 = AXIS2_PLACEMENT_3D ( 'NONE', #9593, #8653, #6516 ) ;
#8171 = DIRECTION ( 'NONE',  ( -1.000000000000000000, -0.000000000000000000, -0.000000000000000000 ) ) ;
#8170 = CARTESIAN_POINT ( 'NONE',  ( 2.501000000000000334, 0.3015592481772202960, 0.3775764221548519872 ) ) ;
#8172 = SURFACE_STYLE_USAGE ( .BOTH. , #5751 ) ;
#8173 = CARTESIAN_POINT ( 'NONE',  ( 2.501000000000000334, 0.2666753700843376707, 0.5930142624155795295 ) ) ;
#8174 = STYLED_ITEM ( 'NONE', ( #6096 ), #8818 ) ;
#8175 = ORIENTED_EDGE ( 'NONE', *, *, #1092, .T. ) ;
#8176 = ORIENTED_EDGE ( 'NONE', *, *, #2040, .T. ) ;
#8177 = CARTESIAN_POINT ( 'NONE',  ( 2.501000000000000334, 0.5732999796068046772, 0.2648666640256179261 ) ) ;
#8178 = FILL_AREA_STYLE_COLOUR ( '', #2582 ) ;
#8179 = PRESENTATION_LAYER_ASSIGNMENT (  '', '', ( #290 ) ) ;
#8180 = VECTOR ( 'NONE', #1197, 1000.000000000000000 ) ;
#8181 = CARTESIAN_POINT ( 'NONE',  ( 2.501000000000000334, 0.3279171113556229034, 0.2514537869051606811 ) ) ;
#8182 = FILL_AREA_STYLE_COLOUR ( '', #1792 ) ;
#8183 = PRESENTATION_LAYER_ASSIGNMENT (  '', '', ( #3453 ) ) ;
#8184 =( LENGTH_UNIT ( ) NAMED_UNIT ( * ) SI_UNIT ( .MILLI., .METRE. ) );
#8186 = EDGE_LOOP ( 'NONE', ( #4758, #6008, #11067, #3027 ) ) ;
#8185 = FILL_AREA_STYLE_COLOUR ( '', #10465 ) ;
#8187 = SURFACE_STYLE_FILL_AREA ( #3433 ) ;
#8188 = FILL_AREA_STYLE ('',( #5147 ) ) ;
#8189 = PRESENTATION_LAYER_ASSIGNMENT (  '', '', ( #8001 ) ) ;
#8190 = ORIENTED_EDGE ( 'NONE', *, *, #919, .T. ) ;
#8191 = CARTESIAN_POINT ( 'NONE',  ( 2.501000000000000334, 0.3176754958797889938, 0.2583161891533536925 ) ) ;
#8192 = DIRECTION ( 'NONE',  ( 3.252606517456513302E-16, 0.000000000000000000, -1.000000000000000000 ) ) ;
#8193 = STYLED_ITEM ( 'NONE', ( #10412 ), #1032 ) ;
#8194 = FILL_AREA_STYLE_COLOUR ( '', #8770 ) ;
#8195 = CARTESIAN_POINT ( 'NONE',  ( 2.500000000000000000, -0.6948685387969689708, 0.5970164285479810928 ) ) ;
#8196 = ORIENTED_EDGE ( 'NONE', *, *, #6672, .T. ) ;
#8197 = ADVANCED_FACE ( 'NONE', ( #7473 ), #6922, .F. ) ;
#8198 = SURFACE_SIDE_STYLE ('',( #5263 ) ) ;
#8199 = EDGE_CURVE ( 'NONE', #5570, #11565, #11557, .T. ) ;
#8200 = B_SPLINE_SURFACE_WITH_KNOTS ( 'NONE', 3, 1, ( 
 ( #7879, #422 ),
 ( #2211, #6140 ),
 ( #5044, #9898 ),
 ( #10821, #3204 ) ),
 .UNSPECIFIED., .F., .F., .F.,
 ( 4, 4 ),
 ( 2, 2 ),
 ( 15.00000000000000000, 16.00000000000000000 ),
 ( 0.000000000000000000, 1.000000000000000000 ),
 .UNSPECIFIED. ) ;
#8201 = EDGE_LOOP ( 'NONE', ( #8530, #2569, #5552, #11828 ) ) ;
#8202 =( NAMED_UNIT ( * ) PLANE_ANGLE_UNIT ( ) SI_UNIT ( $, .RADIAN. ) );
#8203 = FILL_AREA_STYLE ('',( #2515 ) ) ;
#8204 = SURFACE_STYLE_FILL_AREA ( #9040 ) ;
#8205 = CARTESIAN_POINT ( 'NONE',  ( 0.3999999999999994116, 0.2500000000000000000, -5.000000000000000000 ) ) ;
#8206 = PLANE ( 'NONE',  #8688 ) ;
#8207 = ORIENTED_EDGE ( 'NONE', *, *, #3417, .F. ) ;
#8208 = VECTOR ( 'NONE', #9619, 1000.000000000000000 ) ;
#8209 = EDGE_CURVE ( 'NONE', #11696, #6392, #7703, .T. ) ;
#8210 = CARTESIAN_POINT ( 'NONE',  ( 2.500000000000000000, 0.9802092401581361525, 0.3634357144924221239 ) ) ;
#8211 = ORIENTED_EDGE ( 'NONE', *, *, #5033, .F. ) ;
#8212 = VERTEX_POINT ( 'NONE', #7827 ) ;
#8213 = SURFACE_SIDE_STYLE ('',( #6260 ) ) ;
#8214 = CARTESIAN_POINT ( 'NONE',  ( 2.500000000000000000, 0.3540670229509985667, 0.2289950159133570806 ) ) ;
#8215 = LINE ( 'NONE', #6336, #952 ) ;
#8216 = DIRECTION ( 'NONE',  ( -1.000000000000000000, -0.000000000000000000, -0.000000000000000000 ) ) ;
#8217 = SURFACE_SIDE_STYLE ('',( #3472 ) ) ;
#8218 = EDGE_LOOP ( 'NONE', ( #2310, #9694, #11175, #7289 ) ) ;
#8219 = FACE_OUTER_BOUND ( 'NONE', #3494, .T. ) ;
#8220 = CARTESIAN_POINT ( 'NONE',  ( 2.500000000000000000, 0.3714309801537981626, 0.5600539364684635757 ) ) ;
#8221 = EDGE_CURVE ( 'NONE', #3757, #377, #5739, .T. ) ;
#8222 = CARTESIAN_POINT ( 'NONE',  ( 2.500000000000000000, 0.3285929540011503502, 0.2514537869051606256 ) ) ;
#8223 = VERTEX_POINT ( 'NONE', #10704 ) ;
#8224 =( GEOMETRIC_REPRESENTATION_CONTEXT ( 3 ) GLOBAL_UNCERTAINTY_ASSIGNED_CONTEXT ( ( #5649 ) ) GLOBAL_UNIT_ASSIGNED_CONTEXT ( ( #7223, #3353, #2424 ) ) REPRESENTATION_CONTEXT ( 'NONE', 'WORKASPACE' ) );
#8225 = CARTESIAN_POINT ( 'NONE',  ( 2.501000000000000334, 0.4383913899645447976, 0.6665251470985904536 ) ) ;
#8226 = UNCERTAINTY_MEASURE_WITH_UNIT (LENGTH_MEASURE( 1.000000000000000082E-05 ), #2067, 'distance_accuracy_value', 'NONE');
#8227 = B_SPLINE_CURVE_WITH_KNOTS ( 'NONE', 3,
 ( #612, #7160, #9116, #5355 ),
 .UNSPECIFIED., .F., .F.,
 ( 4, 4 ),
 ( 0.000000000000000000, 1.000000000000000000 ),
 .UNSPECIFIED. ) ;
#8228 = ORIENTED_EDGE ( 'NONE', *, *, #1581, .F. ) ;
#8229 = UNCERTAINTY_MEASURE_WITH_UNIT (LENGTH_MEASURE( 1.000000000000000082E-05 ), #11590, 'distance_accuracy_value', 'NONE');
#8230 = FACE_BOUND ( 'NONE', #1701, .T. ) ;
#8231 = LINE ( 'NONE', #10112, #6647 ) ;
#8232 = CARTESIAN_POINT ( 'NONE',  ( 2.501000000000000334, 0.3178834474635015561, 0.2341938054945635894 ) ) ;
#8233 = CARTESIAN_POINT ( 'NONE',  ( 2.501000000000000334, 0.6411441836454176979, 0.7316139926607155841 ) ) ;
#8234 = LINE ( 'NONE', #8413, #7714 ) ;
#8235 = PLANE ( 'NONE',  #7777 ) ;
#8236 = CARTESIAN_POINT ( 'NONE',  ( 2.500000000000000000, 0.9308727270282786126, 0.2733926789394044432 ) ) ;
#8237 = DIRECTION ( 'NONE',  ( -1.000000000000000000, -0.000000000000000000, -0.000000000000000000 ) ) ;
#8238 = DIRECTION ( 'NONE',  ( 0.000000000000000000, -1.000000000000000000, 0.000000000000000000 ) ) ;
#8239 = ADVANCED_FACE ( 'NONE', ( #1141 ), #1698, .F. ) ;
#8240 = CARTESIAN_POINT ( 'NONE',  ( -2.200000000000001066, 0.2500000000000000000, -2.000000000000000000 ) ) ;
#8241 = EDGE_CURVE ( 'NONE', #8461, #3422, #7204, .T. ) ;
#8242 = FACE_OUTER_BOUND ( 'NONE', #3062, .T. ) ;
#8243 = ORIENTED_EDGE ( 'NONE', *, *, #6241, .F. ) ;
#8244 = PRESENTATION_STYLE_ASSIGNMENT (( #11045 ) ) ;
#8245 = SURFACE_SIDE_STYLE ('',( #2212 ) ) ;
#8246 = CARTESIAN_POINT ( 'NONE',  ( 2.501000000000000334, -0.2061248861754226280, 0.6201521460534846764 ) ) ;
#8247 = SURFACE_STYLE_FILL_AREA ( #1513 ) ;
#8248 = SURFACE_STYLE_USAGE ( .BOTH. , #4440 ) ;
#8249 = EDGE_LOOP ( 'NONE', ( #11784, #603, #6223, #11714 ) ) ;
#8250 =( NAMED_UNIT ( * ) PLANE_ANGLE_UNIT ( ) SI_UNIT ( $, .RADIAN. ) );
#8251 = CARTESIAN_POINT ( 'NONE',  ( 2.500000000000000000, 0.7152789230802812925, 0.5991488341217902081 ) ) ;
#8252 = CARTESIAN_POINT ( 'NONE',  ( 2.501000000000000334, 0.3887429494601593594, 0.3350503233774336787 ) ) ;
#8253 = B_SPLINE_CURVE_WITH_KNOTS ( 'NONE', 3,
 ( #7658, #5816, #6787, #10600 ),
 .UNSPECIFIED., .F., .F.,
 ( 4, 4 ),
 ( 1.000000000000000000, 2.000000000000000000 ),
 .UNSPECIFIED. ) ;
#8254 = CARTESIAN_POINT ( 'NONE',  ( 2.501000000000000334, -0.2567344923053233030, 0.3164948678129329562 ) ) ;
#8255 = ADVANCED_FACE ( 'NONE', ( #773 ), #11584, .F. ) ;
#8256 = DIRECTION ( 'NONE',  ( -0.000000000000000000, -1.000000000000000000, -2.981400461885572221E-15 ) ) ;
#8257 = EDGE_CURVE ( 'NONE', #6584, #8830, #5783, .T. ) ;
#8258 = LINE ( 'NONE', #8324, #10344 ) ;
#8259 = SURFACE_STYLE_USAGE ( .BOTH. , #9164 ) ;
#8260 = CARTESIAN_POINT ( 'NONE',  ( 2.500000000000000000, 0.8302241607284335245, 0.7175772607897984434 ) ) ;
#8261 = CARTESIAN_POINT ( 'NONE',  ( 2.501000000000000334, -0.8944147573046110633, 0.4610936400299214255 ) ) ;
#8262 =( GEOMETRIC_REPRESENTATION_CONTEXT ( 3 ) GLOBAL_UNCERTAINTY_ASSIGNED_CONTEXT ( ( #1102 ) ) GLOBAL_UNIT_ASSIGNED_CONTEXT ( ( #824, #8382, #9561 ) ) REPRESENTATION_CONTEXT ( 'NONE', 'WORKASPACE' ) );
#8263 = LINE ( 'NONE', #3629, #5853 ) ;
#8264 = VERTEX_POINT ( 'NONE', #5656 ) ;
#8265 = UNCERTAINTY_MEASURE_WITH_UNIT (LENGTH_MEASURE( 1.000000000000000082E-05 ), #2423, 'distance_accuracy_value', 'NONE');
#8266 = ORIENTED_EDGE ( 'NONE', *, *, #3363, .T. ) ;
#8267 = FACE_OUTER_BOUND ( 'NONE', #8330, .T. ) ;
#8269 = CARTESIAN_POINT ( 'NONE',  ( -1.699999999999999734, 0.2500000000000000000, -3.061616997868386099E-17 ) ) ;
#8268 = DIRECTION ( 'NONE',  ( -0.000000000000000000, -1.000000000000000000, -0.000000000000000000 ) ) ;
#8270 = STYLED_ITEM ( 'NONE', ( #744 ), #8017 ) ;
#8271 = ADVANCED_FACE ( 'NONE', ( #11484 ), #8700, .F. ) ;
#8272 = DIRECTION ( 'NONE',  ( -0.000000000000000000, 1.000000000000000000, 3.391827918540351453E-15 ) ) ;
#8273 = CARTESIAN_POINT ( 'NONE',  ( 2.500000000000000000, 0.8408816793710162107, 0.2521816174471464556 ) ) ;
#8274 = VERTEX_POINT ( 'NONE', #1479 ) ;
#8275 = STYLED_ITEM ( 'NONE', ( #6881 ), #2513 ) ;
#8276 = SURFACE_STYLE_FILL_AREA ( #5361 ) ;
#8277 = FILL_AREA_STYLE ('',( #7283 ) ) ;
#8278 = PRESENTATION_LAYER_ASSIGNMENT (  '', '', ( #12019 ) ) ;
#8279 =( GEOMETRIC_REPRESENTATION_CONTEXT ( 3 ) GLOBAL_UNCERTAINTY_ASSIGNED_CONTEXT ( ( #9681 ) ) GLOBAL_UNIT_ASSIGNED_CONTEXT ( ( #7523, #9291, #4575 ) ) REPRESENTATION_CONTEXT ( 'NONE', 'WORKASPACE' ) );
#8280 = SURFACE_SIDE_STYLE ('',( #1623 ) ) ;
#8281 = EDGE_LOOP ( 'NONE', ( #1130, #11024, #1365, #9854 ) ) ;
#8282 = CARTESIAN_POINT ( 'NONE',  ( 2.500000000000000000, -0.8929688197783932635, 0.2658853168416816515 ) ) ;
#8283 = CARTESIAN_POINT ( 'NONE',  ( 2.501000000000000334, 0.3015592481772202960, 0.3775764221548519872 ) ) ;
#8284 = EDGE_CURVE ( 'NONE', #4412, #4458, #5238, .T. ) ;
#8285 = CARTESIAN_POINT ( 'NONE',  ( 2.500000000000000000, 0.5111224562105154412, 0.6665251470985906757 ) ) ;
#8286 = VECTOR ( 'NONE', #24, 1000.000000000000000 ) ;
#8288 = LINE ( 'NONE', #3428, #451 ) ;
#8287 = VECTOR ( 'NONE', #1303, 1000.000000000000114 ) ;
#8289 =( NAMED_UNIT ( * ) PLANE_ANGLE_UNIT ( ) SI_UNIT ( $, .RADIAN. ) );
#8290 =( GEOMETRIC_REPRESENTATION_CONTEXT ( 3 ) GLOBAL_UNCERTAINTY_ASSIGNED_CONTEXT ( ( #2090 ) ) GLOBAL_UNIT_ASSIGNED_CONTEXT ( ( #4087, #7850, #9809 ) ) REPRESENTATION_CONTEXT ( 'NONE', 'WORKASPACE' ) );
#8291 = AXIS2_PLACEMENT_3D ( 'NONE', #8085, #7257, #7967 ) ;
#8292 = VECTOR ( 'NONE', #3776, 1000.000000000000000 ) ;
#8293 = CARTESIAN_POINT ( 'NONE',  ( 2.501000000000000334, 0.4149968368470454694, 0.3373377907934927422 ) ) ;
#8294 = VERTEX_POINT ( 'NONE', #1421 ) ;
#8295 = B_SPLINE_SURFACE_WITH_KNOTS ( 'NONE', 3, 1, ( 
 ( #298, #5214 ),
 ( #5034, #8768 ),
 ( #7000, #3978 ),
 ( #9700, #3191 ) ),
 .UNSPECIFIED., .F., .F., .F.,
 ( 4, 4 ),
 ( 2, 2 ),
 ( 4.000000000000000000, 5.000000000000000000 ),
 ( 0.000000000000000000, 1.000000000000000000 ),
 .UNSPECIFIED. ) ;
#8296 = CARTESIAN_POINT ( 'NONE',  ( 2.501000000000000334, -0.3550616088725427888, 0.3179408329191651950 ) ) ;
#8298 = ORIENTED_EDGE ( 'NONE', *, *, #5574, .F. ) ;
#8297 = DIRECTION ( 'NONE',  ( -1.000000000000000000, 0.000000000000000000, 0.000000000000000000 ) ) ;
#8299 = CARTESIAN_POINT ( 'NONE',  ( 2.501000000000000334, -0.7035444949165744477, 0.2196136611919110859 ) ) ;
#8300 = VERTEX_POINT ( 'NONE', #7156 ) ;
#8301 = PRESENTATION_LAYER_ASSIGNMENT (  '', '', ( #1601 ) ) ;
#8302 = VECTOR ( 'NONE', #7206, 1000.000000000000000 ) ;
#8303 = PRESENTATION_STYLE_ASSIGNMENT (( #4540 ) ) ;
#8304 =( LENGTH_UNIT ( ) NAMED_UNIT ( * ) SI_UNIT ( .MILLI., .METRE. ) );
#8305 = FILL_AREA_STYLE ('',( #11110 ) ) ;
#8306 = EDGE_CURVE ( 'NONE', #5805, #2426, #8096, .T. ) ;
#8307 = ADVANCED_FACE ( 'NONE', ( #10963 ), #5417, .F. ) ;
#8308 = CARTESIAN_POINT ( 'NONE',  ( 2.500000000000000000, 0.6129667441148385354, 0.3742491968222730891 ) ) ;
#8309 = MECHANICAL_DESIGN_GEOMETRIC_PRESENTATION_REPRESENTATION (  '', ( #5142 ), #5112 ) ;
#8310 = CARTESIAN_POINT ( 'NONE',  ( -2.200000000000000178, 0.2500000000000000000, 0.000000000000000000 ) ) ;
#8311 = CARTESIAN_POINT ( 'NONE',  ( 2.501000000000000334, 0.1035893409101118351, 0.4323716643446894325 ) ) ;
#8312 = CARTESIAN_POINT ( 'NONE',  ( 2.501000000000000334, -0.6948685387969689708, 0.5970164285479810928 ) ) ;
#8313 = COLOUR_RGB ( '',0.000000000000000000, 0.000000000000000000, 0.000000000000000000 ) ;
#8315 = ORIENTED_EDGE ( 'NONE', *, *, #6740, .T. ) ;
#8314 = SURFACE_SIDE_STYLE ('',( #11954 ) ) ;
#8316 = ORIENTED_EDGE ( 'NONE', *, *, #1997, .T. ) ;
#8317 = PRESENTATION_LAYER_ASSIGNMENT (  '', '', ( #7322 ) ) ;
#8318 = CARTESIAN_POINT ( 'NONE',  ( 2.501000000000000334, 1.116625478778722869, 0.3076007143860648441 ) ) ;
#8319 = CARTESIAN_POINT ( 'NONE',  ( 2.501000000000000334, 0.5215200353736221262, 0.5516318973461905584 ) ) ;
#8320 = CARTESIAN_POINT ( 'NONE',  ( 2.500000000000000000, 0.4724434617239411383, 0.2989707236807600532 ) ) ;
#8321 = CARTESIAN_POINT ( 'NONE',  ( 2.501000000000000334, -0.2726403291182262767, 0.5420688443579295690 ) ) ;
#8322 = STYLED_ITEM ( 'NONE', ( #7397 ), #9438 ) ;
#8323 = PRESENTATION_STYLE_ASSIGNMENT (( #946 ) ) ;
#8324 = CARTESIAN_POINT ( 'NONE',  ( 2.501000000000000334, 0.6129667441148385354, 0.3742491968222730891 ) ) ;
#8325 = CARTESIAN_POINT ( 'NONE',  ( 2.500000000000000000, 0.4812294161165083795, 0.2446953604498728063 ) ) ;
#8326 = VECTOR ( 'NONE', #5617, 1000.000000000000000 ) ;
#8327 = SURFACE_STYLE_FILL_AREA ( #12020 ) ;
#8328 = CARTESIAN_POINT ( 'NONE',  ( 2.500000000000000000, 0.9699676246816076874, 0.3874541223596961736 ) ) ;
#8329 = CARTESIAN_POINT ( 'NONE',  ( 2.500000000000000000, 0.4007521533937969949, 0.3057291501374355680 ) ) ;
#8330 = EDGE_LOOP ( 'NONE', ( #3197, #9964, #11805, #1409, #2848, #4349, #5287 ) ) ;
#8331 = PRESENTATION_STYLE_ASSIGNMENT (( #3627 ) ) ;
#8332 = VECTOR ( 'NONE', #3809, 1000.000000000000000 ) ;
#8333 =( GEOMETRIC_REPRESENTATION_CONTEXT ( 3 ) GLOBAL_UNCERTAINTY_ASSIGNED_CONTEXT ( ( #11212 ) ) GLOBAL_UNIT_ASSIGNED_CONTEXT ( ( #10996, #9222, #7315 ) ) REPRESENTATION_CONTEXT ( 'NONE', 'WORKASPACE' ) );
#8334 = CARTESIAN_POINT ( 'NONE',  ( 2.500000000000000000, 0.9495363816256953138, 0.4054419343122745434 ) ) ;
#8335 = CARTESIAN_POINT ( 'NONE',  ( 2.501000000000000334, 0.3365471020609183128, 0.3775764221548520982 ) ) ;
#8336 = ADVANCED_FACE ( 'NONE', ( #9246 ), #9724, .F. ) ;
#8337 = ADVANCED_FACE ( 'NONE', ( #9624 ), #1311, .F. ) ;
#8338 = CARTESIAN_POINT ( 'NONE',  ( 2.500000000000000000, 0.4496207754604512052, 0.2834783307272711328 ) ) ;
#8339 = CARTESIAN_POINT ( 'NONE',  ( 2.500000000000000000, 0.8264290443340454040, 0.7228800261639030111 ) ) ;
#8340 = LINE ( 'NONE', #8455, #9494 ) ;
#8341 = CARTESIAN_POINT ( 'NONE',  ( 2.501000000000000334, -0.3391557169002979433, 0.7821027150181854015 ) ) ;
#8342 = FILL_AREA_STYLE ('',( #8400 ) ) ;
#8343 =( GEOMETRIC_REPRESENTATION_CONTEXT ( 3 ) GLOBAL_UNCERTAINTY_ASSIGNED_CONTEXT ( ( #5577 ) ) GLOBAL_UNIT_ASSIGNED_CONTEXT ( ( #1404, #654, #5406 ) ) REPRESENTATION_CONTEXT ( 'NONE', 'WORKASPACE' ) );
#8344 = MECHANICAL_DESIGN_GEOMETRIC_PRESENTATION_REPRESENTATION (  '', ( #11897 ), #4778 ) ;
#8345 = CARTESIAN_POINT ( 'NONE',  ( 2.501000000000000334, 0.2991678049696441799, 0.3568852396201577237 ) ) ;
#8346 = SURFACE_SIDE_STYLE ('',( #6403 ) ) ;
#8347 = EDGE_LOOP ( 'NONE', ( #11631, #1895, #6202, #7818 ) ) ;
#8348 = LINE ( 'NONE', #11086, #665 ) ;
#8349 = CARTESIAN_POINT ( 'NONE',  ( 2.500000000000000000, 0.9914906135484093941, 0.2289950159133593288 ) ) ;
#8350 =( GEOMETRIC_REPRESENTATION_CONTEXT ( 3 ) GLOBAL_UNCERTAINTY_ASSIGNED_CONTEXT ( ( #9361 ) ) GLOBAL_UNIT_ASSIGNED_CONTEXT ( ( #2690, #9397, #10743 ) ) REPRESENTATION_CONTEXT ( 'NONE', 'WORKASPACE' ) );
#8351 = EDGE_CURVE ( 'NONE', #4304, #3479, #6746, .T. ) ;
#8352 =( NAMED_UNIT ( * ) PLANE_ANGLE_UNIT ( ) SI_UNIT ( $, .RADIAN. ) );
#8353 = VERTEX_POINT ( 'NONE', #4910 ) ;
#8354 = ADVANCED_FACE ( 'NONE', ( #9702 ), #300, .F. ) ;
#8355 = UNCERTAINTY_MEASURE_WITH_UNIT (LENGTH_MEASURE( 1.000000000000000082E-05 ), #1088, 'distance_accuracy_value', 'NONE');
#8356 = AXIS2_PLACEMENT_3D ( 'NONE', #5521, #9227, #9332 ) ;
#8357 = UNCERTAINTY_MEASURE_WITH_UNIT (LENGTH_MEASURE( 1.000000000000000082E-05 ), #10549, 'distance_accuracy_value', 'NONE');
#8358 = CARTESIAN_POINT ( 'NONE',  ( 2.500000000000000000, 1.469693845669906240, 0.000000000000000000 ) ) ;
#8359 = SURFACE_STYLE_FILL_AREA ( #9200 ) ;
#8360 = FACE_OUTER_BOUND ( 'NONE', #1991, .T. ) ;
#8361 = LINE ( 'NONE', #8285, #7495 ) ;
#8362 =( GEOMETRIC_REPRESENTATION_CONTEXT ( 3 ) GLOBAL_UNCERTAINTY_ASSIGNED_CONTEXT ( ( #7361 ) ) GLOBAL_UNIT_ASSIGNED_CONTEXT ( ( #2226, #7898, #11196 ) ) REPRESENTATION_CONTEXT ( 'NONE', 'WORKASPACE' ) );
#8363 = FILL_AREA_STYLE_COLOUR ( '', #11068 ) ;
#8364 = DIRECTION ( 'NONE',  ( -0.000000000000000000, -1.000000000000000000, -2.981400461857163762E-15 ) ) ;
#8365 = AXIS2_PLACEMENT_3D ( 'NONE', #3273, #3401, #8151 ) ;
#8366 = PLANE ( 'NONE',  #6546 ) ;
#8367 = FACE_OUTER_BOUND ( 'NONE', #4223, .T. ) ;
#8369 = VERTEX_POINT ( 'NONE', #1626 ) ;
#8368 = FILL_AREA_STYLE_COLOUR ( '', #5307 ) ;
#8370 = FILL_AREA_STYLE_COLOUR ( '', #8428 ) ;
#8371 = CARTESIAN_POINT ( 'NONE',  ( 2.501000000000000334, 0.6930800915672585827, 0.4089771112278826615 ) ) ;
#8372 =( NAMED_UNIT ( * ) SI_UNIT ( $, .STERADIAN. ) SOLID_ANGLE_UNIT ( ) );
#8373 = ADVANCED_FACE ( 'NONE', ( #554 ), #2433, .F. ) ;
#8374 = STYLED_ITEM ( 'NONE', ( #4171 ), #3655 ) ;
#8375 = DIRECTION ( 'NONE',  ( 1.000000000000000000, 0.000000000000000000, -7.228014483236695816E-17 ) ) ;
#8376 = MECHANICAL_DESIGN_GEOMETRIC_PRESENTATION_REPRESENTATION (  '', ( #6758 ), #9773 ) ;
#8377 = AXIS2_PLACEMENT_3D ( 'NONE', #10100, #795, #2534 ) ;
#8378 = CARTESIAN_POINT ( 'NONE',  ( 2.501000000000000334, 0.5168931126464334502, 0.7550085457775251863 ) ) ;
#8379 = VECTOR ( 'NONE', #4600, 1000.000000000000000 ) ;
#8380 =( NAMED_UNIT ( * ) PLANE_ANGLE_UNIT ( ) SI_UNIT ( $, .RADIAN. ) );
#8381 = MECHANICAL_DESIGN_GEOMETRIC_PRESENTATION_REPRESENTATION (  '', ( #5800 ), #4238 ) ;
#8382 =( NAMED_UNIT ( * ) PLANE_ANGLE_UNIT ( ) SI_UNIT ( $, .RADIAN. ) );
#8383 = CARTESIAN_POINT ( 'NONE',  ( 2.500000000000000000, 0.6948476800243670315, 0.7280788157451079101 ) ) ;
#8384 = EDGE_CURVE ( 'NONE', #9766, #8609, #11985, .T. ) ;
#8385 = ORIENTED_EDGE ( 'NONE', *, *, #2307, .F. ) ;
#8386 = VERTEX_POINT ( 'NONE', #9600 ) ;
#8387 = LINE ( 'NONE', #5587, #10943 ) ;
#8388 = CARTESIAN_POINT ( 'NONE',  ( 2.500000000000000000, 0.3714309801537973854, 0.7501216835708589548 ) ) ;
#8389 = B_SPLINE_CURVE_WITH_KNOTS ( 'NONE', 3,
 ( #6511, #8341, #3638, #8527 ),
 .UNSPECIFIED., .F., .F.,
 ( 4, 4 ),
 ( 1.000000000000000000, 2.000000000000000000 ),
 .UNSPECIFIED. ) ;
#8390 =( GEOMETRIC_REPRESENTATION_CONTEXT ( 3 ) GLOBAL_UNCERTAINTY_ASSIGNED_CONTEXT ( ( #1730 ) ) GLOBAL_UNIT_ASSIGNED_CONTEXT ( ( #11775, #10134, #6243 ) ) REPRESENTATION_CONTEXT ( 'NONE', 'WORKASPACE' ) );
#8391 = LINE ( 'NONE', #7331, #3583 ) ;
#8392 = DIRECTION ( 'NONE',  ( 0.000000000000000000, -0.8863488427958603477, -0.4630180653866964313 ) ) ;
#8393 = ORIENTED_EDGE ( 'NONE', *, *, #4615, .T. ) ;
#8394 = ADVANCED_FACE ( 'NONE', ( #3097 ), #3877, .F. ) ;
#8395 = VECTOR ( 'NONE', #9968, 1000.000000000000000 ) ;
#8396 = ORIENTED_EDGE ( 'NONE', *, *, #5922, .T. ) ;
#8397 = CARTESIAN_POINT ( 'NONE',  ( 2.500000000000000000, 0.4797217671381802662, 0.3711299230727123644 ) ) ;
#8398 = LINE ( 'NONE', #1025, #7889 ) ;
#8399 = SURFACE_STYLE_USAGE ( .BOTH. , #9349 ) ;
#8400 = FILL_AREA_STYLE_COLOUR ( '', #10926 ) ;
#8401 =( NAMED_UNIT ( * ) PLANE_ANGLE_UNIT ( ) SI_UNIT ( $, .RADIAN. ) );
#8402 = CARTESIAN_POINT ( 'NONE',  ( 2.501000000000000334, 0.4605382335818141160, 0.2660103977336463199 ) ) ;
#8403 = COLOUR_RGB ( '',0.000000000000000000, 0.000000000000000000, 0.000000000000000000 ) ;
#8404 = ORIENTED_EDGE ( 'NONE', *, *, #965, .F. ) ;
#8405 = DIRECTION ( 'NONE',  ( 1.301042606982605321E-16, 0.000000000000000000, 1.000000000000000000 ) ) ;
#8406 = CARTESIAN_POINT ( 'NONE',  ( 2.500000000000000000, 0.7255205385554218678, 0.6559196163531543222 ) ) ;
#8407 = CARTESIAN_POINT ( 'NONE',  ( 2.500000000000000000, 0.5216240111658261291, 0.1605789450186506373 ) ) ;
#8408 = DIRECTION ( 'NONE',  ( 0.000000000000000000, -1.000000000000000000, 0.000000000000000000 ) ) ;
#8409 = VECTOR ( 'NONE', #6485, 1000.000000000000000 ) ;
#8410 = DIRECTION ( 'NONE',  ( 0.000000000000000000, -0.3416038306815511461, 0.9398440417769801103 ) ) ;
#8411 =( LENGTH_UNIT ( ) NAMED_UNIT ( * ) SI_UNIT ( .MILLI., .METRE. ) );
#8412 = CARTESIAN_POINT ( 'NONE',  ( 2.500000000000000000, 0.2191584333087385761, 0.6822254916351049303 ) ) ;
#8413 = CARTESIAN_POINT ( 'NONE',  ( 2.501000000000000334, -0.7180043390425292493, 0.6895595329987668221 ) ) ;
#8414 = ADVANCED_FACE ( 'NONE', ( #10512 ), #10714, .F. ) ;
#8415 =( NAMED_UNIT ( * ) SI_UNIT ( $, .STERADIAN. ) SOLID_ANGLE_UNIT ( ) );
#8416 = UNCERTAINTY_MEASURE_WITH_UNIT (LENGTH_MEASURE( 1.000000000000000082E-05 ), #11625, 'distance_accuracy_value', 'NONE');
#8417 = EDGE_CURVE ( 'NONE', #10362, #5432, #141, .T. ) ;
#8419 = CARTESIAN_POINT ( 'NONE',  ( -0.9000000000000000222, 0.2500000000000000000, -3.182398797249132245E-17 ) ) ;
#8418 = CARTESIAN_POINT ( 'NONE',  ( 2.500000000000000000, 0.6761840254269584349, 0.5960295603722350899 ) ) ;
#8420 = ORIENTED_EDGE ( 'NONE', *, *, #3122, .T. ) ;
#8421 = STYLED_ITEM ( 'NONE', ( #10297 ), #6227 ) ;
#8422 = ORIENTED_EDGE ( 'NONE', *, *, #6835, .F. ) ;
#8423 = SURFACE_SIDE_STYLE ('',( #2794 ) ) ;
#8424 = CARTESIAN_POINT ( 'NONE',  ( 2.501000000000000334, -0.08177001157015101329, 0.3309547395182116936 ) ) ;
#8425 = ORIENTED_EDGE ( 'NONE', *, *, #11966, .T. ) ;
#8426 = ORIENTED_EDGE ( 'NONE', *, *, #9738, .F. ) ;
#8427 = SURFACE_SIDE_STYLE ('',( #10606 ) ) ;
#8428 = COLOUR_RGB ( '',0.000000000000000000, 0.000000000000000000, 0.000000000000000000 ) ;
#8429 = EDGE_CURVE ( 'NONE', #2790, #6678, #2489, .T. ) ;
#8430 = UNCERTAINTY_MEASURE_WITH_UNIT (LENGTH_MEASURE( 1.000000000000000082E-05 ), #8411, 'distance_accuracy_value', 'NONE');
#8431 = DIRECTION ( 'NONE',  ( -0.000000000000000000, -1.000000000000000000, -2.677136871685363975E-15 ) ) ;
#8432 = FILL_AREA_STYLE ('',( #1890 ) ) ;
#8433 = CARTESIAN_POINT ( 'NONE',  ( 2.500000000000000000, 0.3234981402114526228, 0.7347332664088832566 ) ) ;
#8434 = FILL_AREA_STYLE_COLOUR ( '', #1356 ) ;
#8435 = DIRECTION ( 'NONE',  ( 0.000000000000000000, 1.000000000000000000, 3.805637998265178526E-15 ) ) ;
#8436 = VERTEX_POINT ( 'NONE', #1221 ) ;
#8437 =( NAMED_UNIT ( * ) PLANE_ANGLE_UNIT ( ) SI_UNIT ( $, .RADIAN. ) );
#8438 = CARTESIAN_POINT ( 'NONE',  ( 2.501000000000000334, 0.8726462837143440510, 0.4323716643446920971 ) ) ;
#8439 = SURFACE_STYLE_FILL_AREA ( #9391 ) ;
#8440 =( NAMED_UNIT ( * ) PLANE_ANGLE_UNIT ( ) SI_UNIT ( $, .RADIAN. ) );
#8441 = SURFACE_STYLE_USAGE ( .BOTH. , #5594 ) ;
#8442 = EDGE_CURVE ( 'NONE', #11465, #7874, #6593, .T. ) ;
#8443 = LINE ( 'NONE', #11309, #3612 ) ;
#8444 =( NAMED_UNIT ( * ) PLANE_ANGLE_UNIT ( ) SI_UNIT ( $, .RADIAN. ) );
#8445 = CARTESIAN_POINT ( 'NONE',  ( 2.500000000000000000, 0.5216240111658261291, 0.1605789450186506373 ) ) ;
#8446 = SURFACE_STYLE_FILL_AREA ( #1780 ) ;
#8447 = DIRECTION ( 'NONE',  ( 0.000000000000000000, 3.737436600434502284E-15, -1.000000000000000000 ) ) ;
#8448 = EDGE_LOOP ( 'NONE', ( #713, #7998, #9996, #523 ) ) ;
#8449 = DIRECTION ( 'NONE',  ( -0.000000000000000000, -1.000000000000000000, -2.981400461857163762E-15 ) ) ;
#8450 = DIRECTION ( 'NONE',  ( -0.000000000000000000, 0.000000000000000000, 1.000000000000000000 ) ) ;
#8451 = ORIENTED_EDGE ( 'NONE', *, *, #5759, .F. ) ;
#8452 = CARTESIAN_POINT ( 'NONE',  ( 2.500000000000000000, -0.8076555270701600842, 0.3280628093057441075 ) ) ;
#8453 = ORIENTED_EDGE ( 'NONE', *, *, #8521, .T. ) ;
#8454 = CARTESIAN_POINT ( 'NONE',  ( 2.500000000000000000, 0.4273179681559186593, 0.2928361519745508179 ) ) ;
#8455 = CARTESIAN_POINT ( 'NONE',  ( 2.501000000000000334, 1.020499859413864119, 0.2289950159133593566 ) ) ;
#8456 = CYLINDRICAL_SURFACE ( 'NONE', #11118, 2.899999999999999911 ) ;
#8457 = ADVANCED_FACE ( 'NONE', ( #9180 ), #8050, .F. ) ;
#8458 = CARTESIAN_POINT ( 'NONE',  ( 2.501000000000000334, -0.6731787588190680793, 0.3324007046244421559 ) ) ;
#8459 = ADVANCED_FACE ( 'NONE', ( #5708 ), #4360, .T. ) ;
#8460 = CARTESIAN_POINT ( 'NONE',  ( 2.501000000000000334, 0.2191584333087385761, 0.6494731172710164202 ) ) ;
#8461 = VERTEX_POINT ( 'NONE', #30 ) ;
#8462 = FILL_AREA_STYLE_COLOUR ( '', #8134 ) ;
#8463 = CARTESIAN_POINT ( 'NONE',  ( 2.501000000000000334, 0.4691162363913611855, 0.3754969063218119296 ) ) ;
#8464 = LINE ( 'NONE', #9595, #8326 ) ;
#8465 = DIRECTION ( 'NONE',  ( -0.000000000000000000, 1.000000000000000000, 3.726750577356965670E-15 ) ) ;
#8466 =( LENGTH_UNIT ( ) NAMED_UNIT ( * ) SI_UNIT ( .MILLI., .METRE. ) );
#8467 = ORIENTED_EDGE ( 'NONE', *, *, #8641, .F. ) ;
#8468 = UNCERTAINTY_MEASURE_WITH_UNIT (LENGTH_MEASURE( 1.000000000000000082E-05 ), #8466, 'distance_accuracy_value', 'NONE');
#8469 = PRESENTATION_LAYER_ASSIGNMENT (  '', '', ( #12009 ) ) ;
#8470 = COLOUR_RGB ( '',0.000000000000000000, 0.000000000000000000, 0.000000000000000000 ) ;
#8471 =( LENGTH_UNIT ( ) NAMED_UNIT ( * ) SI_UNIT ( .MILLI., .METRE. ) );
#8472 = SURFACE_STYLE_USAGE ( .BOTH. , #8781 ) ;
#8473 = CARTESIAN_POINT ( 'NONE',  ( 2.500000000000000000, 0.2191584333087385761, 0.6494731172710164202 ) ) ;
#8474 = LINE ( 'NONE', #12052, #2166 ) ;
#8475 = COLOUR_RGB ( '',0.000000000000000000, 0.000000000000000000, 0.000000000000000000 ) ;
#8476 = PRESENTATION_STYLE_ASSIGNMENT (( #11218 ) ) ;
#8477 = FACE_BOUND ( 'NONE', #4930, .T. ) ;
#8478 = CARTESIAN_POINT ( 'NONE',  ( 2.501000000000000334, 0.4383913899645452417, 0.5748184988799739381 ) ) ;
#8479 = EDGE_LOOP ( 'NONE', ( #682, #3147, #6443, #1863 ) ) ;
#8480 =( GEOMETRIC_REPRESENTATION_CONTEXT ( 3 ) GLOBAL_UNCERTAINTY_ASSIGNED_CONTEXT ( ( #4964 ) ) GLOBAL_UNIT_ASSIGNED_CONTEXT ( ( #5495, #4694, #4595 ) ) REPRESENTATION_CONTEXT ( 'NONE', 'WORKASPACE' ) );
#8481 = VECTOR ( 'NONE', #6611, 1000.000000000000000 ) ;
#8482 = EDGE_LOOP ( 'NONE', ( #813, #11381, #539, #9552, #10495, #2964, #4648, #3937, #205, #4841, #5909, #2131 ) ) ;
#8483 = EDGE_CURVE ( 'NONE', #12047, #5727, #3781, .T. ) ;
#8484 = ORIENTED_EDGE ( 'NONE', *, *, #9027, .F. ) ;
#8485 = FACE_OUTER_BOUND ( 'NONE', #9752, .T. ) ;
#8486 = EDGE_CURVE ( 'NONE', #7918, #11841, #2915, .T. ) ;
#8487 = AXIS2_PLACEMENT_3D ( 'NONE', #977, #1805, #1982 ) ;
#8488 =( GEOMETRIC_REPRESENTATION_CONTEXT ( 3 ) GLOBAL_UNCERTAINTY_ASSIGNED_CONTEXT ( ( #6056 ) ) GLOBAL_UNIT_ASSIGNED_CONTEXT ( ( #11323, #5670, #7342 ) ) REPRESENTATION_CONTEXT ( 'NONE', 'WORKASPACE' ) );
#8489 =( NAMED_UNIT ( * ) SI_UNIT ( $, .STERADIAN. ) SOLID_ANGLE_UNIT ( ) );
#8490 = COLOUR_RGB ( '',0.000000000000000000, 0.000000000000000000, 0.000000000000000000 ) ;
#8491 = AXIS2_PLACEMENT_3D ( 'NONE', #11055, #10251, #5654 ) ;
#8492 = CARTESIAN_POINT ( 'NONE',  ( 2.501000000000000334, 1.068952578314464219, 0.4323716643446927632 ) ) ;
#8493 = DIRECTION ( 'NONE',  ( -0.000000000000000000, -2.319788234798266667E-15, 1.000000000000000000 ) ) ;
#8495 = VERTEX_POINT ( 'NONE', #6587 ) ;
#8494 = FACE_OUTER_BOUND ( 'NONE', #10016, .T. ) ;
#8496 =( GEOMETRIC_REPRESENTATION_CONTEXT ( 3 ) GLOBAL_UNCERTAINTY_ASSIGNED_CONTEXT ( ( #4710 ) ) GLOBAL_UNIT_ASSIGNED_CONTEXT ( ( #7727, #11697, #6715 ) ) REPRESENTATION_CONTEXT ( 'NONE', 'WORKASPACE' ) );
#8497 = CARTESIAN_POINT ( 'NONE',  ( 2.500000000000000000, 0.3714309801537973854, 0.7501216835708589548 ) ) ;
#8498 = STYLED_ITEM ( 'NONE', ( #8840 ), #7308 ) ;
#8499 = CARTESIAN_POINT ( 'NONE',  ( 2.500000000000000000, 0.4453057801077996425, 0.3775764221548525423 ) ) ;
#8500 =( GEOMETRIC_REPRESENTATION_CONTEXT ( 3 ) GLOBAL_UNCERTAINTY_ASSIGNED_CONTEXT ( ( #1216 ) ) GLOBAL_UNIT_ASSIGNED_CONTEXT ( ( #1224, #10645, #10784 ) ) REPRESENTATION_CONTEXT ( 'NONE', 'WORKASPACE' ) );
#8501 = VERTEX_POINT ( 'NONE', #5824 ) ;
#8502 = UNCERTAINTY_MEASURE_WITH_UNIT (LENGTH_MEASURE( 1.000000000000000082E-05 ), #8100, 'distance_accuracy_value', 'NONE');
#8503 = STYLED_ITEM ( 'NONE', ( #2167 ), #962 ) ;
#8504 = EDGE_CURVE ( 'NONE', #4866, #1241, #4843, .T. ) ;
#8505 = CARTESIAN_POINT ( 'NONE',  ( 2.501000000000000334, -0.5444858785736326201, 0.8095764709139159354 ) ) ;
#8506 = CARTESIAN_POINT ( 'NONE',  ( 2.501000000000000334, -0.2769782795976637457, 0.5420688443579295690 ) ) ;
#8507 = DIRECTION ( 'NONE',  ( -1.000000000000000000, -0.000000000000000000, -0.000000000000000000 ) ) ;
#8508 =( GEOMETRIC_REPRESENTATION_CONTEXT ( 3 ) GLOBAL_UNCERTAINTY_ASSIGNED_CONTEXT ( ( #11971 ) ) GLOBAL_UNIT_ASSIGNED_CONTEXT ( ( #5588, #887, #9158 ) ) REPRESENTATION_CONTEXT ( 'NONE', 'WORKASPACE' ) );
#8509 = CARTESIAN_POINT ( 'NONE',  ( 2.501000000000000334, 0.5701807058572511133, 0.2531173995707617919 ) ) ;
#8510 = SURFACE_STYLE_USAGE ( .BOTH. , #1075 ) ;
#8511 =( LENGTH_UNIT ( ) NAMED_UNIT ( * ) SI_UNIT ( .MILLI., .METRE. ) );
#8512 = PRESENTATION_STYLE_ASSIGNMENT (( #232 ) ) ;
#8513 = B_SPLINE_CURVE_WITH_KNOTS ( 'NONE', 3,
 ( #1952, #1838, #5596, #49 ),
 .UNSPECIFIED., .F., .F.,
 ( 4, 4 ),
 ( 18.00000000000000000, 19.00000000000000000 ),
 .UNSPECIFIED. ) ;
#8514 = VECTOR ( 'NONE', #2023, 1000.000000000000000 ) ;
#8515 = PRESENTATION_STYLE_ASSIGNMENT (( #8703 ) ) ;
#8516 = ORIENTED_EDGE ( 'NONE', *, *, #2074, .T. ) ;
#8517 = VECTOR ( 'NONE', #9082, 999.9999999999998863 ) ;
#8518 = LINE ( 'NONE', #2761, #7534 ) ;
#8519 = ORIENTED_EDGE ( 'NONE', *, *, #2495, .F. ) ;
#8520 = STYLED_ITEM ( 'NONE', ( #10090 ), #7520 ) ;
#8521 = EDGE_CURVE ( 'NONE', #10199, #11696, #10407, .T. ) ;
#8522 = VECTOR ( 'NONE', #9755, 1000.000000000000000 ) ;
#8523 = UNCERTAINTY_MEASURE_WITH_UNIT (LENGTH_MEASURE( 1.000000000000000082E-05 ), #10235, 'distance_accuracy_value', 'NONE');
#8524 = CARTESIAN_POINT ( 'NONE',  ( 2.501000000000000334, 0.4407308452763668560, 0.2878453139763706425 ) ) ;
#8525 =( NAMED_UNIT ( * ) SI_UNIT ( $, .STERADIAN. ) SOLID_ANGLE_UNIT ( ) );
#8526 = MECHANICAL_DESIGN_GEOMETRIC_PRESENTATION_REPRESENTATION (  '', ( #631 ), #3196 ) ;
#8528 =( NAMED_UNIT ( * ) SI_UNIT ( $, .STERADIAN. ) SOLID_ANGLE_UNIT ( ) );
#8527 = CARTESIAN_POINT ( 'NONE',  ( 2.501000000000000334, -0.4808624485847420305, 0.8095764709139161575 ) ) ;
#8529 = CARTESIAN_POINT ( 'NONE',  ( 2.500000000000000000, 0.6756121585722466572, 0.7124824470001057675 ) ) ;
#8530 = ORIENTED_EDGE ( 'NONE', *, *, #4096, .F. ) ;
#8531 =( GEOMETRIC_REPRESENTATION_CONTEXT ( 3 ) GLOBAL_UNCERTAINTY_ASSIGNED_CONTEXT ( ( #5828 ) ) GLOBAL_UNIT_ASSIGNED_CONTEXT ( ( #8580, #2951, #5734 ) ) REPRESENTATION_CONTEXT ( 'NONE', 'WORKASPACE' ) );
#8532 = PRESENTATION_LAYER_ASSIGNMENT (  '', '', ( #10923 ) ) ;
#8533 = ORIENTED_EDGE ( 'NONE', *, *, #7581, .T. ) ;
#8534 = EDGE_CURVE ( 'NONE', #8030, #4612, #12124, .T. ) ;
#8535 = ADVANCED_FACE ( 'NONE', ( #8611 ), #2477, .F. ) ;
#8536 = STYLED_ITEM ( 'NONE', ( #4113 ), #9878 ) ;
#8537 = DIRECTION ( 'NONE',  ( -0.000000000000000000, 1.000000000000000000, 2.762237911336029498E-15 ) ) ;
#8538 = VECTOR ( 'NONE', #11886, 1000.000000000000000 ) ;
#8539 = DIRECTION ( 'NONE',  ( 0.000000000000000000, 0.000000000000000000, 1.000000000000000000 ) ) ;
#8540 = SURFACE_SIDE_STYLE ('',( #1930 ) ) ;
#8541 = B_SPLINE_CURVE_WITH_KNOTS ( 'NONE', 3,
 ( #11021, #6212, #5282, #10092 ),
 .UNSPECIFIED., .F., .F.,
 ( 4, 4 ),
 ( 3.000000000000000000, 4.000000000000000000 ),
 .UNSPECIFIED. ) ;
#8542 = SURFACE_STYLE_FILL_AREA ( #1101 ) ;
#8543 = CARTESIAN_POINT ( 'NONE',  ( 2.501000000000000334, 0.6979149658781654830, 0.6298216926528421578 ) ) ;
#8544 = LINE ( 'NONE', #1932, #1823 ) ;
#8546 = SURFACE_SIDE_STYLE ('',( #2163 ) ) ;
#8545 = FACE_OUTER_BOUND ( 'NONE', #8201, .T. ) ;
#8547 = VERTEX_POINT ( 'NONE', #5999 ) ;
#8548 = CARTESIAN_POINT ( 'NONE',  ( 2.501000000000000334, 0.2025742945436623255, 0.3205976883404570432 ) ) ;
#8549 = STYLED_ITEM ( 'NONE', ( #5861 ), #3451 ) ;
#8550 = PRESENTATION_LAYER_ASSIGNMENT (  '', '', ( #8536 ) ) ;
#8551 = PRESENTATION_LAYER_ASSIGNMENT (  '', '', ( #7953 ) ) ;
#8552 =( LENGTH_UNIT ( ) NAMED_UNIT ( * ) SI_UNIT ( .MILLI., .METRE. ) );
#8554 = VERTEX_POINT ( 'NONE', #8877 ) ;
#8553 = CARTESIAN_POINT ( 'NONE',  ( 2.500000000000000000, 0.4866881451771898903, 0.2780715895630394008 ) ) ;
#8555 = CARTESIAN_POINT ( 'NONE',  ( 2.500000000000000000, 0.4583547419579575011, 0.2762000253130332816 ) ) ;
#8556 = VERTEX_POINT ( 'NONE', #1373 ) ;
#8557 = VECTOR ( 'NONE', #5532, 1000.000000000000000 ) ;
#8558 = CARTESIAN_POINT ( 'NONE',  ( 2.501000000000000334, 0.3390425210600110928, 0.5715952493389055977 ) ) ;
#8559 = VECTOR ( 'NONE', #10464, 1000.000000000000000 ) ;
#8560 = PRESENTATION_STYLE_ASSIGNMENT (( #10667 ) ) ;
#8561 = UNCERTAINTY_MEASURE_WITH_UNIT (LENGTH_MEASURE( 1.000000000000000082E-05 ), #10491, 'distance_accuracy_value', 'NONE');
#8562 = CARTESIAN_POINT ( 'NONE',  ( 2.501000000000000334, -0.3246958451943240953, 0.3989161751472694584 ) ) ;
#8563 = ORIENTED_EDGE ( 'NONE', *, *, #11032, .F. ) ;
#8564 = PRESENTATION_LAYER_ASSIGNMENT (  '', '', ( #10167 ) ) ;
#8565 = COLOUR_RGB ( '',0.8509803921568627194, 0.8509803921568627194, 0.8509803921568627194 ) ;
#8566 = ORIENTED_EDGE ( 'NONE', *, *, #5858, .F. ) ;
#8567 = CARTESIAN_POINT ( 'NONE',  ( 2.500000000000000000, 0.3285929540011504613, 0.2759920737300050053 ) ) ;
#8568 = PRESENTATION_LAYER_ASSIGNMENT (  '', '', ( #4617 ) ) ;
#8569 = CARTESIAN_POINT ( 'NONE',  ( 2.501000000000000334, 0.8302241607284335245, 0.7175772607897984434 ) ) ;
#8570 = AXIS2_PLACEMENT_3D ( 'NONE', #6707, #10522, #2048 ) ;
#8571 = CARTESIAN_POINT ( 'NONE',  ( 2.501000000000000334, 0.4838288109071122167, 0.2860777255192613056 ) ) ;
#8572 = CARTESIAN_POINT ( 'NONE',  ( 2.500000000000000000, 0.4227430333237924831, 0.3514784984545376578 ) ) ;
#8573 = EDGE_CURVE ( 'NONE', #7061, #5652, #4085, .T. ) ;
#8574 = CARTESIAN_POINT ( 'NONE',  ( 2.501000000000000334, -0.6413670576146327518, 0.2196136611919112802 ) ) ;
#8575 = SURFACE_SIDE_STYLE ('',( #1126 ) ) ;
#8576 = EDGE_CURVE ( 'NONE', #366, #3294, #6108, .T. ) ;
#8577 = CARTESIAN_POINT ( 'NONE',  ( 2.501000000000000334, 0.3885869857728882493, 0.2340898297030533093 ) ) ;
#8578 = ORIENTED_EDGE ( 'NONE', *, *, #7503, .F. ) ;
#8579 = STYLED_ITEM ( 'NONE', ( #7704 ), #628 ) ;
#8580 =( LENGTH_UNIT ( ) NAMED_UNIT ( * ) SI_UNIT ( .MILLI., .METRE. ) );
#8581 = FACE_OUTER_BOUND ( 'NONE', #5077, .T. ) ;
#8582 = SURFACE_SIDE_STYLE ('',( #6956 ) ) ;
#8583 = CARTESIAN_POINT ( 'NONE',  ( 2.501000000000000334, -0.2842082154503027813, 0.7343851339065498030 ) ) ;
#8584 = SURFACE_STYLE_FILL_AREA ( #7411 ) ;
#8585 = FILL_AREA_STYLE_COLOUR ( '', #5806 ) ;
#8586 = ORIENTED_EDGE ( 'NONE', *, *, #6152, .F. ) ;
#8587 = PLANE ( 'NONE',  #10392 ) ;
#8588 = EDGE_CURVE ( 'NONE', #7681, #5762, #8816, .T. ) ;
#8589 = AXIS2_PLACEMENT_3D ( 'NONE', #9209, #1379, #695 ) ;
#8590 = CARTESIAN_POINT ( 'NONE',  ( 2.501000000000000334, 0.8240895890222245113, 0.7147699144161706597 ) ) ;
#8591 =( NAMED_UNIT ( * ) SI_UNIT ( $, .STERADIAN. ) SOLID_ANGLE_UNIT ( ) );
#8592 = FILL_AREA_STYLE_COLOUR ( '', #1205 ) ;
#8593 = LINE ( 'NONE', #6426, #3966 ) ;
#8594 = ORIENTED_EDGE ( 'NONE', *, *, #967, .F. ) ;
#8595 = FACE_OUTER_BOUND ( 'NONE', #10310, .T. ) ;
#8596 = FILL_AREA_STYLE_COLOUR ( '', #650 ) ;
#8597 = LINE ( 'NONE', #11442, #1989 ) ;
#8598 = CARTESIAN_POINT ( 'NONE',  ( 2.501000000000000334, 0.6393765951883095822, 0.3742491968222732002 ) ) ;
#8599 = CARTESIAN_POINT ( 'NONE',  ( 2.500000000000000000, 0.6906886483596816895, 0.6100662922431530077 ) ) ;
#8600 = EDGE_CURVE ( 'NONE', #4821, #2586, #4892, .T. ) ;
#8602 =( NAMED_UNIT ( * ) SI_UNIT ( $, .STERADIAN. ) SOLID_ANGLE_UNIT ( ) );
#8601 = CARTESIAN_POINT ( 'NONE',  ( 2.501000000000000334, 0.7762087369763365219, 0.2289950159133584962 ) ) ;
#8603 = ORIENTED_EDGE ( 'NONE', *, *, #3157, .T. ) ;
#8605 = EDGE_LOOP ( 'NONE', ( #1051, #10992, #10880, #8119 ) ) ;
#8604 = CARTESIAN_POINT ( 'NONE',  ( 2.500000000000000000, 0.3885869857728882493, 0.2603957049850002536 ) ) ;
#8606 =( GEOMETRIC_REPRESENTATION_CONTEXT ( 3 ) GLOBAL_UNCERTAINTY_ASSIGNED_CONTEXT ( ( #11716 ) ) GLOBAL_UNIT_ASSIGNED_CONTEXT ( ( #6273, #5426, #738 ) ) REPRESENTATION_CONTEXT ( 'NONE', 'WORKASPACE' ) );
#8607 = ORIENTED_EDGE ( 'NONE', *, *, #1583, .T. ) ;
#8608 = CARTESIAN_POINT ( 'NONE',  ( 2.501000000000000334, 0.2415132285097208176, 0.2445913846569753858 ) ) ;
#8609 = VERTEX_POINT ( 'NONE', #277 ) ;
#8610 =( LENGTH_UNIT ( ) NAMED_UNIT ( * ) SI_UNIT ( .MILLI., .METRE. ) );
#8611 = FACE_OUTER_BOUND ( 'NONE', #9673, .T. ) ;
#8612 =( LENGTH_UNIT ( ) NAMED_UNIT ( * ) SI_UNIT ( .MILLI., .METRE. ) );
#8613 = ORIENTED_EDGE ( 'NONE', *, *, #5174, .T. ) ;
#8614 = B_SPLINE_SURFACE_WITH_KNOTS ( 'NONE', 3, 1, ( 
 ( #3068, #1669 ),
 ( #2410, #8210 ),
 ( #11969, #2587 ),
 ( #2520, #8334 ) ),
 .UNSPECIFIED., .F., .F., .F.,
 ( 4, 4 ),
 ( 2, 2 ),
 ( 3.000000000000000000, 4.000000000000000000 ),
 ( 0.000000000000000000, 1.000000000000000000 ),
 .UNSPECIFIED. ) ;
#8615 = PRESENTATION_LAYER_ASSIGNMENT (  '', '', ( #3677 ) ) ;
#8616 = EDGE_CURVE ( 'NONE', #6851, #475, #4027, .T. ) ;
#8617 = CARTESIAN_POINT ( 'NONE',  ( 2.500000000000000000, 0.2108403699786665364, 0.5748184988799730499 ) ) ;
#8618 = ADVANCED_FACE ( 'NONE', ( #7795 ), #9805, .F. ) ;
#8619 = FILL_AREA_STYLE ('',( #4965 ) ) ;
#8620 = LINE ( 'NONE', #3899, #8409 ) ;
#8621 = B_SPLINE_CURVE_WITH_KNOTS ( 'NONE', 3,
 ( #634, #4298, #10120, #8007 ),
 .UNSPECIFIED., .F., .F.,
 ( 4, 4 ),
 ( 0.000000000000000000, 1.000000000000000000 ),
 .UNSPECIFIED. ) ;
#8622 = ORIENTED_EDGE ( 'NONE', *, *, #3292, .T. ) ;
#8623 = LINE ( 'NONE', #6731, #877 ) ;
#8624 = FILL_AREA_STYLE ('',( #5646 ) ) ;
#8625 = ORIENTED_EDGE ( 'NONE', *, *, #1382, .T. ) ;
#8626 = UNCERTAINTY_MEASURE_WITH_UNIT (LENGTH_MEASURE( 1.000000000000000082E-05 ), #10540, 'distance_accuracy_value', 'NONE');
#8627 = CARTESIAN_POINT ( 'NONE',  ( 2.501000000000000334, 0.6179575821130161017, 0.7550085457775255193 ) ) ;
#8628 = VECTOR ( 'NONE', #5862, 1000.000000000000000 ) ;
#8629 = VERTEX_POINT ( 'NONE', #11607 ) ;
#8630 = CARTESIAN_POINT ( 'NONE',  ( 2.501000000000000334, 0.9034751059326698863, 0.4323716643446922636 ) ) ;
#8631 =( LENGTH_UNIT ( ) NAMED_UNIT ( * ) SI_UNIT ( .MILLI., .METRE. ) );
#8632 = LINE ( 'NONE', #1949, #5964 ) ;
#8633 = DIRECTION ( 'NONE',  ( 0.000000000000000000, -1.000000000000000000, -3.331453071942049299E-15 ) ) ;
#8634 = CARTESIAN_POINT ( 'NONE',  ( 2.501000000000000334, 0.4453057801077996425, 0.3775764221548525423 ) ) ;
#8635 = ORIENTED_EDGE ( 'NONE', *, *, #1958, .F. ) ;
#8636 = ORIENTED_EDGE ( 'NONE', *, *, #3509, .F. ) ;
#8637 = ORIENTED_EDGE ( 'NONE', *, *, #8257, .F. ) ;
#8638 = UNCERTAINTY_MEASURE_WITH_UNIT (LENGTH_MEASURE( 1.000000000000000082E-05 ), #6816, 'distance_accuracy_value', 'NONE');
#8639 = DIRECTION ( 'NONE',  ( -0.000000000000000000, -1.000000000000000000, -0.000000000000000000 ) ) ;
#8640 = CARTESIAN_POINT ( 'NONE',  ( 2.501000000000000334, 0.6948476800243674756, 0.5801212642526935026 ) ) ;
#8641 = EDGE_CURVE ( 'NONE', #10740, #7321, #10062, .T. ) ;
#8642 = B_SPLINE_CURVE_WITH_KNOTS ( 'NONE', 3,
 ( #8982, #3271, #10887, #1467 ),
 .UNSPECIFIED., .F., .F.,
 ( 4, 4 ),
 ( 3.000000000000000000, 4.000000000000000000 ),
 .UNSPECIFIED. ) ;
#8643 = SURFACE_STYLE_USAGE ( .BOTH. , #2024 ) ;
#8644 = EDGE_CURVE ( 'NONE', #7005, #7321, #7885, .T. ) ;
#8645 = DIRECTION ( 'NONE',  ( 0.000000000000000000, 0.000000000000000000, 1.000000000000000000 ) ) ;
#8646 = FACE_OUTER_BOUND ( 'NONE', #8995, .T. ) ;
#8647 = PRESENTATION_STYLE_ASSIGNMENT (( #6623 ) ) ;
#8648 = DIRECTION ( 'NONE',  ( -1.000000000000000000, -0.000000000000000000, -0.000000000000000000 ) ) ;
#8649 = CARTESIAN_POINT ( 'NONE',  ( 2.501000000000000334, 0.4866881451771898903, 0.2551969154037940779 ) ) ;
#8650 = CARTESIAN_POINT ( 'NONE',  ( 2.501000000000000334, -0.5271340490744740315, 0.2774532583344879177 ) ) ;
#8651 = ORIENTED_EDGE ( 'NONE', *, *, #11627, .F. ) ;
#8652 = DIRECTION ( 'NONE',  ( -0.000000000000000000, -0.000000000000000000, -1.000000000000000000 ) ) ;
#8653 = DIRECTION ( 'NONE',  ( 0.000000000000000000, 1.000000000000000000, 0.000000000000000000 ) ) ;
#8654 = CARTESIAN_POINT ( 'NONE',  ( 2.501000000000000334, 0.7658111578125366137, 0.3205976883404589861 ) ) ;
#8655 = UNCERTAINTY_MEASURE_WITH_UNIT (LENGTH_MEASURE( 1.000000000000000082E-05 ), #1195, 'distance_accuracy_value', 'NONE');
#8656 = CARTESIAN_POINT ( 'NONE',  ( 2.501000000000000334, 0.8146277919848239346, 0.4323716643446919305 ) ) ;
#8657 = VERTEX_POINT ( 'NONE', #10631 ) ;
#8658 = SURFACE_SIDE_STYLE ('',( #1983 ) ) ;
#8659 = ORIENTED_EDGE ( 'NONE', *, *, #6242, .F. ) ;
#8660 = ADVANCED_FACE ( 'NONE', ( #2080 ), #10985, .T. ) ;
#8661 = FACE_OUTER_BOUND ( 'NONE', #388, .T. ) ;
#8662 = DIRECTION ( 'NONE',  ( -1.000000000000000000, -0.000000000000000000, -0.000000000000000000 ) ) ;
#8663 = SURFACE_SIDE_STYLE ('',( #260 ) ) ;
#8664 =( LENGTH_UNIT ( ) NAMED_UNIT ( * ) SI_UNIT ( .MILLI., .METRE. ) );
#8666 = DIRECTION ( 'NONE',  ( 1.000000000000000000, 0.000000000000000000, 0.000000000000000000 ) ) ;
#8665 = CARTESIAN_POINT ( 'NONE',  ( 2.501000000000000334, 0.5399757383887070494, 0.1891722877180509188 ) ) ;
#8667 = PLANE ( 'NONE',  #8169 ) ;
#8669 = VERTEX_POINT ( 'NONE', #4055 ) ;
#8668 = CARTESIAN_POINT ( 'NONE',  ( 2.500000000000000000, 0.4149968368470454694, 0.3315151464618192323 ) ) ;
#8670 = MECHANICAL_DESIGN_GEOMETRIC_PRESENTATION_REPRESENTATION (  '', ( #11250 ), #1772 ) ;
#8671 = ORIENTED_EDGE ( 'NONE', *, *, #10557, .F. ) ;
#8672 = FILL_AREA_STYLE ('',( #11577 ) ) ;
#8673 =( LENGTH_UNIT ( ) NAMED_UNIT ( * ) SI_UNIT ( .MILLI., .METRE. ) );
#8674 = EDGE_CURVE ( 'NONE', #1806, #3105, #7763, .T. ) ;
#8675 = CARTESIAN_POINT ( 'NONE',  ( 2.501000000000000334, 0.3714309801537978295, 0.5852160780437705156 ) ) ;
#8676 = CARTESIAN_POINT ( 'NONE',  ( 2.500000000000000000, 0.3390425210600110928, 0.5715952493389055977 ) ) ;
#8677 = ORIENTED_EDGE ( 'NONE', *, *, #9842, .F. ) ;
#8678 = SURFACE_STYLE_USAGE ( .BOTH. , #4116 ) ;
#8679 = STYLED_ITEM ( 'NONE', ( #1279 ), #10638 ) ;
#8680 = UNCERTAINTY_MEASURE_WITH_UNIT (LENGTH_MEASURE( 1.000000000000000082E-05 ), #1172, 'distance_accuracy_value', 'NONE');
#8681 = CARTESIAN_POINT ( 'NONE',  ( 2.500000000000000000, 0.8958328852481319826, 0.4089771112278833831 ) ) ;
#8682 = DIRECTION ( 'NONE',  ( 0.000000000000000000, 0.000000000000000000, 1.000000000000000000 ) ) ;
#8683 = CARTESIAN_POINT ( 'NONE',  ( 2.500000000000000000, -0.7396941466011416333, 0.6924515045812676961 ) ) ;
#8684 = MECHANICAL_DESIGN_GEOMETRIC_PRESENTATION_REPRESENTATION (  '', ( #568 ), #11827 ) ;
#8685 = CARTESIAN_POINT ( 'NONE',  ( 2.501000000000000334, 0.6948476800243670315, 0.7280788157451079101 ) ) ;
#8686 =( NAMED_UNIT ( * ) SI_UNIT ( $, .STERADIAN. ) SOLID_ANGLE_UNIT ( ) );
#8687 = DIRECTION ( 'NONE',  ( -1.000000000000000000, -0.000000000000000000, -0.000000000000000000 ) ) ;
#8688 = AXIS2_PLACEMENT_3D ( 'NONE', #53, #3804, #7573 ) ;
#8689 = PRESENTATION_LAYER_ASSIGNMENT (  '', '', ( #10866 ) ) ;
#8690 = VECTOR ( 'NONE', #3231, 1000.000000000000000 ) ;
#8691 = CARTESIAN_POINT ( 'NONE',  ( 2.501000000000000334, 0.5732999796068046772, 0.2648666640256179261 ) ) ;
#8693 = ORIENTED_EDGE ( 'NONE', *, *, #4907, .T. ) ;
#8692 = VECTOR ( 'NONE', #12107, 1000.000000000000000 ) ;
#8694 = ADVANCED_FACE ( 'NONE', ( #8646 ), #11554, .F. ) ;
#8695 = EDGE_CURVE ( 'NONE', #10031, #12070, #10823, .T. ) ;
#8696 = VECTOR ( 'NONE', #5382, 1000.000000000000000 ) ;
#8697 = SURFACE_SIDE_STYLE ('',( #8837 ) ) ;
#8698 = CARTESIAN_POINT ( 'NONE',  ( 2.501000000000000334, 0.6415600868128585876, 0.5748184988799747153 ) ) ;
#8699 = COLOUR_RGB ( '',0.000000000000000000, 0.000000000000000000, 0.000000000000000000 ) ;
#8700 = PLANE ( 'NONE',  #1152 ) ;
#8701 = FACE_OUTER_BOUND ( 'NONE', #8186, .T. ) ;
#8702 = MECHANICAL_DESIGN_GEOMETRIC_PRESENTATION_REPRESENTATION (  '', ( #7300 ), #8290 ) ;
#8704 = FACE_OUTER_BOUND ( 'NONE', #10420, .T. ) ;
#8703 = SURFACE_STYLE_USAGE ( .BOTH. , #119 ) ;
#8705 = VERTEX_POINT ( 'NONE', #5168 ) ;
#8706 = PRODUCT_DEFINITION_FORMATION_WITH_SPECIFIED_SOURCE ( '»Œ∫Œ', '', #3800, .NOT_KNOWN. ) ;
#8707 = ORIENTED_EDGE ( 'NONE', *, *, #7086, .T. ) ;
#8708 = EDGE_LOOP ( 'NONE', ( #8207, #6909, #10527, #3424, #3999, #7457, #9286, #8566, #4289, #12028, #3953, #6920, #4899, #2110, #7797, #1120, #2997, #9470, #6217, #7036, #8980, #7939, #11602, #3128, #5021, #3522, #11394, #2910, #4941, #1532, #10841, #3278, #10320 ) ) ;
#8709 = CARTESIAN_POINT ( 'NONE',  ( 2.501000000000000334, 0.8274168143548046306, 0.7290145978701134677 ) ) ;
#8710 =( GEOMETRIC_REPRESENTATION_CONTEXT ( 3 ) GLOBAL_UNCERTAINTY_ASSIGNED_CONTEXT ( ( #4293 ) ) GLOBAL_UNIT_ASSIGNED_CONTEXT ( ( #8304, #7247, #9775 ) ) REPRESENTATION_CONTEXT ( 'NONE', 'WORKASPACE' ) );
#8711 = FACE_OUTER_BOUND ( 'NONE', #3841, .T. ) ;
#8712 = B_SPLINE_CURVE_WITH_KNOTS ( 'NONE', 3,
 ( #723, #8329, #7401, #4452 ),
 .UNSPECIFIED., .F., .F.,
 ( 4, 4 ),
 ( 4.000000000000000000, 5.000000000000000000 ),
 .UNSPECIFIED. ) ;
#8713 = CARTESIAN_POINT ( 'NONE',  ( 2.501000000000000334, 0.2819598114541069234, 0.2464629489069815604 ) ) ;
#8714 = PLANE ( 'NONE',  #6531 ) ;
#8715 = CARTESIAN_POINT ( 'NONE',  ( 2.501000000000000334, 0.3249538012940281773, 0.2661143735251563225 ) ) ;
#8716 = CARTESIAN_POINT ( 'NONE',  ( -2.200000000000001066, 0.2500000000000000000, -2.000000000000000000 ) ) ;
#8717 = CARTESIAN_POINT ( 'NONE',  ( 2.500000000000000000, 0.3015592481772202960, 0.3775764221548519872 ) ) ;
#8718 = ORIENTED_EDGE ( 'NONE', *, *, #10619, .F. ) ;
#8719 =( LENGTH_UNIT ( ) NAMED_UNIT ( * ) SI_UNIT ( .MILLI., .METRE. ) );
#8720 = SURFACE_STYLE_FILL_AREA ( #490 ) ;
#8721 = EDGE_CURVE ( 'NONE', #10978, #1790, #6249, .T. ) ;
#8722 = CARTESIAN_POINT ( 'NONE',  ( 2.500000000000000000, -0.2061248861754226280, 0.6201521460534846764 ) ) ;
#8723 = PRESENTATION_LAYER_ASSIGNMENT (  '', '', ( #5535 ) ) ;
#8724 = EDGE_CURVE ( 'NONE', #7224, #4751, #11909, .T. ) ;
#8725 = CARTESIAN_POINT ( 'NONE',  ( 0.000000000000000000, 0.2500000000000000000, 0.000000000000000000 ) ) ;
#8726 = CARTESIAN_POINT ( 'NONE',  ( 2.501000000000000334, 1.078778290623552794, 0.3921330329833357942 ) ) ;
#8727 = ORIENTED_EDGE ( 'NONE', *, *, #6573, .F. ) ;
#8728 = DIRECTION ( 'NONE',  ( 0.000000000000000000, -3.876374764046011028E-15, 1.000000000000000000 ) ) ;
#8729 = VERTEX_POINT ( 'NONE', #8087 ) ;
#8730 = COLOUR_RGB ( '',0.000000000000000000, 0.000000000000000000, 0.000000000000000000 ) ;
#8731 = FILL_AREA_STYLE_COLOUR ( '', #11306 ) ;
#8732 = CARTESIAN_POINT ( 'NONE',  ( 2.500000000000000000, 0.5399757383887070494, 0.1891722877180509188 ) ) ;
#8734 =( NAMED_UNIT ( * ) PLANE_ANGLE_UNIT ( ) SI_UNIT ( $, .RADIAN. ) );
#8733 = LINE ( 'NONE', #8867, #10680 ) ;
#8735 = VECTOR ( 'NONE', #9546, 1000.000000000000000 ) ;
#8736 = EDGE_CURVE ( 'NONE', #2806, #149, #11961, .T. ) ;
#8737 = EDGE_CURVE ( 'NONE', #3251, #2486, #2805, .T. ) ;
#8738 = DIRECTION ( 'NONE',  ( 1.000000000000000000, 0.000000000000000000, 0.000000000000000000 ) ) ;
#8739 = DIRECTION ( 'NONE',  ( 0.000000000000000000, -0.3385350342956530700, -0.9409537876827113179 ) ) ;
#8740 = CARTESIAN_POINT ( 'NONE',  ( 2.500000000000000000, 0.5569237924247599780, 0.2293069432879014380 ) ) ;
#8741 = ORIENTED_EDGE ( 'NONE', *, *, #7220, .F. ) ;
#8742 = VECTOR ( 'NONE', #8639, 1000.000000000000000 ) ;
#8743 = VECTOR ( 'NONE', #758, 1000.000000000000000 ) ;
#8744 = ORIENTED_EDGE ( 'NONE', *, *, #4907, .F. ) ;
#8745 = CARTESIAN_POINT ( 'NONE',  ( 2.500000000000000000, 0.2666753700843376707, 0.5930142624155795295 ) ) ;
#8746 = ORIENTED_EDGE ( 'NONE', *, *, #8737, .T. ) ;
#8747 = VECTOR ( 'NONE', #5050, 1000.000000000000000 ) ;
#8748 = CARTESIAN_POINT ( 'NONE',  ( 2.501000000000000334, 0.1298432282970038432, 0.7550085457775238540 ) ) ;
#8749 = CARTESIAN_POINT ( 'NONE',  ( 2.500000000000000000, 0.2900179353060841625, 0.2464629489069816159 ) ) ;
#8750 = ORIENTED_EDGE ( 'NONE', *, *, #11119, .F. ) ;
#8751 = PRESENTATION_STYLE_ASSIGNMENT (( #8678 ) ) ;
#8752 = UNCERTAINTY_MEASURE_WITH_UNIT (LENGTH_MEASURE( 1.000000000000000082E-05 ), #2378, 'distance_accuracy_value', 'NONE');
#8753 = CARTESIAN_POINT ( 'NONE',  ( 2.501000000000000334, -0.5444858785736326201, 0.8095764709139159354 ) ) ;
#8754 = PRESENTATION_LAYER_ASSIGNMENT (  '', '', ( #10741 ) ) ;
#8755 =( NAMED_UNIT ( * ) SI_UNIT ( $, .STERADIAN. ) SOLID_ANGLE_UNIT ( ) );
#8756 = EDGE_CURVE ( 'NONE', #1304, #4060, #5017, .T. ) ;
#8757 = CARTESIAN_POINT ( 'NONE',  ( 2.501000000000000334, 0.2452563570083526878, 0.5759622325880048299 ) ) ;
#8758 = VERTEX_POINT ( 'NONE', #4186 ) ;
#8759 = CARTESIAN_POINT ( 'NONE',  ( 2.501000000000000334, -0.8539271551406060201, 0.2427495441775232576 ) ) ;
#8760 = DIRECTION ( 'NONE',  ( -1.000000000000000000, 0.000000000000000000, -0.000000000000000000 ) ) ;
#8761 = DIRECTION ( 'NONE',  ( -1.000000000000000000, -0.000000000000000000, -0.000000000000000000 ) ) ;
#8762 = CARTESIAN_POINT ( 'NONE',  ( 2.501000000000000334, 0.2515468924018349761, 0.3393133308336281351 ) ) ;
#8763 = STYLED_ITEM ( 'NONE', ( #2146 ), #4029 ) ;
#8764 = VECTOR ( 'NONE', #5693, 1000.000000000000000 ) ;
#8765 = COLOUR_RGB ( '',0.000000000000000000, 0.000000000000000000, 0.000000000000000000 ) ;
#8766 = CARTESIAN_POINT ( 'NONE',  ( 2.500000000000000000, 0.2819598114541069234, 0.2464629489069815604 ) ) ;
#8767 = SURFACE_STYLE_USAGE ( .BOTH. , #11541 ) ;
#8768 = CARTESIAN_POINT ( 'NONE',  ( 2.500000000000000000, 0.2930332332634255632, 0.7584397469016189719 ) ) ;
#8769 = CARTESIAN_POINT ( 'NONE',  ( 2.501000000000000334, 0.2680790432718422323, 0.7121705196255647685 ) ) ;
#8770 = COLOUR_RGB ( '',0.000000000000000000, 0.000000000000000000, 0.000000000000000000 ) ;
#8771 = CARTESIAN_POINT ( 'NONE',  ( -1.699999999999999734, 0.2500000000000000000, -3.061616997868386099E-17 ) ) ;
#8772 = ADVANCED_FACE ( 'NONE', ( #2157 ), #3469, .F. ) ;
#8773 = MECHANICAL_DESIGN_GEOMETRIC_PRESENTATION_REPRESENTATION (  '', ( #6970 ), #5001 ) ;
#8775 =( LENGTH_UNIT ( ) NAMED_UNIT ( * ) SI_UNIT ( .MILLI., .METRE. ) );
#8774 = SURFACE_STYLE_USAGE ( .BOTH. , #7814 ) ;
#8776 = ORIENTED_EDGE ( 'NONE', *, *, #9511, .T. ) ;
#8777 = CARTESIAN_POINT ( 'NONE',  ( 2.501000000000000334, 0.8705667678826980449, 0.2289950159133588292 ) ) ;
#8778 = MECHANICAL_DESIGN_GEOMETRIC_PRESENTATION_REPRESENTATION (  '', ( #3038 ), #6551 ) ;
#8779 =( GEOMETRIC_REPRESENTATION_CONTEXT ( 3 ) GLOBAL_UNCERTAINTY_ASSIGNED_CONTEXT ( ( #7145 ) ) GLOBAL_UNIT_ASSIGNED_CONTEXT ( ( #4341, #7158, #10163 ) ) REPRESENTATION_CONTEXT ( 'NONE', 'WORKASPACE' ) );
#8780 = STYLED_ITEM ( 'NONE', ( #5847 ), #548 ) ;
#8781 = SURFACE_SIDE_STYLE ('',( #7471 ) ) ;
#8782 = DIRECTION ( 'NONE',  ( 0.000000000000000000, 1.000000000000000000, 3.176678786081147677E-15 ) ) ;
#8783 = SURFACE_STYLE_FILL_AREA ( #7764 ) ;
#8784 = CARTESIAN_POINT ( 'NONE',  ( 2.501000000000000334, -0.2495045012926461192, 0.7025734120177948849 ) ) ;
#8785 = AXIS2_PLACEMENT_3D ( 'NONE', #2918, #6649, #283 ) ;
#8786 = CARTESIAN_POINT ( 'NONE',  ( 2.500000000000000000, 0.2373541968443407257, 0.2678819619836516064 ) ) ;
#8787 =( NAMED_UNIT ( * ) SI_UNIT ( $, .STERADIAN. ) SOLID_ANGLE_UNIT ( ) );
#8788 = CARTESIAN_POINT ( 'NONE',  ( 2.500000000000000000, 0.2659475395430476174, 0.3731054631142349809 ) ) ;
#8789 = CARTESIAN_POINT ( 'NONE',  ( 2.501000000000000334, 0.3587459335746319145, 0.7556324005279899669 ) ) ;
#8790 = ORIENTED_EDGE ( 'NONE', *, *, #10403, .F. ) ;
#8791 = FILL_AREA_STYLE ('',( #11503 ) ) ;
#8792 = EDGE_CURVE ( 'NONE', #1506, #9330, #3288, .T. ) ;
#8793 = CARTESIAN_POINT ( 'NONE',  ( 2.501000000000000334, 1.124735590525067552, 0.2846220644353035789 ) ) ;
#8794 = SURFACE_SIDE_STYLE ('',( #4126 ) ) ;
#8795 = UNCERTAINTY_MEASURE_WITH_UNIT (LENGTH_MEASURE( 1.000000000000000082E-05 ), #10771, 'distance_accuracy_value', 'NONE');
#8796 = MECHANICAL_DESIGN_GEOMETRIC_PRESENTATION_REPRESENTATION (  '', ( #8579 ), #12108 ) ;
#8797 = SURFACE_STYLE_FILL_AREA ( #11437 ) ;
#8798 = ORIENTED_EDGE ( 'NONE', *, *, #9137, .F. ) ;
#8799 = PRESENTATION_STYLE_ASSIGNMENT (( #6702 ) ) ;
#8800 = CARTESIAN_POINT ( 'NONE',  ( 2.500000000000000000, -0.3246959003543624656, 0.3164948678129326787 ) ) ;
#8801 = FILL_AREA_STYLE ('',( #11444 ) ) ;
#8802 = CARTESIAN_POINT ( 'NONE',  ( 2.501000000000000334, 0.5215200353736221262, 0.5516318973461905584 ) ) ;
#8803 = PRESENTATION_STYLE_ASSIGNMENT (( #9665 ) ) ;
#8804 =( NAMED_UNIT ( * ) SI_UNIT ( $, .STERADIAN. ) SOLID_ANGLE_UNIT ( ) );
#8805 = PRESENTATION_STYLE_ASSIGNMENT (( #10360 ) ) ;
#8806 = SURFACE_STYLE_FILL_AREA ( #5930 ) ;
#8808 = EDGE_LOOP ( 'NONE', ( #5013, #2300, #5966, #1117, #5872, #9616 ) ) ;
#8807 = PRODUCT_CONTEXT ( 'NONE', #10966, 'mechanical' ) ;
#8809 = SURFACE_SIDE_STYLE ('',( #1238 ) ) ;
#8810 = ORIENTED_EDGE ( 'NONE', *, *, #6827, .F. ) ;
#8811 = ORIENTED_EDGE ( 'NONE', *, *, #206, .T. ) ;
#8812 = EDGE_LOOP ( 'NONE', ( #7849, #3890, #11748, #122 ) ) ;
#8813 = FILL_AREA_STYLE_COLOUR ( '', #4740 ) ;
#8814 = PLANE ( 'NONE',  #11440 ) ;
#8816 = LINE ( 'NONE', #8748, #9762 ) ;
#8815 =( NAMED_UNIT ( * ) PLANE_ANGLE_UNIT ( ) SI_UNIT ( $, .RADIAN. ) );
#8817 = EDGE_CURVE ( 'NONE', #4612, #1344, #1918, .T. ) ;
#8818 = ADVANCED_FACE ( 'NONE', ( #4138 ), #3227, .F. ) ;
#8819 = ORIENTED_EDGE ( 'NONE', *, *, #5481, .F. ) ;
#8820 = PRESENTATION_STYLE_ASSIGNMENT (( #12150 ) ) ;
#8821 = UNCERTAINTY_MEASURE_WITH_UNIT (LENGTH_MEASURE( 1.000000000000000082E-05 ), #6567, 'distance_accuracy_value', 'NONE');
#8822 = CARTESIAN_POINT ( 'NONE',  ( 2.501000000000000334, 0.8423373404535873243, 0.7550085457775262965 ) ) ;
#8823 = AXIS2_PLACEMENT_3D ( 'NONE', #8311, #12066, #3611 ) ;
#8824 = CARTESIAN_POINT ( 'NONE',  ( 2.501000000000000334, 0.3885869857728882493, 0.2603957049850003647 ) ) ;
#8826 = ORIENTED_EDGE ( 'NONE', *, *, #7503, .T. ) ;
#8825 = FILL_AREA_STYLE_COLOUR ( '', #4736 ) ;
#8827 = CARTESIAN_POINT ( 'NONE',  ( 2.500000000000000000, 0.2191584333087387981, 0.6190082103229908039 ) ) ;
#8828 = PLANE ( 'NONE',  #4003 ) ;
#8829 = CARTESIAN_POINT ( 'NONE',  ( 2.500000000000000000, 0.4273179681559186593, 0.2928361519745508179 ) ) ;
#8830 = VERTEX_POINT ( 'NONE', #3470 ) ;
#8831 = ORIENTED_EDGE ( 'NONE', *, *, #4459, .T. ) ;
#8832 = DIRECTION ( 'NONE',  ( 0.000000000000000000, 1.000000000000000000, 2.803077450392914507E-15 ) ) ;
#8833 = SURFACE_STYLE_USAGE ( .BOTH. , #9881 ) ;
#8834 = CARTESIAN_POINT ( 'NONE',  ( 2.500000000000000000, -0.7180043390425292493, 0.6895595329987668221 ) ) ;
#8835 = MECHANICAL_DESIGN_GEOMETRIC_PRESENTATION_REPRESENTATION (  '', ( #2887 ), #12143 ) ;
#8836 = EDGE_CURVE ( 'NONE', #4518, #1992, #10041, .T. ) ;
#8837 = SURFACE_STYLE_FILL_AREA ( #4908 ) ;
#8838 = CARTESIAN_POINT ( 'NONE',  ( 2.500000000000000000, 0.6617313903899824101, 0.5818888527111901743 ) ) ;
#8839 = CARTESIAN_POINT ( 'NONE',  ( 2.501000000000000334, 0.9303008601735733851, 0.3898455655672723452 ) ) ;
#8840 = PRESENTATION_STYLE_ASSIGNMENT (( #2277 ) ) ;
#8841 = B_SPLINE_SURFACE_WITH_KNOTS ( 'NONE', 3, 1, ( 
 ( #10515, #11617 ),
 ( #3098, #8862 ),
 ( #5118, #11515 ),
 ( #1154, #8937 ) ),
 .UNSPECIFIED., .F., .F., .F.,
 ( 4, 4 ),
 ( 2, 2 ),
 ( 7.000000000000000000, 8.000000000000000000 ),
 ( 0.000000000000000000, 1.000000000000000000 ),
 .UNSPECIFIED. ) ;
#8842 = VECTOR ( 'NONE', #10995, 1000.000000000000000 ) ;
#8843 = B_SPLINE_CURVE_WITH_KNOTS ( 'NONE', 3,
 ( #2122, #5030, #226, #5888 ),
 .UNSPECIFIED., .F., .F.,
 ( 4, 4 ),
 ( 12.00000000000000000, 13.00000000000000000 ),
 .UNSPECIFIED. ) ;
#8844 = VERTEX_POINT ( 'NONE', #8112 ) ;
#8845 = ORIENTED_EDGE ( 'NONE', *, *, #10829, .T. ) ;
#8846 = EDGE_LOOP ( 'NONE', ( #5507, #8484, #8426, #9562 ) ) ;
#8847 = CARTESIAN_POINT ( 'NONE',  ( 2.500000000000000000, 0.3959692669786430974, 0.3120716734266724135 ) ) ;
#8848 = EDGE_CURVE ( 'NONE', #2806, #8386, #9985, .T. ) ;
#8849 = CARTESIAN_POINT ( 'NONE',  ( 2.501000000000000334, 0.4838288109071122167, 0.2860777255192613056 ) ) ;
#8850 = DIRECTION ( 'NONE',  ( 0.000000000000000000, -1.000000000000000000, -3.737436600613186379E-15 ) ) ;
#8851 = CARTESIAN_POINT ( 'NONE',  ( 2.500000000000000000, 0.2083449509788870557, 0.4089771112278809961 ) ) ;
#8852 = DIRECTION ( 'NONE',  ( -1.000000000000000000, -0.000000000000000000, -0.000000000000000000 ) ) ;
#8853 = PRESENTATION_LAYER_ASSIGNMENT (  '', '', ( #9814 ) ) ;
#8854 =( NAMED_UNIT ( * ) PLANE_ANGLE_UNIT ( ) SI_UNIT ( $, .RADIAN. ) );
#8855 = ORIENTED_EDGE ( 'NONE', *, *, #8792, .F. ) ;
#8856 = PRESENTATION_STYLE_ASSIGNMENT (( #2346 ) ) ;
#8857 = ORIENTED_EDGE ( 'NONE', *, *, #7985, .F. ) ;
#8858 = FILL_AREA_STYLE_COLOUR ( '', #8899 ) ;
#8859 = ORIENTED_EDGE ( 'NONE', *, *, #7220, .T. ) ;
#8860 = EDGE_CURVE ( 'NONE', #2732, #2326, #11145, .T. ) ;
#8861 = EDGE_CURVE ( 'NONE', #4880, #2806, #1539, .T. ) ;
#8862 = CARTESIAN_POINT ( 'NONE',  ( 2.500000000000000000, 0.2581493551705456579, 0.2294109190794095809 ) ) ;
#8863 = LINE ( 'NONE', #8109, #6510 ) ;
#8864 = CARTESIAN_POINT ( 'NONE',  ( 2.500000000000000000, -0.7339102034347555481, 0.4234979680790825207 ) ) ;
#8865 = B_SPLINE_CURVE_WITH_KNOTS ( 'NONE', 3,
 ( #4988, #7011, #10579, #3133 ),
 .UNSPECIFIED., .F., .F.,
 ( 4, 4 ),
 ( 3.000000000000000000, 4.000000000000000000 ),
 .UNSPECIFIED. ) ;
#8866 = CARTESIAN_POINT ( 'NONE',  ( 2.501000000000000334, 0.8907900593541902001, 0.5516318973461918906 ) ) ;
#8868 = CARTESIAN_POINT ( 'NONE',  ( 2.500000000000000000, 0.2025742945436623532, 0.3205976883404571542 ) ) ;
#8867 = CARTESIAN_POINT ( 'NONE',  ( 2.500000000000000000, 0.5457463948239241747, 0.2028970922130428900 ) ) ;
#8870 = ORIENTED_EDGE ( 'NONE', *, *, #10669, .F. ) ;
#8869 = LINE ( 'NONE', #10793, #3929 ) ;
#8871 = CARTESIAN_POINT ( 'NONE',  ( 2.500000000000000000, -0.2567344923053232475, 0.3164948678129329562 ) ) ;
#8872 = VERTEX_POINT ( 'NONE', #10909 ) ;
#8873 = VERTEX_POINT ( 'NONE', #7217 ) ;
#8874 = CARTESIAN_POINT ( 'NONE',  ( 2.501000000000000334, 0.2373541968443407257, 0.2678819619836516064 ) ) ;
#8875 =( NAMED_UNIT ( * ) PLANE_ANGLE_UNIT ( ) SI_UNIT ( $, .RADIAN. ) );
#8877 = CARTESIAN_POINT ( 'NONE',  ( 2.501000000000000334, 0.4797217671381801551, 0.3463836846648498113 ) ) ;
#8876 = CARTESIAN_POINT ( 'NONE',  ( 2.501000000000000334, 0.7715818142484478503, 0.4323716643446917640 ) ) ;
#8878 = FACE_OUTER_BOUND ( 'NONE', #1667, .T. ) ;
#8879 = ORIENTED_EDGE ( 'NONE', *, *, #9580, .T. ) ;
#8880 = LINE ( 'NONE', #5940, #9335 ) ;
#8881 =( LENGTH_UNIT ( ) NAMED_UNIT ( * ) SI_UNIT ( .MILLI., .METRE. ) );
#8882 = SURFACE_STYLE_USAGE ( .BOTH. , #7107 ) ;
#8883 = CARTESIAN_POINT ( 'NONE',  ( 2.501000000000000334, 0.8705667678826980449, 0.2289950159133588292 ) ) ;
#8885 = VERTEX_POINT ( 'NONE', #1485 ) ;
#8884 =( NAMED_UNIT ( * ) PLANE_ANGLE_UNIT ( ) SI_UNIT ( $, .RADIAN. ) );
#8886 = SURFACE_SIDE_STYLE ('',( #3970 ) ) ;
#8887 = EDGE_CURVE ( 'NONE', #4815, #2680, #11023, .T. ) ;
#8888 = CARTESIAN_POINT ( 'NONE',  ( 2.500000000000000000, 0.8907900593541902001, 0.5516318973461918906 ) ) ;
#8889 = EDGE_CURVE ( 'NONE', #11779, #8047, #9058, .T. ) ;
#8890 = EDGE_LOOP ( 'NONE', ( #1070, #12008, #8976, #10938 ) ) ;
#8891 = ORIENTED_EDGE ( 'NONE', *, *, #3692, .T. ) ;
#8892 = VECTOR ( 'NONE', #6828, 1000.000000000000000 ) ;
#8893 = CARTESIAN_POINT ( 'NONE',  ( 2.501000000000000334, 0.7936766699699597805, 0.6302375958202814932 ) ) ;
#8894 =( GEOMETRIC_REPRESENTATION_CONTEXT ( 3 ) GLOBAL_UNCERTAINTY_ASSIGNED_CONTEXT ( ( #8680 ) ) GLOBAL_UNIT_ASSIGNED_CONTEXT ( ( #1172, #7174, #4475 ) ) REPRESENTATION_CONTEXT ( 'NONE', 'WORKASPACE' ) );
#8895 = VECTOR ( 'NONE', #11401, 1000.000000000000000 ) ;
#8896 = UNCERTAINTY_MEASURE_WITH_UNIT (LENGTH_MEASURE( 1.000000000000000082E-05 ), #10061, 'distance_accuracy_value', 'NONE');
#8897 = FACE_OUTER_BOUND ( 'NONE', #8026, .T. ) ;
#8898 = LINE ( 'NONE', #403, #2415 ) ;
#8899 = COLOUR_RGB ( '',0.000000000000000000, 0.000000000000000000, 0.000000000000000000 ) ;
#8900 = LINE ( 'NONE', #7947, #1589 ) ;
#8901 = SURFACE_STYLE_USAGE ( .BOTH. , #7120 ) ;
#8902 = CARTESIAN_POINT ( 'NONE',  ( 2.501000000000000334, -0.06297218938474401229, 0.4307278763517052855 ) ) ;
#8903 = CARTESIAN_POINT ( 'NONE',  ( 0.000000000000000000, -0.2500000000000000000, 0.000000000000000000 ) ) ;
#8905 = PRESENTATION_STYLE_ASSIGNMENT (( #4915 ) ) ;
#8904 = FILL_AREA_STYLE ('',( #10879 ) ) ;
#8906 = ORIENTED_EDGE ( 'NONE', *, *, #9085, .T. ) ;
#8907 = VECTOR ( 'NONE', #10423, 1000.000000000000000 ) ;
#8908 = PRESENTATION_LAYER_ASSIGNMENT (  '', '', ( #3734 ) ) ;
#8909 = STYLED_ITEM ( 'NONE', ( #5270 ), #8239 ) ;
#8910 = ADVANCED_FACE ( 'NONE', ( #5187 ), #1584, .F. ) ;
#8911 = ORIENTED_EDGE ( 'NONE', *, *, #8887, .F. ) ;
#8912 = ORIENTED_EDGE ( 'NONE', *, *, #6672, .F. ) ;
#8913 = STYLED_ITEM ( 'NONE', ( #10317 ), #2762 ) ;
#8914 = STYLED_ITEM ( 'NONE', ( #4430 ), #1551 ) ;
#8915 = MECHANICAL_DESIGN_GEOMETRIC_PRESENTATION_REPRESENTATION (  '', ( #5304 ), #6099 ) ;
#8916 = DIRECTION ( 'NONE',  ( 1.000000000000000000, 0.000000000000000000, 0.000000000000000000 ) ) ;
#8917 = DIRECTION ( 'NONE',  ( -1.000000000000000000, -0.000000000000000000, -0.000000000000000000 ) ) ;
#8918 = VECTOR ( 'NONE', #4399, 1000.000000000000000 ) ;
#8919 =( LENGTH_UNIT ( ) NAMED_UNIT ( * ) SI_UNIT ( .MILLI., .METRE. ) );
#8920 = PRESENTATION_LAYER_ASSIGNMENT (  '', '', ( #2574 ) ) ;
#8921 = LINE ( 'NONE', #8716, #6976 ) ;
#8922 = SURFACE_STYLE_USAGE ( .BOTH. , #487 ) ;
#8923 = CARTESIAN_POINT ( 'NONE',  ( 2.500000000000000000, 0.3189232053793272237, 0.5715952493389055977 ) ) ;
#8924 = SURFACE_STYLE_USAGE ( .BOTH. , #11676 ) ;
#8925 = LINE ( 'NONE', #11740, #2373 ) ;
#8926 = ORIENTED_EDGE ( 'NONE', *, *, #5291, .T. ) ;
#8927 = EDGE_CURVE ( 'NONE', #364, #5672, #1677, .T. ) ;
#8928 = UNCERTAINTY_MEASURE_WITH_UNIT (LENGTH_MEASURE( 1.000000000000000082E-05 ), #4075, 'distance_accuracy_value', 'NONE');
#8929 = VECTOR ( 'NONE', #11920, 1000.000000000000000 ) ;
#8930 = DIRECTION ( 'NONE',  ( 1.000000000000000000, 0.000000000000000000, -0.000000000000000000 ) ) ;
#8931 = ORIENTED_EDGE ( 'NONE', *, *, #7434, .F. ) ;
#8932 = STYLED_ITEM ( 'NONE', ( #8512 ), #7207 ) ;
#8934 = ORIENTED_EDGE ( 'NONE', *, *, #1746, .T. ) ;
#8933 = VECTOR ( 'NONE', #8410, 1000.000000000000114 ) ;
#8935 = AXIS2_PLACEMENT_3D ( 'NONE', #5012, #4949, #8738 ) ;
#8936 = LINE ( 'NONE', #6209, #10072 ) ;
#8937 = CARTESIAN_POINT ( 'NONE',  ( 2.500000000000000000, 0.2834154725373658756, 0.2255638147892595757 ) ) ;
#8938 = CARTESIAN_POINT ( 'NONE',  ( 2.501000000000000334, -0.7874117121978027045, 0.3830103383357544300 ) ) ;
#8939 =( GEOMETRIC_REPRESENTATION_CONTEXT ( 3 ) GLOBAL_UNCERTAINTY_ASSIGNED_CONTEXT ( ( #5364 ) ) GLOBAL_UNIT_ASSIGNED_CONTEXT ( ( #9329, #12190, #3905 ) ) REPRESENTATION_CONTEXT ( 'NONE', 'WORKASPACE' ) );
#8940 = ORIENTED_EDGE ( 'NONE', *, *, #1321, .F. ) ;
#8941 = PRESENTATION_LAYER_ASSIGNMENT (  '', '', ( #3955 ) ) ;
#8942 = CARTESIAN_POINT ( 'NONE',  ( 2.501000000000000334, -0.1041828154723254685, 0.5482142925907105280 ) ) ;
#8943 = SURFACE_STYLE_USAGE ( .BOTH. , #11807 ) ;
#8944 = CARTESIAN_POINT ( 'NONE',  ( 2.501000000000000334, 1.083873104413248800, 0.3996192899806042531 ) ) ;
#8945 = EDGE_CURVE ( 'NONE', #7859, #11700, #9250, .T. ) ;
#8946 = VERTEX_POINT ( 'NONE', #12038 ) ;
#8947 = MECHANICAL_DESIGN_GEOMETRIC_PRESENTATION_REPRESENTATION (  '', ( #7322 ), #12056 ) ;
#8948 =( NAMED_UNIT ( * ) SI_UNIT ( $, .STERADIAN. ) SOLID_ANGLE_UNIT ( ) );
#8949 = ORIENTED_EDGE ( 'NONE', *, *, #9228, .F. ) ;
#8950 = LINE ( 'NONE', #2311, #2161 ) ;
#8951 = FILL_AREA_STYLE ('',( #1369 ) ) ;
#8952 = VECTOR ( 'NONE', #9633, 1000.000000000000000 ) ;
#8953 = DIRECTION ( 'NONE',  ( 0.000000000000000000, -0.3385350343141474982, -0.9409537876760573072 ) ) ;
#8954 = CARTESIAN_POINT ( 'NONE',  ( 2.500000000000000000, 0.4565871535001545523, 0.3568852396201583344 ) ) ;
#8955 = FACE_OUTER_BOUND ( 'NONE', #955, .T. ) ;
#8956 = PRESENTATION_LAYER_ASSIGNMENT (  '', '', ( #631 ) ) ;
#8957 =( NAMED_UNIT ( * ) PLANE_ANGLE_UNIT ( ) SI_UNIT ( $, .RADIAN. ) );
#8958 = CARTESIAN_POINT ( 'NONE',  ( 2.501000000000000334, 0.8704108041940397111, 0.2521816174471465666 ) ) ;
#8959 = ADVANCED_FACE ( 'NONE', ( #3578 ), #7344, .F. ) ;
#8960 = PRESENTATION_LAYER_ASSIGNMENT (  '', '', ( #7336 ) ) ;
#8962 = ORIENTED_EDGE ( 'NONE', *, *, #1632, .F. ) ;
#8961 = CARTESIAN_POINT ( 'NONE',  ( 2.501000000000000334, -0.7223422895219664408, 0.6056923570868754103 ) ) ;
#8963 = FILL_AREA_STYLE_COLOUR ( '', #11333 ) ;
#8964 = CARTESIAN_POINT ( 'NONE',  ( 2.500000000000000000, -0.7295722529553173574, 0.2441954541237268961 ) ) ;
#8965 = EDGE_LOOP ( 'NONE', ( #2148, #6566, #8613, #11419, #2246, #3338, #7601, #2205 ) ) ;
#8966 = STYLED_ITEM ( 'NONE', ( #8647 ), #5190 ) ;
#8967 = ORIENTED_EDGE ( 'NONE', *, *, #4228, .F. ) ;
#8968 = PRESENTATION_LAYER_ASSIGNMENT (  '', '', ( #5963 ) ) ;
#8969 = DIRECTION ( 'NONE',  ( -1.000000000000000000, 0.000000000000000000, -0.000000000000000000 ) ) ;
#8970 = COLOUR_RGB ( '',0.000000000000000000, 0.000000000000000000, 0.000000000000000000 ) ;
#8971 =( NAMED_UNIT ( * ) SI_UNIT ( $, .STERADIAN. ) SOLID_ANGLE_UNIT ( ) );
#8972 = CARTESIAN_POINT ( 'NONE',  ( 2.501000000000000334, 0.5051958360880290932, 0.1853251834279087962 ) ) ;
#8973 = LINE ( 'NONE', #6014, #494 ) ;
#8974 = CARTESIAN_POINT ( 'NONE',  ( 2.501000000000000334, 0.6948476800243674756, 0.5801212642526935026 ) ) ;
#8976 = ORIENTED_EDGE ( 'NONE', *, *, #3223, .F. ) ;
#8975 = CARTESIAN_POINT ( 'NONE',  ( 2.501000000000000334, -0.6731787312390495881, 0.5840025495275701362 ) ) ;
#8977 = ORIENTED_EDGE ( 'NONE', *, *, #2104, .T. ) ;
#8978 = AXIS2_PLACEMENT_3D ( 'NONE', #7159, #5545, #611 ) ;
#8979 =( GEOMETRIC_REPRESENTATION_CONTEXT ( 3 ) GLOBAL_UNCERTAINTY_ASSIGNED_CONTEXT ( ( #2227 ) ) GLOBAL_UNIT_ASSIGNED_CONTEXT ( ( #1099, #7648, #4881 ) ) REPRESENTATION_CONTEXT ( 'NONE', 'WORKASPACE' ) );
#8980 = ORIENTED_EDGE ( 'NONE', *, *, #9019, .F. ) ;
#8981 = DIRECTION ( 'NONE',  ( -0.000000000000000000, -0.3559357243698762496, 0.9345104387417464409 ) ) ;
#8982 = CARTESIAN_POINT ( 'NONE',  ( 2.500000000000000000, -0.6543809090536403250, 0.7531829698819683117 ) ) ;
#8983 = PRESENTATION_LAYER_ASSIGNMENT (  '', '', ( #1846 ) ) ;
#8984 = EDGE_CURVE ( 'NONE', #5443, #1841, #11205, .T. ) ;
#8985 = LINE ( 'NONE', #8034, #197 ) ;
#8986 = EDGE_CURVE ( 'NONE', #8046, #10611, #2714, .T. ) ;
#8987 =( GEOMETRIC_REPRESENTATION_CONTEXT ( 3 ) GLOBAL_UNCERTAINTY_ASSIGNED_CONTEXT ( ( #4202 ) ) GLOBAL_UNIT_ASSIGNED_CONTEXT ( ( #10177, #11030, #8528 ) ) REPRESENTATION_CONTEXT ( 'NONE', 'WORKASPACE' ) );
#8988 = CARTESIAN_POINT ( 'NONE',  ( 2.500000000000000000, 0.2515468924018350316, 0.3393133308336281351 ) ) ;
#8989 = STYLED_ITEM ( 'NONE', ( #7680 ), #144 ) ;
#8990 = CARTESIAN_POINT ( 'NONE',  ( 2.501000000000000334, 0.3030149092597864691, 0.2255638147892596312 ) ) ;
#8991 = EDGE_LOOP ( 'NONE', ( #6542, #8819, #6645, #760 ) ) ;
#8992 = CARTESIAN_POINT ( 'NONE',  ( 2.500000000000000000, 0.8146277919848239346, 0.4323716643446918750 ) ) ;
#8993 = ORIENTED_EDGE ( 'NONE', *, *, #3606, .T. ) ;
#8994 = FACE_BOUND ( 'NONE', #8808, .T. ) ;
#8995 = EDGE_LOOP ( 'NONE', ( #11794, #10443, #7895, #12204 ) ) ;
#8996 = VECTOR ( 'NONE', #610, 1000.000000000000000 ) ;
#8997 = VERTEX_POINT ( 'NONE', #966 ) ;
#8998 = DIRECTION ( 'NONE',  ( -1.000000000000000000, -0.000000000000000000, -0.000000000000000000 ) ) ;
#8999 = FILL_AREA_STYLE_COLOUR ( '', #10664 ) ;
#9000 = EDGE_CURVE ( 'NONE', #7955, #11559, #10385, .T. ) ;
#9001 = SURFACE_STYLE_FILL_AREA ( #1611 ) ;
#9002 = CARTESIAN_POINT ( 'NONE',  ( 2.199999999999999734, 0.2500000000000000000, -3.061616997868383018E-17 ) ) ;
#9003 = AXIS2_PLACEMENT_3D ( 'NONE', #752, #2861, #10238 ) ;
#9004 = ORIENTED_EDGE ( 'NONE', *, *, #1022, .T. ) ;
#9005 = AXIS2_PLACEMENT_3D ( 'NONE', #6552, #3623, #10319 ) ;
#9006 = STYLED_ITEM ( 'NONE', ( #1955 ), #901 ) ;
#9008 = FACE_OUTER_BOUND ( 'NONE', #6088, .T. ) ;
#9007 = CARTESIAN_POINT ( 'NONE',  ( 2.500000000000000000, 1.084912862331147920, 0.3949403793569650212 ) ) ;
#9009 = PRESENTATION_LAYER_ASSIGNMENT (  '', '', ( #9341 ) ) ;
#9010 = VERTEX_POINT ( 'NONE', #8458 ) ;
#9011 = DIRECTION ( 'NONE',  ( -1.000000000000000000, 0.000000000000000000, 0.000000000000000000 ) ) ;
#9012 = EDGE_LOOP ( 'NONE', ( #4395, #11843, #4737, #7893 ) ) ;
#9013 = B_SPLINE_CURVE_WITH_KNOTS ( 'NONE', 3,
 ( #7329, #12080, #2637, #9513 ),
 .UNSPECIFIED., .F., .F.,
 ( 4, 4 ),
 ( 9.000000000000000000, 10.00000000000000000 ),
 .UNSPECIFIED. ) ;
#9014 = ORIENTED_EDGE ( 'NONE', *, *, #5682, .T. ) ;
#9015 = CARTESIAN_POINT ( 'NONE',  ( 0.000000000000000000, 0.000000000000000000, 1.000000000000000000 ) ) ;
#9016 = PRESENTATION_LAYER_ASSIGNMENT (  '', '', ( #11936 ) ) ;
#9017 = B_SPLINE_CURVE_WITH_KNOTS ( 'NONE', 3,
 ( #8769, #9886, #6188, #8074 ),
 .UNSPECIFIED., .F., .F.,
 ( 4, 4 ),
 ( 8.000000000000000000, 9.000000000000000000 ),
 .UNSPECIFIED. ) ;
#9018 = DIRECTION ( 'NONE',  ( 0.000000000000000000, -1.000000000000000000, 0.000000000000000000 ) ) ;
#9019 = EDGE_CURVE ( 'NONE', #10024, #6786, #3640, .T. ) ;
#9020 = DIRECTION ( 'NONE',  ( -1.000000000000000000, -0.000000000000000000, -0.000000000000000000 ) ) ;
#9021 = CARTESIAN_POINT ( 'NONE',  ( 2.501000000000000334, 0.4797217671381801551, 0.3463836846648498113 ) ) ;
#9022 =( GEOMETRIC_REPRESENTATION_CONTEXT ( 3 ) GLOBAL_UNCERTAINTY_ASSIGNED_CONTEXT ( ( #4677 ) ) GLOBAL_UNIT_ASSIGNED_CONTEXT ( ( #3430, #7181, #10983 ) ) REPRESENTATION_CONTEXT ( 'NONE', 'WORKASPACE' ) );
#9023 = VERTEX_POINT ( 'NONE', #7582 ) ;
#9024 = FILL_AREA_STYLE_COLOUR ( '', #4946 ) ;
#9025 =( NAMED_UNIT ( * ) PLANE_ANGLE_UNIT ( ) SI_UNIT ( $, .RADIAN. ) );
#9026 = LINE ( 'NONE', #4976, #9540 ) ;
#9027 = EDGE_CURVE ( 'NONE', #3888, #11154, #11326, .T. ) ;
#9028 = ADVANCED_FACE ( 'NONE', ( #6624 ), #7526, .T. ) ;
#9029 = CARTESIAN_POINT ( 'NONE',  ( 2.501000000000000334, 0.000000000000000000, 0.000000000000000000 ) ) ;
#9030 = DIRECTION ( 'NONE',  ( 0.000000000000000000, 3.260615420656684258E-15, -1.000000000000000000 ) ) ;
#9031 = FACE_OUTER_BOUND ( 'NONE', #7148, .T. ) ;
#9032 = DIRECTION ( 'NONE',  ( -1.000000000000000000, -0.000000000000000000, -0.000000000000000000 ) ) ;
#9033 = ORIENTED_EDGE ( 'NONE', *, *, #11978, .T. ) ;
#9034 = VERTEX_POINT ( 'NONE', #69 ) ;
#9035 = VERTEX_POINT ( 'NONE', #11390 ) ;
#9036 = ORIENTED_EDGE ( 'NONE', *, *, #10101, .F. ) ;
#9037 = LINE ( 'NONE', #1334, #9303 ) ;
#9038 = SURFACE_SIDE_STYLE ('',( #2287 ) ) ;
#9039 = CARTESIAN_POINT ( 'NONE',  ( 2.501000000000000334, 0.4605382335818141160, 0.2660103977336463199 ) ) ;
#9040 = FILL_AREA_STYLE ('',( #5407 ) ) ;
#9041 = DIRECTION ( 'NONE',  ( -0.000000000000000000, -1.000000000000000000, -0.000000000000000000 ) ) ;
#9042 = CARTESIAN_POINT ( 'NONE',  ( 2.500000000000000000, -0.6283531234348769257, 0.4234979680790829093 ) ) ;
#9043 = ORIENTED_EDGE ( 'NONE', *, *, #644, .T. ) ;
#9044 = CARTESIAN_POINT ( 'NONE',  ( 2.501000000000000334, 1.097026042056302497, 0.4323716643446928742 ) ) ;
#9045 = CARTESIAN_POINT ( 'NONE',  ( 2.501000000000000334, 0.3285929540011502947, 0.3213255188824415409 ) ) ;
#9046 = VERTEX_POINT ( 'NONE', #8786 ) ;
#9047 = UNCERTAINTY_MEASURE_WITH_UNIT (LENGTH_MEASURE( 1.000000000000000082E-05 ), #707, 'distance_accuracy_value', 'NONE');
#9048 = EDGE_CURVE ( 'NONE', #7606, #6931, #2504, .T. ) ;
#9049 = ORIENTED_EDGE ( 'NONE', *, *, #6402, .F. ) ;
#9050 = EDGE_CURVE ( 'NONE', #10598, #10431, #7701, .T. ) ;
#9051 = ORIENTED_EDGE ( 'NONE', *, *, #12097, .T. ) ;
#9052 = DIRECTION ( 'NONE',  ( 0.000000000000000000, 0.8863488427958603477, 0.4630180653866964313 ) ) ;
#9053 =( GEOMETRIC_REPRESENTATION_CONTEXT ( 3 ) GLOBAL_UNCERTAINTY_ASSIGNED_CONTEXT ( ( #7863 ) ) GLOBAL_UNIT_ASSIGNED_CONTEXT ( ( #3364, #10922, #2503 ) ) REPRESENTATION_CONTEXT ( 'NONE', 'WORKASPACE' ) );
#9054 = FACE_OUTER_BOUND ( 'NONE', #3139, .T. ) ;
#9055 = CARTESIAN_POINT ( 'NONE',  ( 2.501000000000000334, 0.2025742945436621034, 0.3438882656657539227 ) ) ;
#9056 = CARTESIAN_POINT ( 'NONE',  ( 2.501000000000000334, 0.7715818142484478503, 0.4089771112278829390 ) ) ;
#9057 = CARTESIAN_POINT ( 'NONE',  ( 2.501000000000000334, -0.7180043390425292493, 0.6895595329987668221 ) ) ;
#9058 = LINE ( 'NONE', #10094, #8996 ) ;
#9059 = CARTESIAN_POINT ( 'NONE',  ( 2.500000000000000000, 0.3887429494601593594, 0.3350503233774336787 ) ) ;
#9060 = VERTEX_POINT ( 'NONE', #5051 ) ;
#9061 = CARTESIAN_POINT ( 'NONE',  ( 2.501000000000000334, 0.3959692669786430974, 0.3120716734266724135 ) ) ;
#9062 = EDGE_LOOP ( 'NONE', ( #7875, #10377, #5723, #696 ) ) ;
#9063 = ORIENTED_EDGE ( 'NONE', *, *, #11601, .F. ) ;
#9064 = EDGE_CURVE ( 'NONE', #6122, #4957, #7890, .T. ) ;
#9065 = ORIENTED_EDGE ( 'NONE', *, *, #2971, .F. ) ;
#9066 = DIRECTION ( 'NONE',  ( -1.000000000000000000, -0.000000000000000000, -0.000000000000000000 ) ) ;
#9067 = CARTESIAN_POINT ( 'NONE',  ( 2.501000000000000334, 0.8280406691038836309, 0.7290145978701134677 ) ) ;
#9068 = SURFACE_STYLE_FILL_AREA ( #7928 ) ;
#9069 = CARTESIAN_POINT ( 'NONE',  ( 2.500000000000000000, 0.9164200919913106924, 0.2592519712769720819 ) ) ;
#9070 = VERTEX_POINT ( 'NONE', #1139 ) ;
#9071 =( LENGTH_UNIT ( ) NAMED_UNIT ( * ) SI_UNIT ( .MILLI., .METRE. ) );
#9072 =( NAMED_UNIT ( * ) SI_UNIT ( $, .STERADIAN. ) SOLID_ANGLE_UNIT ( ) );
#9073 = LINE ( 'NONE', #4366, #9960 ) ;
#9074 = SURFACE_STYLE_FILL_AREA ( #8188 ) ;
#9075 = EDGE_CURVE ( 'NONE', #978, #2812, #10503, .T. ) ;
#9076 = FILL_AREA_STYLE_COLOUR ( '', #9745 ) ;
#9077 =( NAMED_UNIT ( * ) PLANE_ANGLE_UNIT ( ) SI_UNIT ( $, .RADIAN. ) );
#9078 = LINE ( 'NONE', #4375, #1913 ) ;
#9079 = VECTOR ( 'NONE', #462, 1000.000000000000000 ) ;
#9080 = SURFACE_STYLE_USAGE ( .BOTH. , #3387 ) ;
#9081 =( NAMED_UNIT ( * ) SI_UNIT ( $, .STERADIAN. ) SOLID_ANGLE_UNIT ( ) );
#9082 = DIRECTION ( 'NONE',  ( -0.000000000000000000, 0.3658589216693586832, -0.9306703226357517789 ) ) ;
#9083 = PRESENTATION_STYLE_ASSIGNMENT (( #5088 ) ) ;
#9084 = SURFACE_STYLE_USAGE ( .BOTH. , #8198 ) ;
#9085 = EDGE_CURVE ( 'NONE', #2732, #10024, #3084, .T. ) ;
#9086 = ADVANCED_FACE ( 'NONE', ( #2293 ), #11672, .T. ) ;
#9087 = VECTOR ( 'NONE', #5369, 1000.000000000000000 ) ;
#9088 = MECHANICAL_DESIGN_GEOMETRIC_PRESENTATION_REPRESENTATION (  '', ( #1773 ), #11630 ) ;
#9089 = VERTEX_POINT ( 'NONE', #3211 ) ;
#9090 = CARTESIAN_POINT ( 'NONE',  ( 2.500000000000000000, -0.5705136641923931329, 0.7228172406794666216 ) ) ;
#9091 = VECTOR ( 'NONE', #863, 1000.000000000000000 ) ;
#9092 = CARTESIAN_POINT ( 'NONE',  ( 2.501000000000000334, 0.4583547419579575011, 0.2762000253130332816 ) ) ;
#9093 = FILL_AREA_STYLE_COLOUR ( '', #5595 ) ;
#9094 = PRESENTATION_LAYER_ASSIGNMENT (  '', '', ( #7478 ) ) ;
#9095 = CARTESIAN_POINT ( 'NONE',  ( 2.501000000000000334, -0.3333717461538914240, 0.2282896724708662339 ) ) ;
#9096 = DIRECTION ( 'NONE',  ( 1.000000000000000000, 0.000000000000000000, -0.000000000000000000 ) ) ;
#9097 = ORIENTED_EDGE ( 'NONE', *, *, #5592, .F. ) ;
#9098 = SURFACE_SIDE_STYLE ('',( #5272 ) ) ;
#9099 = PRESENTATION_LAYER_ASSIGNMENT (  '', '', ( #1773 ) ) ;
#9100 =( GEOMETRIC_REPRESENTATION_CONTEXT ( 3 ) GLOBAL_UNCERTAINTY_ASSIGNED_CONTEXT ( ( #361 ) ) GLOBAL_UNIT_ASSIGNED_CONTEXT ( ( #7632, #9646, #4679 ) ) REPRESENTATION_CONTEXT ( 'NONE', 'WORKASPACE' ) );
#9101 = ORIENTED_EDGE ( 'NONE', *, *, #7404, .T. ) ;
#9102 = DIRECTION ( 'NONE',  ( -0.000000000000000000, 0.3658589216693586832, -0.9306703226357517789 ) ) ;
#9103 = SURFACE_SIDE_STYLE ('',( #3145 ) ) ;
#9104 = ORIENTED_EDGE ( 'NONE', *, *, #10940, .F. ) ;
#9105 = ORIENTED_EDGE ( 'NONE', *, *, #7912, .F. ) ;
#9106 = VECTOR ( 'NONE', #4898, 1000.000000000000000 ) ;
#9107 = COLOUR_RGB ( '',0.000000000000000000, 0.000000000000000000, 0.000000000000000000 ) ;
#9108 = MECHANICAL_DESIGN_GEOMETRIC_PRESENTATION_REPRESENTATION (  '', ( #3923 ), #7286 ) ;
#9109 = CARTESIAN_POINT ( 'NONE',  ( 2.500000000000000000, -0.9638221856206155014, 0.3439685909572182121 ) ) ;
#9110 = PRESENTATION_LAYER_ASSIGNMENT (  '', '', ( #11840 ) ) ;
#9111 = DIRECTION ( 'NONE',  ( 0.000000000000000000, 0.000000000000000000, 1.000000000000000000 ) ) ;
#9112 =( GEOMETRIC_REPRESENTATION_CONTEXT ( 3 ) GLOBAL_UNCERTAINTY_ASSIGNED_CONTEXT ( ( #4479 ) ) GLOBAL_UNIT_ASSIGNED_CONTEXT ( ( #11171, #812, #22 ) ) REPRESENTATION_CONTEXT ( 'NONE', 'WORKASPACE' ) );
#9113 = FACE_OUTER_BOUND ( 'NONE', #2452, .T. ) ;
#9114 = B_SPLINE_SURFACE_WITH_KNOTS ( 'NONE', 3, 1, ( 
 ( #6727, #10359 ),
 ( #1003, #11362 ),
 ( #2870, #1889 ),
 ( #3964, #7735 ) ),
 .UNSPECIFIED., .F., .F., .F.,
 ( 4, 4 ),
 ( 2, 2 ),
 ( 1.000000000000000000, 2.000000000000000000 ),
 ( 0.000000000000000000, 1.000000000000000000 ),
 .UNSPECIFIED. ) ;
#9115 = CARTESIAN_POINT ( 'NONE',  ( 2.501000000000000334, 0.2699506075211635103, 0.2883651929339415276 ) ) ;
#9116 = CARTESIAN_POINT ( 'NONE',  ( 2.500000000000000000, 0.2744735544568344121, 0.2927321761830329883 ) ) ;
#9117 = ORIENTED_EDGE ( 'NONE', *, *, #8351, .T. ) ;
#9118 = EDGE_CURVE ( 'NONE', #10507, #3708, #1340, .T. ) ;
#9119 = PRESENTATION_LAYER_ASSIGNMENT (  '', '', ( #10097 ) ) ;
#9120 = PRESENTATION_LAYER_ASSIGNMENT (  '', '', ( #11848 ) ) ;
#9122 = CARTESIAN_POINT ( 'NONE',  ( 2.500000000000000000, 0.5196484711243036791, 0.1824138612613750154 ) ) ;
#9121 = FILL_AREA_STYLE ('',( #11754 ) ) ;
#9123 =( GEOMETRIC_REPRESENTATION_CONTEXT ( 3 ) GLOBAL_UNCERTAINTY_ASSIGNED_CONTEXT ( ( #5913 ) ) GLOBAL_UNIT_ASSIGNED_CONTEXT ( ( #2585, #5528, #2756 ) ) REPRESENTATION_CONTEXT ( 'NONE', 'WORKASPACE' ) );
#9124 = MECHANICAL_DESIGN_GEOMETRIC_PRESENTATION_REPRESENTATION (  '', ( #1984 ), #11466 ) ;
#9125 = SURFACE_SIDE_STYLE ('',( #5297 ) ) ;
#9126 = ORIENTED_EDGE ( 'NONE', *, *, #10357, .F. ) ;
#9127 = DIRECTION ( 'NONE',  ( 0.000000000000000000, -3.469208023143580123E-15, 1.000000000000000000 ) ) ;
#9128 = UNCERTAINTY_MEASURE_WITH_UNIT (LENGTH_MEASURE( 1.000000000000000082E-05 ), #10804, 'distance_accuracy_value', 'NONE');
#9129 = CARTESIAN_POINT ( 'NONE',  ( 2.500000000000000000, 1.469693845669906240, 1.000000000000000000 ) ) ;
#9130 = UNCERTAINTY_MEASURE_WITH_UNIT (LENGTH_MEASURE( 1.000000000000000082E-05 ), #7548, 'distance_accuracy_value', 'NONE');
#9131 = SURFACE_STYLE_USAGE ( .BOTH. , #10052 ) ;
#9132 = CARTESIAN_POINT ( 'NONE',  ( 2.501000000000000334, 0.5599390903821090948, 0.5516318973461907804 ) ) ;
#9133 = COLOUR_RGB ( '',0.000000000000000000, 0.000000000000000000, 0.000000000000000000 ) ;
#9134 = CARTESIAN_POINT ( 'NONE',  ( 2.501000000000000334, 0.3030149092597864691, 0.2255638147892596312 ) ) ;
#9135 = EDGE_CURVE ( 'NONE', #5450, #8083, #3681, .T. ) ;
#9136 = PRESENTATION_STYLE_ASSIGNMENT (( #10001 ) ) ;
#9137 = EDGE_CURVE ( 'NONE', #4535, #3167, #8921, .T. ) ;
#9138 = DIRECTION ( 'NONE',  ( -0.000000000000000000, -1.000000000000000000, -2.803077450392914507E-15 ) ) ;
#9139 = ORIENTED_EDGE ( 'NONE', *, *, #11671, .F. ) ;
#9140 = CARTESIAN_POINT ( 'NONE',  ( 2.500000000000000000, 0.2415132285097208176, 0.2445913846569753858 ) ) ;
#9141 = FILL_AREA_STYLE ('',( #8185 ) ) ;
#9142 = B_SPLINE_CURVE_WITH_KNOTS ( 'NONE', 3,
 ( #11416, #7674, #4900, #5884 ),
 .UNSPECIFIED., .F., .F.,
 ( 4, 4 ),
 ( 3.000000000000000000, 4.000000000000000000 ),
 .UNSPECIFIED. ) ;
#9143 = FACE_OUTER_BOUND ( 'NONE', #2270, .T. ) ;
#9144 = ORIENTED_EDGE ( 'NONE', *, *, #7420, .F. ) ;
#9145 = VECTOR ( 'NONE', #12154, 1000.000000000000000 ) ;
#9146 = CARTESIAN_POINT ( 'NONE',  ( 2.500000000000000000, 0.2991678049696441799, 0.3568852396201577237 ) ) ;
#9147 = PRESENTATION_STYLE_ASSIGNMENT (( #5324 ) ) ;
#9148 = LINE ( 'NONE', #3442, #8842 ) ;
#9149 = B_SPLINE_CURVE_WITH_KNOTS ( 'NONE', 3,
 ( #8388, #10311, #5590, #888 ),
 .UNSPECIFIED., .F., .F.,
 ( 4, 4 ),
 ( 5.000000000000000000, 6.000000000000000000 ),
 .UNSPECIFIED. ) ;
#9150 = EDGE_CURVE ( 'NONE', #5271, #11465, #3528, .T. ) ;
#9151 = DIRECTION ( 'NONE',  ( 0.000000000000000000, 0.3385350343141474427, 0.9409537876760573072 ) ) ;
#9152 = DIRECTION ( 'NONE',  ( -0.000000000000000000, 1.000000000000000000, 3.198603716350140242E-15 ) ) ;
#9154 = ORIENTED_EDGE ( 'NONE', *, *, #9344, .F. ) ;
#9153 =( NAMED_UNIT ( * ) SI_UNIT ( $, .STERADIAN. ) SOLID_ANGLE_UNIT ( ) );
#9155 = ORIENTED_EDGE ( 'NONE', *, *, #443, .F. ) ;
#9156 = CARTESIAN_POINT ( 'NONE',  ( 2.500999999999999446, 0.8240895890222245113, 0.7147699144161706597 ) ) ;
#9157 = COLOUR_RGB ( '',0.000000000000000000, 0.000000000000000000, 0.000000000000000000 ) ;
#9158 =( NAMED_UNIT ( * ) SI_UNIT ( $, .STERADIAN. ) SOLID_ANGLE_UNIT ( ) );
#9159 = SURFACE_STYLE_USAGE ( .BOTH. , #889 ) ;
#9160 = STYLED_ITEM ( 'NONE', ( #2069 ), #5155 ) ;
#9161 = CARTESIAN_POINT ( 'NONE',  ( 2.500000000000000000, 0.2534184566518478121, 0.3108239639271325738 ) ) ;
#9162 = DIRECTION ( 'NONE',  ( -1.000000000000000000, -0.000000000000000000, -0.000000000000000000 ) ) ;
#9163 = EDGE_CURVE ( 'NONE', #11712, #4880, #3829, .T. ) ;
#9164 = SURFACE_SIDE_STYLE ('',( #9904 ) ) ;
#9165 = CARTESIAN_POINT ( 'NONE',  ( -0.9000000000000000222, 0.2500000000000000000, -3.182398797249132245E-17 ) ) ;
#9166 = CARTESIAN_POINT ( 'NONE',  ( 2.501000000000000334, 0.5216240111658261291, 0.1605789450186506373 ) ) ;
#9167 = SURFACE_STYLE_FILL_AREA ( #10148 ) ;
#9168 = COLOUR_RGB ( '',0.000000000000000000, 0.000000000000000000, 0.000000000000000000 ) ;
#9169 =( GEOMETRIC_REPRESENTATION_CONTEXT ( 3 ) GLOBAL_UNCERTAINTY_ASSIGNED_CONTEXT ( ( #10106 ) ) GLOBAL_UNIT_ASSIGNED_CONTEXT ( ( #5490, #556, #7297 ) ) REPRESENTATION_CONTEXT ( 'NONE', 'WORKASPACE' ) );
#9170 = CARTESIAN_POINT ( 'NONE',  ( 2.501000000000000334, 0.2485315944444836667, 0.7284947189111605770 ) ) ;
#9171 = EDGE_LOOP ( 'NONE', ( #9935, #3182, #11531, #6729 ) ) ;
#9172 = CARTESIAN_POINT ( 'NONE',  ( 2.500000000000000000, 0.9303008601735733851, 0.3898455655672723452 ) ) ;
#9173 = UNCERTAINTY_MEASURE_WITH_UNIT (LENGTH_MEASURE( 1.000000000000000082E-05 ), #3963, 'distance_accuracy_value', 'NONE');
#9174 = EDGE_LOOP ( 'NONE', ( #9849, #4696, #6536, #10227 ) ) ;
#9175 = ORIENTED_EDGE ( 'NONE', *, *, #7235, .T. ) ;
#9176 = STYLED_ITEM ( 'NONE', ( #4536 ), #4576 ) ;
#9177 =( NAMED_UNIT ( * ) SI_UNIT ( $, .STERADIAN. ) SOLID_ANGLE_UNIT ( ) );
#9178 = CARTESIAN_POINT ( 'NONE',  ( 2.501000000000000334, 0.1298432282970053697, 0.3205976883404567657 ) ) ;
#9180 = FACE_OUTER_BOUND ( 'NONE', #7599, .T. ) ;
#9179 = CARTESIAN_POINT ( 'NONE',  ( 2.500000000000000000, -0.9247805347721449465, 0.3005890310000325361 ) ) ;
#9181 = PRESENTATION_LAYER_ASSIGNMENT (  '', '', ( #11132 ) ) ;
#9182 = CLOSED_SHELL ( 'NONE', ( #11487, #9635, #5155, #901, #9414, #11933, #11188, #7324, #9086, #8414, #7610, #12180, #8307, #9723, #2697, #1676, #4391, #11420, #10051, #11090, #3047, #4786, #10697, #3568, #3965, #3589, #4873, #10318, #11747, #2329, #340, #6052, #7373, #11759, #5257, #4107, #9186, #9438, #7325, #9217, #6358, #8694, #3451, #8354, #11870, #3549, #1998, #7308, #509, #4244, #7207, #999, #9298, #4146, #144, #2762, #6400, #10151, #2818, #12030, #3339, #4787, #10715, #7769, #5777, #3341, #8959, #2866, #8394, #3866, #11526, #2791, #353, #8660, #3179, #3452, #2820, #996, #1848, #11783, #2413, #1943, #9878, #11669, #8373, #6439, #5901, #3510, #8271, #11421, #8197, #1234, #5935, #10021, #11008, #8336, #4343, #8136, #2988, #10343, #6389, #7793, #7847, #12139, #5757, #712, #2231, #3628, #5226, #9989, #9028, #5416, #11312, #2062, #4433, #3268, #8910, #9242, #2041, #9976, #2513, #2010, #9823, #3490, #6901, #12076, #548, #11272, #9750, #7804, #6921, #10621, #1633, #5647, #4127, #2672, #5312, #6259, #7931, #1799, #2061, #3765, #844, #2465, #6934, #10886, #10484, #3657, #8255, #2494, #7028, #2247, #628, #2134, #2281, #342, #5201, #10075, #8017, #5049, #1133, #9792, #7004, #313, #374, #1961, #8535, #1551, #3655, #11433, #11343, #7352, #10573, #5370, #7692, #3365, #8459, #10852, #1103, #7520, #4030, #5638, #1050, #411, #516, #11252, #5576, #9452, #7446, #5344, #3178, #11684, #6776, #6799, #6227, #6777, #3385, #4983, #5190, #11893, #9525, #6882, #11990, #2902, #8148, #10316, #8337, #4527, #576, #6278, #11525, #3141, #5737, #9607, #8772, #11273, #7115, #7350, #10638, #10942, #7749, #11892, #9897, #4705, #2432, #5622, #8239, #8125, #11918, #6539, #2852, #3878, #2125, #3683, #8618, #12003, #4029, #4576, #11242, #3326, #9188, #4672, #6054, #8818, #5951, #768, #8457, #73, #8000, #11819, #5523, #1032, #1768 ) ) ;
#9183 = CARTESIAN_POINT ( 'NONE',  ( 2.500000000000000000, 0.5312937597876492557, 0.1824138612613750710 ) ) ;
#9184 = SURFACE_STYLE_USAGE ( .BOTH. , #3287 ) ;
#9185 = CARTESIAN_POINT ( 'NONE',  ( 2.199999999999999734, 0.2500000000000000000, -3.061616997868383018E-17 ) ) ;
#9186 = ADVANCED_FACE ( 'NONE', ( #7768 ), #1528, .F. ) ;
#9187 = CARTESIAN_POINT ( 'NONE',  ( 2.500000000000000000, 0.4279938108014476605, 0.2255638147892600753 ) ) ;
#9188 = ADVANCED_FACE ( 'NONE', ( #1664 ), #2405, .F. ) ;
#9189 = DIRECTION ( 'NONE',  ( 0.000000000000000000, -0.8631877589412149110, -0.5048830486499256143 ) ) ;
#9190 = ORIENTED_EDGE ( 'NONE', *, *, #10940, .T. ) ;
#9192 = SURFACE_SIDE_STYLE ('',( #8276 ) ) ;
#9191 = CARTESIAN_POINT ( 'NONE',  ( 2.501000000000000334, 1.082729370706597916, 0.4063777164358939320 ) ) ;
#9193 = CARTESIAN_POINT ( 'NONE',  ( 2.500000000000000000, 0.3151280889849391031, 0.5482006962220953294 ) ) ;
#9194 = VECTOR ( 'NONE', #3958, 1000.000000000000000 ) ;
#9195 = COLOUR_RGB ( '',0.000000000000000000, 0.000000000000000000, 0.000000000000000000 ) ;
#9196 = CARTESIAN_POINT ( 'NONE',  ( 2.500000000000000000, 0.8280406691038837419, 0.7290145978701134677 ) ) ;
#9197 = EDGE_LOOP ( 'NONE', ( #5825, #10882, #12101, #6732 ) ) ;
#9198 =( NAMED_UNIT ( * ) PLANE_ANGLE_UNIT ( ) SI_UNIT ( $, .RADIAN. ) );
#9199 = ORIENTED_EDGE ( 'NONE', *, *, #1233, .F. ) ;
#9200 = FILL_AREA_STYLE ('',( #7177 ) ) ;
#9201 = PRESENTATION_LAYER_ASSIGNMENT (  '', '', ( #6758 ) ) ;
#9202 = VECTOR ( 'NONE', #679, 1000.000000000000000 ) ;
#9203 = B_SPLINE_CURVE_WITH_KNOTS ( 'NONE', 3,
 ( #4320, #2215, #9839, #5971 ),
 .UNSPECIFIED., .F., .F.,
 ( 4, 4 ),
 ( 33.00000000000000000, 34.00000000000000000 ),
 .UNSPECIFIED. ) ;
#9204 = CARTESIAN_POINT ( 'NONE',  ( 2.500000000000000000, 0.6169178241951169817, 0.7316139926607154731 ) ) ;
#9205 = CARTESIAN_POINT ( 'NONE',  ( 2.501000000000000334, 1.068952578314464219, 0.4323716643446927632 ) ) ;
#9206 = UNCERTAINTY_MEASURE_WITH_UNIT (LENGTH_MEASURE( 1.000000000000000082E-05 ), #3902, 'distance_accuracy_value', 'NONE');
#9207 = CARTESIAN_POINT ( 'NONE',  ( 2.501000000000000334, 0.9164200919913106924, 0.2592519712769720819 ) ) ;
#9208 = CARTESIAN_POINT ( 'NONE',  ( 2.500000000000000000, -0.3753053961641880654, 0.2976969904674864886 ) ) ;
#9209 = CARTESIAN_POINT ( 'NONE',  ( 2.501000000000000334, 0.6668262041796806372, 0.4323716643446913754 ) ) ;
#9210 = CARTESIAN_POINT ( 'NONE',  ( 2.500000000000000000, 0.7658111578125366137, 0.3205976883404590971 ) ) ;
#9212 = ORIENTED_EDGE ( 'NONE', *, *, #6718, .F. ) ;
#9211 =( NAMED_UNIT ( * ) PLANE_ANGLE_UNIT ( ) SI_UNIT ( $, .RADIAN. ) );
#9213 = SURFACE_STYLE_FILL_AREA ( #6235 ) ;
#9214 = VECTOR ( 'NONE', #7477, 1000.000000000000000 ) ;
#9215 = ORIENTED_EDGE ( 'NONE', *, *, #2540, .T. ) ;
#9216 = EDGE_CURVE ( 'NONE', #4535, #3479, #4501, .T. ) ;
#9217 = ADVANCED_FACE ( 'NONE', ( #2341 ), #6082, .F. ) ;
#9218 = CARTESIAN_POINT ( 'NONE',  ( 2.500000000000000000, -0.06297218938474401229, 0.4307278763517052855 ) ) ;
#9219 = PRESENTATION_STYLE_ASSIGNMENT (( #3437 ) ) ;
#9220 = FACE_OUTER_BOUND ( 'NONE', #2759, .T. ) ;
#9221 = PRESENTATION_LAYER_ASSIGNMENT (  '', '', ( #2057 ) ) ;
#9222 =( NAMED_UNIT ( * ) PLANE_ANGLE_UNIT ( ) SI_UNIT ( $, .RADIAN. ) );
#9223 = DIRECTION ( 'NONE',  ( -0.000000000000000000, 1.000000000000000000, 5.120907607230711934E-15 ) ) ;
#9225 = ORIENTED_EDGE ( 'NONE', *, *, #10357, .T. ) ;
#9224 = CARTESIAN_POINT ( 'NONE',  ( 2.500000000000000000, -0.1526234049923929081, 0.4914592933880656545 ) ) ;
#9226 = B_SPLINE_SURFACE_WITH_KNOTS ( 'NONE', 3, 1, ( 
 ( #1455, #3710 ),
 ( #7372, #11225 ),
 ( #3600, #9140 ),
 ( #7429, #2613 ) ),
 .UNSPECIFIED., .F., .F., .F.,
 ( 4, 4 ),
 ( 2, 2 ),
 ( 8.000000000000000000, 9.000000000000000000 ),
 ( 0.000000000000000000, 1.000000000000000000 ),
 .UNSPECIFIED. ) ;
#9227 = DIRECTION ( 'NONE',  ( 0.000000000000000000, -1.000000000000000000, 0.000000000000000000 ) ) ;
#9228 = EDGE_CURVE ( 'NONE', #11431, #3590, #4620, .T. ) ;
#9229 = CARTESIAN_POINT ( 'NONE',  ( 2.501000000000000334, 0.8142638767131364919, 0.7550085457775261855 ) ) ;
#9230 = FACE_OUTER_BOUND ( 'NONE', #10765, .T. ) ;
#9231 = SURFACE_SIDE_STYLE ('',( #8204 ) ) ;
#9232 = CARTESIAN_POINT ( 'NONE',  ( 2.501000000000000334, 0.3279171113556229034, 0.2514537869051606811 ) ) ;
#9233 = CARTESIAN_POINT ( 'NONE',  ( 2.501000000000000334, 1.048365371572667515, 0.3076007143860646220 ) ) ;
#9234 = CARTESIAN_POINT ( 'NONE',  ( 2.501000000000000334, 0.5513026011894969214, 0.1721982397337672166 ) ) ;
#9235 = B_SPLINE_SURFACE_WITH_KNOTS ( 'NONE', 3, 1, ( 
 ( #1145, #4002 ),
 ( #7778, #10642 ),
 ( #5914, #9721 ),
 ( #6381, #362 ) ),
 .UNSPECIFIED., .F., .F., .F.,
 ( 4, 4 ),
 ( 2, 2 ),
 ( 26.00000000000000000, 27.00000000000000000 ),
 ( 0.000000000000000000, 1.000000000000000000 ),
 .UNSPECIFIED. ) ;
#9236 = ORIENTED_EDGE ( 'NONE', *, *, #8504, .F. ) ;
#9237 = CARTESIAN_POINT ( 'NONE',  ( 2.501000000000000334, 0.1298432282970051477, 0.3438882656657537007 ) ) ;
#9238 = VECTOR ( 'NONE', #5480, 1000.000000000000000 ) ;
#9239 = CARTESIAN_POINT ( 'NONE',  ( 2.500000000000000000, -0.7353562237017230441, 0.1328545412775392898 ) ) ;
#9240 = CARTESIAN_POINT ( 'NONE',  ( 2.500000000000000000, 0.8408816793710162107, 0.2521816174471464556 ) ) ;
#9241 = ORIENTED_EDGE ( 'NONE', *, *, #2685, .T. ) ;
#9242 = ADVANCED_FACE ( 'NONE', ( #1015 ), #11939, .F. ) ;
#9243 = ORIENTED_EDGE ( 'NONE', *, *, #4447, .F. ) ;
#9244 = CARTESIAN_POINT ( 'NONE',  ( 2.500000000000000000, -0.6413670576146327518, 0.2196136611919112802 ) ) ;
#9245 = FILL_AREA_STYLE ('',( #10263 ) ) ;
#9246 = FACE_OUTER_BOUND ( 'NONE', #3834, .T. ) ;
#9247 = LINE ( 'NONE', #9185, #6265 ) ;
#9248 = CARTESIAN_POINT ( 'NONE',  ( 2.500000000000000000, 0.4724434617239411383, 0.2989707236807600532 ) ) ;
#9249 = PRESENTATION_LAYER_ASSIGNMENT (  '', '', ( #326 ) ) ;
#9250 = LINE ( 'NONE', #4512, #7990 ) ;
#9251 = PRESENTATION_STYLE_ASSIGNMENT (( #2528 ) ) ;
#9252 = EDGE_LOOP ( 'NONE', ( #6191, #1447, #2309, #9215 ) ) ;
#9253 = CARTESIAN_POINT ( 'NONE',  ( 2.501000000000000334, -0.3304798159407296154, 0.3179408329191652505 ) ) ;
#9254 = CARTESIAN_POINT ( 'NONE',  ( 2.500000000000000000, 0.6979149658781653720, 0.6551917858111756532 ) ) ;
#9255 = AXIS2_PLACEMENT_3D ( 'NONE', #3759, #8652, #11330 ) ;
#9256 = EDGE_CURVE ( 'NONE', #8495, #10945, #12081, .T. ) ;
#9257 = UNCERTAINTY_MEASURE_WITH_UNIT (LENGTH_MEASURE( 1.000000000000000082E-05 ), #777, 'distance_accuracy_value', 'NONE');
#9258 = ORIENTED_EDGE ( 'NONE', *, *, #9842, .T. ) ;
#9259 = EDGE_CURVE ( 'NONE', #6931, #1534, #3260, .T. ) ;
#9260 = UNCERTAINTY_MEASURE_WITH_UNIT (LENGTH_MEASURE( 1.000000000000000082E-05 ), #345, 'distance_accuracy_value', 'NONE');
#9261 = SURFACE_STYLE_FILL_AREA ( #6225 ) ;
#9262 = CARTESIAN_POINT ( 'NONE',  ( 2.500000000000000000, 0.9451693983765955265, 0.3770565431959047586 ) ) ;
#9263 =( NAMED_UNIT ( * ) SI_UNIT ( $, .STERADIAN. ) SOLID_ANGLE_UNIT ( ) );
#9264 = DIRECTION ( 'NONE',  ( -0.000000000000000000, 1.000000000000000000, 3.032704250676643646E-15 ) ) ;
#9265 = LINE ( 'NONE', #12053, #4596 ) ;
#9266 = CARTESIAN_POINT ( 'NONE',  ( 2.501000000000000334, 0.4605382335818141160, 0.2660103977336463199 ) ) ;
#9268 = CARTESIAN_POINT ( 'NONE',  ( 2.501000000000000334, 0.4205595416992428115, 0.3238209378815272710 ) ) ;
#9267 = SURFACE_STYLE_FILL_AREA ( #868 ) ;
#9269 = DIRECTION ( 'NONE',  ( -1.000000000000000000, -0.000000000000000000, -0.000000000000000000 ) ) ;
#9271 = ORIENTED_EDGE ( 'NONE', *, *, #7677, .T. ) ;
#9270 = FILL_AREA_STYLE ('',( #10124 ) ) ;
#9272 = B_SPLINE_CURVE_WITH_KNOTS ( 'NONE', 3,
 ( #1023, #11550, #2078, #6683 ),
 .UNSPECIFIED., .F., .F.,
 ( 4, 4 ),
 ( 8.000000000000000000, 9.000000000000000000 ),
 .UNSPECIFIED. ) ;
#9273 = VERTEX_POINT ( 'NONE', #894 ) ;
#9274 = CARTESIAN_POINT ( 'NONE',  ( 2.500000000000000000, 0.6948476800243670315, 0.7280788157451079101 ) ) ;
#9275 = CARTESIAN_POINT ( 'NONE',  ( 2.501000000000000334, 0.1298432282970055640, 0.2521816174471440131 ) ) ;
#9276 = EDGE_CURVE ( 'NONE', #8114, #1725, #11107, .T. ) ;
#9277 = FILL_AREA_STYLE_COLOUR ( '', #8313 ) ;
#9278 = EDGE_CURVE ( 'NONE', #477, #4854, #6610, .T. ) ;
#9280 = ORIENTED_EDGE ( 'NONE', *, *, #4574, .F. ) ;
#9279 = CARTESIAN_POINT ( 'NONE',  ( 2.501000000000000334, -0.1526234049923929081, 0.4914592933880656545 ) ) ;
#9281 = ORIENTED_EDGE ( 'NONE', *, *, #7912, .T. ) ;
#9282 = CARTESIAN_POINT ( 'NONE',  ( 2.501000000000000334, -0.2769782795976637457, 0.5420688443579295690 ) ) ;
#9283 =( NAMED_UNIT ( * ) SI_UNIT ( $, .STERADIAN. ) SOLID_ANGLE_UNIT ( ) );
#9284 = CARTESIAN_POINT ( 'NONE',  ( 2.500000000000000000, 0.3285929540011503502, 0.3213255188824415964 ) ) ;
#9285 = EDGE_CURVE ( 'NONE', #10656, #6571, #8391, .T. ) ;
#9286 = ORIENTED_EDGE ( 'NONE', *, *, #8429, .F. ) ;
#9287 = SURFACE_STYLE_FILL_AREA ( #839 ) ;
#9288 =( LENGTH_UNIT ( ) NAMED_UNIT ( * ) SI_UNIT ( .MILLI., .METRE. ) );
#9289 = CARTESIAN_POINT ( 'NONE',  ( 2.500000000000000000, 0.4149968368470454694, 0.3373377907934927422 ) ) ;
#9290 = ORIENTED_EDGE ( 'NONE', *, *, #711, .T. ) ;
#9291 =( NAMED_UNIT ( * ) PLANE_ANGLE_UNIT ( ) SI_UNIT ( $, .RADIAN. ) );
#9292 = PRESENTATION_STYLE_ASSIGNMENT (( #3575 ) ) ;
#9293 = VECTOR ( 'NONE', #10903, 1000.000000000000000 ) ;
#9294 = VECTOR ( 'NONE', #2676, 1000.000000000000000 ) ;
#9295 =( NAMED_UNIT ( * ) SI_UNIT ( $, .STERADIAN. ) SOLID_ANGLE_UNIT ( ) );
#9296 = VERTEX_POINT ( 'NONE', #6390 ) ;
#9297 = LINE ( 'NONE', #3643, #4942 ) ;
#9298 = ADVANCED_FACE ( 'NONE', ( #833 ), #632, .T. ) ;
#9299 = MECHANICAL_DESIGN_GEOMETRIC_PRESENTATION_REPRESENTATION (  '', ( #8275 ), #6863 ) ;
#9300 = CARTESIAN_POINT ( 'NONE',  ( 2.501000000000000334, 0.1298432282970044815, 0.5748184988799728279 ) ) ;
#9301 = LINE ( 'NONE', #9467, #4041 ) ;
#9302 = AXIS2_PLACEMENT_3D ( 'NONE', #5192, #9011, #1548 ) ;
#9303 = VECTOR ( 'NONE', #6139, 1000.000000000000000 ) ;
#9304 = ORIENTED_EDGE ( 'NONE', *, *, #3717, .F. ) ;
#9305 = PRESENTATION_LAYER_ASSIGNMENT (  '', '', ( #1972 ) ) ;
#9306 =( NAMED_UNIT ( * ) PLANE_ANGLE_UNIT ( ) SI_UNIT ( $, .RADIAN. ) );
#9307 = CARTESIAN_POINT ( 'NONE',  ( 2.501000000000000334, 0.2705744622709291836, 0.2530134237792435181 ) ) ;
#9308 = B_SPLINE_CURVE_WITH_KNOTS ( 'NONE', 3,
 ( #5353, #7215, #10162, #6399 ),
 .UNSPECIFIED., .F., .F.,
 ( 4, 4 ),
 ( 34.00000000000000000, 35.00000000000000000 ),
 .UNSPECIFIED. ) ;
#9309 = FILL_AREA_STYLE ('',( #3595 ) ) ;
#9310 = DIRECTION ( 'NONE',  ( -0.000000000000000000, -1.000000000000000000, -0.000000000000000000 ) ) ;
#9311 = EDGE_CURVE ( 'NONE', #5255, #564, #5374, .T. ) ;
#9312 = SURFACE_STYLE_FILL_AREA ( #11166 ) ;
#9313 = MECHANICAL_DESIGN_GEOMETRIC_PRESENTATION_REPRESENTATION (  '', ( #6290 ), #9112 ) ;
#9315 =( LENGTH_UNIT ( ) NAMED_UNIT ( * ) SI_UNIT ( .MILLI., .METRE. ) );
#9314 = CARTESIAN_POINT ( 'NONE',  ( 2.500000000000000000, 0.8146277919848246007, 0.2289950159133586349 ) ) ;
#9316 = B_SPLINE_SURFACE_WITH_KNOTS ( 'NONE', 3, 1, ( 
 ( #193, #258 ),
 ( #3152, #6900 ),
 ( #3941, #7712 ),
 ( #10716, #2236 ) ),
 .UNSPECIFIED., .F., .F., .F.,
 ( 4, 4 ),
 ( 2, 2 ),
 ( 6.000000000000000000, 7.000000000000000000 ),
 ( 0.000000000000000000, 1.000000000000000000 ),
 .UNSPECIFIED. ) ;
#9318 = ORIENTED_EDGE ( 'NONE', *, *, #3670, .T. ) ;
#9317 = CARTESIAN_POINT ( 'NONE',  ( 2.500000000000000000, 0.6761840254269584349, 0.5960295603722350899 ) ) ;
#9319 = FILL_AREA_STYLE ('',( #1758 ) ) ;
#9320 = CARTESIAN_POINT ( 'NONE',  ( 2.501000000000000334, -0.9855119931785349952, 0.4003621126734829283 ) ) ;
#9321 = MECHANICAL_DESIGN_GEOMETRIC_PRESENTATION_REPRESENTATION (  '', ( #601 ), #8710 ) ;
#9323 = ORIENTED_EDGE ( 'NONE', *, *, #5664, .T. ) ;
#9322 = MECHANICAL_DESIGN_GEOMETRIC_PRESENTATION_REPRESENTATION (  '', ( #9706 ), #3945 ) ;
#9324 = COLOUR_RGB ( '',0.000000000000000000, 0.000000000000000000, 0.000000000000000000 ) ;
#9325 = FILL_AREA_STYLE_COLOUR ( '', #1638 ) ;
#9326 = B_SPLINE_SURFACE_WITH_KNOTS ( 'NONE', 3, 1, ( 
 ( #8958, #11035 ),
 ( #11277, #5376 ),
 ( #9207, #4480 ),
 ( #7369, #8236 ) ),
 .UNSPECIFIED., .F., .F., .F.,
 ( 4, 4 ),
 ( 2, 2 ),
 ( 2.000000000000000000, 3.000000000000000000 ),
 ( 0.000000000000000000, 1.000000000000000000 ),
 .UNSPECIFIED. ) ;
#9327 = EDGE_CURVE ( 'NONE', #8669, #477, #11702, .T. ) ;
#9328 = ORIENTED_EDGE ( 'NONE', *, *, #726, .F. ) ;
#9329 =( LENGTH_UNIT ( ) NAMED_UNIT ( * ) SI_UNIT ( .MILLI., .METRE. ) );
#9330 = VERTEX_POINT ( 'NONE', #8006 ) ;
#9331 =( GEOMETRIC_REPRESENTATION_CONTEXT ( 3 ) GLOBAL_UNCERTAINTY_ASSIGNED_CONTEXT ( ( #6734 ) ) GLOBAL_UNIT_ASSIGNED_CONTEXT ( ( #2332, #11722, #7001 ) ) REPRESENTATION_CONTEXT ( 'NONE', 'WORKASPACE' ) );
#9332 = DIRECTION ( 'NONE',  ( 0.000000000000000000, 0.000000000000000000, -1.000000000000000000 ) ) ;
#9333 = CARTESIAN_POINT ( 'NONE',  ( 2.501000000000000334, 0.4453057801077998645, 0.3113438428846952988 ) ) ;
#9334 = PLANE ( 'NONE',  #10451 ) ;
#9335 = VECTOR ( 'NONE', #5827, 1000.000000000000000 ) ;
#9336 = CARTESIAN_POINT ( 'NONE',  ( 2.501000000000000334, 0.6157221025927128721, 0.5748184988799746042 ) ) ;
#9337 = COLOUR_RGB ( '',0.000000000000000000, 0.000000000000000000, 0.000000000000000000 ) ;
#9338 = CARTESIAN_POINT ( 'NONE',  ( 2.501000000000000334, 0.5216240111658261291, 0.1605789450186506373 ) ) ;
#9339 = FILL_AREA_STYLE ('',( #7452 ) ) ;
#9340 = VECTOR ( 'NONE', #2770, 1000.000000000000000 ) ;
#9341 = STYLED_ITEM ( 'NONE', ( #2030 ), #3268 ) ;
#9342 = DIRECTION ( 'NONE',  ( -3.614007241618347908E-17, 0.000000000000000000, -1.000000000000000000 ) ) ;
#9343 = ORIENTED_EDGE ( 'NONE', *, *, #3434, .T. ) ;
#9344 = EDGE_CURVE ( 'NONE', #3350, #1673, #6113, .T. ) ;
#9345 = LINE ( 'NONE', #6397, #3367 ) ;
#9346 = EDGE_CURVE ( 'NONE', #9089, #9598, #2855, .T. ) ;
#9347 = CARTESIAN_POINT ( 'NONE',  ( 2.501000000000000334, 0.6668262041796806372, 0.4323716643446913754 ) ) ;
#9348 =( NAMED_UNIT ( * ) PLANE_ANGLE_UNIT ( ) SI_UNIT ( $, .RADIAN. ) );
#9349 = SURFACE_SIDE_STYLE ('',( #5541 ) ) ;
#9350 = CARTESIAN_POINT ( 'NONE',  ( 2.501000000000000334, 0.2108403699786665364, 0.5516318973461894482 ) ) ;
#9351 = STYLED_ITEM ( 'NONE', ( #1319 ), #10021 ) ;
#9352 = FILL_AREA_STYLE_COLOUR ( '', #2638 ) ;
#9353 = ORIENTED_EDGE ( 'NONE', *, *, #11230, .F. ) ;
#9354 =( NAMED_UNIT ( * ) SI_UNIT ( $, .STERADIAN. ) SOLID_ANGLE_UNIT ( ) );
#9355 = LINE ( 'NONE', #3584, #913 ) ;
#9356 = DIRECTION ( 'NONE',  ( 0.000000000000000000, 0.2524218971878629536, -0.9676172723861845570 ) ) ;
#9357 = MECHANICAL_DESIGN_GEOMETRIC_PRESENTATION_REPRESENTATION (  '', ( #8549 ), #6158 ) ;
#9358 = ORIENTED_EDGE ( 'NONE', *, *, #12098, .F. ) ;
#9359 = VECTOR ( 'NONE', #2234, 1000.000000000000000 ) ;
#9360 = EDGE_CURVE ( 'NONE', #9, #4328, #10039, .T. ) ;
#9361 = UNCERTAINTY_MEASURE_WITH_UNIT (LENGTH_MEASURE( 1.000000000000000082E-05 ), #2690, 'distance_accuracy_value', 'NONE');
#9362 = LINE ( 'NONE', #11215, #798 ) ;
#9363 = PRESENTATION_STYLE_ASSIGNMENT (( #11443 ) ) ;
#9364 = FILL_AREA_STYLE_COLOUR ( '', #5719 ) ;
#9365 = CARTESIAN_POINT ( 'NONE',  ( 2.501000000000000334, 0.5457463948239242857, 0.2028970922130428900 ) ) ;
#9366 = LINE ( 'NONE', #5440, #9214 ) ;
#9367 = VECTOR ( 'NONE', #530, 1000.000000000000000 ) ;
#9368 = STYLED_ITEM ( 'NONE', ( #2727 ), #340 ) ;
#9369 = DIRECTION ( 'NONE',  ( -0.000000000000000000, 3.198603716350161147E-15, -1.000000000000000000 ) ) ;
#9370 = FILL_AREA_STYLE ('',( #12115 ) ) ;
#9372 = ORIENTED_EDGE ( 'NONE', *, *, #236, .F. ) ;
#9371 = DIRECTION ( 'NONE',  ( -1.000000000000000000, -0.000000000000000000, -0.000000000000000000 ) ) ;
#9373 = CARTESIAN_POINT ( 'NONE',  ( 2.501000000000000334, 0.3285929540011501837, 0.3018820458472852297 ) ) ;
#9374 = DIRECTION ( 'NONE',  ( -1.000000000000000000, 0.000000000000000000, -0.000000000000000000 ) ) ;
#9375 =( GEOMETRIC_REPRESENTATION_CONTEXT ( 3 ) GLOBAL_UNCERTAINTY_ASSIGNED_CONTEXT ( ( #8229 ) ) GLOBAL_UNIT_ASSIGNED_CONTEXT ( ( #11590, #10864, #7938 ) ) REPRESENTATION_CONTEXT ( 'NONE', 'WORKASPACE' ) );
#9376 = PLANE ( 'NONE',  #6489 ) ;
#9377 = EDGE_CURVE ( 'NONE', #3358, #8300, #11988, .T. ) ;
#9378 =( GEOMETRIC_REPRESENTATION_CONTEXT ( 3 ) GLOBAL_UNCERTAINTY_ASSIGNED_CONTEXT ( ( #124 ) ) GLOBAL_UNIT_ASSIGNED_CONTEXT ( ( #349, #9640, #7530 ) ) REPRESENTATION_CONTEXT ( 'NONE', 'WORKASPACE' ) );
#9379 = STYLED_ITEM ( 'NONE', ( #993 ), #4146 ) ;
#9380 = PLANE ( 'NONE',  #4456 ) ;
#9381 = PRESENTATION_STYLE_ASSIGNMENT (( #9498 ) ) ;
#9382 =( NAMED_UNIT ( * ) SI_UNIT ( $, .STERADIAN. ) SOLID_ANGLE_UNIT ( ) );
#9383 = B_SPLINE_CURVE_WITH_KNOTS ( 'NONE', 3,
 ( #6889, #8789, #2406, #11612 ),
 .UNSPECIFIED., .F., .F.,
 ( 4, 4 ),
 ( 5.000000000000000000, 6.000000000000000000 ),
 .UNSPECIFIED. ) ;
#9384 = VECTOR ( 'NONE', #6598, 1000.000000000000000 ) ;
#9386 = VERTEX_POINT ( 'NONE', #7298 ) ;
#9385 = FACE_OUTER_BOUND ( 'NONE', #1009, .T. ) ;
#9387 = CARTESIAN_POINT ( 'NONE',  ( 2.501000000000000334, 0.9495363816256957579, 0.2574843828198626894 ) ) ;
#9388 = ORIENTED_EDGE ( 'NONE', *, *, #4938, .T. ) ;
#9389 = VERTEX_POINT ( 'NONE', #10345 ) ;
#9390 = EDGE_CURVE ( 'NONE', #9675, #6890, #8234, .T. ) ;
#9391 = FILL_AREA_STYLE ('',( #651 ) ) ;
#9392 = FILL_AREA_STYLE ('',( #5591 ) ) ;
#9393 = FACE_OUTER_BOUND ( 'NONE', #3317, .T. ) ;
#9394 = FILL_AREA_STYLE ('',( #10209 ) ) ;
#9395 = LINE ( 'NONE', #12084, #11276 ) ;
#9396 = ORIENTED_EDGE ( 'NONE', *, *, #8124, .F. ) ;
#9397 =( NAMED_UNIT ( * ) PLANE_ANGLE_UNIT ( ) SI_UNIT ( $, .RADIAN. ) );
#9398 = AXIS2_PLACEMENT_3D ( 'NONE', #2717, #6633, #1742 ) ;
#9399 = ORIENTED_EDGE ( 'NONE', *, *, #7420, .T. ) ;
#9400 = CARTESIAN_POINT ( 'NONE',  ( 2.501000000000000334, 0.5152294999801422248, 0.1605789450186506095 ) ) ;
#9401 = ORIENTED_EDGE ( 'NONE', *, *, #11135, .F. ) ;
#9402 = UNCERTAINTY_MEASURE_WITH_UNIT (LENGTH_MEASURE( 1.000000000000000082E-05 ), #11572, 'distance_accuracy_value', 'NONE');
#9403 = FILL_AREA_STYLE_COLOUR ( '', #8132 ) ;
#9404 = PRESENTATION_STYLE_ASSIGNMENT (( #12036 ) ) ;
#9405 = DIRECTION ( 'NONE',  ( -0.000000000000000000, 1.000000000000000000, 3.198603716350161147E-15 ) ) ;
#9406 =( NAMED_UNIT ( * ) PLANE_ANGLE_UNIT ( ) SI_UNIT ( $, .RADIAN. ) );
#9407 = B_SPLINE_SURFACE_WITH_KNOTS ( 'NONE', 3, 1, ( 
 ( #9544, #4137 ),
 ( #1358, #3226 ),
 ( #10839, #6902 ),
 ( #9057, #4340 ) ),
 .UNSPECIFIED., .F., .F., .F.,
 ( 4, 4 ),
 ( 2, 2 ),
 ( 3.000000000000000000, 4.000000000000000000 ),
 ( 0.000000000000000000, 1.000000000000000000 ),
 .UNSPECIFIED. ) ;
#9408 = CARTESIAN_POINT ( 'NONE',  ( 2.500000000000000000, -0.5271340490744741425, 0.2919131300411534902 ) ) ;
#9409 = COLOUR_RGB ( '',0.000000000000000000, 0.000000000000000000, 0.000000000000000000 ) ;
#9410 = VERTEX_POINT ( 'NONE', #1751 ) ;
#9411 = LINE ( 'NONE', #2530, #1199 ) ;
#9412 = CARTESIAN_POINT ( 'NONE',  ( 2.500000000000000000, 0.3365471020609183128, 0.3775764221548520982 ) ) ;
#9413 = EDGE_CURVE ( 'NONE', #3489, #6437, #5491, .T. ) ;
#9414 = ADVANCED_FACE ( 'NONE', ( #1695, #12167, #4592, #3704, #12111, #8477, #7476, #4692, #3771, #6577, #4764, #3885, #10448, #1041 ), #4885, .F. ) ;
#9415 = CARTESIAN_POINT ( 'NONE',  ( 2.500000000000000000, 0.6129667441148385354, 0.3742491968222732002 ) ) ;
#9416 = LINE ( 'NONE', #4684, #7090 ) ;
#9417 = ORIENTED_EDGE ( 'NONE', *, *, #3749, .F. ) ;
#9418 = VECTOR ( 'NONE', #7559, 1000.000000000000000 ) ;
#9419 = SURFACE_SIDE_STYLE ('',( #7649 ) ) ;
#9420 = CARTESIAN_POINT ( 'NONE',  ( 2.500000000000000000, 0.2485315944444836667, 0.7284947189111605770 ) ) ;
#9421 = DIRECTION ( 'NONE',  ( -1.000000000000000000, -0.000000000000000000, -0.000000000000000000 ) ) ;
#9422 = UNCERTAINTY_MEASURE_WITH_UNIT (LENGTH_MEASURE( 1.000000000000000082E-05 ), #4966, 'distance_accuracy_value', 'NONE');
#9424 = LINE ( 'NONE', #8478, #2632 ) ;
#9423 = SURFACE_SIDE_STYLE ('',( #5629 ) ) ;
#9425 = ORIENTED_EDGE ( 'NONE', *, *, #3692, .F. ) ;
#9426 = EDGE_CURVE ( 'NONE', #2206, #4840, #2458, .T. ) ;
#9427 = CARTESIAN_POINT ( 'NONE',  ( 2.501000000000000334, 0.3015592481772202960, 0.3775764221548519872 ) ) ;
#9428 = B_SPLINE_CURVE_WITH_KNOTS ( 'NONE', 3,
 ( #273, #3480, #9995, #10920, #2431, #5248, #6172 ),
 .UNSPECIFIED., .F., .F.,
 ( 4, 3, 4 ),
 ( 0.000000000000000000, 1.000000000000000000, 2.000000000000000000 ),
 .UNSPECIFIED. ) ;
#9429 = FILL_AREA_STYLE ('',( #11105 ) ) ;
#9430 =( NAMED_UNIT ( * ) PLANE_ANGLE_UNIT ( ) SI_UNIT ( $, .RADIAN. ) );
#9431 = PLANE ( 'NONE',  #7733 ) ;
#9432 =( GEOMETRIC_REPRESENTATION_CONTEXT ( 3 ) GLOBAL_UNCERTAINTY_ASSIGNED_CONTEXT ( ( #6859 ) ) GLOBAL_UNIT_ASSIGNED_CONTEXT ( ( #449, #10048, #1550 ) ) REPRESENTATION_CONTEXT ( 'NONE', 'WORKASPACE' ) );
#9433 = DIRECTION ( 'NONE',  ( 0.000000000000000000, -2.128050635766154552E-15, 1.000000000000000000 ) ) ;
#9434 = UNCERTAINTY_MEASURE_WITH_UNIT (LENGTH_MEASURE( 1.000000000000000082E-05 ), #2733, 'distance_accuracy_value', 'NONE');
#9435 = CARTESIAN_POINT ( 'NONE',  ( 2.501000000000000334, -0.1526234049923927139, 0.4292818560854309573 ) ) ;
#9437 = CARTESIAN_POINT ( 'NONE',  ( 2.500000000000000000, 0.2680790432718422323, 0.7121705196255647685 ) ) ;
#9436 = CARTESIAN_POINT ( 'NONE',  ( 2.501000000000000334, 0.4797217671381801551, 0.3463836846648498113 ) ) ;
#9438 = ADVANCED_FACE ( 'NONE', ( #9393 ), #11307, .F. ) ;
#9440 = VERTEX_POINT ( 'NONE', #6012 ) ;
#9439 = SURFACE_SIDE_STYLE ('',( #6656 ) ) ;
#9441 = VERTEX_POINT ( 'NONE', #10750 ) ;
#9442 = CARTESIAN_POINT ( 'NONE',  ( 2.501000000000000334, -0.2032329559622574611, 0.5420688443579297910 ) ) ;
#9443 = EDGE_LOOP ( 'NONE', ( #45, #9155, #10706, #3408 ) ) ;
#9444 = CARTESIAN_POINT ( 'NONE',  ( 2.500000000000000000, 0.3232382007319779538, 0.7584397469016190829 ) ) ;
#9445 = CARTESIAN_POINT ( 'NONE',  ( 2.500000000000000000, 0.8146277919848246007, 0.2289950159133586349 ) ) ;
#9446 = CARTESIAN_POINT ( 'NONE',  ( 2.501000000000000334, 0.2823757146208525914, 0.7272470094116147976 ) ) ;
#9447 = SURFACE_STYLE_FILL_AREA ( #2751 ) ;
#9448 = FILL_AREA_STYLE ('',( #10485 ) ) ;
#9449 =( NAMED_UNIT ( * ) SI_UNIT ( $, .STERADIAN. ) SOLID_ANGLE_UNIT ( ) );
#9450 = CARTESIAN_POINT ( 'NONE',  ( 2.500000000000000000, 0.4345962735701576207, 0.3568852396201582788 ) ) ;
#9451 = FILL_AREA_STYLE ('',( #12200 ) ) ;
#9452 = ADVANCED_FACE ( 'NONE', ( #227 ), #4042, .F. ) ;
#9453 = FACE_OUTER_BOUND ( 'NONE', #6237, .T. ) ;
#9455 = EDGE_CURVE ( 'NONE', #10598, #10307, #170, .T. ) ;
#9454 = VERTEX_POINT ( 'NONE', #3072 ) ;
#9456 = DIRECTION ( 'NONE',  ( -0.000000000000000000, 0.3315284183503984794, 0.9434452330824948385 ) ) ;
#9457 = ORIENTED_EDGE ( 'NONE', *, *, #263, .F. ) ;
#9458 = VERTEX_POINT ( 'NONE', #6742 ) ;
#9459 = FACE_OUTER_BOUND ( 'NONE', #10018, .T. ) ;
#9460 = FILL_AREA_STYLE ('',( #5669 ) ) ;
#9461 = CARTESIAN_POINT ( 'NONE',  ( 2.501000000000000334, -0.3753053961641895642, 0.7228172406794672877 ) ) ;
#9462 = CARTESIAN_POINT ( 'NONE',  ( 2.501000000000000334, -0.2061248861754226280, 0.6201521460534846764 ) ) ;
#9463 = DIRECTION ( 'NONE',  ( 0.000000000000000000, -1.000000000000000000, 0.000000000000000000 ) ) ;
#9464 = CARTESIAN_POINT ( 'NONE',  ( 2.500000000000000000, 0.4279938108014476605, 0.2255638147892600753 ) ) ;
#9465 = PRESENTATION_LAYER_ASSIGNMENT (  '', '', ( #1580 ) ) ;
#9466 = ORIENTED_EDGE ( 'NONE', *, *, #10036, .F. ) ;
#9467 = CARTESIAN_POINT ( 'NONE',  ( 2.501000000000000334, 0.4383913899645452417, 0.5748184988799739381 ) ) ;
#9468 = LINE ( 'NONE', #974, #1418 ) ;
#9469 = DIRECTION ( 'NONE',  ( -1.000000000000000000, -0.000000000000000000, -0.000000000000000000 ) ) ;
#9470 = ORIENTED_EDGE ( 'NONE', *, *, #819, .F. ) ;
#9471 = VECTOR ( 'NONE', #5302, 1000.000000000000000 ) ;
#9472 = STYLED_ITEM ( 'NONE', ( #5877 ), #11312 ) ;
#9473 = DIRECTION ( 'NONE',  ( 1.000000000000000000, 0.000000000000000000, -0.000000000000000000 ) ) ;
#9474 =( NAMED_UNIT ( * ) PLANE_ANGLE_UNIT ( ) SI_UNIT ( $, .RADIAN. ) );
#9475 =( GEOMETRIC_REPRESENTATION_CONTEXT ( 3 ) GLOBAL_UNCERTAINTY_ASSIGNED_CONTEXT ( ( #7226 ) ) GLOBAL_UNIT_ASSIGNED_CONTEXT ( ( #11509, #186, #3029 ) ) REPRESENTATION_CONTEXT ( 'NONE', 'WORKASPACE' ) );
#9476 = SURFACE_STYLE_FILL_AREA ( #4884 ) ;
#9477 = CARTESIAN_POINT ( 'NONE',  ( 2.501000000000000334, 0.6906886483596816895, 0.6100662922431530077 ) ) ;
#9478 = VECTOR ( 'NONE', #6295, 1000.000000000000000 ) ;
#9479 = MECHANICAL_DESIGN_GEOMETRIC_PRESENTATION_REPRESENTATION (  '', ( #8679 ), #3352 ) ;
#9480 = CARTESIAN_POINT ( 'NONE',  ( 2.501000000000000334, 0.7658111578125363916, 0.3438882656657558656 ) ) ;
#9481 = EDGE_LOOP ( 'NONE', ( #4427, #6951, #1494, #3328 ) ) ;
#9482 = VECTOR ( 'NONE', #2047, 1000.000000000000000 ) ;
#9484 = ORIENTED_EDGE ( 'NONE', *, *, #9767, .F. ) ;
#9483 = CARTESIAN_POINT ( 'NONE',  ( 2.500000000000000000, 0.4838288109071122167, 0.2860777255192613056 ) ) ;
#9485 = CARTESIAN_POINT ( 'NONE',  ( 2.501000000000000334, 0.000000000000000000, 0.000000000000000000 ) ) ;
#9486 = ORIENTED_EDGE ( 'NONE', *, *, #11552, .T. ) ;
#9487 = STYLED_ITEM ( 'NONE', ( #10807 ), #1633 ) ;
#9488 = VECTOR ( 'NONE', #7592, 1000.000000000000000 ) ;
#9489 = CARTESIAN_POINT ( 'NONE',  ( 2.501000000000000334, 0.8705667678826980449, 0.2289950159133588570 ) ) ;
#9490 = EDGE_CURVE ( 'NONE', #3861, #5982, #6860, .T. ) ;
#9491 = STYLED_ITEM ( 'NONE', ( #1944 ), #11933 ) ;
#9492 = MECHANICAL_DESIGN_GEOMETRIC_PRESENTATION_REPRESENTATION (  '', ( #7094 ), #6288 ) ;
#9493 = EDGE_CURVE ( 'NONE', #1333, #10085, #11213, .T. ) ;
#9494 = VECTOR ( 'NONE', #11200, 1000.000000000000000 ) ;
#9495 = SURFACE_STYLE_FILL_AREA ( #10410 ) ;
#9496 = MECHANICAL_DESIGN_GEOMETRIC_PRESENTATION_REPRESENTATION (  '', ( #1985 ), #3557 ) ;
#9497 = DIRECTION ( 'NONE',  ( -0.000000000000000000, -1.000000000000000000, -3.104947329618985886E-15 ) ) ;
#9498 = SURFACE_STYLE_USAGE ( .BOTH. , #5581 ) ;
#9499 = SURFACE_STYLE_USAGE ( .BOTH. , #1942 ) ;
#9501 = ORIENTED_EDGE ( 'NONE', *, *, #1882, .F. ) ;
#9500 = SURFACE_SIDE_STYLE ('',( #11298 ) ) ;
#9502 = COLOUR_RGB ( '',0.000000000000000000, 0.000000000000000000, 0.000000000000000000 ) ;
#9503 = LINE ( 'NONE', #4788, #6769 ) ;
#9504 =( GEOMETRIC_REPRESENTATION_CONTEXT ( 3 ) GLOBAL_UNCERTAINTY_ASSIGNED_CONTEXT ( ( #6153 ) ) GLOBAL_UNIT_ASSIGNED_CONTEXT ( ( #6605, #6985, #1435 ) ) REPRESENTATION_CONTEXT ( 'NONE', 'WORKASPACE' ) );
#9505 = UNCERTAINTY_MEASURE_WITH_UNIT (LENGTH_MEASURE( 1.000000000000000082E-05 ), #7765, 'distance_accuracy_value', 'NONE');
#9506 = ORIENTED_EDGE ( 'NONE', *, *, #5843, .F. ) ;
#9507 = CARTESIAN_POINT ( 'NONE',  ( 2.501000000000000334, 0.8146277919848246007, 0.2289950159133586349 ) ) ;
#9508 = CARTESIAN_POINT ( 'NONE',  ( 2.501000000000000334, 0.5695048632124164456, 0.2531173995707617919 ) ) ;
#9509 = FILL_AREA_STYLE ('',( #5655 ) ) ;
#9510 = FILL_AREA_STYLE ('',( #5710 ) ) ;
#9511 = EDGE_CURVE ( 'NONE', #5772, #6662, #10560, .T. ) ;
#9512 = VECTOR ( 'NONE', #2472, 1000.000000000000000 ) ;
#9513 = CARTESIAN_POINT ( 'NONE',  ( 2.501000000000000334, 0.2680790432718422323, 0.7121705196255647685 ) ) ;
#9514 = CARTESIAN_POINT ( 'NONE',  ( 2.501000000000000334, -0.3304798159407296154, 0.3179408329191652505 ) ) ;
#9515 = CARTESIAN_POINT ( 'NONE',  ( 2.501000000000000334, 0.4866881451771898903, 0.2685058167327331602 ) ) ;
#9516 =( NAMED_UNIT ( * ) SI_UNIT ( $, .STERADIAN. ) SOLID_ANGLE_UNIT ( ) );
#9517 = LINE ( 'NONE', #52, #16 ) ;
#9518 = SURFACE_STYLE_USAGE ( .BOTH. , #6674 ) ;
#9519 = AXIS2_PLACEMENT_3D ( 'NONE', #6941, #2392, #6015 ) ;
#9520 = CARTESIAN_POINT ( 'NONE',  ( 2.500000000000000000, 0.7853586066392009846, 0.6072589458695240028 ) ) ;
#9521 = ORIENTED_EDGE ( 'NONE', *, *, #5292, .T. ) ;
#9522 = UNCERTAINTY_MEASURE_WITH_UNIT (LENGTH_MEASURE( 1.000000000000000082E-05 ), #8146, 'distance_accuracy_value', 'NONE');
#9523 = CARTESIAN_POINT ( 'NONE',  ( 2.500000000000000000, 0.7658111578125363916, 0.3438882656657558101 ) ) ;
#9524 = CARTESIAN_POINT ( 'NONE',  ( 2.501000000000000334, 0.2452563570083526878, 0.5759622325880048299 ) ) ;
#9525 = ADVANCED_FACE ( 'NONE', ( #9757 ), #10093, .F. ) ;
#9526 = DIRECTION ( 'NONE',  ( 0.000000000000000000, 2.677136871685363581E-15, -1.000000000000000000 ) ) ;
#9527 = VECTOR ( 'NONE', #8449, 1000.000000000000000 ) ;
#9528 = DIRECTION ( 'NONE',  ( -1.000000000000000000, -0.000000000000000000, -0.000000000000000000 ) ) ;
#9529 =( LENGTH_UNIT ( ) NAMED_UNIT ( * ) SI_UNIT ( .MILLI., .METRE. ) );
#9530 = FACE_OUTER_BOUND ( 'NONE', #12146, .T. ) ;
#9531 = FILL_AREA_STYLE ('',( #969 ) ) ;
#9532 = ORIENTED_EDGE ( 'NONE', *, *, #2233, .F. ) ;
#9533 = CARTESIAN_POINT ( 'NONE',  ( 2.501000000000000334, -0.3753053961641879543, 0.2731152526957092985 ) ) ;
#9534 = CARTESIAN_POINT ( 'NONE',  ( 2.501000000000000334, 0.9914906135484093941, 0.2289950159133592733 ) ) ;
#9535 = SURFACE_STYLE_FILL_AREA ( #4633 ) ;
#9536 = STYLED_ITEM ( 'NONE', ( #8244 ), #5226 ) ;
#9537 = ORIENTED_EDGE ( 'NONE', *, *, #9163, .F. ) ;
#9538 =( NAMED_UNIT ( * ) PLANE_ANGLE_UNIT ( ) SI_UNIT ( $, .RADIAN. ) );
#9539 = EDGE_CURVE ( 'NONE', #5948, #9034, #2192, .T. ) ;
#9540 = VECTOR ( 'NONE', #4039, 1000.000000000000114 ) ;
#9541 = EDGE_CURVE ( 'NONE', #9010, #1622, #8880, .T. ) ;
#9542 = DIRECTION ( 'NONE',  ( -1.000000000000000000, -0.000000000000000000, -0.000000000000000000 ) ) ;
#9543 = CARTESIAN_POINT ( 'NONE',  ( 2.501000000000000334, 0.2485315944444836667, 0.7284947189111605770 ) ) ;
#9544 = CARTESIAN_POINT ( 'NONE',  ( 2.501000000000000334, -0.6543809090536403250, 0.7531829698819683117 ) ) ;
#9545 = UNCERTAINTY_MEASURE_WITH_UNIT (LENGTH_MEASURE( 1.000000000000000082E-05 ), #2116, 'distance_accuracy_value', 'NONE');
#9546 = DIRECTION ( 'NONE',  ( -1.000000000000000000, -0.000000000000000000, -0.000000000000000000 ) ) ;
#9547 = LINE ( 'NONE', #4831, #5295 ) ;
#9548 = VERTEX_POINT ( 'NONE', #4895 ) ;
#9549 = STYLED_ITEM ( 'NONE', ( #7711 ), #8414 ) ;
#9551 = ORIENTED_EDGE ( 'NONE', *, *, #4632, .T. ) ;
#9550 = CARTESIAN_POINT ( 'NONE',  ( 2.500000000000000000, 0.3540670229509980671, 0.3592766828277341729 ) ) ;
#9552 = ORIENTED_EDGE ( 'NONE', *, *, #10649, .T. ) ;
#9553 = LINE ( 'NONE', #7846, #4355 ) ;
#9554 = ORIENTED_EDGE ( 'NONE', *, *, #10258, .F. ) ;
#9555 = VECTOR ( 'NONE', #5912, 1000.000000000000114 ) ;
#9556 = VERTEX_POINT ( 'NONE', #3492 ) ;
#9557 = STYLED_ITEM ( 'NONE', ( #321 ), #8772 ) ;
#9558 = PRESENTATION_LAYER_ASSIGNMENT (  '', '', ( #6970 ) ) ;
#9559 = UNCERTAINTY_MEASURE_WITH_UNIT (LENGTH_MEASURE( 1.000000000000000082E-05 ), #5694, 'distance_accuracy_value', 'NONE');
#9560 = PLANE ( 'NONE',  #9591 ) ;
#9562 = ORIENTED_EDGE ( 'NONE', *, *, #3079, .T. ) ;
#9561 =( NAMED_UNIT ( * ) SI_UNIT ( $, .STERADIAN. ) SOLID_ANGLE_UNIT ( ) );
#9563 = EDGE_CURVE ( 'NONE', #1049, #1240, #8593, .T. ) ;
#9564 = CARTESIAN_POINT ( 'NONE',  ( 2.500000000000000000, 0.4304892298005331686, 0.2463589731154729734 ) ) ;
#9565 = EDGE_CURVE ( 'NONE', #1129, #8844, #4940, .T. ) ;
#9566 = PRESENTATION_LAYER_ASSIGNMENT (  '', '', ( #1459 ) ) ;
#9567 = ORIENTED_EDGE ( 'NONE', *, *, #5713, .T. ) ;
#9568 = CARTESIAN_POINT ( 'NONE',  ( 2.500000000000000000, 0.4227430333237924831, 0.3514784984545376578 ) ) ;
#9569 = EDGE_LOOP ( 'NONE', ( #8101, #7605, #1201, #9101 ) ) ;
#9570 = CARTESIAN_POINT ( 'NONE',  ( 2.501000000000000334, 0.9291051385711689425, 0.4234297462634666331 ) ) ;
#9571 = PRESENTATION_LAYER_ASSIGNMENT (  '', '', ( #6975 ) ) ;
#9572 = FILL_AREA_STYLE_COLOUR ( '', #5898 ) ;
#9573 = PRESENTATION_LAYER_ASSIGNMENT (  '', '', ( #5800 ) ) ;
#9574 = SURFACE_STYLE_FILL_AREA ( #11126 ) ;
#9575 = CARTESIAN_POINT ( 'NONE',  ( 2.500000000000000000, 0.5611867998816577607, 0.1760713379721396687 ) ) ;
#9576 = FACE_OUTER_BOUND ( 'NONE', #5413, .T. ) ;
#9577 = LINE ( 'NONE', #4667, #7504 ) ;
#9578 = AXIS2_PLACEMENT_3D ( 'NONE', #1406, #3212, #2342 ) ;
#9579 =( LENGTH_UNIT ( ) NAMED_UNIT ( * ) SI_UNIT ( .MILLI., .METRE. ) );
#9580 = EDGE_CURVE ( 'NONE', #105, #11365, #4005, .T. ) ;
#9581 = ORIENTED_EDGE ( 'NONE', *, *, #750, .T. ) ;
#9582 = PRESENTATION_STYLE_ASSIGNMENT (( #6679 ) ) ;
#9583 = ORIENTED_EDGE ( 'NONE', *, *, #1290, .T. ) ;
#9584 = CARTESIAN_POINT ( 'NONE',  ( -0.9000000000000000222, 0.2500000000000000000, -3.182398797249132245E-17 ) ) ;
#9585 = CARTESIAN_POINT ( 'NONE',  ( 2.501000000000000334, 0.6480585737893667098, 0.5516318973461911135 ) ) ;
#9586 = FACE_OUTER_BOUND ( 'NONE', #8448, .T. ) ;
#9587 = CARTESIAN_POINT ( 'NONE',  ( 2.501000000000000334, 0.2373541968443405037, 0.2950196435990998789 ) ) ;
#9588 =( NAMED_UNIT ( * ) SI_UNIT ( $, .STERADIAN. ) SOLID_ANGLE_UNIT ( ) );
#9589 = CARTESIAN_POINT ( 'NONE',  ( 2.501000000000000334, 0.4703119579951469120, 0.2371051276597024027 ) ) ;
#9590 = SURFACE_SIDE_STYLE ('',( #11163 ) ) ;
#9591 = AXIS2_PLACEMENT_3D ( 'NONE', #10302, #100, #2803 ) ;
#9592 =( LENGTH_UNIT ( ) NAMED_UNIT ( * ) SI_UNIT ( .MILLI., .METRE. ) );
#9593 = CARTESIAN_POINT ( 'NONE',  ( 2.501000000000000334, 0.3885869857728882493, 0.2340898297030533093 ) ) ;
#9594 = EDGE_CURVE ( 'NONE', #4751, #10740, #2963, .T. ) ;
#9595 = CARTESIAN_POINT ( 'NONE',  ( 2.501000000000000334, 0.4273179681559186593, 0.2928361519745508179 ) ) ;
#9596 = FILL_AREA_STYLE ('',( #11438 ) ) ;
#9597 = ORIENTED_EDGE ( 'NONE', *, *, #7127, .T. ) ;
#9598 = VERTEX_POINT ( 'NONE', #1923 ) ;
#9599 = CARTESIAN_POINT ( 'NONE',  ( 2.501000000000000334, 0.6948476800243674756, 0.5801212642526935026 ) ) ;
#9600 = CARTESIAN_POINT ( 'NONE',  ( 2.500000000000000000, 0.3285929540011503502, 0.2514537869051605146 ) ) ;
#9601 = SURFACE_SIDE_STYLE ('',( #1036 ) ) ;
#9602 = CARTESIAN_POINT ( 'NONE',  ( 2.501000000000000334, -0.3304798159407296154, 0.3179408329191652505 ) ) ;
#9603 = CARTESIAN_POINT ( 'NONE',  ( 2.501000000000000334, 0.2533664687553985884, 0.6073629216610356707 ) ) ;
#9604 = FILL_AREA_STYLE_COLOUR ( '', #11475 ) ;
#9606 = CARTESIAN_POINT ( 'NONE',  ( 2.501000000000000334, 0.3461258718651621935, 0.5511640062835141407 ) ) ;
#9605 = DIRECTION ( 'NONE',  ( -1.000000000000000000, -0.000000000000000000, -0.000000000000000000 ) ) ;
#9607 = ADVANCED_FACE ( 'NONE', ( #7644 ), #8200, .F. ) ;
#9608 = VERTEX_POINT ( 'NONE', #482 ) ;
#9609 = EDGE_CURVE ( 'NONE', #10282, #3358, #4263, .T. ) ;
#9610 =( GEOMETRIC_REPRESENTATION_CONTEXT ( 3 ) GLOBAL_UNCERTAINTY_ASSIGNED_CONTEXT ( ( #9173 ) ) GLOBAL_UNIT_ASSIGNED_CONTEXT ( ( #3963, #11659, #10755 ) ) REPRESENTATION_CONTEXT ( 'NONE', 'WORKASPACE' ) );
#9611 = ORIENTED_EDGE ( 'NONE', *, *, #5880, .T. ) ;
#9612 = ORIENTED_EDGE ( 'NONE', *, *, #4052, .F. ) ;
#9613 = ORIENTED_EDGE ( 'NONE', *, *, #6066, .F. ) ;
#9614 = B_SPLINE_CURVE_WITH_KNOTS ( 'NONE', 3,
 ( #2084, #5614, #5742, #4878 ),
 .UNSPECIFIED., .F., .F.,
 ( 4, 4 ),
 ( 5.000000000000000000, 6.000000000000000000 ),
 .UNSPECIFIED. ) ;
#9615 = CARTESIAN_POINT ( 'NONE',  ( 2.500000000000000000, 0.3178834474635015561, 0.2341938054945635894 ) ) ;
#9616 = ORIENTED_EDGE ( 'NONE', *, *, #8199, .F. ) ;
#9617 = CARTESIAN_POINT ( 'NONE',  ( 2.500000000000000000, -0.7903037251517165407, 0.1733421710208657152 ) ) ;
#9618 = CARTESIAN_POINT ( 'NONE',  ( 2.500000000000000000, 0.9802092401581365966, 0.3017780700543922778 ) ) ;
#9620 = FACE_OUTER_BOUND ( 'NONE', #4181, .T. ) ;
#9619 = DIRECTION ( 'NONE',  ( -1.000000000000000000, -0.000000000000000000, -0.000000000000000000 ) ) ;
#9621 = CARTESIAN_POINT ( 'NONE',  ( 2.500000000000000000, 0.7715818142484478503, 0.4323716643446917640 ) ) ;
#9623 = ORIENTED_EDGE ( 'NONE', *, *, #11567, .T. ) ;
#9622 =( NAMED_UNIT ( * ) PLANE_ANGLE_UNIT ( ) SI_UNIT ( $, .RADIAN. ) );
#9624 = FACE_OUTER_BOUND ( 'NONE', #11767, .T. ) ;
#9625 = CARTESIAN_POINT ( 'NONE',  ( 2.500000000000000000, 0.2626723021069166109, 0.5574545416778604601 ) ) ;
#9626 = ORIENTED_EDGE ( 'NONE', *, *, #6604, .F. ) ;
#9627 = DIRECTION ( 'NONE',  ( -1.000000000000000000, -0.000000000000000000, -0.000000000000000000 ) ) ;
#9628 = UNCERTAINTY_MEASURE_WITH_UNIT (LENGTH_MEASURE( 1.000000000000000082E-05 ), #11470, 'distance_accuracy_value', 'NONE');
#9629 = CARTESIAN_POINT ( 'NONE',  ( 2.501000000000000334, -0.6543809090536403250, 0.7531829698819683117 ) ) ;
#9630 = COLOUR_RGB ( '',0.000000000000000000, 0.000000000000000000, 0.000000000000000000 ) ;
#9631 = EDGE_LOOP ( 'NONE', ( #552, #2620, #11883, #9225 ) ) ;
#9632 = FACE_OUTER_BOUND ( 'NONE', #11477, .T. ) ;
#9633 = DIRECTION ( 'NONE',  ( 4.336808689942017736E-16, -0.000000000000000000, 1.000000000000000000 ) ) ;
#9634 = CARTESIAN_POINT ( 'NONE',  ( 2.501000000000000334, 0.6617313903899824101, 0.5818888527111901743 ) ) ;
#9635 = ADVANCED_FACE ( 'NONE', ( #7062 ), #10885, .T. ) ;
#9636 = CARTESIAN_POINT ( 'NONE',  ( 2.500000000000000000, 0.9495363816256953138, 0.4054419343122745434 ) ) ;
#9637 = CARTESIAN_POINT ( 'NONE',  ( -1.699999999999999734, -0.2500000000000000000, -3.061616997868386099E-17 ) ) ;
#9638 = FILL_AREA_STYLE_COLOUR ( '', #10267 ) ;
#9639 = SURFACE_SIDE_STYLE ('',( #117 ) ) ;
#9640 =( NAMED_UNIT ( * ) PLANE_ANGLE_UNIT ( ) SI_UNIT ( $, .RADIAN. ) );
#9641 = SURFACE_STYLE_USAGE ( .BOTH. , #5848 ) ;
#9642 = ORIENTED_EDGE ( 'NONE', *, *, #6077, .F. ) ;
#9643 = UNCERTAINTY_MEASURE_WITH_UNIT (LENGTH_MEASURE( 1.000000000000000082E-05 ), #9859, 'distance_accuracy_value', 'NONE');
#9644 = CARTESIAN_POINT ( 'NONE',  ( 2.501000000000000334, 0.6744164369684616522, 0.5610936943849827996 ) ) ;
#9645 = CARTESIAN_POINT ( 'NONE',  ( 2.500000000000000000, 0.3887429494601593594, 0.3350503233774336787 ) ) ;
#9646 =( NAMED_UNIT ( * ) PLANE_ANGLE_UNIT ( ) SI_UNIT ( $, .RADIAN. ) );
#9647 = PLANE ( 'NONE',  #10891 ) ;
#9648 = CARTESIAN_POINT ( 'NONE',  ( 2.501000000000000334, 0.2534184566518478121, 0.3108239639271325738 ) ) ;
#9649 = CARTESIAN_POINT ( 'NONE',  ( 2.500000000000000000, 0.8274168143548045196, 0.7290145978701134677 ) ) ;
#9650 = EDGE_CURVE ( 'NONE', #5293, #10194, #5537, .T. ) ;
#9651 = SURFACE_STYLE_USAGE ( .BOTH. , #2218 ) ;
#9652 = CARTESIAN_POINT ( 'NONE',  ( 2.501000000000000334, 0.4325167577371252237, 0.3163346808828755852 ) ) ;
#9653 = EDGE_CURVE ( 'NONE', #11726, #5788, #10625, .T. ) ;
#9654 = DIRECTION ( 'NONE',  ( 0.000000000000000000, 0.3416038306902493549, -0.9398440417738186392 ) ) ;
#9655 = DIRECTION ( 'NONE',  ( -1.000000000000000000, -0.000000000000000000, -0.000000000000000000 ) ) ;
#9656 = ORIENTED_EDGE ( 'NONE', *, *, #10155, .F. ) ;
#9657 = UNCERTAINTY_MEASURE_WITH_UNIT (LENGTH_MEASURE( 1.000000000000000082E-05 ), #10111, 'distance_accuracy_value', 'NONE');
#9658 = CARTESIAN_POINT ( 'NONE',  ( 2.501000000000000334, 0.4453057801077996425, 0.3775764221548525423 ) ) ;
#9659 = VERTEX_POINT ( 'NONE', #3990 ) ;
#9660 = ORIENTED_EDGE ( 'NONE', *, *, #561, .T. ) ;
#9661 = FILL_AREA_STYLE ('',( #2149 ) ) ;
#9662 = SURFACE_STYLE_USAGE ( .BOTH. , #3940 ) ;
#9663 =( LENGTH_UNIT ( ) NAMED_UNIT ( * ) SI_UNIT ( .MILLI., .METRE. ) );
#9664 = EDGE_CURVE ( 'NONE', #7665, #60, #2932, .T. ) ;
#9665 = SURFACE_STYLE_USAGE ( .BOTH. , #6833 ) ;
#9667 = DIRECTION ( 'NONE',  ( 0.000000000000000000, -1.000000000000000000, -9.310221531588289164E-15 ) ) ;
#9666 = CARTESIAN_POINT ( 'NONE',  ( 2.501000000000000334, 0.5168931126464334502, 0.7316139926607150290 ) ) ;
#9668 = ORIENTED_EDGE ( 'NONE', *, *, #9810, .F. ) ;
#9669 = MECHANICAL_DESIGN_GEOMETRIC_PRESENTATION_REPRESENTATION (  '', ( #4905 ), #7666 ) ;
#9670 = VERTEX_POINT ( 'NONE', #1965 ) ;
#9671 = EDGE_LOOP ( 'NONE', ( #2076, #8790, #7033, #3974 ) ) ;
#9672 =( NAMED_UNIT ( * ) PLANE_ANGLE_UNIT ( ) SI_UNIT ( $, .RADIAN. ) );
#9673 = EDGE_LOOP ( 'NONE', ( #6823, #7058, #2738, #4434 ) ) ;
#9674 = DIRECTION ( 'NONE',  ( 0.000000000000000000, -1.000000000000000000, -3.331453071941913615E-15 ) ) ;
#9676 = EDGE_CURVE ( 'NONE', #3422, #271, #2022, .T. ) ;
#9675 = VERTEX_POINT ( 'NONE', #1084 ) ;
#9677 = VECTOR ( 'NONE', #6917, 1000.000000000000000 ) ;
#9678 =( NAMED_UNIT ( * ) SI_UNIT ( $, .STERADIAN. ) SOLID_ANGLE_UNIT ( ) );
#9679 = PRESENTATION_LAYER_ASSIGNMENT (  '', '', ( #10445 ) ) ;
#9680 = PRESENTATION_LAYER_ASSIGNMENT (  '', '', ( #2747 ) ) ;
#9681 = UNCERTAINTY_MEASURE_WITH_UNIT (LENGTH_MEASURE( 1.000000000000000082E-05 ), #7523, 'distance_accuracy_value', 'NONE');
#9682 = PRESENTATION_STYLE_ASSIGNMENT (( #2115 ) ) ;
#9683 = LINE ( 'NONE', #3727, #4473 ) ;
#9684 = COLOUR_RGB ( '',0.000000000000000000, 0.000000000000000000, 0.000000000000000000 ) ;
#9685 = ORIENTED_EDGE ( 'NONE', *, *, #11313, .T. ) ;
#9686 = CARTESIAN_POINT ( 'NONE',  ( 2.500000000000000000, 0.4453057801077996425, 0.3775764221548525423 ) ) ;
#9687 = VECTOR ( 'NONE', #5781, 1000.000000000000000 ) ;
#9688 = DIRECTION ( 'NONE',  ( 0.000000000000000000, -1.000000000000000000, -1.588339393040735161E-15 ) ) ;
#9689 = B_SPLINE_CURVE_WITH_KNOTS ( 'NONE', 3,
 ( #5228, #3624, #8328, #2639 ),
 .UNSPECIFIED., .F., .F.,
 ( 4, 4 ),
 ( 3.000000000000000000, 4.000000000000000000 ),
 .UNSPECIFIED. ) ;
#9690 = CARTESIAN_POINT ( 'NONE',  ( 2.500000000000000000, 0.6756121585722466572, 0.7124824470001057675 ) ) ;
#9691 = ORIENTED_EDGE ( 'NONE', *, *, #6135, .T. ) ;
#9692 = PRESENTATION_LAYER_ASSIGNMENT (  '', '', ( #2754 ) ) ;
#9694 = ORIENTED_EDGE ( 'NONE', *, *, #4290, .F. ) ;
#9693 = PRESENTATION_LAYER_ASSIGNMENT (  '', '', ( #2965 ) ) ;
#9695 = PRESENTATION_LAYER_ASSIGNMENT (  '', '', ( #3371 ) ) ;
#9696 = CARTESIAN_POINT ( 'NONE',  ( 2.501000000000000334, 0.2819598114541069234, 0.2464629489069815604 ) ) ;
#9697 = CARTESIAN_POINT ( 'NONE',  ( 2.501000000000000334, 0.2373541968443405037, 0.2950196435990998789 ) ) ;
#9698 = EDGE_CURVE ( 'NONE', #3708, #6585, #3013, .T. ) ;
#9699 = CARTESIAN_POINT ( 'NONE',  ( 2.501000000000000334, 0.8291844028119207399, 0.7222561714134376754 ) ) ;
#9700 = CARTESIAN_POINT ( 'NONE',  ( 2.501000000000000334, 0.2485315944444836667, 0.7284947189111605770 ) ) ;
#9701 = CARTESIAN_POINT ( 'NONE',  ( 2.500000000000000000, -0.5271340490744736984, 0.2774532583344880288 ) ) ;
#9702 = FACE_OUTER_BOUND ( 'NONE', #10010, .T. ) ;
#9703 = STYLED_ITEM ( 'NONE', ( #10643 ), #1848 ) ;
#9704 = MECHANICAL_DESIGN_GEOMETRIC_PRESENTATION_REPRESENTATION (  '', ( #11848 ), #4371 ) ;
#9705 = FILL_AREA_STYLE ('',( #407 ) ) ;
#9706 = STYLED_ITEM ( 'NONE', ( #4195 ), #7004 ) ;
#9707 = MECHANICAL_DESIGN_GEOMETRIC_PRESENTATION_REPRESENTATION (  '', ( #4552 ), #1386 ) ;
#9708 = FILL_AREA_STYLE ('',( #7815 ) ) ;
#9709 = ORIENTED_EDGE ( 'NONE', *, *, #842, .F. ) ;
#9710 = CARTESIAN_POINT ( 'NONE',  ( 2.500000000000000000, -0.8076555270701600842, 0.3280628093057441075 ) ) ;
#9711 =( GEOMETRIC_REPRESENTATION_CONTEXT ( 3 ) GLOBAL_UNCERTAINTY_ASSIGNED_CONTEXT ( ( #3089 ) ) GLOBAL_UNIT_ASSIGNED_CONTEXT ( ( #11180, #5582, #7840 ) ) REPRESENTATION_CONTEXT ( 'NONE', 'WORKASPACE' ) );
#9712 =( NAMED_UNIT ( * ) PLANE_ANGLE_UNIT ( ) SI_UNIT ( $, .RADIAN. ) );
#9713 = CARTESIAN_POINT ( 'NONE',  ( 2.500000000000000000, 0.3151280889849391031, 0.5482006962220953294 ) ) ;
#9714 = FILL_AREA_STYLE_COLOUR ( '', #6142 ) ;
#9715 = B_SPLINE_CURVE_WITH_KNOTS ( 'NONE', 3,
 ( #8529, #70, #11391, #10440 ),
 .UNSPECIFIED., .F., .F.,
 ( 4, 4 ),
 ( 5.000000000000000000, 6.000000000000000000 ),
 .UNSPECIFIED. ) ;
#9716 = CARTESIAN_POINT ( 'NONE',  ( 2.501000000000000334, 0.2515468924018348096, 0.3640595692428862939 ) ) ;
#9717 = DIRECTION ( 'NONE',  ( -1.000000000000000000, -0.000000000000000000, -0.000000000000000000 ) ) ;
#9718 = ORIENTED_EDGE ( 'NONE', *, *, #4882, .T. ) ;
#9719 = FILL_AREA_STYLE_COLOUR ( '', #6747 ) ;
#9720 = VECTOR ( 'NONE', #7213, 1000.000000000000000 ) ;
#9721 = CARTESIAN_POINT ( 'NONE',  ( 2.500000000000000000, -0.3275878857275646427, 0.3179408329191652505 ) ) ;
#9722 = EDGE_CURVE ( 'NONE', #3675, #7210, #2796, .T. ) ;
#9723 = ADVANCED_FACE ( 'NONE', ( #6815 ), #4259, .F. ) ;
#9724 = B_SPLINE_SURFACE_WITH_KNOTS ( 'NONE', 3, 1, ( 
 ( #4510, #11605 ),
 ( #9648, #10630 ),
 ( #9587, #2214 ),
 ( #3314, #5315 ) ),
 .UNSPECIFIED., .F., .F., .F.,
 ( 4, 4 ),
 ( 2, 2 ),
 ( 9.000000000000000000, 10.00000000000000000 ),
 ( 0.000000000000000000, 1.000000000000000000 ),
 .UNSPECIFIED. ) ;
#9725 = VECTOR ( 'NONE', #9469, 1000.000000000000000 ) ;
#9726 =( NAMED_UNIT ( * ) SI_UNIT ( $, .STERADIAN. ) SOLID_ANGLE_UNIT ( ) );
#9727 = STYLED_ITEM ( 'NONE', ( #11411 ), #9525 ) ;
#9728 = SURFACE_SIDE_STYLE ('',( #2096 ) ) ;
#9729 = VERTEX_POINT ( 'NONE', #9218 ) ;
#9730 = PRESENTATION_STYLE_ASSIGNMENT (( #8943 ) ) ;
#9731 = CARTESIAN_POINT ( 'NONE',  ( 2.501000000000000334, 0.3540670229509983447, 0.3224692525890843209 ) ) ;
#9732 = COLOUR_RGB ( '',0.000000000000000000, 0.000000000000000000, 0.000000000000000000 ) ;
#9734 = ORIENTED_EDGE ( 'NONE', *, *, #11206, .T. ) ;
#9733 =( NAMED_UNIT ( * ) PLANE_ANGLE_UNIT ( ) SI_UNIT ( $, .RADIAN. ) );
#9735 = CARTESIAN_POINT ( 'NONE',  ( 2.500000000000000000, 0.4304892298005331686, 0.2463589731154729734 ) ) ;
#9736 = FILL_AREA_STYLE ('',( #6840 ) ) ;
#9737 = VERTEX_POINT ( 'NONE', #7188 ) ;
#9738 = EDGE_CURVE ( 'NONE', #4153, #3888, #5389, .T. ) ;
#9739 = DIRECTION ( 'NONE',  ( 1.000000000000000000, 0.000000000000000000, -6.123233995736768501E-17 ) ) ;
#9740 = B_SPLINE_CURVE_WITH_KNOTS ( 'NONE', 3,
 ( #10158, #845, #11384, #959 ),
 .UNSPECIFIED., .F., .F.,
 ( 4, 4 ),
 ( 0.000000000000000000, 1.000000000000000000 ),
 .UNSPECIFIED. ) ;
#9741 = ORIENTED_EDGE ( 'NONE', *, *, #10466, .F. ) ;
#9742 = DIRECTION ( 'NONE',  ( -0.000000000000000000, -0.000000000000000000, 1.000000000000000000 ) ) ;
#9743 = CARTESIAN_POINT ( 'NONE',  ( 2.501000000000000334, 0.6930800915672585827, 0.4089771112278826615 ) ) ;
#9744 = ORIENTED_EDGE ( 'NONE', *, *, #788, .F. ) ;
#9745 = COLOUR_RGB ( '',0.000000000000000000, 0.000000000000000000, 0.000000000000000000 ) ;
#9746 = MECHANICAL_DESIGN_GEOMETRIC_PRESENTATION_REPRESENTATION (  '', ( #1020 ), #4419 ) ;
#9748 = EDGE_LOOP ( 'NONE', ( #2120, #5554, #7265, #5920 ) ) ;
#9747 = CARTESIAN_POINT ( 'NONE',  ( 2.500000000000000000, 0.4605382335818141160, 0.2660103977336463199 ) ) ;
#9749 = CARTESIAN_POINT ( 'NONE',  ( 2.501000000000000334, 0.7936766699699597805, 0.6302375958202814932 ) ) ;
#9750 = ADVANCED_FACE ( 'NONE', ( #3545 ), #4464, .F. ) ;
#9751 = EDGE_LOOP ( 'NONE', ( #2443, #1507, #663, #11984 ) ) ;
#9752 = EDGE_LOOP ( 'NONE', ( #5883, #8727, #5149, #5980 ) ) ;
#9753 =( GEOMETRIC_REPRESENTATION_CONTEXT ( 3 ) GLOBAL_UNCERTAINTY_ASSIGNED_CONTEXT ( ( #9784 ) ) GLOBAL_UNIT_ASSIGNED_CONTEXT ( ( #3416, #606, #4278 ) ) REPRESENTATION_CONTEXT ( 'NONE', 'WORKASPACE' ) );
#9754 = CARTESIAN_POINT ( 'NONE',  ( 2.501000000000000334, 0.2855469762654684329, 0.3152949229677414755 ) ) ;
#9755 = DIRECTION ( 'NONE',  ( -1.000000000000000000, -0.000000000000000000, -0.000000000000000000 ) ) ;
#9756 = UNCERTAINTY_MEASURE_WITH_UNIT (LENGTH_MEASURE( 1.000000000000000082E-05 ), #5616, 'distance_accuracy_value', 'NONE');
#9757 = FACE_OUTER_BOUND ( 'NONE', #6124, .T. ) ;
#9758 =( LENGTH_UNIT ( ) NAMED_UNIT ( * ) SI_UNIT ( .MILLI., .METRE. ) );
#9759 = CARTESIAN_POINT ( 'NONE',  ( 2.500000000000000000, 0.5861929777696964772, 0.5748184988799743822 ) ) ;
#9760 = COLOUR_RGB ( '',0.000000000000000000, 0.000000000000000000, 0.000000000000000000 ) ;
#9761 = CARTESIAN_POINT ( 'NONE',  ( 2.501000000000000334, 0.4565871535001545523, 0.3568852396201583344 ) ) ;
#9762 = VECTOR ( 'NONE', #10605, 1000.000000000000000 ) ;
#9763 = CARTESIAN_POINT ( 'NONE',  ( 2.501000000000000334, 0.4273179681559186593, 0.2928361519745508179 ) ) ;
#9764 = EDGE_LOOP ( 'NONE', ( #11144, #7801, #6106, #11873 ) ) ;
#9765 = EDGE_CURVE ( 'NONE', #2470, #3126, #11785, .T. ) ;
#9766 = VERTEX_POINT ( 'NONE', #1134 ) ;
#9767 = EDGE_CURVE ( 'NONE', #2683, #4581, #4051, .T. ) ;
#9768 = VERTEX_POINT ( 'NONE', #1024 ) ;
#9769 = EDGE_LOOP ( 'NONE', ( #1476, #6477, #9781, #7487 ) ) ;
#9770 = SURFACE_STYLE_FILL_AREA ( #1464 ) ;
#9771 = VECTOR ( 'NONE', #841, 1000.000000000000000 ) ;
#9772 = CARTESIAN_POINT ( 'NONE',  ( 2.500000000000000000, 0.3911343926677369187, 0.3184141967159079267 ) ) ;
#9773 =( GEOMETRIC_REPRESENTATION_CONTEXT ( 3 ) GLOBAL_UNCERTAINTY_ASSIGNED_CONTEXT ( ( #8821 ) ) GLOBAL_UNIT_ASSIGNED_CONTEXT ( ( #6567, #8401, #7459 ) ) REPRESENTATION_CONTEXT ( 'NONE', 'WORKASPACE' ) );
#9774 = MECHANICAL_DESIGN_GEOMETRIC_PRESENTATION_REPRESENTATION (  '', ( #8780 ), #5801 ) ;
#9775 =( NAMED_UNIT ( * ) SI_UNIT ( $, .STERADIAN. ) SOLID_ANGLE_UNIT ( ) );
#9776 = DIRECTION ( 'NONE',  ( 0.000000000000000000, 2.765901356837858152E-15, -1.000000000000000000 ) ) ;
#9777 =( LENGTH_UNIT ( ) NAMED_UNIT ( * ) SI_UNIT ( .MILLI., .METRE. ) );
#9778 = STYLED_ITEM ( 'NONE', ( #4928 ), #3339 ) ;
#9779 = SURFACE_STYLE_FILL_AREA ( #10703 ) ;
#9780 = DIRECTION ( 'NONE',  ( -1.239088197126290817E-16, 0.000000000000000000, -1.000000000000000000 ) ) ;
#9781 = ORIENTED_EDGE ( 'NONE', *, *, #5525, .F. ) ;
#9782 =( NAMED_UNIT ( * ) SI_UNIT ( $, .STERADIAN. ) SOLID_ANGLE_UNIT ( ) );
#9783 = ORIENTED_EDGE ( 'NONE', *, *, #5328, .T. ) ;
#9784 = UNCERTAINTY_MEASURE_WITH_UNIT (LENGTH_MEASURE( 1.000000000000000082E-05 ), #3416, 'distance_accuracy_value', 'NONE');
#9785 = COLOUR_RGB ( '',1.000000000000000000, 1.000000000000000000, 1.000000000000000000 ) ;
#9786 = CARTESIAN_POINT ( 'NONE',  ( 2.501000000000000334, -0.7498160402476569120, 0.6056923570868752993 ) ) ;
#9787 = CARTESIAN_POINT ( 'NONE',  ( 2.501000000000000334, 0.2108403699786665364, 0.5748184988799730499 ) ) ;
#9788 = DIRECTION ( 'NONE',  ( -0.000000000000000000, -0.3283461648125150512, 0.9445574604294397769 ) ) ;
#9789 = LINE ( 'NONE', #1294, #4743 ) ;
#9790 = DIRECTION ( 'NONE',  ( 0.000000000000000000, 0.3409177962187258104, 0.9400931103999046190 ) ) ;
#9791 = CARTESIAN_POINT ( 'NONE',  ( 2.500000000000000000, -0.2654103932648921305, 0.5420688443579295690 ) ) ;
#9792 = ADVANCED_FACE ( 'NONE', ( #7820 ), #5542, .F. ) ;
#9793 = EDGE_CURVE ( 'NONE', #5835, #10138, #4578, .T. ) ;
#9794 = FILL_AREA_STYLE ('',( #10788 ) ) ;
#9795 = LINE ( 'NONE', #2921, #11874 ) ;
#9797 = CARTESIAN_POINT ( 'NONE',  ( 2.501000000000000334, 0.9149904248564445508, 0.4256522288101804441 ) ) ;
#9796 = CARTESIAN_POINT ( 'NONE',  ( 2.501000000000000334, 0.6930800915672590268, 0.3205976883404587086 ) ) ;
#9799 = ORIENTED_EDGE ( 'NONE', *, *, #10103, .T. ) ;
#9798 = CARTESIAN_POINT ( 'NONE',  ( 2.500000000000000000, 0.4149968368470454694, 0.3373377907934927422 ) ) ;
#9800 = EDGE_LOOP ( 'NONE', ( #4381, #9063, #5162, #6232 ) ) ;
#9801 = ORIENTED_EDGE ( 'NONE', *, *, #10792, .T. ) ;
#9802 = EDGE_LOOP ( 'NONE', ( #1963, #3604, #1945, #7432 ) ) ;
#9803 = CARTESIAN_POINT ( 'NONE',  ( 2.501000000000000334, -0.1511773847254291314, 0.2557634507765713661 ) ) ;
#9804 = LINE ( 'NONE', #5018, #5500 ) ;
#9805 = PLANE ( 'NONE',  #6369 ) ;
#9806 =( NAMED_UNIT ( * ) SI_UNIT ( $, .STERADIAN. ) SOLID_ANGLE_UNIT ( ) );
#9807 = ORIENTED_EDGE ( 'NONE', *, *, #1566, .T. ) ;
#9808 = CARTESIAN_POINT ( 'NONE',  ( 2.500000000000000000, -0.6543809090536403250, 0.7531829698819683117 ) ) ;
#9809 =( NAMED_UNIT ( * ) SI_UNIT ( $, .STERADIAN. ) SOLID_ANGLE_UNIT ( ) );
#9810 = EDGE_CURVE ( 'NONE', #8223, #12094, #7410, .T. ) ;
#9811 = UNCERTAINTY_MEASURE_WITH_UNIT (LENGTH_MEASURE( 1.000000000000000082E-05 ), #2836, 'distance_accuracy_value', 'NONE');
#9812 =( NAMED_UNIT ( * ) SI_UNIT ( $, .STERADIAN. ) SOLID_ANGLE_UNIT ( ) );
#9813 = FILL_AREA_STYLE_COLOUR ( '', #3077 ) ;
#9814 = STYLED_ITEM ( 'NONE', ( #7933 ), #6400 ) ;
#9815 = CARTESIAN_POINT ( 'NONE',  ( 2.501000000000000334, -0.2842082154503027813, 0.7343851339065498030 ) ) ;
#9816 = ORIENTED_EDGE ( 'NONE', *, *, #919, .F. ) ;
#9817 = LINE ( 'NONE', #513, #5792 ) ;
#9818 = SURFACE_STYLE_FILL_AREA ( #7858 ) ;
#9819 = CARTESIAN_POINT ( 'NONE',  ( 2.501000000000000334, 0.2991678049696441799, 0.3568852396201577237 ) ) ;
#9820 = CARTESIAN_POINT ( 'NONE',  ( 2.501000000000000334, 0.2534184566518478121, 0.3108239639271325738 ) ) ;
#9821 =( GEOMETRIC_REPRESENTATION_CONTEXT ( 3 ) GLOBAL_UNCERTAINTY_ASSIGNED_CONTEXT ( ( #2064 ) ) GLOBAL_UNIT_ASSIGNED_CONTEXT ( ( #1143, #1091, #6765 ) ) REPRESENTATION_CONTEXT ( 'NONE', 'WORKASPACE' ) );
#9822 = CARTESIAN_POINT ( 'NONE',  ( 2.500000000000000000, 0.6415600868128585876, 0.5748184988799747153 ) ) ;
#9823 = ADVANCED_FACE ( 'NONE', ( #127 ), #2576, .F. ) ;
#9824 = CARTESIAN_POINT ( 'NONE',  ( 2.501000000000000334, 0.7255205385554218678, 0.6559196163531543222 ) ) ;
#9825 = FILL_AREA_STYLE ('',( #1392 ) ) ;
#9826 = DIRECTION ( 'NONE',  ( 0.000000000000000000, 0.000000000000000000, -1.000000000000000000 ) ) ;
#9828 = DIRECTION ( 'NONE',  ( 0.000000000000000000, -2.803077450325792700E-15, 1.000000000000000000 ) ) ;
#9827 = LINE ( 'NONE', #10758, #7264 ) ;
#9829 = VERTEX_POINT ( 'NONE', #9713 ) ;
#9830 = SURFACE_STYLE_USAGE ( .BOTH. , #6072 ) ;
#9831 = AXIS2_PLACEMENT_3D ( 'NONE', #12089, #5534, #11136 ) ;
#9832 = ORIENTED_EDGE ( 'NONE', *, *, #6812, .F. ) ;
#9833 = ORIENTED_EDGE ( 'NONE', *, *, #5662, .F. ) ;
#9834 = ORIENTED_EDGE ( 'NONE', *, *, #11601, .T. ) ;
#9835 = FACE_OUTER_BOUND ( 'NONE', #6023, .T. ) ;
#9836 = CARTESIAN_POINT ( 'NONE',  ( 2.501000000000000334, 0.2654796484805464485, 0.2839982096862280203 ) ) ;
#9837 = PRESENTATION_STYLE_ASSIGNMENT (( #3440 ) ) ;
#9838 = SURFACE_STYLE_FILL_AREA ( #5970 ) ;
#9839 = CARTESIAN_POINT ( 'NONE',  ( 2.500000000000000000, -0.1511773847254291314, 0.2557634507765713661 ) ) ;
#9840 = CARTESIAN_POINT ( 'NONE',  ( 2.500000000000000000, 0.4129173210147061290, 0.2255638147892600198 ) ) ;
#9841 = EDGE_CURVE ( 'NONE', #3952, #8495, #248, .T. ) ;
#9842 = EDGE_CURVE ( 'NONE', #475, #2359, #6741, .T. ) ;
#9843 = SURFACE_STYLE_USAGE ( .BOTH. , #3213 ) ;
#9844 = ORIENTED_EDGE ( 'NONE', *, *, #7270, .F. ) ;
#9845 = CARTESIAN_POINT ( 'NONE',  ( 2.500000000000000000, 0.2656356121685123362, 0.2573804070283430279 ) ) ;
#9846 = ORIENTED_EDGE ( 'NONE', *, *, #8573, .F. ) ;
#9847 = CARTESIAN_POINT ( 'NONE',  ( 2.501000000000000334, 0.2452563570083526878, 0.5759622325880048299 ) ) ;
#9848 = CARTESIAN_POINT ( 'NONE',  ( 2.501000000000000334, 0.9699676246816076874, 0.3874541223596961736 ) ) ;
#9849 = ORIENTED_EDGE ( 'NONE', *, *, #6514, .T. ) ;
#9850 = DIRECTION ( 'NONE',  ( 0.000000000000000000, -1.000000000000000000, -3.169437117124707915E-15 ) ) ;
#9851 = DIRECTION ( 'NONE',  ( 0.000000000000000000, 1.000000000000000000, 0.000000000000000000 ) ) ;
#9852 = PRESENTATION_STYLE_ASSIGNMENT (( #5867 ) ) ;
#9853 = PRESENTATION_STYLE_ASSIGNMENT (( #2305 ) ) ;
#9854 = ORIENTED_EDGE ( 'NONE', *, *, #10155, .T. ) ;
#9855 = DIRECTION ( 'NONE',  ( 0.000000000000000000, 0.000000000000000000, -1.000000000000000000 ) ) ;
#9857 = EDGE_LOOP ( 'NONE', ( #724, #3450, #4385, #12027 ) ) ;
#9856 = CARTESIAN_POINT ( 'NONE',  ( 2.500000000000000000, 0.4383913899645445755, 0.7316139926607148070 ) ) ;
#9858 = CARTESIAN_POINT ( 'NONE',  ( 2.501000000000000334, 0.6169178241951169817, 0.7316139926607154731 ) ) ;
#9859 =( LENGTH_UNIT ( ) NAMED_UNIT ( * ) SI_UNIT ( .MILLI., .METRE. ) );
#9860 = ORIENTED_EDGE ( 'NONE', *, *, #10418, .T. ) ;
#9861 = ORIENTED_EDGE ( 'NONE', *, *, #11177, .T. ) ;
#9862 = ORIENTED_EDGE ( 'NONE', *, *, #7544, .F. ) ;
#9863 = PLANE ( 'NONE',  #2145 ) ;
#9864 = DIRECTION ( 'NONE',  ( 0.000000000000000000, 0.000000000000000000, -1.000000000000000000 ) ) ;
#9866 = SURFACE_STYLE_FILL_AREA ( #6050 ) ;
#9865 = DIRECTION ( 'NONE',  ( -1.000000000000000000, -0.000000000000000000, -0.000000000000000000 ) ) ;
#9867 = LINE ( 'NONE', #5133, #2937 ) ;
#9868 = DIRECTION ( 'NONE',  ( 0.000000000000000000, 1.000000000000000000, 3.528747247336798979E-15 ) ) ;
#9869 = CARTESIAN_POINT ( 'NONE',  ( 2.500000000000000000, 0.4797217671381801551, 0.3463836846648498113 ) ) ;
#9870 = B_SPLINE_CURVE_WITH_KNOTS ( 'NONE', 3,
 ( #12114, #10456, #6708, #1754 ),
 .UNSPECIFIED., .F., .F.,
 ( 4, 4 ),
 ( 9.000000000000000000, 10.00000000000000000 ),
 .UNSPECIFIED. ) ;
#9871 =( NAMED_UNIT ( * ) PLANE_ANGLE_UNIT ( ) SI_UNIT ( $, .RADIAN. ) );
#9873 = EDGE_LOOP ( 'NONE', ( #11248, #372, #11665, #5887 ) ) ;
#9872 = CARTESIAN_POINT ( 'NONE',  ( 2.500000000000000000, 0.7368019119484687796, 0.5516318973461914466 ) ) ;
#9874 = B_SPLINE_CURVE_WITH_KNOTS ( 'NONE', 3,
 ( #4933, #10708, #1292, #9847 ),
 .UNSPECIFIED., .F., .F.,
 ( 4, 4 ),
 ( 2.000000000000000000, 3.000000000000000000 ),
 .UNSPECIFIED. ) ;
#9875 =( NAMED_UNIT ( * ) SI_UNIT ( $, .STERADIAN. ) SOLID_ANGLE_UNIT ( ) );
#9876 = SURFACE_SIDE_STYLE ('',( #9818 ) ) ;
#9877 = EDGE_CURVE ( 'NONE', #11013, #5246, #8865, .T. ) ;
#9878 = ADVANCED_FACE ( 'NONE', ( #11498 ), #8714, .F. ) ;
#9879 = COLOUR_RGB ( '',0.000000000000000000, 0.000000000000000000, 0.000000000000000000 ) ;
#9880 = DIRECTION ( 'NONE',  ( -0.000000000000000000, 3.198603716350161147E-15, -1.000000000000000000 ) ) ;
#9881 = SURFACE_SIDE_STYLE ('',( #10685 ) ) ;
#9882 = MECHANICAL_DESIGN_GEOMETRIC_PRESENTATION_REPRESENTATION (  '', ( #7275 ), #373 ) ;
#9883 = SURFACE_STYLE_FILL_AREA ( #11831 ) ;
#9884 = B_SPLINE_CURVE_WITH_KNOTS ( 'NONE', 3,
 ( #2133, #4922, #8713, #10626 ),
 .UNSPECIFIED., .F., .F.,
 ( 4, 4 ),
 ( 3.000000000000000000, 4.000000000000000000 ),
 .UNSPECIFIED. ) ;
#9885 = DIRECTION ( 'NONE',  ( -0.000000000000000000, -1.000000000000000000, -3.260615420656684653E-15 ) ) ;
#9886 = CARTESIAN_POINT ( 'NONE',  ( 2.501000000000000334, 0.2823757146208525914, 0.7272470094116147976 ) ) ;
#9887 = VECTOR ( 'NONE', #9162, 1000.000000000000000 ) ;
#9888 = DIRECTION ( 'NONE',  ( -0.000000000000000000, -0.9903286039881266101, -0.1387416884823316487 ) ) ;
#9889 =( NAMED_UNIT ( * ) PLANE_ANGLE_UNIT ( ) SI_UNIT ( $, .RADIAN. ) );
#9890 = EDGE_LOOP ( 'NONE', ( #5399, #6047, #8393, #6520 ) ) ;
#9891 =( GEOMETRIC_REPRESENTATION_CONTEXT ( 3 ) GLOBAL_UNCERTAINTY_ASSIGNED_CONTEXT ( ( #8468 ) ) GLOBAL_UNIT_ASSIGNED_CONTEXT ( ( #8466, #11153, #10281 ) ) REPRESENTATION_CONTEXT ( 'NONE', 'WORKASPACE' ) );
#9892 = MECHANICAL_DESIGN_GEOMETRIC_PRESENTATION_REPRESENTATION (  '', ( #571 ), #11830 ) ;
#9893 =( GEOMETRIC_REPRESENTATION_CONTEXT ( 3 ) GLOBAL_UNCERTAINTY_ASSIGNED_CONTEXT ( ( #599 ) ) GLOBAL_UNIT_ASSIGNED_CONTEXT ( ( #4800, #11543, #9449 ) ) REPRESENTATION_CONTEXT ( 'NONE', 'WORKASPACE' ) );
#9894 = EDGE_LOOP ( 'NONE', ( #5974, #7903, #4049, #7873 ) ) ;
#9895 = VERTEX_POINT ( 'NONE', #10948 ) ;
#9896 = ORIENTED_EDGE ( 'NONE', *, *, #1583, .F. ) ;
#9897 = ADVANCED_FACE ( 'NONE', ( #9230 ), #10201, .F. ) ;
#9898 = CARTESIAN_POINT ( 'NONE',  ( 2.500000000000000000, -0.6283531234348769257, 0.4234979680790829093 ) ) ;
#9899 = MECHANICAL_DESIGN_GEOMETRIC_PRESENTATION_REPRESENTATION (  '', ( #2754 ), #4142 ) ;
#9900 =( NAMED_UNIT ( * ) PLANE_ANGLE_UNIT ( ) SI_UNIT ( $, .RADIAN. ) );
#9901 = FILL_AREA_STYLE ('',( #5268 ) ) ;
#9902 = PRESENTATION_LAYER_ASSIGNMENT (  '', '', ( #7094 ) ) ;
#9903 =( GEOMETRIC_REPRESENTATION_CONTEXT ( 3 ) GLOBAL_UNCERTAINTY_ASSIGNED_CONTEXT ( ( #8795 ) ) GLOBAL_UNIT_ASSIGNED_CONTEXT ( ( #10771, #9712, #2948 ) ) REPRESENTATION_CONTEXT ( 'NONE', 'WORKASPACE' ) );
#9904 = SURFACE_STYLE_FILL_AREA ( #591 ) ;
#9905 =( NAMED_UNIT ( * ) SI_UNIT ( $, .STERADIAN. ) SOLID_ANGLE_UNIT ( ) );
#9906 = CARTESIAN_POINT ( 'NONE',  ( 2.500000000000000000, 0.6744164369684616522, 0.5610936943849827996 ) ) ;
#9907 = ORIENTED_EDGE ( 'NONE', *, *, #7805, .F. ) ;
#9908 = CARTESIAN_POINT ( 'NONE',  ( 2.500000000000000000, 0.2631921810651727256, 0.2699614778153062167 ) ) ;
#9909 = ORIENTED_EDGE ( 'NONE', *, *, #11022, .F. ) ;
#9910 = CARTESIAN_POINT ( 'NONE',  ( 1.700000000000000178, -0.2500000000000000000, -3.500000000000000000 ) ) ;
#9911 = CARTESIAN_POINT ( 'NONE',  ( 0.000000000000000000, 0.2500000000000000000, 0.000000000000000000 ) ) ;
#9912 = LINE ( 'NONE', #5178, #2630 ) ;
#9913 = UNCERTAINTY_MEASURE_WITH_UNIT (LENGTH_MEASURE( 1.000000000000000082E-05 ), #8631, 'distance_accuracy_value', 'NONE');
#9914 = PRESENTATION_LAYER_ASSIGNMENT (  '', '', ( #601 ) ) ;
#9915 = CARTESIAN_POINT ( 'NONE',  ( 2.501000000000000334, -0.1526234049923927139, 0.4292818560854309573 ) ) ;
#9916 = ORIENTED_EDGE ( 'NONE', *, *, #2867, .T. ) ;
#9917 = VECTOR ( 'NONE', #10254, 1000.000000000000000 ) ;
#9918 = EDGE_CURVE ( 'NONE', #4398, #9046, #10627, .T. ) ;
#9919 = FILL_AREA_STYLE_COLOUR ( '', #404 ) ;
#9920 = CARTESIAN_POINT ( 'NONE',  ( 2.500000000000000000, 0.4243026701985699867, 0.3204937125489485950 ) ) ;
#9921 = DIRECTION ( 'NONE',  ( -0.000000000000000000, -1.000000000000000000, -2.981400461829031010E-15 ) ) ;
#9922 =( NAMED_UNIT ( * ) PLANE_ANGLE_UNIT ( ) SI_UNIT ( $, .RADIAN. ) );
#9923 =( LENGTH_UNIT ( ) NAMED_UNIT ( * ) SI_UNIT ( .MILLI., .METRE. ) );
#9924 = ORIENTED_EDGE ( 'NONE', *, *, #263, .T. ) ;
#9925 = MECHANICAL_DESIGN_GEOMETRIC_PRESENTATION_REPRESENTATION (  '', ( #10481 ), #7707 ) ;
#9926 = CARTESIAN_POINT ( 'NONE',  ( 2.500000000000000000, -0.3753053961641879543, 0.2731152526957092985 ) ) ;
#9928 =( NAMED_UNIT ( * ) SI_UNIT ( $, .STERADIAN. ) SOLID_ANGLE_UNIT ( ) );
#9927 = LINE ( 'NONE', #3351, #12022 ) ;
#9929 = EDGE_LOOP ( 'NONE', ( #5965, #102, #9105, #3135 ) ) ;
#9930 = STYLED_ITEM ( 'NONE', ( #10363 ), #5576 ) ;
#9931 = EDGE_LOOP ( 'NONE', ( #1640, #11108, #5412, #1743 ) ) ;
#9932 = VERTEX_POINT ( 'NONE', #1526 ) ;
#9933 = SURFACE_STYLE_USAGE ( .BOTH. , #6105 ) ;
#9934 = EDGE_CURVE ( 'NONE', #10085, #613, #7957, .T. ) ;
#9935 = ORIENTED_EDGE ( 'NONE', *, *, #3123, .F. ) ;
#9936 = CARTESIAN_POINT ( 'NONE',  ( 2.501000000000000334, 0.000000000000000000, 0.000000000000000000 ) ) ;
#9937 = COLOUR_RGB ( '',0.000000000000000000, 0.000000000000000000, 0.000000000000000000 ) ;
#9938 =( NAMED_UNIT ( * ) SI_UNIT ( $, .STERADIAN. ) SOLID_ANGLE_UNIT ( ) );
#9939 = MECHANICAL_DESIGN_GEOMETRIC_PRESENTATION_REPRESENTATION (  '', ( #6133 ), #1630 ) ;
#9940 = PRESENTATION_STYLE_ASSIGNMENT (( #10925 ) ) ;
#9941 = MECHANICAL_DESIGN_GEOMETRIC_PRESENTATION_REPRESENTATION (  '', ( #2999 ), #10322 ) ;
#9942 = ORIENTED_EDGE ( 'NONE', *, *, #6241, .T. ) ;
#9943 = FILL_AREA_STYLE_COLOUR ( '', #5394 ) ;
#9944 = CARTESIAN_POINT ( 'NONE',  ( 2.500000000000000000, 0.9699676246816081315, 0.2765119526889580626 ) ) ;
#9945 = ORIENTED_EDGE ( 'NONE', *, *, #7929, .T. ) ;
#9946 = VECTOR ( 'NONE', #8035, 1000.000000000000000 ) ;
#9947 = CARTESIAN_POINT ( 'NONE',  ( 2.500000000000000000, 1.078778290623552794, 0.3921330329833357942 ) ) ;
#9948 = PRESENTATION_STYLE_ASSIGNMENT (( #10868 ) ) ;
#9949 = CARTESIAN_POINT ( 'NONE',  ( 2.501000000000000334, 0.3011953329062287410, 0.2464629489069816715 ) ) ;
#9950 = CARTESIAN_POINT ( 'NONE',  ( 2.500000000000000000, -0.8134394840265561921, 0.6924515045812674741 ) ) ;
#9951 = DIRECTION ( 'NONE',  ( 0.000000000000000000, 0.000000000000000000, -1.000000000000000000 ) ) ;
#9952 = CARTESIAN_POINT ( 'NONE',  ( 2.500000000000000000, -0.7295722529553175795, 0.3078189116926355329 ) ) ;
#9953 = FACE_OUTER_BOUND ( 'NONE', #5817, .T. ) ;
#9954 = FACE_OUTER_BOUND ( 'NONE', #10130, .T. ) ;
#9955 = EDGE_CURVE ( 'NONE', #7346, #4865, #4322, .T. ) ;
#9956 = CARTESIAN_POINT ( 'NONE',  ( 2.501000000000000334, 0.5611867998816577607, 0.1760713379721396687 ) ) ;
#9957 = DIRECTION ( 'NONE',  ( -1.000000000000000000, -0.000000000000000000, -0.000000000000000000 ) ) ;
#9958 = EDGE_CURVE ( 'NONE', #4382, #1844, #3561, .T. ) ;
#9959 = ORIENTED_EDGE ( 'NONE', *, *, #2180, .T. ) ;
#9960 = VECTOR ( 'NONE', #6234, 1000.000000000000000 ) ;
#9961 = ORIENTED_EDGE ( 'NONE', *, *, #6428, .T. ) ;
#9962 =( GEOMETRIC_REPRESENTATION_CONTEXT ( 3 ) GLOBAL_UNCERTAINTY_ASSIGNED_CONTEXT ( ( #7468 ) ) GLOBAL_UNIT_ASSIGNED_CONTEXT ( ( #7425, #17, #7541 ) ) REPRESENTATION_CONTEXT ( 'NONE', 'WORKASPACE' ) );
#9963 = COLOUR_RGB ( '',0.000000000000000000, 0.000000000000000000, 0.000000000000000000 ) ;
#9964 = ORIENTED_EDGE ( 'NONE', *, *, #5022, .T. ) ;
#9965 = ORIENTED_EDGE ( 'NONE', *, *, #9137, .T. ) ;
#9966 = FILL_AREA_STYLE_COLOUR ( '', #7935 ) ;
#9967 = PRESENTATION_STYLE_ASSIGNMENT (( #6024 ) ) ;
#9968 = DIRECTION ( 'NONE',  ( -0.000000000000000000, 1.000000000000000000, 3.032704250676643646E-15 ) ) ;
#9969 = STYLED_ITEM ( 'NONE', ( #5216 ), #4343 ) ;
#9970 = CARTESIAN_POINT ( 'NONE',  ( 2.500000000000000000, 0.5663855894628643250, 0.2650746156086442595 ) ) ;
#9971 =( NAMED_UNIT ( * ) SI_UNIT ( $, .STERADIAN. ) SOLID_ANGLE_UNIT ( ) );
#9972 = CARTESIAN_POINT ( 'NONE',  ( 0.4000000000000000777, -0.2500000000000000000, -2.407412430484044816E-32 ) ) ;
#9973 = PRESENTATION_STYLE_ASSIGNMENT (( #6146 ) ) ;
#9974 = CARTESIAN_POINT ( 'NONE',  ( 2.500000000000000000, 0.5097187830237068784, 0.1613067755606346354 ) ) ;
#9975 = ORIENTED_EDGE ( 'NONE', *, *, #653, .T. ) ;
#9976 = ADVANCED_FACE ( 'NONE', ( #8152 ), #4748, .F. ) ;
#9977 = VERTEX_POINT ( 'NONE', #830 ) ;
#9978 = CARTESIAN_POINT ( 'NONE',  ( 2.501000000000000334, 0.9495363816256957579, 0.2574843828198626894 ) ) ;
#9979 = PRESENTATION_LAYER_ASSIGNMENT (  '', '', ( #7176 ) ) ;
#9980 = MECHANICAL_DESIGN_GEOMETRIC_PRESENTATION_REPRESENTATION (  '', ( #4229 ), #854 ) ;
#9981 = STYLED_ITEM ( 'NONE', ( #8905 ), #516 ) ;
#9982 = CARTESIAN_POINT ( 'NONE',  ( 2.500000000000000000, 0.2485315944444836667, 0.7284947189111605770 ) ) ;
#9983 = CARTESIAN_POINT ( 'NONE',  ( 2.500000000000000000, 0.9802092401581361525, 0.3332827349189388944 ) ) ;
#9984 = CARTESIAN_POINT ( 'NONE',  ( 2.501000000000000334, 0.3285929540011503502, 0.2514537869051606256 ) ) ;
#9985 = LINE ( 'NONE', #6268, #11911 ) ;
#9986 = DIRECTION ( 'NONE',  ( -1.000000000000000000, -0.000000000000000000, -0.000000000000000000 ) ) ;
#9987 = ORIENTED_EDGE ( 'NONE', *, *, #9934, .T. ) ;
#9988 = B_SPLINE_CURVE_WITH_KNOTS ( 'NONE', 3,
 ( #4249, #11485, #7753, #3552 ),
 .UNSPECIFIED., .F., .F.,
 ( 4, 4 ),
 ( 8.000000000000000000, 9.000000000000000000 ),
 .UNSPECIFIED. ) ;
#9989 = ADVANCED_FACE ( 'NONE', ( #6386 ), #21, .T. ) ;
#9990 = MECHANICAL_DESIGN_GEOMETRIC_PRESENTATION_REPRESENTATION (  '', ( #9006 ), #7406 ) ;
#9991 = CARTESIAN_POINT ( 'NONE',  ( 2.500000000000000000, -0.3565075739794707488, 0.2297356375770986947 ) ) ;
#9992 = CARTESIAN_POINT ( 'NONE',  ( 2.501000000000000334, 1.085900632350526251, 0.3921330329833359052 ) ) ;
#9993 = ORIENTED_EDGE ( 'NONE', *, *, #1188, .T. ) ;
#9994 = CARTESIAN_POINT ( 'NONE',  ( 2.500000000000000000, 0.4539877587088579358, 0.2798391780201487378 ) ) ;
#9995 = CARTESIAN_POINT ( 'NONE',  ( 2.500000000000000000, -0.6167852646828184682, 0.2456414743899958675 ) ) ;
#9996 = ORIENTED_EDGE ( 'NONE', *, *, #9360, .F. ) ;
#9997 = DIRECTION ( 'NONE',  ( 0.000000000000000000, -1.000000000000000000, 0.000000000000000000 ) ) ;
#9998 = AXIS2_PLACEMENT_3D ( 'NONE', #11950, #9152, #648 ) ;
#9999 =( NAMED_UNIT ( * ) PLANE_ANGLE_UNIT ( ) SI_UNIT ( $, .RADIAN. ) );
#10000 = CARTESIAN_POINT ( 'NONE',  ( -0.9000000000000000222, -0.2500000000000000000, -3.182398797249132245E-17 ) ) ;
#10001 = SURFACE_STYLE_USAGE ( .BOTH. , #3369 ) ;
#10002 = EDGE_CURVE ( 'NONE', #10400, #10376, #153, .T. ) ;
#10003 = LINE ( 'NONE', #6229, #3636 ) ;
#10004 = B_SPLINE_SURFACE_WITH_KNOTS ( 'NONE', 3, 1, ( 
 ( #4261, #3321 ),
 ( #9949, #1452 ),
 ( #6370, #10869 ),
 ( #8191, #11945 ) ),
 .UNSPECIFIED., .F., .F., .F.,
 ( 4, 4 ),
 ( 2, 2 ),
 ( 4.000000000000000000, 5.000000000000000000 ),
 ( 0.000000000000000000, 1.000000000000000000 ),
 .UNSPECIFIED. ) ;
#10005 = VECTOR ( 'NONE', #8687, 1000.000000000000000 ) ;
#10007 = ORIENTED_EDGE ( 'NONE', *, *, #1825, .T. ) ;
#10006 = FACE_OUTER_BOUND ( 'NONE', #7290, .T. ) ;
#10008 = CARTESIAN_POINT ( 'NONE',  ( 2.501000000000000334, 0.5599390903821090948, 0.5516318973461907804 ) ) ;
#10009 = CARTESIAN_POINT ( 'NONE',  ( 2.501000000000000334, 0.3189232053793272237, 0.5715952493389055977 ) ) ;
#10010 = EDGE_LOOP ( 'NONE', ( #3667, #11880, #9388, #5322, #2979, #7731, #9271, #9343, #8453, #2284, #414, #9281 ) ) ;
#10011 = B_SPLINE_CURVE_WITH_KNOTS ( 'NONE', 3,
 ( #1008, #9442, #7564, #4718 ),
 .UNSPECIFIED., .F., .F.,
 ( 4, 4 ),
 ( 23.00000000000000000, 24.00000000000000000 ),
 .UNSPECIFIED. ) ;
#10012 = VECTOR ( 'NONE', #2017, 1000.000000000000000 ) ;
#10013 = SURFACE_STYLE_FILL_AREA ( #6189 ) ;
#10014 = CARTESIAN_POINT ( 'NONE',  ( 2.500000000000000000, -0.6731787312390495881, 0.5840025495275701362 ) ) ;
#10015 = DIRECTION ( 'NONE',  ( 0.000000000000000000, -3.176678786081147283E-15, 1.000000000000000000 ) ) ;
#10016 = EDGE_LOOP ( 'NONE', ( #10692, #11512, #10460, #6328 ) ) ;
#10017 = ORIENTED_EDGE ( 'NONE', *, *, #11715, .F. ) ;
#10018 = EDGE_LOOP ( 'NONE', ( #1200, #6693, #6438, #6493 ) ) ;
#10019 = STYLED_ITEM ( 'NONE', ( #9381 ), #5647 ) ;
#10020 = FILL_AREA_STYLE_COLOUR ( '', #3920 ) ;
#10021 = ADVANCED_FACE ( 'NONE', ( #9632 ), #989, .F. ) ;
#10022 = CARTESIAN_POINT ( 'NONE',  ( 2.501000000000000334, 0.4121375025776601864, 0.5516318973461902253 ) ) ;
#10023 = CARTESIAN_POINT ( 'NONE',  ( 2.501000000000000334, 0.6948476800243670315, 0.7280788157451079101 ) ) ;
#10024 = VERTEX_POINT ( 'NONE', #6717 ) ;
#10025 = CARTESIAN_POINT ( 'NONE',  ( 2.501000000000000334, 0.5663855894628643250, 0.2650746156086442595 ) ) ;
#10026 = MECHANICAL_DESIGN_GEOMETRIC_PRESENTATION_REPRESENTATION (  '', ( #907 ), #2502 ) ;
#10027 = ORIENTED_EDGE ( 'NONE', *, *, #443, .T. ) ;
#10028 = UNCERTAINTY_MEASURE_WITH_UNIT (LENGTH_MEASURE( 1.000000000000000082E-05 ), #10245, 'distance_accuracy_value', 'NONE');
#10029 = CARTESIAN_POINT ( 'NONE',  ( 2.501000000000000334, 0.3959692669786430974, 0.3120716734266724135 ) ) ;
#10030 = ORIENTED_EDGE ( 'NONE', *, *, #10276, .T. ) ;
#10031 = VERTEX_POINT ( 'NONE', #5878 ) ;
#10032 = FILL_AREA_STYLE_COLOUR ( '', #5643 ) ;
#10033 = CARTESIAN_POINT ( 'NONE',  ( 2.500000000000000000, 0.3232382007319779538, 0.7584397469016190829 ) ) ;
#10034 = EDGE_CURVE ( 'NONE', #3473, #416, #4, .T. ) ;
#10035 = DIRECTION ( 'NONE',  ( 1.000000000000000000, 0.000000000000000000, 0.000000000000000000 ) ) ;
#10036 = EDGE_CURVE ( 'NONE', #3590, #9659, #4704, .T. ) ;
#10037 = DIRECTION ( 'NONE',  ( -1.000000000000000000, 0.000000000000000000, 0.000000000000000000 ) ) ;
#10038 = CARTESIAN_POINT ( 'NONE',  ( 2.500000000000000000, 0.5196484711243036791, 0.1824138612613750154 ) ) ;
#10039 = B_SPLINE_CURVE_WITH_KNOTS ( 'NONE', 3,
 ( #866, #10234, #917, #2724 ),
 .UNSPECIFIED., .F., .F.,
 ( 4, 4 ),
 ( 7.000000000000000000, 8.000000000000000000 ),
 .UNSPECIFIED. ) ;
#10040 = CARTESIAN_POINT ( 'NONE',  ( 2.500000000000000000, 0.6761840254269584349, 0.5960295603722350899 ) ) ;
#10041 = LINE ( 'NONE', #3348, #11140 ) ;
#10042 = EDGE_LOOP ( 'NONE', ( #2430, #9844, #1547, #9241 ) ) ;
#10043 = SURFACE_STYLE_FILL_AREA ( #11149 ) ;
#10044 = CARTESIAN_POINT ( 'NONE',  ( 2.501000000000000334, -0.7180043390425292493, 0.6895595329987668221 ) ) ;
#10046 = SURFACE_STYLE_USAGE ( .BOTH. , #6218 ) ;
#10045 = CARTESIAN_POINT ( 'NONE',  ( 2.501000000000000334, 0.2083449509788870557, 0.4089771112278809961 ) ) ;
#10047 = ORIENTED_EDGE ( 'NONE', *, *, #7171, .T. ) ;
#10048 =( NAMED_UNIT ( * ) PLANE_ANGLE_UNIT ( ) SI_UNIT ( $, .RADIAN. ) );
#10049 = CARTESIAN_POINT ( 'NONE',  ( 0.000000000000000000, 0.000000000000000000, 6.199999999999999289 ) ) ;
#10050 = FILL_AREA_STYLE_COLOUR ( '', #4211 ) ;
#10051 = ADVANCED_FACE ( 'NONE', ( #211 ), #10384, .F. ) ;
#10052 = SURFACE_SIDE_STYLE ('',( #9261 ) ) ;
#10053 = CARTESIAN_POINT ( 'NONE',  ( 2.500000000000000000, 0.8619367771760082508, 0.6302375958202816042 ) ) ;
#10054 = CARTESIAN_POINT ( 'NONE',  ( 2.500000000000000000, 0.3714309801537978295, 0.5852160780437705156 ) ) ;
#10055 = CARTESIAN_POINT ( 'NONE',  ( 2.501000000000000334, 0.3959692669786430974, 0.3120716734266724135 ) ) ;
#10056 = SURFACE_STYLE_USAGE ( .BOTH. , #2438 ) ;
#10057 = SURFACE_STYLE_FILL_AREA ( #9370 ) ;
#10059 = ORIENTED_EDGE ( 'NONE', *, *, #1501, .F. ) ;
#10058 = CARTESIAN_POINT ( 'NONE',  ( 2.500000000000000000, 0.2108403699786665364, 0.5516318973461894482 ) ) ;
#10060 = SURFACE_SIDE_STYLE ('',( #4236 ) ) ;
#10061 =( LENGTH_UNIT ( ) NAMED_UNIT ( * ) SI_UNIT ( .MILLI., .METRE. ) );
#10062 = B_SPLINE_CURVE_WITH_KNOTS ( 'NONE', 3,
 ( #4987, #6817, #9840, #10578 ),
 .UNSPECIFIED., .F., .F.,
 ( 4, 4 ),
 ( 19.00000000000000000, 20.00000000000000000 ),
 .UNSPECIFIED. ) ;
#10063 = ORIENTED_EDGE ( 'NONE', *, *, #1662, .F. ) ;
#10064 = ORIENTED_EDGE ( 'NONE', *, *, #1441, .F. ) ;
#10065 = EDGE_CURVE ( 'NONE', #4194, #9296, #1996, .T. ) ;
#10066 = CARTESIAN_POINT ( 'NONE',  ( 2.501000000000000334, 0.4050671487464481135, 0.3660351092830227970 ) ) ;
#10067 = CARTESIAN_POINT ( 'NONE',  ( 2.500000000000000000, -0.3246958451943242063, 0.3989161751472694584 ) ) ;
#10068 = DIRECTION ( 'NONE',  ( -1.000000000000000000, -0.000000000000000000, -0.000000000000000000 ) ) ;
#10069 = CARTESIAN_POINT ( 'NONE',  ( 2.501000000000000334, -0.7223422895219664408, 0.6056923570868754103 ) ) ;
#10071 = VERTEX_POINT ( 'NONE', #2801 ) ;
#10070 = PRESENTATION_STYLE_ASSIGNMENT (( #12069 ) ) ;
#10072 = VECTOR ( 'NONE', #4210, 1000.000000000000000 ) ;
#10073 = AXIS2_PLACEMENT_3D ( 'NONE', #6010, #5953, #8832 ) ;
#10074 = DIRECTION ( 'NONE',  ( 0.000000000000000000, 1.000000000000000000, 1.588339393040735358E-15 ) ) ;
#10075 = ADVANCED_FACE ( 'NONE', ( #2984 ), #9431, .F. ) ;
#10076 = EDGE_CURVE ( 'NONE', #5530, #9296, #7360, .T. ) ;
#10077 = MECHANICAL_DESIGN_GEOMETRIC_PRESENTATION_REPRESENTATION (  '', ( #11057 ), #5702 ) ;
#10078 = SURFACE_SIDE_STYLE ('',( #6250 ) ) ;
#10079 = CARTESIAN_POINT ( 'NONE',  ( 2.500000000000000000, -0.1526234049923927139, 0.4292818560854309573 ) ) ;
#10080 = MECHANICAL_DESIGN_GEOMETRIC_PRESENTATION_REPRESENTATION (  '', ( #6659 ), #8279 ) ;
#10081 = CARTESIAN_POINT ( 'NONE',  ( 2.501000000000000334, 0.2631921810651727256, 0.2778636379800109024 ) ) ;
#10082 = CARTESIAN_POINT ( 'NONE',  ( 2.500000000000000000, 0.8726462837143440510, 0.4323716643446920416 ) ) ;
#10083 =( GEOMETRIC_REPRESENTATION_CONTEXT ( 3 ) GLOBAL_UNCERTAINTY_ASSIGNED_CONTEXT ( ( #11862 ) ) GLOBAL_UNIT_ASSIGNED_CONTEXT ( ( #7136, #11674, #9905 ) ) REPRESENTATION_CONTEXT ( 'NONE', 'WORKASPACE' ) );
#10084 =( NAMED_UNIT ( * ) PLANE_ANGLE_UNIT ( ) SI_UNIT ( $, .RADIAN. ) );
#10085 = VERTEX_POINT ( 'NONE', #10662 ) ;
#10086 = MECHANICAL_DESIGN_GEOMETRIC_PRESENTATION_REPRESENTATION (  '', ( #7492 ), #4727 ) ;
#10087 = CARTESIAN_POINT ( 'NONE',  ( 0.3999999999999994116, 0.2500000000000000000, -5.000000000000000000 ) ) ;
#10088 =( GEOMETRIC_REPRESENTATION_CONTEXT ( 3 ) GLOBAL_UNCERTAINTY_ASSIGNED_CONTEXT ( ( #11744 ) ) GLOBAL_UNIT_ASSIGNED_CONTEXT ( ( #8020, #9077, #4374 ) ) REPRESENTATION_CONTEXT ( 'NONE', 'WORKASPACE' ) );
#10089 = MECHANICAL_DESIGN_GEOMETRIC_PRESENTATION_REPRESENTATION (  '', ( #12033 ), #6884 ) ;
#10090 = PRESENTATION_STYLE_ASSIGNMENT (( #8107 ) ) ;
#10091 = VECTOR ( 'NONE', #5446, 1000.000000000000000 ) ;
#10092 = CARTESIAN_POINT ( 'NONE',  ( 2.501000000000000334, 0.9526036674781059865, 0.3325549043783421754 ) ) ;
#10093 = B_SPLINE_SURFACE_WITH_KNOTS ( 'NONE', 3, 1, ( 
 ( #5840, #6722 ),
 ( #8753, #10541 ),
 ( #3177, #11467 ),
 ( #2056, #9808 ) ),
 .UNSPECIFIED., .F., .F., .F.,
 ( 4, 4 ),
 ( 2, 2 ),
 ( 2.000000000000000000, 3.000000000000000000 ),
 ( 0.000000000000000000, 1.000000000000000000 ),
 .UNSPECIFIED. ) ;
#10094 = CARTESIAN_POINT ( 'NONE',  ( 2.501000000000000334, -0.3333717461538914240, 0.2282896724708662339 ) ) ;
#10095 = ORIENTED_EDGE ( 'NONE', *, *, #5789, .T. ) ;
#10096 = CARTESIAN_POINT ( 'NONE',  ( 2.500000000000000000, 0.2658955516472936154, 0.3509586194969750439 ) ) ;
#10097 = STYLED_ITEM ( 'NONE', ( #1760 ), #1676 ) ;
#10098 = COLOUR_RGB ( '',0.000000000000000000, 0.000000000000000000, 0.000000000000000000 ) ;
#10100 = CARTESIAN_POINT ( 'NONE',  ( 2.501000000000000334, 0.9914906135484093941, 0.2289950159133592733 ) ) ;
#10099 = DIRECTION ( 'NONE',  ( 0.000000000000000000, -3.452797389170332991E-15, 1.000000000000000000 ) ) ;
#10101 = EDGE_CURVE ( 'NONE', #978, #1240, #10800, .T. ) ;
#10102 = PRESENTATION_LAYER_ASSIGNMENT (  '', '', ( #8932 ) ) ;
#10103 = EDGE_CURVE ( 'NONE', #6571, #579, #4569, .T. ) ;
#10104 = EDGE_LOOP ( 'NONE', ( #4496, #9358, #899, #5932 ) ) ;
#10105 = FACE_OUTER_BOUND ( 'NONE', #569, .T. ) ;
#10106 = UNCERTAINTY_MEASURE_WITH_UNIT (LENGTH_MEASURE( 1.000000000000000082E-05 ), #5490, 'distance_accuracy_value', 'NONE');
#10107 = VERTEX_POINT ( 'NONE', #278 ) ;
#10108 = ORIENTED_EDGE ( 'NONE', *, *, #8417, .F. ) ;
#10109 = UNCERTAINTY_MEASURE_WITH_UNIT (LENGTH_MEASURE( 1.000000000000000082E-05 ), #1291, 'distance_accuracy_value', 'NONE');
#10110 = VECTOR ( 'NONE', #5952, 1000.000000000000000 ) ;
#10111 =( LENGTH_UNIT ( ) NAMED_UNIT ( * ) SI_UNIT ( .MILLI., .METRE. ) );
#10112 = CARTESIAN_POINT ( 'NONE',  ( 2.500000000000000000, 0.6930800915672590268, 0.3205976883404587086 ) ) ;
#10113 = STYLED_ITEM ( 'NONE', ( #7867 ), #7324 ) ;
#10114 = CARTESIAN_POINT ( 'NONE',  ( -0.9000000000000000222, -0.2500000000000000000, -3.182398797249132245E-17 ) ) ;
#10115 = SURFACE_STYLE_USAGE ( .BOTH. , #6285 ) ;
#10116 =( NAMED_UNIT ( * ) PLANE_ANGLE_UNIT ( ) SI_UNIT ( $, .RADIAN. ) );
#10117 = CARTESIAN_POINT ( 'NONE',  ( 2.501000000000000334, 0.4273179681559186593, 0.2928361519745508179 ) ) ;
#10118 = DIRECTION ( 'NONE',  ( -1.000000000000000000, 0.000000000000000000, -0.000000000000000000 ) ) ;
#10119 = COLOUR_RGB ( '',0.000000000000000000, 0.000000000000000000, 0.000000000000000000 ) ;
#10120 = CARTESIAN_POINT ( 'NONE',  ( 2.501000000000000334, 0.2744735544568344121, 0.2927321761830329883 ) ) ;
#10121 = ORIENTED_EDGE ( 'NONE', *, *, #1353, .T. ) ;
#10122 = CARTESIAN_POINT ( 'NONE',  ( 2.500000000000000000, 0.3564584661585737391, 0.5521517763037560034 ) ) ;
#10123 = EDGE_CURVE ( 'NONE', #5468, #3588, #4295, .T. ) ;
#10125 = ORIENTED_EDGE ( 'NONE', *, *, #1287, .F. ) ;
#10124 = FILL_AREA_STYLE_COLOUR ( '', #2760 ) ;
#10126 =( LENGTH_UNIT ( ) NAMED_UNIT ( * ) SI_UNIT ( .MILLI., .METRE. ) );
#10127 =( NAMED_UNIT ( * ) PLANE_ANGLE_UNIT ( ) SI_UNIT ( $, .RADIAN. ) );
#10128 = PRESENTATION_LAYER_ASSIGNMENT (  '', '', ( #4387 ) ) ;
#10129 =( GEOMETRIC_REPRESENTATION_CONTEXT ( 3 ) GLOBAL_UNCERTAINTY_ASSIGNED_CONTEXT ( ( #2002 ) ) GLOBAL_UNIT_ASSIGNED_CONTEXT ( ( #12197, #11655, #1267 ) ) REPRESENTATION_CONTEXT ( 'NONE', 'WORKASPACE' ) );
#10130 = EDGE_LOOP ( 'NONE', ( #2032, #5160, #5455, #3875 ) ) ;
#10131 = ORIENTED_EDGE ( 'NONE', *, *, #5235, .T. ) ;
#10132 = LINE ( 'NONE', #4373, #3596 ) ;
#10133 = DIRECTION ( 'NONE',  ( 0.000000000000000000, 0.9409537876760575292, -0.3385350343141475538 ) ) ;
#10134 =( NAMED_UNIT ( * ) PLANE_ANGLE_UNIT ( ) SI_UNIT ( $, .RADIAN. ) );
#10135 = B_SPLINE_CURVE_WITH_KNOTS ( 'NONE', 3,
 ( #8572, #10426, #9450, #7516 ),
 .UNSPECIFIED., .F., .F.,
 ( 4, 4 ),
 ( 11.00000000000000000, 12.00000000000000000 ),
 .UNSPECIFIED. ) ;
#10136 = EDGE_CURVE ( 'NONE', #2301, #5293, #1144, .T. ) ;
#10138 = VERTEX_POINT ( 'NONE', #5019 ) ;
#10137 = CARTESIAN_POINT ( 'NONE',  ( 2.500000000000000000, -0.1526234049923927139, 0.4292818560854309573 ) ) ;
#10139 = COLOUR_RGB ( '',0.000000000000000000, 0.000000000000000000, 0.000000000000000000 ) ;
#10140 = ORIENTED_EDGE ( 'NONE', *, *, #1535, .F. ) ;
#10141 = PRESENTATION_LAYER_ASSIGNMENT (  '', '', ( #10934 ) ) ;
#10142 = PRESENTATION_LAYER_ASSIGNMENT (  '', '', ( #7943 ) ) ;
#10143 = MECHANICAL_DESIGN_GEOMETRIC_PRESENTATION_REPRESENTATION (  '', ( #11689 ), #5362 ) ;
#10144 = CARTESIAN_POINT ( 'NONE',  ( 2.500000000000000000, 0.4383913899645453527, 0.5748184988799739381 ) ) ;
#10145 = SURFACE_STYLE_FILL_AREA ( #11854 ) ;
#10146 = FILL_AREA_STYLE_COLOUR ( '', #11455 ) ;
#10147 = CARTESIAN_POINT ( 'NONE',  ( 2.500000000000000000, -0.6731787588190678573, 0.2196136611919111969 ) ) ;
#10148 = FILL_AREA_STYLE ('',( #3686 ) ) ;
#10149 = B_SPLINE_SURFACE_WITH_KNOTS ( 'NONE', 3, 1, ( 
 ( #6161, #10038 ),
 ( #5240, #10965 ),
 ( #8108, #11077 ),
 ( #1538, #4462 ) ),
 .UNSPECIFIED., .F., .F., .F.,
 ( 4, 4 ),
 ( 2, 2 ),
 ( 4.000000000000000000, 5.000000000000000000 ),
 ( 0.000000000000000000, 1.000000000000000000 ),
 .UNSPECIFIED. ) ;
#10150 = PRESENTATION_LAYER_ASSIGNMENT (  '', '', ( #6946 ) ) ;
#10151 = ADVANCED_FACE ( 'NONE', ( #8878 ), #6581, .T. ) ;
#10152 = COLOUR_RGB ( '',0.000000000000000000, 0.000000000000000000, 0.000000000000000000 ) ;
#10153 = VECTOR ( 'NONE', #1486, 1000.000000000000000 ) ;
#10155 = EDGE_CURVE ( 'NONE', #11465, #11013, #9867, .T. ) ;
#10154 = EDGE_LOOP ( 'NONE', ( #10607, #3340, #10633, #4808 ) ) ;
#10156 = UNCERTAINTY_MEASURE_WITH_UNIT (LENGTH_MEASURE( 1.000000000000000082E-05 ), #11367, 'distance_accuracy_value', 'NONE');
#10157 = ORIENTED_EDGE ( 'NONE', *, *, #7834, .F. ) ;
#10158 = CARTESIAN_POINT ( 'NONE',  ( 2.500000000000000000, 0.3015592481772202960, 0.3775764221548519872 ) ) ;
#10159 = VECTOR ( 'NONE', #5401, 1000.000000000000000 ) ;
#10160 = DIRECTION ( 'NONE',  ( 0.000000000000000000, -1.000000000000000000, 0.000000000000000000 ) ) ;
#10161 = DIRECTION ( 'NONE',  ( -0.000000000000000000, -0.9903286039881266101, -0.1387416884823316487 ) ) ;
#10162 = CARTESIAN_POINT ( 'NONE',  ( 2.500000000000000000, -0.06297218938474381800, 0.3801183253818423147 ) ) ;
#10163 =( NAMED_UNIT ( * ) SI_UNIT ( $, .STERADIAN. ) SOLID_ANGLE_UNIT ( ) );
#10164 = CARTESIAN_POINT ( 'NONE',  ( 2.500000000000000000, 0.4050671487464481135, 0.3660351092830227970 ) ) ;
#10165 = EDGE_LOOP ( 'NONE', ( #4919, #12130, #8519, #7829 ) ) ;
#10166 = LINE ( 'NONE', #10271, #9145 ) ;
#10167 = STYLED_ITEM ( 'NONE', ( #1413 ), #4672 ) ;
#10169 = CARTESIAN_POINT ( 'NONE',  ( 2.501000000000000334, 0.6930800915672590268, 0.3205976883404587086 ) ) ;
#10168 = FILL_AREA_STYLE ('',( #5722 ) ) ;
#10170 = SURFACE_STYLE_USAGE ( .BOTH. , #6344 ) ;
#10171 = VECTOR ( 'NONE', #8917, 1000.000000000000000 ) ;
#10172 = PRESENTATION_LAYER_ASSIGNMENT (  '', '', ( #10757 ) ) ;
#10173 = ORIENTED_EDGE ( 'NONE', *, *, #2387, .T. ) ;
#10174 = VERTEX_POINT ( 'NONE', #6109 ) ;
#10175 = COLOUR_RGB ( '',0.000000000000000000, 0.000000000000000000, 0.000000000000000000 ) ;
#10177 =( LENGTH_UNIT ( ) NAMED_UNIT ( * ) SI_UNIT ( .MILLI., .METRE. ) );
#10176 = CARTESIAN_POINT ( 'NONE',  ( 2.500000000000000000, 0.9526036674781059865, 0.3325549043783421754 ) ) ;
#10178 =( NAMED_UNIT ( * ) PLANE_ANGLE_UNIT ( ) SI_UNIT ( $, .RADIAN. ) );
#10179 = EDGE_CURVE ( 'NONE', #1790, #5948, #10615, .T. ) ;
#10180 = EDGE_CURVE ( 'NONE', #2771, #6074, #7789, .T. ) ;
#10181 = COLOUR_RGB ( '',0.000000000000000000, 0.000000000000000000, 0.000000000000000000 ) ;
#10182 =( NAMED_UNIT ( * ) PLANE_ANGLE_UNIT ( ) SI_UNIT ( $, .RADIAN. ) );
#10183 = CARTESIAN_POINT ( 'NONE',  ( 2.500000000000000000, 0.2108403699786665364, 0.5516318973461894482 ) ) ;
#10184 = CARTESIAN_POINT ( 'NONE',  ( 2.500000000000000000, 1.068952578314464219, 0.4323716643446927077 ) ) ;
#10185 = CARTESIAN_POINT ( 'NONE',  ( 2.500000000000000000, 1.469693845669906240, 1.000000000000000000 ) ) ;
#10186 = CARTESIAN_POINT ( 'NONE',  ( 2.500000000000000000, 0.5663855894628644361, 0.2650746156086442595 ) ) ;
#10187 = CARTESIAN_POINT ( 'NONE',  ( 2.500000000000000000, 0.9526036674781064306, 0.3071848112200114000 ) ) ;
#10188 = ORIENTED_EDGE ( 'NONE', *, *, #282, .F. ) ;
#10189 = CARTESIAN_POINT ( 'NONE',  ( 2.501000000000000334, -0.6731787588190678573, 0.2196136611919111969 ) ) ;
#10190 = B_SPLINE_CURVE_WITH_KNOTS ( 'NONE', 3,
 ( #2593, #5474, #3468, #1609 ),
 .UNSPECIFIED., .F., .F.,
 ( 4, 4 ),
 ( 11.00000000000000000, 12.00000000000000000 ),
 .UNSPECIFIED. ) ;
#10191 = CARTESIAN_POINT ( 'NONE',  ( 2.500000000000000000, -0.9855119931785354392, 0.5203790367986217413 ) ) ;
#10192 = STYLED_ITEM ( 'NONE', ( #5599 ), #844 ) ;
#10193 = ORIENTED_EDGE ( 'NONE', *, *, #12063, .T. ) ;
#10194 = VERTEX_POINT ( 'NONE', #1556 ) ;
#10195 = SURFACE_SIDE_STYLE ('',( #642 ) ) ;
#10196 = SURFACE_STYLE_FILL_AREA ( #11773 ) ;
#10197 = EDGE_CURVE ( 'NONE', #7996, #6851, #11884, .T. ) ;
#10198 = PRESENTATION_STYLE_ASSIGNMENT (( #12067 ) ) ;
#10199 = VERTEX_POINT ( 'NONE', #3484 ) ;
#10200 = ORIENTED_EDGE ( 'NONE', *, *, #5870, .F. ) ;
#10201 = B_SPLINE_SURFACE_WITH_KNOTS ( 'NONE', 3, 1, ( 
 ( #722, #10888 ),
 ( #7328, #11788 ),
 ( #11058, #8088 ),
 ( #8254, #1660 ) ),
 .UNSPECIFIED., .F., .F., .F.,
 ( 4, 4 ),
 ( 2, 2 ),
 ( 24.00000000000000000, 25.00000000000000000 ),
 ( 0.000000000000000000, 1.000000000000000000 ),
 .UNSPECIFIED. ) ;
#10202 = ORIENTED_EDGE ( 'NONE', *, *, #4459, .F. ) ;
#10203 =( NAMED_UNIT ( * ) SI_UNIT ( $, .STERADIAN. ) SOLID_ANGLE_UNIT ( ) );
#10204 = DIRECTION ( 'NONE',  ( -1.000000000000000000, -0.000000000000000000, -0.000000000000000000 ) ) ;
#10205 = CARTESIAN_POINT ( 'NONE',  ( 2.501000000000000334, 0.3285929540011504613, 0.2759920737300050053 ) ) ;
#10206 = CARTESIAN_POINT ( 'NONE',  ( 2.500000000000000000, 0.4703119579951469120, 0.2371051276597024027 ) ) ;
#10207 = EDGE_CURVE ( 'NONE', #10727, #271, #5251, .T. ) ;
#10208 =( NAMED_UNIT ( * ) PLANE_ANGLE_UNIT ( ) SI_UNIT ( $, .RADIAN. ) );
#10209 = FILL_AREA_STYLE_COLOUR ( '', #10563 ) ;
#10210 = LINE ( 'NONE', #6669, #2274 ) ;
#10211 =( NAMED_UNIT ( * ) PLANE_ANGLE_UNIT ( ) SI_UNIT ( $, .RADIAN. ) );
#10212 = PLANE ( 'NONE',  #5303 ) ;
#10213 = EDGE_LOOP ( 'NONE', ( #5865, #8870, #7377, #9399 ) ) ;
#10214 = STYLED_ITEM ( 'NONE', ( #5942 ), #6389 ) ;
#10215 = CARTESIAN_POINT ( 'NONE',  ( 2.501000000000000334, 0.3015592481772202960, 0.3775764221548519872 ) ) ;
#10216 = VERTEX_POINT ( 'NONE', #10053 ) ;
#10217 = CARTESIAN_POINT ( 'NONE',  ( 2.501000000000000334, -0.8929688197783932635, 0.2658853168416816515 ) ) ;
#10218 = CARTESIAN_POINT ( 'NONE',  ( 2.500000000000000000, 0.7853586066392009846, 0.6072589458695240028 ) ) ;
#10219 = SURFACE_STYLE_FILL_AREA ( #1732 ) ;
#10220 = EDGE_CURVE ( 'NONE', #4833, #2719, #1500, .T. ) ;
#10221 = CARTESIAN_POINT ( 'NONE',  ( 2.500000000000000000, 0.4866881451771898903, 0.2685058167327331602 ) ) ;
#10222 = CARTESIAN_POINT ( 'NONE',  ( 0.000000000000000000, 0.000000000000000000, 1.000000000000000000 ) ) ;
#10223 =( GEOMETRIC_REPRESENTATION_CONTEXT ( 3 ) GLOBAL_UNCERTAINTY_ASSIGNED_CONTEXT ( ( #9628 ) ) GLOBAL_UNIT_ASSIGNED_CONTEXT ( ( #11470, #10414, #162 ) ) REPRESENTATION_CONTEXT ( 'NONE', 'WORKASPACE' ) );
#10224 = DIRECTION ( 'NONE',  ( 1.000000000000000000, 0.000000000000000000, -1.301042606982605321E-16 ) ) ;
#10225 = DIRECTION ( 'NONE',  ( -1.000000000000000000, -0.000000000000000000, -0.000000000000000000 ) ) ;
#10226 = ORIENTED_EDGE ( 'NONE', *, *, #10329, .F. ) ;
#10227 = ORIENTED_EDGE ( 'NONE', *, *, #5662, .T. ) ;
#10228 = AXIS2_PLACEMENT_3D ( 'NONE', #3304, #9018, #7102 ) ;
#10229 = UNCERTAINTY_MEASURE_WITH_UNIT (LENGTH_MEASURE( 1.000000000000000082E-05 ), #7012, 'distance_accuracy_value', 'NONE');
#10230 = UNCERTAINTY_MEASURE_WITH_UNIT (LENGTH_MEASURE( 1.000000000000000082E-05 ), #5476, 'distance_accuracy_value', 'NONE');
#10231 = EDGE_CURVE ( 'NONE', #5221, #9070, #8231, .T. ) ;
#10232 = CARTESIAN_POINT ( 'NONE',  ( 2.500000000000000000, 1.048365371572667515, 0.3076007143860646220 ) ) ;
#10233 = CARTESIAN_POINT ( 'NONE',  ( 2.501000000000000334, 0.3234981402114526228, 0.7347332664088832566 ) ) ;
#10234 = CARTESIAN_POINT ( 'NONE',  ( 2.501000000000000334, 0.3409140853093221013, 0.7347332664088832566 ) ) ;
#10235 =( LENGTH_UNIT ( ) NAMED_UNIT ( * ) SI_UNIT ( .MILLI., .METRE. ) );
#10236 = CARTESIAN_POINT ( 'NONE',  ( 2.501000000000000334, -0.2842082154503027813, 0.7343851339065498030 ) ) ;
#10237 = ORIENTED_EDGE ( 'NONE', *, *, #819, .T. ) ;
#10238 = DIRECTION ( 'NONE',  ( 0.000000000000000000, 0.000000000000000000, 1.000000000000000000 ) ) ;
#10239 = FACE_OUTER_BOUND ( 'NONE', #4465, .T. ) ;
#10240 = DIRECTION ( 'NONE',  ( -1.000000000000000000, -0.000000000000000000, -0.000000000000000000 ) ) ;
#10241 = PRESENTATION_STYLE_ASSIGNMENT (( #11232 ) ) ;
#10242 = CARTESIAN_POINT ( 'NONE',  ( 2.501000000000000334, 1.082105515956131248, 0.4063777164358939320 ) ) ;
#10243 =( NAMED_UNIT ( * ) PLANE_ANGLE_UNIT ( ) SI_UNIT ( $, .RADIAN. ) );
#10244 = SURFACE_STYLE_FILL_AREA ( #6483 ) ;
#10245 =( LENGTH_UNIT ( ) NAMED_UNIT ( * ) SI_UNIT ( .MILLI., .METRE. ) );
#10246 = ORIENTED_EDGE ( 'NONE', *, *, #2628, .F. ) ;
#10247 = EDGE_CURVE ( 'NONE', #366, #8873, #11031, .T. ) ;
#10248 = CARTESIAN_POINT ( 'NONE',  ( 2.501000000000000334, 0.5196484711243036791, 0.1824138612613750154 ) ) ;
#10249 = EDGE_CURVE ( 'NONE', #7954, #4382, #745, .T. ) ;
#10250 = ORIENTED_EDGE ( 'NONE', *, *, #10002, .F. ) ;
#10251 = DIRECTION ( 'NONE',  ( 0.000000000000000000, -1.000000000000000000, -2.319788234798266273E-15 ) ) ;
#10252 = CARTESIAN_POINT ( 'NONE',  ( 2.501000000000000334, 0.5717403427327214516, 0.2597718502359203652 ) ) ;
#10253 = FACE_OUTER_BOUND ( 'NONE', #319, .T. ) ;
#10254 = DIRECTION ( 'NONE',  ( 1.000000000000000000, 0.000000000000000000, -1.224646799147352961E-16 ) ) ;
#10255 = SURFACE_SIDE_STYLE ('',( #9287 ) ) ;
#10256 = VECTOR ( 'NONE', #10516, 1000.000000000000000 ) ;
#10257 = LINE ( 'NONE', #6556, #2602 ) ;
#10258 = EDGE_CURVE ( 'NONE', #7745, #5530, #2607, .T. ) ;
#10259 = CARTESIAN_POINT ( 'NONE',  ( 2.501000000000000334, 0.2498312918404796690, 0.2370011518681925111 ) ) ;
#10260 = CARTESIAN_POINT ( 'NONE',  ( 2.501000000000000334, 0.5701807058572510023, 0.2531173995707618474 ) ) ;
#10261 = ORIENTED_EDGE ( 'NONE', *, *, #9048, .T. ) ;
#10262 = UNCERTAINTY_MEASURE_WITH_UNIT (LENGTH_MEASURE( 1.000000000000000082E-05 ), #822, 'distance_accuracy_value', 'NONE');
#10263 = FILL_AREA_STYLE_COLOUR ( '', #6092 ) ;
#10264 = SURFACE_STYLE_FILL_AREA ( #7408 ) ;
#10265 = MECHANICAL_DESIGN_GEOMETRIC_PRESENTATION_REPRESENTATION (  '', ( #10866 ), #1779 ) ;
#10266 = FILL_AREA_STYLE_COLOUR ( '', #3936 ) ;
#10267 = COLOUR_RGB ( '',0.000000000000000000, 0.000000000000000000, 0.000000000000000000 ) ;
#10268 = SURFACE_STYLE_FILL_AREA ( #1796 ) ;
#10269 = FILL_AREA_STYLE_COLOUR ( '', #11703 ) ;
#10270 = ORIENTED_EDGE ( 'NONE', *, *, #10197, .F. ) ;
#10271 = CARTESIAN_POINT ( 'NONE',  ( 2.501000000000000334, 0.4797217671381802662, 0.3711299230727123644 ) ) ;
#10272 = PRESENTATION_LAYER_ASSIGNMENT (  '', '', ( #3361 ) ) ;
#10273 = DIRECTION ( 'NONE',  ( -0.000000000000000000, -9.310221531588290742E-15, 1.000000000000000000 ) ) ;
#10274 = B_SPLINE_CURVE_WITH_KNOTS ( 'NONE', 3,
 ( #5097, #4389, #6196, #11907 ),
 .UNSPECIFIED., .F., .F.,
 ( 4, 4 ),
 ( 0.000000000000000000, 1.000000000000000000 ),
 .UNSPECIFIED. ) ;
#10275 = DIRECTION ( 'NONE',  ( 0.000000000000000000, 3.104947329619024145E-15, -1.000000000000000000 ) ) ;
#10276 = EDGE_CURVE ( 'NONE', #9296, #6075, #5568, .T. ) ;
#10277 = MECHANICAL_DESIGN_GEOMETRIC_PRESENTATION_REPRESENTATION (  '', ( #12019 ), #7077 ) ;
#10278 = VECTOR ( 'NONE', #1911, 1000.000000000000000 ) ;
#10279 = CARTESIAN_POINT ( 'NONE',  ( 2.500000000000000000, -0.8944147573046110633, 0.4610936400299214255 ) ) ;
#10280 = COLOUR_RGB ( '',0.000000000000000000, 0.000000000000000000, 0.000000000000000000 ) ;
#10281 =( NAMED_UNIT ( * ) SI_UNIT ( $, .STERADIAN. ) SOLID_ANGLE_UNIT ( ) );
#10282 = VERTEX_POINT ( 'NONE', #805 ) ;
#10283 = PRESENTATION_STYLE_ASSIGNMENT (( #6457 ) ) ;
#10284 = CARTESIAN_POINT ( 'NONE',  ( 2.501000000000000334, 0.2485315944444836667, 0.7284947189111605770 ) ) ;
#10285 = VECTOR ( 'NONE', #1263, 1000.000000000000000 ) ;
#10287 = AXIS2_PLACEMENT_3D ( 'NONE', #7069, #7140, #11739 ) ;
#10286 = UNCERTAINTY_MEASURE_WITH_UNIT (LENGTH_MEASURE( 1.000000000000000082E-05 ), #474, 'distance_accuracy_value', 'NONE');
#10288 = FACE_OUTER_BOUND ( 'NONE', #7720, .T. ) ;
#10289 = PRESENTATION_LAYER_ASSIGNMENT (  '', '', ( #1984 ) ) ;
#10291 = PRESENTATION_STYLE_ASSIGNMENT (( #4695 ) ) ;
#10290 =( LENGTH_UNIT ( ) NAMED_UNIT ( * ) SI_UNIT ( .MILLI., .METRE. ) );
#10292 = B_SPLINE_SURFACE_WITH_KNOTS ( 'NONE', 3, 1, ( 
 ( #9253, #10387 ),
 ( #2144, #6627 ),
 ( #5741, #2841 ),
 ( #9533, #1917 ) ),
 .UNSPECIFIED., .F., .F., .F.,
 ( 4, 4 ),
 ( 2, 2 ),
 ( 27.00000000000000000, 28.00000000000000000 ),
 ( 0.000000000000000000, 1.000000000000000000 ),
 .UNSPECIFIED. ) ;
#10293 = CARTESIAN_POINT ( 'NONE',  ( 2.500000000000000000, 0.2680790432718422323, 0.7121705196255647685 ) ) ;
#10294 = EDGE_CURVE ( 'NONE', #2207, #10216, #3531, .T. ) ;
#10296 = ORIENTED_EDGE ( 'NONE', *, *, #4514, .F. ) ;
#10295 = CARTESIAN_POINT ( 'NONE',  ( 2.500000000000000000, 0.3911343926677369187, 0.3184141967159079267 ) ) ;
#10297 = PRESENTATION_STYLE_ASSIGNMENT (( #3713 ) ) ;
#10298 = SURFACE_STYLE_FILL_AREA ( #9319 ) ;
#10299 = SURFACE_STYLE_FILL_AREA ( #9429 ) ;
#10300 = ORIENTED_EDGE ( 'NONE', *, *, #9360, .T. ) ;
#10301 = UNCERTAINTY_MEASURE_WITH_UNIT (LENGTH_MEASURE( 1.000000000000000082E-05 ), #1953, 'distance_accuracy_value', 'NONE');
#10302 = CARTESIAN_POINT ( 'NONE',  ( 0.000000000000000000, 0.2500000000000000000, 0.000000000000000000 ) ) ;
#10304 = CARTESIAN_POINT ( 'NONE',  ( 2.501000000000000334, 0.5861929777696958110, 0.7316139926607153621 ) ) ;
#10303 = CARTESIAN_POINT ( 'NONE',  ( 2.501000000000000334, -0.8727249497459994565, 0.6678697254408471062 ) ) ;
#10305 =( GEOMETRIC_REPRESENTATION_CONTEXT ( 3 ) GLOBAL_UNCERTAINTY_ASSIGNED_CONTEXT ( ( #8159 ) ) GLOBAL_UNIT_ASSIGNED_CONTEXT ( ( #10415, #4781, #9382 ) ) REPRESENTATION_CONTEXT ( 'NONE', 'WORKASPACE' ) );
#10307 = VERTEX_POINT ( 'NONE', #4352 ) ;
#10306 = CARTESIAN_POINT ( 'NONE',  ( 2.500000000000000000, -0.2842082154503027813, 0.7343851339065498030 ) ) ;
#10308 = PRESENTATION_STYLE_ASSIGNMENT (( #6490 ) ) ;
#10309 =( LENGTH_UNIT ( ) NAMED_UNIT ( * ) SI_UNIT ( .MILLI., .METRE. ) );
#10310 = EDGE_LOOP ( 'NONE', ( #6813, #10477, #5189, #10131 ) ) ;
#10311 = CARTESIAN_POINT ( 'NONE',  ( 2.500000000000000000, 0.3587459335746319145, 0.7556324005279899669 ) ) ;
#10312 = CARTESIAN_POINT ( 'NONE',  ( 2.501000000000000334, 0.3249538012940281773, 0.2661143735251563225 ) ) ;
#10313 = DIRECTION ( 'NONE',  ( 1.000000000000000000, 0.000000000000000000, -1.224646799147352961E-16 ) ) ;
#10314 = SURFACE_STYLE_FILL_AREA ( #6499 ) ;
#10315 = VECTOR ( 'NONE', #7927, 1000.000000000000000 ) ;
#10316 = ADVANCED_FACE ( 'NONE', ( #8123 ), #835, .F. ) ;
#10317 = PRESENTATION_STYLE_ASSIGNMENT (( #8441 ) ) ;
#10318 = ADVANCED_FACE ( 'NONE', ( #7472 ), #4307, .F. ) ;
#10319 = DIRECTION ( 'NONE',  ( 0.000000000000000000, -0.000000000000000000, -1.000000000000000000 ) ) ;
#10320 = ORIENTED_EDGE ( 'NONE', *, *, #7421, .F. ) ;
#10321 = CARTESIAN_POINT ( 'NONE',  ( 2.501000000000000334, -0.7295722529553173574, 0.2441954541237268961 ) ) ;
#10322 =( GEOMETRIC_REPRESENTATION_CONTEXT ( 3 ) GLOBAL_UNCERTAINTY_ASSIGNED_CONTEXT ( ( #10411 ) ) GLOBAL_UNIT_ASSIGNED_CONTEXT ( ( #2455, #570, #3383 ) ) REPRESENTATION_CONTEXT ( 'NONE', 'WORKASPACE' ) );
#10323 = DIRECTION ( 'NONE',  ( 0.000000000000000000, 1.000000000000000000, 2.981400461829031010E-15 ) ) ;
#10324 = VECTOR ( 'NONE', #1912, 1000.000000000000114 ) ;
#10325 = CARTESIAN_POINT ( 'NONE',  ( 2.501000000000000334, -0.6167852646828186902, 0.2760071829081734984 ) ) ;
#10326 = FACE_OUTER_BOUND ( 'NONE', #4369, .T. ) ;
#10327 = CARTESIAN_POINT ( 'NONE',  ( 2.500000000000000000, 0.8240895890222245113, 0.7147699144161706597 ) ) ;
#10328 = DIRECTION ( 'NONE',  ( -0.000000000000000000, -1.000000000000000000, -3.622438551222427550E-15 ) ) ;
#10329 = EDGE_CURVE ( 'NONE', #8046, #6122, #3880, .T. ) ;
#10330 = COLOUR_RGB ( '',0.000000000000000000, 0.000000000000000000, 0.000000000000000000 ) ;
#10331 = ORIENTED_EDGE ( 'NONE', *, *, #10076, .T. ) ;
#10332 = CARTESIAN_POINT ( 'NONE',  ( 2.501000000000000334, -0.2480585361857174653, 0.2282896724708665392 ) ) ;
#10333 = CARTESIAN_POINT ( 'NONE',  ( 2.501000000000000334, 0.5111224562105154412, 0.6665251470985906757 ) ) ;
#10334 =( GEOMETRIC_REPRESENTATION_CONTEXT ( 3 ) GLOBAL_UNCERTAINTY_ASSIGNED_CONTEXT ( ( #1807 ) ) GLOBAL_UNIT_ASSIGNED_CONTEXT ( ( #1095, #7779, #3091 ) ) REPRESENTATION_CONTEXT ( 'NONE', 'WORKASPACE' ) );
#10335 = B_SPLINE_SURFACE_WITH_KNOTS ( 'NONE', 3, 1, ( 
 ( #1941, #7848 ),
 ( #1305, #4025 ),
 ( #5071, #1244 ),
 ( #11633, #11579 ) ),
 .UNSPECIFIED., .F., .F., .F.,
 ( 4, 4 ),
 ( 2, 2 ),
 ( 7.000000000000000000, 8.000000000000000000 ),
 ( 0.000000000000000000, 1.000000000000000000 ),
 .UNSPECIFIED. ) ;
#10336 = AXIS2_PLACEMENT_3D ( 'NONE', #8942, #7531, #3874 ) ;
#10337 = VERTEX_POINT ( 'NONE', #4689 ) ;
#10338 = DIRECTION ( 'NONE',  ( 0.000000000000000000, -1.000000000000000000, -3.876374764046011028E-15 ) ) ;
#10339 = COLOUR_RGB ( '',0.000000000000000000, 0.000000000000000000, 0.000000000000000000 ) ;
#10340 = UNCERTAINTY_MEASURE_WITH_UNIT (LENGTH_MEASURE( 1.000000000000000082E-05 ), #2420, 'distance_accuracy_value', 'NONE');
#10341 = CARTESIAN_POINT ( 'NONE',  ( 2.501000000000000334, 0.8619367771760082508, 0.6302375958202816042 ) ) ;
#10342 = PRESENTATION_STYLE_ASSIGNMENT (( #8472 ) ) ;
#10343 = ADVANCED_FACE ( 'NONE', ( #13 ), #5809, .F. ) ;
#10344 = VECTOR ( 'NONE', #4664, 1000.000000000000000 ) ;
#10345 = CARTESIAN_POINT ( 'NONE',  ( 2.500000000000000000, 0.8280406691038836309, 0.7290145978701134677 ) ) ;
#10346 =( GEOMETRIC_REPRESENTATION_CONTEXT ( 3 ) GLOBAL_UNCERTAINTY_ASSIGNED_CONTEXT ( ( #2348 ) ) GLOBAL_UNIT_ASSIGNED_CONTEXT ( ( #9923, #196, #3099 ) ) REPRESENTATION_CONTEXT ( 'NONE', 'WORKASPACE' ) );
#10347 = CARTESIAN_POINT ( 'NONE',  ( 0.000000000000000000, 0.000000000000000000, 6.199999999999999289 ) ) ;
#10348 = ORIENTED_EDGE ( 'NONE', *, *, #11966, .F. ) ;
#10349 = DIRECTION ( 'NONE',  ( 0.000000000000000000, -1.000000000000000000, 0.000000000000000000 ) ) ;
#10350 = LINE ( 'NONE', #5634, #8292 ) ;
#10351 =( LENGTH_UNIT ( ) NAMED_UNIT ( * ) SI_UNIT ( .MILLI., .METRE. ) );
#10352 = CARTESIAN_POINT ( 'NONE',  ( 2.501000000000000334, 0.3390425210600110928, 0.5715952493389055977 ) ) ;
#10353 = ORIENTED_EDGE ( 'NONE', *, *, #10504, .T. ) ;
#10354 = COLOUR_RGB ( '',0.000000000000000000, 0.000000000000000000, 0.000000000000000000 ) ;
#10355 = COLOUR_RGB ( '',0.000000000000000000, 0.000000000000000000, 0.000000000000000000 ) ;
#10356 = FILL_AREA_STYLE_COLOUR ( '', #10339 ) ;
#10357 = EDGE_CURVE ( 'NONE', #7606, #10776, #6213, .T. ) ;
#10359 = CARTESIAN_POINT ( 'NONE',  ( 2.500000000000000000, 0.4605382335818141160, 0.2660103977336463199 ) ) ;
#10358 = CARTESIAN_POINT ( 'NONE',  ( 2.501000000000000334, 0.2656356121685123362, 0.2573804070283430279 ) ) ;
#10360 = SURFACE_STYLE_USAGE ( .BOTH. , #11295 ) ;
#10361 = PRESENTATION_LAYER_ASSIGNMENT (  '', '', ( #2459 ) ) ;
#10362 = VERTEX_POINT ( 'NONE', #9056 ) ;
#10363 = PRESENTATION_STYLE_ASSIGNMENT (( #2807 ) ) ;
#10364 = ORIENTED_EDGE ( 'NONE', *, *, #7716, .T. ) ;
#10365 = UNCERTAINTY_MEASURE_WITH_UNIT (LENGTH_MEASURE( 1.000000000000000082E-05 ), #3280, 'distance_accuracy_value', 'NONE');
#10366 = CARTESIAN_POINT ( 'NONE',  ( 2.501000000000000334, 0.6979149658781653720, 0.6551917858111756532 ) ) ;
#10367 = ORIENTED_EDGE ( 'NONE', *, *, #3821, .T. ) ;
#10368 = CARTESIAN_POINT ( 'NONE',  ( 2.500000000000000000, 0.3714309801537973854, 0.7501216835708589548 ) ) ;
#10369 = CARTESIAN_POINT ( 'NONE',  ( 2.501000000000000334, 0.3887429494601591373, 0.3479433215389324263 ) ) ;
#10370 = MECHANICAL_DESIGN_GEOMETRIC_PRESENTATION_REPRESENTATION (  '', ( #2862 ), #11370 ) ;
#10371 = CARTESIAN_POINT ( 'NONE',  ( 2.501000000000000334, 0.4812294161165083795, 0.2446953604498728063 ) ) ;
#10372 = SURFACE_SIDE_STYLE ('',( #231 ) ) ;
#10373 = PLANE ( 'NONE',  #3634 ) ;
#10374 = CARTESIAN_POINT ( 'NONE',  ( 2.501000000000000334, 0.4293974839882578332, 0.3775764221548524313 ) ) ;
#10375 = CARTESIAN_POINT ( 'NONE',  ( 2.501000000000000334, -0.5271340490744741425, 0.2919131300411534347 ) ) ;
#10376 = VERTEX_POINT ( 'NONE', #5419 ) ;
#10377 = ORIENTED_EDGE ( 'NONE', *, *, #9390, .F. ) ;
#10378 = EDGE_CURVE ( 'NONE', #7955, #2244, #10190, .T. ) ;
#10379 = UNCERTAINTY_MEASURE_WITH_UNIT (LENGTH_MEASURE( 1.000000000000000082E-05 ), #5569, 'distance_accuracy_value', 'NONE');
#10380 = CARTESIAN_POINT ( 'NONE',  ( 2.501000000000000334, 0.3234981402114526228, 0.7347332664088832566 ) ) ;
#10381 = CARTESIAN_POINT ( 'NONE',  ( 2.501000000000000334, 0.4703119579951469120, 0.2371051276597024027 ) ) ;
#10382 =( NAMED_UNIT ( * ) SI_UNIT ( $, .STERADIAN. ) SOLID_ANGLE_UNIT ( ) );
#10383 = CARTESIAN_POINT ( 'NONE',  ( 2.500000000000000000, 0.4615260036025796708, 0.3053132469699955664 ) ) ;
#10384 = B_SPLINE_SURFACE_WITH_KNOTS ( 'NONE', 3, 1, ( 
 ( #6538, #1058 ),
 ( #876, #11463 ),
 ( #8558, #8676 ),
 ( #7729, #31 ) ),
 .UNSPECIFIED., .F., .F., .F.,
 ( 4, 4 ),
 ( 2, 2 ),
 ( 12.00000000000000000, 13.00000000000000000 ),
 ( 0.000000000000000000, 1.000000000000000000 ),
 .UNSPECIFIED. ) ;
#10385 = LINE ( 'NONE', #8345, #12099 ) ;
#10386 = ORIENTED_EDGE ( 'NONE', *, *, #6357, .F. ) ;
#10387 = CARTESIAN_POINT ( 'NONE',  ( 2.500000000000000000, -0.3304798159407296154, 0.3179408329191652505 ) ) ;
#10388 = CARTESIAN_POINT ( 'NONE',  ( 2.501000000000000334, 0.5149695605013602240, 0.1824138612613750154 ) ) ;
#10389 = EDGE_CURVE ( 'NONE', #2719, #9729, #9308, .T. ) ;
#10390 = ORIENTED_EDGE ( 'NONE', *, *, #3258, .F. ) ;
#10391 = EDGE_CURVE ( 'NONE', #3166, #1518, #9247, .T. ) ;
#10392 = AXIS2_PLACEMENT_3D ( 'NONE', #708, #5397, #12005 ) ;
#10393 = CARTESIAN_POINT ( 'NONE',  ( 2.501000000000000334, 0.2515468924018348096, 0.3640595692428862939 ) ) ;
#10394 = SURFACE_STYLE_FILL_AREA ( #11403 ) ;
#10395 = CARTESIAN_POINT ( 'NONE',  ( 2.500000000000000000, -0.2061248861754226280, 0.6201521460534846764 ) ) ;
#10396 = CARTESIAN_POINT ( 'NONE',  ( 2.500000000000000000, 0.6979149658781653720, 0.6551917858111756532 ) ) ;
#10397 = ORIENTED_EDGE ( 'NONE', *, *, #11591, .F. ) ;
#10398 = LINE ( 'NONE', #3709, #478 ) ;
#10399 = STYLED_ITEM ( 'NONE', ( #9730 ), #5935 ) ;
#10400 = VERTEX_POINT ( 'NONE', #4463 ) ;
#10401 = PLANE ( 'NONE',  #7185 ) ;
#10402 = SURFACE_STYLE_USAGE ( .BOTH. , #5689 ) ;
#10403 = EDGE_CURVE ( 'NONE', #8264, #10174, #8215, .T. ) ;
#10404 = ORIENTED_EDGE ( 'NONE', *, *, #10418, .F. ) ;
#10405 = ORIENTED_EDGE ( 'NONE', *, *, #9490, .T. ) ;
#10406 = DIRECTION ( 'NONE',  ( 0.000000000000000000, -0.9434452330799487640, 0.3315284183576441834 ) ) ;
#10407 = LINE ( 'NONE', #8378, #7154 ) ;
#10408 = PRESENTATION_STYLE_ASSIGNMENT (( #6588 ) ) ;
#10409 = MECHANICAL_DESIGN_GEOMETRIC_PRESENTATION_REPRESENTATION (  '', ( #5636 ), #6796 ) ;
#10410 = FILL_AREA_STYLE ('',( #5763 ) ) ;
#10411 = UNCERTAINTY_MEASURE_WITH_UNIT (LENGTH_MEASURE( 1.000000000000000082E-05 ), #2455, 'distance_accuracy_value', 'NONE');
#10412 = PRESENTATION_STYLE_ASSIGNMENT (( #2869 ) ) ;
#10414 =( NAMED_UNIT ( * ) PLANE_ANGLE_UNIT ( ) SI_UNIT ( $, .RADIAN. ) );
#10413 = CARTESIAN_POINT ( 'NONE',  ( 2.500000000000000000, -0.3246958451943240953, 0.3989161751472694584 ) ) ;
#10415 =( LENGTH_UNIT ( ) NAMED_UNIT ( * ) SI_UNIT ( .MILLI., .METRE. ) );
#10417 = ORIENTED_EDGE ( 'NONE', *, *, #10391, .F. ) ;
#10416 = DIRECTION ( 'NONE',  ( -0.000000000000000000, -0.000000000000000000, -1.000000000000000000 ) ) ;
#10418 = EDGE_CURVE ( 'NONE', #5994, #6883, #12037, .T. ) ;
#10419 = SURFACE_STYLE_FILL_AREA ( #6600 ) ;
#10420 = EDGE_LOOP ( 'NONE', ( #621, #5060, #10794, #9323 ) ) ;
#10421 =( NAMED_UNIT ( * ) PLANE_ANGLE_UNIT ( ) SI_UNIT ( $, .RADIAN. ) );
#10422 = DIRECTION ( 'NONE',  ( 0.000000000000000000, -0.3493954794691446764, 0.9369753459544848395 ) ) ;
#10423 = DIRECTION ( 'NONE',  ( -1.000000000000000000, -0.000000000000000000, -0.000000000000000000 ) ) ;
#10424 = SURFACE_STYLE_FILL_AREA ( #9448 ) ;
#10425 = CARTESIAN_POINT ( 'NONE',  ( 2.501000000000000334, 0.4866881451771898903, 0.2780715895630394008 ) ) ;
#10426 = CARTESIAN_POINT ( 'NONE',  ( 2.500000000000000000, 0.4278898350092369962, 0.3551176511616613296 ) ) ;
#10427 = CARTESIAN_POINT ( 'NONE',  ( 2.501000000000000334, 0.4050671487464481135, 0.3660351092830227970 ) ) ;
#10428 = B_SPLINE_SURFACE_WITH_KNOTS ( 'NONE', 3, 1, ( 
 ( #2679, #6422 ),
 ( #5503, #9550 ),
 ( #11349, #6474 ),
 ( #9427, #3711 ) ),
 .UNSPECIFIED., .F., .F., .F.,
 ( 4, 4 ),
 ( 2, 2 ),
 ( 1.000000000000000000, 2.000000000000000000 ),
 ( 0.000000000000000000, 1.000000000000000000 ),
 .UNSPECIFIED. ) ;
#10429 = CARTESIAN_POINT ( 'NONE',  ( 2.501000000000000334, -0.2220307229876291588, 0.6635317611693232198 ) ) ;
#10430 = CARTESIAN_POINT ( 'NONE',  ( 2.500000000000000000, 0.2278404119097885427, 0.5944699234981505320 ) ) ;
#10431 = VERTEX_POINT ( 'NONE', #10628 ) ;
#10432 = PLANE ( 'NONE',  #5949 ) ;
#10433 = EDGE_CURVE ( 'NONE', #1563, #1790, #143, .T. ) ;
#10434 = ORIENTED_EDGE ( 'NONE', *, *, #4096, .T. ) ;
#10435 = FILL_AREA_STYLE ('',( #5728 ) ) ;
#10436 = SURFACE_STYLE_USAGE ( .BOTH. , #5665 ) ;
#10437 = ORIENTED_EDGE ( 'NONE', *, *, #3487, .F. ) ;
#10438 = VERTEX_POINT ( 'NONE', #7211 ) ;
#10439 = FILL_AREA_STYLE_COLOUR ( '', #10181 ) ;
#10440 = CARTESIAN_POINT ( 'NONE',  ( 2.500000000000000000, 0.6169178241951169817, 0.7316139926607154731 ) ) ;
#10441 = PRESENTATION_STYLE_ASSIGNMENT (( #11392 ) ) ;
#10442 = STYLED_ITEM ( 'NONE', ( #40 ), #11918 ) ;
#10443 = ORIENTED_EDGE ( 'NONE', *, *, #4245, .F. ) ;
#10444 = DIRECTION ( 'NONE',  ( 1.000000000000000000, 0.000000000000000000, -6.123233995736766036E-17 ) ) ;
#10445 = STYLED_ITEM ( 'NONE', ( #10562 ), #11343 ) ;
#10446 = PRESENTATION_LAYER_ASSIGNMENT (  '', '', ( #2393 ) ) ;
#10447 =( NAMED_UNIT ( * ) PLANE_ANGLE_UNIT ( ) SI_UNIT ( $, .RADIAN. ) );
#10448 = FACE_BOUND ( 'NONE', #11564, .T. ) ;
#10449 = EDGE_CURVE ( 'NONE', #7590, #5090, #11018, .T. ) ;
#10450 = EDGE_CURVE ( 'NONE', #1654, #11365, #6299, .T. ) ;
#10451 = AXIS2_PLACEMENT_3D ( 'NONE', #9229, #12195, #767 ) ;
#10453 =( LENGTH_UNIT ( ) NAMED_UNIT ( * ) SI_UNIT ( .MILLI., .METRE. ) );
#10452 =( NAMED_UNIT ( * ) SI_UNIT ( $, .STERADIAN. ) SOLID_ANGLE_UNIT ( ) );
#10454 = ORIENTED_EDGE ( 'NONE', *, *, #11951, .F. ) ;
#10455 = PRESENTATION_LAYER_ASSIGNMENT (  '', '', ( #7070 ) ) ;
#10456 = CARTESIAN_POINT ( 'NONE',  ( 2.501000000000000334, -0.7903037251517165407, 0.1733421710208657152 ) ) ;
#10457 = FILL_AREA_STYLE ('',( #923 ) ) ;
#10458 = VECTOR ( 'NONE', #657, 1000.000000000000000 ) ;
#10459 = ORIENTED_EDGE ( 'NONE', *, *, #10791, .F. ) ;
#10460 = ORIENTED_EDGE ( 'NONE', *, *, #11297, .F. ) ;
#10461 = COLOUR_RGB ( '',0.000000000000000000, 0.000000000000000000, 0.000000000000000000 ) ;
#10462 = COLOUR_RGB ( '',0.000000000000000000, 0.000000000000000000, 0.000000000000000000 ) ;
#10463 = VECTOR ( 'NONE', #6266, 1000.000000000000000 ) ;
#10464 = DIRECTION ( 'NONE',  ( -1.000000000000000000, -0.000000000000000000, -0.000000000000000000 ) ) ;
#10465 = COLOUR_RGB ( '',0.000000000000000000, 0.000000000000000000, 0.000000000000000000 ) ;
#10466 = EDGE_CURVE ( 'NONE', #10572, #9035, #11749, .T. ) ;
#10467 = DIRECTION ( 'NONE',  ( -0.000000000000000000, -0.3559357243698730300, -0.9345104387417477732 ) ) ;
#10468 = PLANE ( 'NONE',  #2015 ) ;
#10469 = FILL_AREA_STYLE ('',( #3728 ) ) ;
#10470 = CARTESIAN_POINT ( 'NONE',  ( 2.500000000000000000, -0.1164737257285018007, 0.2933590951473956654 ) ) ;
#10471 = PLANE ( 'NONE',  #11879 ) ;
#10472 = PRESENTATION_LAYER_ASSIGNMENT (  '', '', ( #4560 ) ) ;
#10473 = CARTESIAN_POINT ( 'NONE',  ( 2.500000000000000000, 0.4155167158053020282, 0.2463589731154729179 ) ) ;
#10474 = VECTOR ( 'NONE', #10876, 1000.000000000000000 ) ;
#10475 = VECTOR ( 'NONE', #718, 1000.000000000000000 ) ;
#10476 = CARTESIAN_POINT ( 'NONE',  ( 2.500000000000000000, 0.4149968368470453028, 0.3431604351237787509 ) ) ;
#10477 = ORIENTED_EDGE ( 'NONE', *, *, #9676, .F. ) ;
#10478 = CARTESIAN_POINT ( 'NONE',  ( 2.501000000000000334, 0.3232382007319779538, 0.7584397469016190829 ) ) ;
#10479 =( LENGTH_UNIT ( ) NAMED_UNIT ( * ) SI_UNIT ( .MILLI., .METRE. ) );
#10480 = COLOUR_RGB ( '',1.000000000000000000, 1.000000000000000000, 1.000000000000000000 ) ;
#10481 = STYLED_ITEM ( 'NONE', ( #9837 ), #7446 ) ;
#10482 = CARTESIAN_POINT ( 'NONE',  ( 2.501000000000000334, 0.7853586066392009846, 0.6072589458695240028 ) ) ;
#10483 =( NAMED_UNIT ( * ) PLANE_ANGLE_UNIT ( ) SI_UNIT ( $, .RADIAN. ) );
#10484 = ADVANCED_FACE ( 'NONE', ( #4335 ), #7269, .F. ) ;
#10485 = FILL_AREA_STYLE_COLOUR ( '', #2810 ) ;
#10486 = SURFACE_SIDE_STYLE ('',( #9574 ) ) ;
#10487 = CARTESIAN_POINT ( 'NONE',  ( 2.501000000000000334, -0.8091015611271364927, 0.2311816578447544734 ) ) ;
#10488 = FACE_BOUND ( 'NONE', #6847, .T. ) ;
#10489 = CARTESIAN_POINT ( 'NONE',  ( 2.501000000000000334, -0.8293453346287746886, 0.6056923570868749662 ) ) ;
#10490 = B_SPLINE_SURFACE_WITH_KNOTS ( 'NONE', 3, 1, ( 
 ( #1451, #467 ),
 ( #5083, #343 ),
 ( #9696, #8766 ),
 ( #10684, #11538 ) ),
 .UNSPECIFIED., .F., .F., .F.,
 ( 4, 4 ),
 ( 2, 2 ),
 ( 3.000000000000000000, 4.000000000000000000 ),
 ( 0.000000000000000000, 1.000000000000000000 ),
 .UNSPECIFIED. ) ;
#10491 =( LENGTH_UNIT ( ) NAMED_UNIT ( * ) SI_UNIT ( .MILLI., .METRE. ) );
#10492 = VECTOR ( 'NONE', #9888, 1000.000000000000000 ) ;
#10493 = ORIENTED_EDGE ( 'NONE', *, *, #6560, .F. ) ;
#10494 = CARTESIAN_POINT ( 'NONE',  ( 2.501000000000000334, 0.5216240111658261291, 0.1605789450186506373 ) ) ;
#10495 = ORIENTED_EDGE ( 'NONE', *, *, #6562, .T. ) ;
#10496 = MECHANICAL_DESIGN_GEOMETRIC_PRESENTATION_REPRESENTATION (  '', ( #2991 ), #3410 ) ;
#10497 = UNCERTAINTY_MEASURE_WITH_UNIT (LENGTH_MEASURE( 1.000000000000000082E-05 ), #1565, 'distance_accuracy_value', 'NONE');
#10498 = LINE ( 'NONE', #6760, #7506 ) ;
#10499 = STYLED_ITEM ( 'NONE', ( #10761 ), #4787 ) ;
#10500 = CARTESIAN_POINT ( 'NONE',  ( 2.500000000000000000, -0.2061248861754226280, 0.6201521460534846764 ) ) ;
#10501 = EDGE_CURVE ( 'NONE', #2604, #477, #8936, .T. ) ;
#10502 = FILL_AREA_STYLE_COLOUR ( '', #10608 ) ;
#10503 = LINE ( 'NONE', #11499, #11919 ) ;
#10504 = EDGE_CURVE ( 'NONE', #8844, #2928, #4708, .T. ) ;
#10505 = PRESENTATION_STYLE_ASSIGNMENT (( #6691 ) ) ;
#10506 = SURFACE_STYLE_FILL_AREA ( #6526 ) ;
#10507 = VERTEX_POINT ( 'NONE', #7984 ) ;
#10508 = DIRECTION ( 'NONE',  ( 0.000000000000000000, 0.3385350342956531255, 0.9409537876827113179 ) ) ;
#10509 = CARTESIAN_POINT ( 'NONE',  ( 2.501000000000000334, 0.4383913899645452417, 0.5748184988799739381 ) ) ;
#10510 = ORIENTED_EDGE ( 'NONE', *, *, #10123, .F. ) ;
#10511 = VERTEX_POINT ( 'NONE', #6159 ) ;
#10512 = FACE_OUTER_BOUND ( 'NONE', #9012, .T. ) ;
#10513 = MECHANICAL_DESIGN_GEOMETRIC_PRESENTATION_REPRESENTATION (  '', ( #4776 ), #11513 ) ;
#10514 = STYLED_ITEM ( 'NONE', ( #6606 ), #2866 ) ;
#10515 = CARTESIAN_POINT ( 'NONE',  ( 2.501000000000000334, 0.2498312918404796690, 0.2370011518681925111 ) ) ;
#10516 = DIRECTION ( 'NONE',  ( -6.195440985631454085E-17, -0.000000000000000000, 1.000000000000000000 ) ) ;
#10517 = DIRECTION ( 'NONE',  ( 0.000000000000000000, 0.9400931103999047300, -0.3409177962187258659 ) ) ;
#10518 = CARTESIAN_POINT ( 'NONE',  ( 2.501000000000000334, -0.3218039149811601218, 0.3164948678129326787 ) ) ;
#10519 = DIRECTION ( 'NONE',  ( -0.000000000000000000, -1.000000000000000000, -2.803077450392914507E-15 ) ) ;
#10520 = LINE ( 'NONE', #7139, #2510 ) ;
#10521 = MECHANICAL_DESIGN_GEOMETRIC_PRESENTATION_REPRESENTATION (  '', ( #6184 ), #6733 ) ;
#10522 = DIRECTION ( 'NONE',  ( 0.000000000000000000, 0.000000000000000000, -1.000000000000000000 ) ) ;
#10523 = STYLED_ITEM ( 'NONE', ( #10283 ), #3510 ) ;
#10524 = COLOUR_RGB ( '',0.8509803921568627194, 0.8509803921568627194, 0.8509803921568627194 ) ;
#10525 = LINE ( 'NONE', #9856, #6886 ) ;
#10526 = CARTESIAN_POINT ( 'NONE',  ( 2.500000000000000000, -0.7498160402476569120, 0.6056923570868752993 ) ) ;
#10527 = ORIENTED_EDGE ( 'NONE', *, *, #5804, .F. ) ;
#10528 = ORIENTED_EDGE ( 'NONE', *, *, #5736, .F. ) ;
#10529 = PRESENTATION_STYLE_ASSIGNMENT (( #7920 ) ) ;
#10530 = PRODUCT_DEFINITION ( 'Œ¥÷™', '', #8706, #983 ) ;
#10531 = ORIENTED_EDGE ( 'NONE', *, *, #4071, .F. ) ;
#10532 = SURFACE_STYLE_USAGE ( .BOTH. , #7921 ) ;
#10533 = EDGE_CURVE ( 'NONE', #11726, #8436, #7080, .T. ) ;
#10534 = STYLED_ITEM ( 'NONE', ( #7831 ), #4527 ) ;
#10535 = CARTESIAN_POINT ( 'NONE',  ( 2.500000000000000000, 0.4227430333237924831, 0.3514784984545376578 ) ) ;
#10536 = CARTESIAN_POINT ( 'NONE',  ( 2.500000000000000000, 0.3030149092597864691, 0.2255638147892596312 ) ) ;
#10537 = ORIENTED_EDGE ( 'NONE', *, *, #3509, .T. ) ;
#10538 = VECTOR ( 'NONE', #8852, 1000.000000000000000 ) ;
#10539 = PRESENTATION_LAYER_ASSIGNMENT (  '', '', ( #8989 ) ) ;
#10540 =( LENGTH_UNIT ( ) NAMED_UNIT ( * ) SI_UNIT ( .MILLI., .METRE. ) );
#10541 = CARTESIAN_POINT ( 'NONE',  ( 2.500000000000000000, -0.5444858785736326201, 0.8095764709139159354 ) ) ;
#10542 = UNCERTAINTY_MEASURE_WITH_UNIT (LENGTH_MEASURE( 1.000000000000000082E-05 ), #5731, 'distance_accuracy_value', 'NONE');
#10543 =( NAMED_UNIT ( * ) PLANE_ANGLE_UNIT ( ) SI_UNIT ( $, .RADIAN. ) );
#10544 = LINE ( 'NONE', #933, #4483 ) ;
#10545 = SURFACE_STYLE_FILL_AREA ( #8432 ) ;
#10546 = LINE ( 'NONE', #6849, #10678 ) ;
#10547 = ORIENTED_EDGE ( 'NONE', *, *, #3908, .F. ) ;
#10548 = CARTESIAN_POINT ( 'NONE',  ( 2.500000000000000000, 0.3409140853093221013, 0.7347332664088832566 ) ) ;
#10549 =( LENGTH_UNIT ( ) NAMED_UNIT ( * ) SI_UNIT ( .MILLI., .METRE. ) );
#10550 = CARTESIAN_POINT ( 'NONE',  ( 2.500000000000000000, 0.6904806967752673552, 0.6996934246301188542 ) ) ;
#10551 = CARTESIAN_POINT ( 'NONE',  ( 2.501000000000000334, 0.8705667678826980449, 0.2289950159133588570 ) ) ;
#10552 = STYLED_ITEM ( 'NONE', ( #3693 ), #8959 ) ;
#10553 = PRESENTATION_LAYER_ASSIGNMENT (  '', '', ( #9981 ) ) ;
#10554 = ORIENTED_EDGE ( 'NONE', *, *, #3434, .F. ) ;
#10555 = LINE ( 'NONE', #9629, #7756 ) ;
#10556 = ORIENTED_EDGE ( 'NONE', *, *, #3949, .F. ) ;
#10557 = EDGE_CURVE ( 'NONE', #1344, #2407, #4277, .T. ) ;
#10558 = CARTESIAN_POINT ( 'NONE',  ( 2.500000000000000000, 0.9034751059326698863, 0.4323716643446922636 ) ) ;
#10559 = CARTESIAN_POINT ( 'NONE',  ( 2.500000000000000000, 0.3285929540011502947, 0.2879492897678874730 ) ) ;
#10560 = LINE ( 'NONE', #11717, #8952 ) ;
#10561 = FACE_OUTER_BOUND ( 'NONE', #8347, .T. ) ;
#10562 = PRESENTATION_STYLE_ASSIGNMENT (( #7202 ) ) ;
#10563 = COLOUR_RGB ( '',0.000000000000000000, 0.000000000000000000, 0.000000000000000000 ) ;
#10564 = CARTESIAN_POINT ( 'NONE',  ( 2.501000000000000334, 0.5611867998816577607, 0.1760713379721396687 ) ) ;
#10565 = CARTESIAN_POINT ( 'NONE',  ( 2.500000000000000000, -0.6717327385521014715, 0.4234979680790827428 ) ) ;
#10566 = COLOUR_RGB ( '',0.000000000000000000, 0.000000000000000000, 0.000000000000000000 ) ;
#10568 = CARTESIAN_POINT ( 'NONE',  ( 2.501000000000000334, 1.020499859413864119, 0.2289950159133593566 ) ) ;
#10567 = SURFACE_STYLE_FILL_AREA ( #950 ) ;
#10569 = ORIENTED_EDGE ( 'NONE', *, *, #11992, .T. ) ;
#10570 =( LENGTH_UNIT ( ) NAMED_UNIT ( * ) SI_UNIT ( .MILLI., .METRE. ) );
#10571 = ORIENTED_EDGE ( 'NONE', *, *, #8986, .F. ) ;
#10572 = VERTEX_POINT ( 'NONE', #1478 ) ;
#10573 = ADVANCED_FACE ( 'NONE', ( #9054 ), #10962, .T. ) ;
#10574 = MECHANICAL_DESIGN_GEOMETRIC_PRESENTATION_REPRESENTATION (  '', ( #2057 ), #8390 ) ;
#10575 = DIRECTION ( 'NONE',  ( 0.000000000000000000, -1.000000000000000000, -3.391827918540351453E-15 ) ) ;
#10576 = SURFACE_SIDE_STYLE ('',( #3016 ) ) ;
#10577 = DIRECTION ( 'NONE',  ( -0.000000000000000000, 0.3315284183576441834, 0.9434452330799488751 ) ) ;
#10578 = CARTESIAN_POINT ( 'NONE',  ( 2.500000000000000000, 0.4279938108014476605, 0.2255638147892600753 ) ) ;
#10579 = CARTESIAN_POINT ( 'NONE',  ( 2.500000000000000000, 0.7152789230802809595, 0.7100910037925296514 ) ) ;
#10580 = FILL_AREA_STYLE ('',( #9714 ) ) ;
#10581 = CARTESIAN_POINT ( 'NONE',  ( 2.501000000000000334, 0.2373541968443407257, 0.2678819619836516064 ) ) ;
#10582 = SURFACE_SIDE_STYLE ('',( #6762 ) ) ;
#10583 = VERTEX_POINT ( 'NONE', #1850 ) ;
#10584 = MECHANICAL_DESIGN_GEOMETRIC_PRESENTATION_REPRESENTATION (  '', ( #12125 ), #9022 ) ;
#10585 = SURFACE_STYLE_FILL_AREA ( #2225 ) ;
#10586 = CARTESIAN_POINT ( 'NONE',  ( 2.501000000000000334, 0.5168931126464334502, 0.7316139926607150290 ) ) ;
#10587 = ORIENTED_EDGE ( 'NONE', *, *, #6983, .F. ) ;
#10588 = EDGE_CURVE ( 'NONE', #9932, #5025, #9345, .T. ) ;
#10589 = DIRECTION ( 'NONE',  ( 0.000000000000000000, -1.000000000000000000, 0.000000000000000000 ) ) ;
#10590 = DIRECTION ( 'NONE',  ( -1.000000000000000000, -0.000000000000000000, -0.000000000000000000 ) ) ;
#10591 = SURFACE_STYLE_FILL_AREA ( #2356 ) ;
#10592 = CARTESIAN_POINT ( 'NONE',  ( 2.500000000000000000, -0.5705136641923931329, 0.7228172406794666216 ) ) ;
#10593 = LINE ( 'NONE', #6042, #10731 ) ;
#10594 = VERTEX_POINT ( 'NONE', #2708 ) ;
#10596 = CARTESIAN_POINT ( 'NONE',  ( 2.500000000000000000, -0.2726403291182262767, 0.5420688443579295690 ) ) ;
#10595 = CARTESIAN_POINT ( 'NONE',  ( 2.500000000000000000, 0.6179575821130161017, 0.7550085457775256303 ) ) ;
#10598 = VERTEX_POINT ( 'NONE', #1791 ) ;
#10597 = CARTESIAN_POINT ( 'NONE',  ( 2.501000000000000334, 0.1298432282970038432, 0.7550085457775238540 ) ) ;
#10599 = DIRECTION ( 'NONE',  ( 0.000000000000000000, -4.148852035256676393E-15, 1.000000000000000000 ) ) ;
#10600 = CARTESIAN_POINT ( 'NONE',  ( 2.500000000000000000, 0.5734559432940758983, 0.2070561238791161218 ) ) ;
#10601 = CARTESIAN_POINT ( 'NONE',  ( 2.500000000000000000, -0.6731787312390495881, 0.5840025495275701362 ) ) ;
#10602 = EDGE_CURVE ( 'NONE', #538, #4038, #5667, .T. ) ;
#10603 = ORIENTED_EDGE ( 'NONE', *, *, #1896, .T. ) ;
#10604 = CARTESIAN_POINT ( 'NONE',  ( 2.500000000000000000, -0.8944147573046109523, 0.4018081605197766915 ) ) ;
#10605 = DIRECTION ( 'NONE',  ( -0.000000000000000000, -3.610195539053074430E-15, 1.000000000000000000 ) ) ;
#10606 = SURFACE_STYLE_FILL_AREA ( #7493 ) ;
#10607 = ORIENTED_EDGE ( 'NONE', *, *, #5843, .T. ) ;
#10608 = COLOUR_RGB ( '',0.000000000000000000, 0.000000000000000000, 0.000000000000000000 ) ;
#10609 = FACE_OUTER_BOUND ( 'NONE', #5273, .T. ) ;
#10610 = CARTESIAN_POINT ( 'NONE',  ( 2.501000000000000334, -0.3246958451943240953, 0.3989161751472694584 ) ) ;
#10611 = VERTEX_POINT ( 'NONE', #3573 ) ;
#10612 = CARTESIAN_POINT ( 'NONE',  ( 2.501000000000000334, -0.5893114587977827945, 0.4047001458936730356 ) ) ;
#10613 = COLOUR_RGB ( '',0.000000000000000000, 0.000000000000000000, 0.000000000000000000 ) ;
#10614 = FILL_AREA_STYLE ('',( #6802 ) ) ;
#10615 = B_SPLINE_CURVE_WITH_KNOTS ( 'NONE', 3,
 ( #4477, #8282, #6226, #1748 ),
 .UNSPECIFIED., .F., .F.,
 ( 4, 4 ),
 ( 8.000000000000000000, 9.000000000000000000 ),
 .UNSPECIFIED. ) ;
#10616 = DIRECTION ( 'NONE',  ( 0.000000000000000000, 3.331453071942049299E-15, -1.000000000000000000 ) ) ;
#10617 = CARTESIAN_POINT ( 'NONE',  ( 2.501000000000000334, 0.8280406691038836309, 0.7290145978701134677 ) ) ;
#10618 = CARTESIAN_POINT ( 'NONE',  ( 2.500000000000000000, -0.5922034717510034074, 0.1328545412775398171 ) ) ;
#10619 = EDGE_CURVE ( 'NONE', #6950, #9737, #9740, .T. ) ;
#10620 = DIRECTION ( 'NONE',  ( -0.000000000000000000, 0.3667976789509216351, 0.9303007377811847167 ) ) ;
#10621 = ADVANCED_FACE ( 'NONE', ( #6333 ), #7554, .F. ) ;
#10622 = SURFACE_SIDE_STYLE ('',( #5089 ) ) ;
#10623 = ORIENTED_EDGE ( 'NONE', *, *, #3736, .F. ) ;
#10624 = ORIENTED_EDGE ( 'NONE', *, *, #2641, .T. ) ;
#10625 = LINE ( 'NONE', #2831, #8332 ) ;
#10626 = CARTESIAN_POINT ( 'NONE',  ( 2.501000000000000334, 0.2900179353060841625, 0.2464629489069816159 ) ) ;
#10627 = B_SPLINE_CURVE_WITH_KNOTS ( 'NONE', 3,
 ( #483, #9161, #4499, #7065 ),
 .UNSPECIFIED., .F., .F.,
 ( 4, 4 ),
 ( 9.000000000000000000, 10.00000000000000000 ),
 .UNSPECIFIED. ) ;
#10628 = CARTESIAN_POINT ( 'NONE',  ( 2.500000000000000000, 0.1298432282970049256, 0.4089771112278807186 ) ) ;
#10629 = SURFACE_STYLE_FILL_AREA ( #10699 ) ;
#10630 = CARTESIAN_POINT ( 'NONE',  ( 2.500000000000000000, 0.2534184566518478121, 0.3108239639271325738 ) ) ;
#10631 = CARTESIAN_POINT ( 'NONE',  ( 2.500000000000000000, 0.5861929777696964772, 0.5748184988799743822 ) ) ;
#10632 = CARTESIAN_POINT ( 'NONE',  ( 2.500000000000000000, 0.4205595416992428115, 0.3238209378815272710 ) ) ;
#10633 = ORIENTED_EDGE ( 'NONE', *, *, #7470, .F. ) ;
#10634 = CARTESIAN_POINT ( 'NONE',  ( 2.501000000000000334, 0.7152789230802812925, 0.5991488341217902081 ) ) ;
#10635 = DIRECTION ( 'NONE',  ( -1.000000000000000000, -0.000000000000000000, -0.000000000000000000 ) ) ;
#10636 = CARTESIAN_POINT ( 'NONE',  ( 2.500000000000000000, 0.6158780662799840933, 0.5516318973461908914 ) ) ;
#10637 = EDGE_LOOP ( 'NONE', ( #2296, #11917, #7009, #5934 ) ) ;
#10638 = ADVANCED_FACE ( 'NONE', ( #10326 ), #11234, .F. ) ;
#10639 = SURFACE_STYLE_FILL_AREA ( #11506 ) ;
#10640 = CARTESIAN_POINT ( 'NONE',  ( 2.500000000000000000, 0.5284344255175712490, 0.3742491968222728671 ) ) ;
#10641 = UNCERTAINTY_MEASURE_WITH_UNIT (LENGTH_MEASURE( 1.000000000000000082E-05 ), #4731, 'distance_accuracy_value', 'NONE');
#10642 = CARTESIAN_POINT ( 'NONE',  ( 2.500000000000000000, -0.3246959003543624656, 0.3164948678129326787 ) ) ;
#10643 = PRESENTATION_STYLE_ASSIGNMENT (( #135 ) ) ;
#10644 = DIRECTION ( 'NONE',  ( -0.000000000000000000, -0.000000000000000000, -1.000000000000000000 ) ) ;
#10645 =( NAMED_UNIT ( * ) PLANE_ANGLE_UNIT ( ) SI_UNIT ( $, .RADIAN. ) );
#10646 = VECTOR ( 'NONE', #4162, 1000.000000000000114 ) ;
#10647 = SURFACE_STYLE_USAGE ( .BOTH. , #4012 ) ;
#10648 = CARTESIAN_POINT ( 'NONE',  ( 2.500000000000000000, 0.5312937597876492557, 0.1824138612613750710 ) ) ;
#10649 = EDGE_CURVE ( 'NONE', #1046, #3757, #652, .T. ) ;
#10650 = LINE ( 'NONE', #9731, #8690 ) ;
#10652 = ORIENTED_EDGE ( 'NONE', *, *, #11624, .T. ) ;
#10651 = APPLICATION_PROTOCOL_DEFINITION ( 'draft international standard', 'automotive_design', 1998, #10966 ) ;
#10653 =( GEOMETRIC_REPRESENTATION_CONTEXT ( 3 ) GLOBAL_UNCERTAINTY_ASSIGNED_CONTEXT ( ( #11293 ) ) GLOBAL_UNIT_ASSIGNED_CONTEXT ( ( #259, #9922, #2153 ) ) REPRESENTATION_CONTEXT ( 'NONE', 'WORKASPACE' ) );
#10654 = PLANE ( 'NONE',  #6818 ) ;
#10655 = MECHANICAL_DESIGN_GEOMETRIC_PRESENTATION_REPRESENTATION (  '', ( #3354 ), #6267 ) ;
#10656 = VERTEX_POINT ( 'NONE', #5096 ) ;
#10657 = ORIENTED_EDGE ( 'NONE', *, *, #6199, .T. ) ;
#10658 = FACE_OUTER_BOUND ( 'NONE', #11792, .T. ) ;
#10659 = EDGE_LOOP ( 'NONE', ( #1861, #7124, #7726, #8811 ) ) ;
#10660 = STYLED_ITEM ( 'NONE', ( #4383 ), #2465 ) ;
#10661 = FACE_OUTER_BOUND ( 'NONE', #5102, .T. ) ;
#10662 = CARTESIAN_POINT ( 'NONE',  ( 2.501000000000000334, 0.4539877587088579358, 0.2798391780201487378 ) ) ;
#10663 = ORIENTED_EDGE ( 'NONE', *, *, #4303, .T. ) ;
#10664 = COLOUR_RGB ( '',0.000000000000000000, 0.000000000000000000, 0.000000000000000000 ) ;
#10665 = STYLED_ITEM ( 'NONE', ( #11723 ), #11783 ) ;
#10666 = STYLED_ITEM ( 'NONE', ( #9292 ), #8336 ) ;
#10667 = SURFACE_STYLE_USAGE ( .BOTH. , #4963 ) ;
#10668 = UNCERTAINTY_MEASURE_WITH_UNIT (LENGTH_MEASURE( 1.000000000000000082E-05 ), #2436, 'distance_accuracy_value', 'NONE');
#10669 = EDGE_CURVE ( 'NONE', #8353, #3663, #9037, .T. ) ;
#10670 = FACE_OUTER_BOUND ( 'NONE', #2886, .T. ) ;
#10671 = FILL_AREA_STYLE_COLOUR ( '', #6284 ) ;
#10673 = ORIENTED_EDGE ( 'NONE', *, *, #9135, .F. ) ;
#10672 = PRESENTATION_STYLE_ASSIGNMENT (( #11588 ) ) ;
#10674 = COLOUR_RGB ( '',0.000000000000000000, 0.000000000000000000, 0.000000000000000000 ) ;
#10675 = SURFACE_SIDE_STYLE ('',( #3115 ) ) ;
#10676 = CARTESIAN_POINT ( 'NONE',  ( 2.501000000000000334, 0.2991678049696441799, 0.3568852396201577237 ) ) ;
#10677 = VERTEX_POINT ( 'NONE', #2512 ) ;
#10678 = VECTOR ( 'NONE', #1179, 1000.000000000000000 ) ;
#10679 = VECTOR ( 'NONE', #9739, 1000.000000000000000 ) ;
#10680 = VECTOR ( 'NONE', #3101, 1000.000000000000114 ) ;
#10681 = EDGE_LOOP ( 'NONE', ( #8516, #998, #9744, #5222 ) ) ;
#10682 = VECTOR ( 'NONE', #3201, 1000.000000000000000 ) ;
#10683 = MECHANICAL_DESIGN_GEOMETRIC_PRESENTATION_REPRESENTATION (  '', ( #1387 ), #7892 ) ;
#10684 = CARTESIAN_POINT ( 'NONE',  ( 2.501000000000000334, 0.2900179353060841625, 0.2464629489069816159 ) ) ;
#10685 = SURFACE_STYLE_FILL_AREA ( #6858 ) ;
#10686 = DIRECTION ( 'NONE',  ( 0.000000000000000000, -1.000000000000000000, -3.528747247177437638E-15 ) ) ;
#10687 = CARTESIAN_POINT ( 'NONE',  ( 2.501000000000000334, 0.4383913899645447976, 0.6432345697732935186 ) ) ;
#10688 = VECTOR ( 'NONE', #1446, 1000.000000000000000 ) ;
#10690 = DIRECTION ( 'NONE',  ( 0.000000000000000000, -1.000000000000000000, -2.803077450325792700E-15 ) ) ;
#10689 = CARTESIAN_POINT ( 'NONE',  ( 2.501000000000000334, 0.3959692669786430974, 0.3120716734266724135 ) ) ;
#10691 = ORIENTED_EDGE ( 'NONE', *, *, #406, .F. ) ;
#10692 = ORIENTED_EDGE ( 'NONE', *, *, #5804, .T. ) ;
#10693 = ORIENTED_EDGE ( 'NONE', *, *, #3932, .T. ) ;
#10694 = ORIENTED_EDGE ( 'NONE', *, *, #1501, .T. ) ;
#10695 = EDGE_CURVE ( 'NONE', #8294, #11746, #587, .T. ) ;
#10696 = MECHANICAL_DESIGN_GEOMETRIC_PRESENTATION_REPRESENTATION (  '', ( #5535 ), #6500 ) ;
#10697 = ADVANCED_FACE ( 'NONE', ( #9835 ), #931, .F. ) ;
#10698 = CARTESIAN_POINT ( 'NONE',  ( 2.500000000000000000, 0.4838288109071122167, 0.2860777255192613056 ) ) ;
#10699 = FILL_AREA_STYLE ('',( #356 ) ) ;
#10700 = LINE ( 'NONE', #5098, #7428 ) ;
#10701 = VECTOR ( 'NONE', #6347, 1000.000000000000000 ) ;
#10702 = DIRECTION ( 'NONE',  ( -0.000000000000000000, -1.000000000000000000, -0.000000000000000000 ) ) ;
#10703 = FILL_AREA_STYLE ('',( #6887 ) ) ;
#10704 = CARTESIAN_POINT ( 'NONE',  ( 2.501000000000000334, 0.2108403699786665364, 0.5516318973461894482 ) ) ;
#10705 = LINE ( 'NONE', #10826, #5811 ) ;
#10706 = ORIENTED_EDGE ( 'NONE', *, *, #5618, .T. ) ;
#10707 = ORIENTED_EDGE ( 'NONE', *, *, #1718, .F. ) ;
#10708 = CARTESIAN_POINT ( 'NONE',  ( 2.501000000000000334, 0.2191584333087387981, 0.6190082103229908039 ) ) ;
#10709 = CARTESIAN_POINT ( 'NONE',  ( 2.501000000000000334, 0.2025742945436621034, 0.3438882656657539227 ) ) ;
#10710 = CARTESIAN_POINT ( 'NONE',  ( 2.501000000000000334, 1.048365371572667515, 0.3076007143860646220 ) ) ;
#10711 = ORIENTED_EDGE ( 'NONE', *, *, #11770, .T. ) ;
#10712 = B_SPLINE_SURFACE_WITH_KNOTS ( 'NONE', 3, 1, ( 
 ( #8177, #7098 ),
 ( #11930, #3631 ),
 ( #11198, #2705 ),
 ( #10260, #12144 ) ),
 .UNSPECIFIED., .F., .F., .F.,
 ( 4, 4 ),
 ( 2, 2 ),
 ( 12.00000000000000000, 13.00000000000000000 ),
 ( 0.000000000000000000, 1.000000000000000000 ),
 .UNSPECIFIED. ) ;
#10713 = MECHANICAL_DESIGN_GEOMETRIC_PRESENTATION_REPRESENTATION (  '', ( #5939 ), #9331 ) ;
#10714 = PLANE ( 'NONE',  #3609 ) ;
#10715 = ADVANCED_FACE ( 'NONE', ( #5403 ), #9334, .F. ) ;
#10716 = CARTESIAN_POINT ( 'NONE',  ( 2.501000000000000334, -0.9855119931785352172, 0.4582015994973731576 ) ) ;
#10717 =( NAMED_UNIT ( * ) SI_UNIT ( $, .STERADIAN. ) SOLID_ANGLE_UNIT ( ) );
#10718 = VECTOR ( 'NONE', #3092, 1000.000000000000000 ) ;
#10719 = CARTESIAN_POINT ( 'NONE',  ( 0.9000000000000001332, -0.2500000000000000000, 0.000000000000000000 ) ) ;
#10720 = STYLED_ITEM ( 'NONE', ( #10441 ), #3178 ) ;
#10721 = CARTESIAN_POINT ( 'NONE',  ( 2.500000000000000000, -0.4794164834778135154, 0.7228172406794669547 ) ) ;
#10722 =( NAMED_UNIT ( * ) PLANE_ANGLE_UNIT ( ) SI_UNIT ( $, .RADIAN. ) );
#10723 = DIRECTION ( 'NONE',  ( -0.000000000000000000, 1.000000000000000000, 3.198603716350161147E-15 ) ) ;
#10724 = CARTESIAN_POINT ( 'NONE',  ( 2.501000000000000334, 1.085900632350526029, 0.3921330329833358497 ) ) ;
#10725 = PRESENTATION_LAYER_ASSIGNMENT (  '', '', ( #11887 ) ) ;
#10726 =( LENGTH_UNIT ( ) NAMED_UNIT ( * ) SI_UNIT ( .MILLI., .METRE. ) );
#10727 = VERTEX_POINT ( 'NONE', #11123 ) ;
#10728 = DIRECTION ( 'NONE',  ( -0.000000000000000000, 0.3493954794973187505, -0.9369753459439787990 ) ) ;
#10729 = ORIENTED_EDGE ( 'NONE', *, *, #771, .T. ) ;
#10730 = VECTOR ( 'NONE', #11253, 1000.000000000000000 ) ;
#10731 = VECTOR ( 'NONE', #5063, 1000.000000000000000 ) ;
#10732 = ORIENTED_EDGE ( 'NONE', *, *, #2339, .F. ) ;
#10733 = SURFACE_STYLE_FILL_AREA ( #8672 ) ;
#10734 = CARTESIAN_POINT ( 'NONE',  ( 2.501000000000000334, -0.8076555270701600842, 0.3280628093057441075 ) ) ;
#10735 = EDGE_CURVE ( 'NONE', #9023, #7576, #11507, .T. ) ;
#10736 = PLANE ( 'NONE',  #6306 ) ;
#10737 = SURFACE_STYLE_USAGE ( .BOTH. , #330 ) ;
#10738 = VECTOR ( 'NONE', #8537, 1000.000000000000000 ) ;
#10739 = CARTESIAN_POINT ( 'NONE',  ( 2.500000000000000000, 0.6904806967752673552, 0.6996934246301188542 ) ) ;
#10740 = VERTEX_POINT ( 'NONE', #720 ) ;
#10741 = STYLED_ITEM ( 'NONE', ( #7444 ), #9989 ) ;
#10742 = ORIENTED_EDGE ( 'NONE', *, *, #6447, .T. ) ;
#10743 =( NAMED_UNIT ( * ) SI_UNIT ( $, .STERADIAN. ) SOLID_ANGLE_UNIT ( ) );
#10744 = ORIENTED_EDGE ( 'NONE', *, *, #12181, .T. ) ;
#10745 = DIRECTION ( 'NONE',  ( -0.000000000000000000, 0.3493954794691446764, -0.9369753459544848395 ) ) ;
#10746 = COLOUR_RGB ( '',0.000000000000000000, 0.000000000000000000, 0.000000000000000000 ) ;
#10747 = EDGE_CURVE ( 'NONE', #8885, #2928, #4559, .T. ) ;
#10748 = EDGE_CURVE ( 'NONE', #10776, #7591, #6446, .T. ) ;
#10749 = B_SPLINE_CURVE_WITH_KNOTS ( 'NONE', 3,
 ( #4143, #11450, #5010, #7914 ),
 .UNSPECIFIED., .F., .F.,
 ( 4, 4 ),
 ( 10.00000000000000000, 11.00000000000000000 ),
 .UNSPECIFIED. ) ;
#10750 = CARTESIAN_POINT ( 'NONE',  ( 2.501000000000000334, 0.2498312918404796690, 0.2370011518681925111 ) ) ;
#10751 = FILL_AREA_STYLE ('',( #3856 ) ) ;
#10752 = CARTESIAN_POINT ( 'NONE',  ( 2.500000000000000000, 0.6744164369684609861, 0.7460666276976862799 ) ) ;
#10753 = VECTOR ( 'NONE', #9032, 1000.000000000000000 ) ;
#10754 = CARTESIAN_POINT ( 'NONE',  ( 2.501000000000000334, 1.048365371572667515, 0.3076007143860646220 ) ) ;
#10755 =( NAMED_UNIT ( * ) SI_UNIT ( $, .STERADIAN. ) SOLID_ANGLE_UNIT ( ) );
#10756 = PRESENTATION_LAYER_ASSIGNMENT (  '', '', ( #11344 ) ) ;
#10757 = STYLED_ITEM ( 'NONE', ( #11346 ), #342 ) ;
#10759 = LINE ( 'NONE', #2204, #8180 ) ;
#10758 = CARTESIAN_POINT ( 'NONE',  ( 2.501000000000000334, 0.1035893409101118351, 0.4323716643446894325 ) ) ;
#10760 = ORIENTED_EDGE ( 'NONE', *, *, #6994, .T. ) ;
#10761 = PRESENTATION_STYLE_ASSIGNMENT (( #6945 ) ) ;
#10762 = VERTEX_POINT ( 'NONE', #3738 ) ;
#10763 = B_SPLINE_CURVE_WITH_KNOTS ( 'NONE', 3,
 ( #6845, #3172, #2174, #6107 ),
 .UNSPECIFIED., .F., .F.,
 ( 4, 4 ),
 ( 11.00000000000000000, 12.00000000000000000 ),
 .UNSPECIFIED. ) ;
#10764 = ORIENTED_EDGE ( 'NONE', *, *, #858, .T. ) ;
#10765 = EDGE_LOOP ( 'NONE', ( #4950, #3085, #1142, #3504 ) ) ;
#10766 =( NAMED_UNIT ( * ) SI_UNIT ( $, .STERADIAN. ) SOLID_ANGLE_UNIT ( ) );
#10767 = FILL_AREA_STYLE_COLOUR ( '', #3200 ) ;
#10768 =( GEOMETRIC_REPRESENTATION_CONTEXT ( 3 ) GLOBAL_UNCERTAINTY_ASSIGNED_CONTEXT ( ( #7630 ) ) GLOBAL_UNIT_ASSIGNED_CONTEXT ( ( #370, #11688, #9928 ) ) REPRESENTATION_CONTEXT ( 'NONE', 'WORKASPACE' ) );
#10769 = CARTESIAN_POINT ( 'NONE',  ( 2.501000000000000334, 0.3887429494601593594, 0.3350503233774336787 ) ) ;
#10770 = DIRECTION ( 'NONE',  ( -1.000000000000000000, -0.000000000000000000, -0.000000000000000000 ) ) ;
#10771 =( LENGTH_UNIT ( ) NAMED_UNIT ( * ) SI_UNIT ( .MILLI., .METRE. ) );
#10772 = CARTESIAN_POINT ( 'NONE',  ( 2.500000000000000000, 0.8253372985217704016, 0.7180971397487506680 ) ) ;
#10773 = CARTESIAN_POINT ( 'NONE',  ( 2.500000000000000000, 0.4227430333237924831, 0.3514784984545376578 ) ) ;
#10774 = COLOUR_RGB ( '',0.000000000000000000, 0.000000000000000000, 0.000000000000000000 ) ;
#10775 = CARTESIAN_POINT ( 'NONE',  ( 2.501000000000000334, 0.2699506075211635103, 0.2883651929339415276 ) ) ;
#10776 = VERTEX_POINT ( 'NONE', #10206 ) ;
#10777 = CARTESIAN_POINT ( 'NONE',  ( 2.501000000000000334, 0.5216240111658261291, 0.1605789450186506373 ) ) ;
#10778 = EDGE_LOOP ( 'NONE', ( #4474, #3435, #10862, #515 ) ) ;
#10779 = UNCERTAINTY_MEASURE_WITH_UNIT (LENGTH_MEASURE( 1.000000000000000082E-05 ), #7965, 'distance_accuracy_value', 'NONE');
#10780 = CARTESIAN_POINT ( 'NONE',  ( 2.500000000000000000, 1.068952578314464219, 0.4323716643446927632 ) ) ;
#10781 = DIRECTION ( 'NONE',  ( 0.000000000000000000, 0.000000000000000000, 1.000000000000000000 ) ) ;
#10782 = ORIENTED_EDGE ( 'NONE', *, *, #11069, .F. ) ;
#10783 = SURFACE_STYLE_FILL_AREA ( #2039 ) ;
#10784 =( NAMED_UNIT ( * ) SI_UNIT ( $, .STERADIAN. ) SOLID_ANGLE_UNIT ( ) );
#10785 = SURFACE_STYLE_FILL_AREA ( #6972 ) ;
#10786 = SURFACE_STYLE_FILL_AREA ( #3228 ) ;
#10787 = B_SPLINE_CURVE_WITH_KNOTS ( 'NONE', 3,
 ( #7671, #6541, #10358, #5699 ),
 .UNSPECIFIED., .F., .F.,
 ( 4, 4 ),
 ( 2.000000000000000000, 3.000000000000000000 ),
 .UNSPECIFIED. ) ;
#10788 = FILL_AREA_STYLE_COLOUR ( '', #9630 ) ;
#10789 = CARTESIAN_POINT ( 'NONE',  ( 2.500000000000000000, 0.3714309801537981626, 0.5600539364684635757 ) ) ;
#10790 = PRESENTATION_STYLE_ASSIGNMENT (( #7031 ) ) ;
#10791 = EDGE_CURVE ( 'NONE', #7918, #6714, #12068, .T. ) ;
#10792 = EDGE_CURVE ( 'NONE', #618, #6043, #5461, .T. ) ;
#10794 = ORIENTED_EDGE ( 'NONE', *, *, #5080, .F. ) ;
#10793 = CARTESIAN_POINT ( 'NONE',  ( 2.501000000000000334, 0.2191584333087385761, 0.6494731172710164202 ) ) ;
#10795 = EDGE_LOOP ( 'NONE', ( #3381, #1398, #8636, #7439 ) ) ;
#10796 = ORIENTED_EDGE ( 'NONE', *, *, #4690, .F. ) ;
#10797 = SURFACE_SIDE_STYLE ('',( #10733 ) ) ;
#10798 = ORIENTED_EDGE ( 'NONE', *, *, #10791, .T. ) ;
#10799 = CARTESIAN_POINT ( 'NONE',  ( 2.501000000000000334, -0.8944147573046110633, 0.4610936400299214255 ) ) ;
#10800 = LINE ( 'NONE', #6000, #829 ) ;
#10801 = CARTESIAN_POINT ( 'NONE',  ( 2.501000000000000334, 0.4866881451771898903, 0.2685058167327331602 ) ) ;
#10802 = UNCERTAINTY_MEASURE_WITH_UNIT (LENGTH_MEASURE( 1.000000000000000082E-05 ), #8673, 'distance_accuracy_value', 'NONE');
#10803 = EDGE_CURVE ( 'NONE', #2829, #5123, #4722, .T. ) ;
#10804 =( LENGTH_UNIT ( ) NAMED_UNIT ( * ) SI_UNIT ( .MILLI., .METRE. ) );
#10805 = CARTESIAN_POINT ( 'NONE',  ( 2.500000000000000000, 0.4304892298005331686, 0.2463589731154729734 ) ) ;
#10806 = CARTESIAN_POINT ( 'NONE',  ( 2.500000000000000000, -0.6731787588190680793, 0.3324007046244421559 ) ) ;
#10807 = PRESENTATION_STYLE_ASSIGNMENT (( #4368 ) ) ;
#10808 = ORIENTED_EDGE ( 'NONE', *, *, #1866, .F. ) ;
#10809 = VECTOR ( 'NONE', #8739, 1000.000000000000114 ) ;
#10810 = CARTESIAN_POINT ( 'NONE',  ( 2.501000000000000334, 0.4383913899645445755, 0.7316139926607148070 ) ) ;
#10811 = DIRECTION ( 'NONE',  ( -1.000000000000000000, -0.000000000000000000, -0.000000000000000000 ) ) ;
#10812 = SURFACE_STYLE_FILL_AREA ( #3263 ) ;
#10813 = PRESENTATION_STYLE_ASSIGNMENT (( #10877 ) ) ;
#10814 = CARTESIAN_POINT ( 'NONE',  ( 2.501000000000000334, -0.3218039149811601218, 0.3164948678129326787 ) ) ;
#10815 = EDGE_CURVE ( 'NONE', #2426, #699, #6607, .T. ) ;
#10816 = ORIENTED_EDGE ( 'NONE', *, *, #10588, .F. ) ;
#10817 = PRESENTATION_LAYER_ASSIGNMENT (  '', '', ( #1106 ) ) ;
#10818 = ORIENTED_EDGE ( 'NONE', *, *, #8486, .T. ) ;
#10819 = ORIENTED_EDGE ( 'NONE', *, *, #2136, .T. ) ;
#10820 =( NAMED_UNIT ( * ) PLANE_ANGLE_UNIT ( ) SI_UNIT ( $, .RADIAN. ) );
#10821 = CARTESIAN_POINT ( 'NONE',  ( 2.501000000000000334, -0.6717327385521014715, 0.4234979680790827428 ) ) ;
#10822 = CARTESIAN_POINT ( 'NONE',  ( 2.501000000000000334, 0.2498312918404796690, 0.2370011518681925111 ) ) ;
#10823 = LINE ( 'NONE', #7258, #10171 ) ;
#10824 = CARTESIAN_POINT ( 'NONE',  ( -0.9000000000000002442, 0.2500000000000000000, -3.000000000000000000 ) ) ;
#10825 = DIRECTION ( 'NONE',  ( -0.000000000000000000, 0.000000000000000000, 1.000000000000000000 ) ) ;
#10826 = CARTESIAN_POINT ( 'NONE',  ( 2.199999999999999734, 0.2500000000000000000, -3.061616997868383018E-17 ) ) ;
#10827 = EDGE_LOOP ( 'NONE', ( #2889, #2232, #7046, #8831 ) ) ;
#10828 = CARTESIAN_POINT ( 'NONE',  ( 2.501000000000000334, 0.4279938108014476605, 0.2255638147892600753 ) ) ;
#10829 = EDGE_CURVE ( 'NONE', #5835, #8657, #11761, .T. ) ;
#10831 = EDGE_CURVE ( 'NONE', #5432, #2657, #11581, .T. ) ;
#10830 = ORIENTED_EDGE ( 'NONE', *, *, #7805, .T. ) ;
#10832 = CARTESIAN_POINT ( 'NONE',  ( 2.501000000000000334, 0.5569237924247600890, 0.2293069432879014657 ) ) ;
#10833 = DIRECTION ( 'NONE',  ( 0.000000000000000000, 0.000000000000000000, -1.000000000000000000 ) ) ;
#10834 = CARTESIAN_POINT ( 'NONE',  ( 2.500000000000000000, 0.4453057801078000866, 0.2255638147892601586 ) ) ;
#10835 = LINE ( 'NONE', #4330, #427 ) ;
#10836 = ORIENTED_EDGE ( 'NONE', *, *, #8384, .F. ) ;
#10837 = LINE ( 'NONE', #604, #7307 ) ;
#10838 = CARTESIAN_POINT ( 'NONE',  ( 2.501000000000000334, 0.7762087369763365219, 0.2521816174471462335 ) ) ;
#10839 = CARTESIAN_POINT ( 'NONE',  ( 2.501000000000000334, -0.6992065168571193201, 0.7141413121405717490 ) ) ;
#10840 = CARTESIAN_POINT ( 'NONE',  ( 2.501000000000000334, -0.7339102034347555481, 0.4234979680790825207 ) ) ;
#10841 = ORIENTED_EDGE ( 'NONE', *, *, #7782, .F. ) ;
#10842 = CARTESIAN_POINT ( 'NONE',  ( 2.501000000000000334, 0.7762087369763365219, 0.2289950159133584962 ) ) ;
#10843 = ORIENTED_EDGE ( 'NONE', *, *, #3909, .T. ) ;
#10844 = ORIENTED_EDGE ( 'NONE', *, *, #4189, .T. ) ;
#10845 = FILL_AREA_STYLE_COLOUR ( '', #11461 ) ;
#10846 = UNCERTAINTY_MEASURE_WITH_UNIT (LENGTH_MEASURE( 1.000000000000000082E-05 ), #4757, 'distance_accuracy_value', 'NONE');
#10847 = B_SPLINE_CURVE_WITH_KNOTS ( 'NONE', 3,
 ( #11705, #7799, #9618, #11586 ),
 .UNSPECIFIED., .F., .F.,
 ( 4, 4 ),
 ( 4.000000000000000000, 5.000000000000000000 ),
 .UNSPECIFIED. ) ;
#10848 = EDGE_LOOP ( 'NONE', ( #10547, #8911, #5059, #207 ) ) ;
#10849 = SURFACE_SIDE_STYLE ('',( #8002 ) ) ;
#10850 = SURFACE_STYLE_USAGE ( .BOTH. , #4226 ) ;
#10851 = DIRECTION ( 'NONE',  ( -1.000000000000000000, -0.000000000000000000, -0.000000000000000000 ) ) ;
#10852 = ADVANCED_FACE ( 'NONE', ( #1950 ), #741, .T. ) ;
#10853 = FILL_AREA_STYLE ('',( #8063 ) ) ;
#10854 = EDGE_CURVE ( 'NONE', #9670, #4844, #7157, .T. ) ;
#10855 =( NAMED_UNIT ( * ) SI_UNIT ( $, .STERADIAN. ) SOLID_ANGLE_UNIT ( ) );
#10856 = SURFACE_STYLE_FILL_AREA ( #2260 ) ;
#10857 = COLOUR_RGB ( '',1.000000000000000000, 1.000000000000000000, 1.000000000000000000 ) ;
#10858 = CARTESIAN_POINT ( 'NONE',  ( 2.500000000000000000, 0.2515468924018350316, 0.3393133308336281351 ) ) ;
#10859 = SURFACE_STYLE_FILL_AREA ( #11764 ) ;
#10860 = LINE ( 'NONE', #10987, #4354 ) ;
#10862 = ORIENTED_EDGE ( 'NONE', *, *, #5174, .F. ) ;
#10861 = SURFACE_STYLE_USAGE ( .BOTH. , #6296 ) ;
#10863 = FILL_AREA_STYLE ('',( #7044 ) ) ;
#10864 =( NAMED_UNIT ( * ) PLANE_ANGLE_UNIT ( ) SI_UNIT ( $, .RADIAN. ) );
#10865 = EDGE_LOOP ( 'NONE', ( #8144, #5247, #3449, #11574 ) ) ;
#10866 = STYLED_ITEM ( 'NONE', ( #5415 ), #10573 ) ;
#10867 = DIRECTION ( 'NONE',  ( -0.000000000000000000, 0.3493954794691446764, -0.9369753459544848395 ) ) ;
#10868 = SURFACE_STYLE_USAGE ( .BOTH. , #7806 ) ;
#10869 = CARTESIAN_POINT ( 'NONE',  ( 2.500000000000000000, 0.3104491783612968736, 0.2504140289886409576 ) ) ;
#10870 =( GEOMETRIC_REPRESENTATION_CONTEXT ( 3 ) GLOBAL_UNCERTAINTY_ASSIGNED_CONTEXT ( ( #4065 ) ) GLOBAL_UNIT_ASSIGNED_CONTEXT ( ( #6829, #4074, #7836 ) ) REPRESENTATION_CONTEXT ( 'NONE', 'WORKASPACE' ) );
#10871 = EDGE_CURVE ( 'NONE', #7693, #11154, #5186, .T. ) ;
#10872 = CARTESIAN_POINT ( 'NONE',  ( 2.500000000000000000, 0.6607436203678370701, 0.7252714693714786831 ) ) ;
#10873 = CARTESIAN_POINT ( 'NONE',  ( 2.501000000000000334, -0.06297218938474401229, 0.4307278763517052855 ) ) ;
#10874 = CARTESIAN_POINT ( 'NONE',  ( 2.501000000000000334, 0.3714309801537973854, 0.7226720745808750124 ) ) ;
#10875 = AXIS2_PLACEMENT_3D ( 'NONE', #7887, #6251, #4500 ) ;
#10876 = DIRECTION ( 'NONE',  ( -0.000000000000000000, -0.000000000000000000, 1.000000000000000000 ) ) ;
#10877 = SURFACE_STYLE_USAGE ( .BOTH. , #8077 ) ;
#10878 = B_SPLINE_CURVE_WITH_KNOTS ( 'NONE', 3,
 ( #4851, #5886, #10550, #9690 ),
 .UNSPECIFIED., .F., .F.,
 ( 4, 4 ),
 ( 4.000000000000000000, 5.000000000000000000 ),
 .UNSPECIFIED. ) ;
#10880 = ORIENTED_EDGE ( 'NONE', *, *, #5713, .F. ) ;
#10879 = FILL_AREA_STYLE_COLOUR ( '', #757 ) ;
#10881 = ORIENTED_EDGE ( 'NONE', *, *, #947, .F. ) ;
#10882 = ORIENTED_EDGE ( 'NONE', *, *, #668, .F. ) ;
#10883 =( GEOMETRIC_REPRESENTATION_CONTEXT ( 3 ) GLOBAL_UNCERTAINTY_ASSIGNED_CONTEXT ( ( #8416 ) ) GLOBAL_UNIT_ASSIGNED_CONTEXT ( ( #11625, #9733, #4147 ) ) REPRESENTATION_CONTEXT ( 'NONE', 'WORKASPACE' ) );
#10884 = ORIENTED_EDGE ( 'NONE', *, *, #6317, .F. ) ;
#10885 = CYLINDRICAL_SURFACE ( 'NONE', #5956, 2.500000000000000000 ) ;
#10886 = ADVANCED_FACE ( 'NONE', ( #9113 ), #10149, .F. ) ;
#10887 = CARTESIAN_POINT ( 'NONE',  ( 2.500000000000000000, -0.6992065168571193201, 0.7141413121405717490 ) ) ;
#10888 = CARTESIAN_POINT ( 'NONE',  ( 2.500000000000000000, -0.1526234049923927139, 0.4292818560854309573 ) ) ;
#10889 = STYLED_ITEM ( 'NONE', ( #9136 ), #6921 ) ;
#10890 = DIRECTION ( 'NONE',  ( -0.000000000000000000, 3.198603716350138270E-15, -1.000000000000000000 ) ) ;
#10891 = AXIS2_PLACEMENT_3D ( 'NONE', #1281, #8645, #3131 ) ;
#10892 =( NAMED_UNIT ( * ) PLANE_ANGLE_UNIT ( ) SI_UNIT ( $, .RADIAN. ) );
#10893 = FILL_AREA_STYLE ('',( #3336 ) ) ;
#10894 = ORIENTED_EDGE ( 'NONE', *, *, #11904, .T. ) ;
#10895 = LINE ( 'NONE', #7072, #11464 ) ;
#10896 = DIRECTION ( 'NONE',  ( -0.000000000000000000, 3.198603716350138270E-15, -1.000000000000000000 ) ) ;
#10897 = UNCERTAINTY_MEASURE_WITH_UNIT (LENGTH_MEASURE( 1.000000000000000082E-05 ), #6686, 'distance_accuracy_value', 'NONE');
#10898 = MECHANICAL_DESIGN_GEOMETRIC_PRESENTATION_REPRESENTATION (  '', ( #12042 ), #219 ) ;
#10899 = EDGE_LOOP ( 'NONE', ( #2105, #8637, #4274, #8168 ) ) ;
#10900 = COLOUR_RGB ( '',0.000000000000000000, 0.000000000000000000, 0.000000000000000000 ) ;
#10901 = VERTEX_POINT ( 'NONE', #8214 ) ;
#10902 = CARTESIAN_POINT ( 'NONE',  ( 2.500000000000000000, 0.1298432282970038432, 0.7550085457775238540 ) ) ;
#10903 = DIRECTION ( 'NONE',  ( -1.000000000000000000, -0.000000000000000000, -0.000000000000000000 ) ) ;
#10904 = EDGE_CURVE ( 'NONE', #5672, #8657, #7026, .T. ) ;
#10905 = EDGE_CURVE ( 'NONE', #2244, #9060, #6335, .T. ) ;
#10906 = FILL_AREA_STYLE_COLOUR ( '', #3190 ) ;
#10907 =( NAMED_UNIT ( * ) PLANE_ANGLE_UNIT ( ) SI_UNIT ( $, .RADIAN. ) );
#10908 = B_SPLINE_CURVE_WITH_KNOTS ( 'NONE', 3,
 ( #10689, #348, #7949, #9763 ),
 .UNSPECIFIED., .F., .F.,
 ( 4, 4 ),
 ( 4.000000000000000000, 5.000000000000000000 ),
 .UNSPECIFIED. ) ;
#10909 = CARTESIAN_POINT ( 'NONE',  ( 2.501000000000000334, 0.6668262041796806372, 0.4323716643446913754 ) ) ;
#10910 = CARTESIAN_POINT ( 'NONE',  ( 2.501000000000000334, 0.3151280889849391031, 0.5482006962220953294 ) ) ;
#10911 = VERTEX_POINT ( 'NONE', #9983 ) ;
#10912 = AXIS2_PLACEMENT_3D ( 'NONE', #346, #3389, #7119 ) ;
#10913 =( LENGTH_UNIT ( ) NAMED_UNIT ( * ) SI_UNIT ( .MILLI., .METRE. ) );
#10914 = ORIENTED_EDGE ( 'NONE', *, *, #9216, .T. ) ;
#10915 = AXIS2_PLACEMENT_3D ( 'NONE', #7902, #10781, #8930 ) ;
#10916 = SURFACE_SIDE_STYLE ('',( #1239 ) ) ;
#10917 = PLANE ( 'NONE',  #8487 ) ;
#10918 = VERTEX_POINT ( 'NONE', #1481 ) ;
#10919 = VERTEX_POINT ( 'NONE', #9055 ) ;
#10920 = CARTESIAN_POINT ( 'NONE',  ( 2.500000000000000000, -0.6167852646828186902, 0.2760071829081734984 ) ) ;
#10921 = CARTESIAN_POINT ( 'NONE',  ( 2.500000000000000000, 0.4688562969125726343, 0.3533500627045519926 ) ) ;
#10922 =( NAMED_UNIT ( * ) PLANE_ANGLE_UNIT ( ) SI_UNIT ( $, .RADIAN. ) );
#10923 = STYLED_ITEM ( 'NONE', ( #12002 ), #4983 ) ;
#10924 = CARTESIAN_POINT ( 'NONE',  ( 2.500000000000000000, 0.4565871535001545523, 0.3568852396201583344 ) ) ;
#10925 = SURFACE_STYLE_USAGE ( .BOTH. , #11763 ) ;
#10926 = COLOUR_RGB ( '',0.000000000000000000, 0.000000000000000000, 0.000000000000000000 ) ;
#10927 = B_SPLINE_CURVE_WITH_KNOTS ( 'NONE', 3,
 ( #761, #11182, #9848, #12072 ),
 .UNSPECIFIED., .F., .F.,
 ( 4, 4 ),
 ( 3.000000000000000000, 4.000000000000000000 ),
 .UNSPECIFIED. ) ;
#10929 = ORIENTED_EDGE ( 'NONE', *, *, #261, .T. ) ;
#10928 = CARTESIAN_POINT ( 'NONE',  ( 2.501000000000000334, 1.085900632350526029, 0.3921330329833358497 ) ) ;
#10930 = EDGE_CURVE ( 'NONE', #7224, #12160, #7214, .T. ) ;
#10931 = CARTESIAN_POINT ( 'NONE',  ( 2.501000000000000334, 0.2974002165118395657, 0.5715952493389054867 ) ) ;
#10932 = EDGE_CURVE ( 'NONE', #1344, #10677, #8541, .T. ) ;
#10933 = PRESENTATION_LAYER_ASSIGNMENT (  '', '', ( #8966 ) ) ;
#10934 = STYLED_ITEM ( 'NONE', ( #7609 ), #10051 ) ;
#10935 =( NAMED_UNIT ( * ) PLANE_ANGLE_UNIT ( ) SI_UNIT ( $, .RADIAN. ) );
#10936 = CARTESIAN_POINT ( 'NONE',  ( 2.501000000000000334, 0.6979149658781653720, 0.6551917858111756532 ) ) ;
#10937 = SURFACE_SIDE_STYLE ('',( #11776 ) ) ;
#10938 = ORIENTED_EDGE ( 'NONE', *, *, #2427, .T. ) ;
#10939 = ORIENTED_EDGE ( 'NONE', *, *, #9934, .F. ) ;
#10940 = EDGE_CURVE ( 'NONE', #4031, #2471, #4339, .T. ) ;
#10941 =( GEOMETRIC_REPRESENTATION_CONTEXT ( 3 ) GLOBAL_UNCERTAINTY_ASSIGNED_CONTEXT ( ( #10230 ) ) GLOBAL_UNIT_ASSIGNED_CONTEXT ( ( #5476, #4580, #6451 ) ) REPRESENTATION_CONTEXT ( 'NONE', 'WORKASPACE' ) );
#10942 = ADVANCED_FACE ( 'NONE', ( #6398 ), #5259, .F. ) ;
#10943 = VECTOR ( 'NONE', #10074, 1000.000000000000000 ) ;
#10944 = ORIENTED_EDGE ( 'NONE', *, *, #11745, .F. ) ;
#10945 = VERTEX_POINT ( 'NONE', #6621 ) ;
#10946 = CARTESIAN_POINT ( 'NONE',  ( 2.501000000000000334, 0.4615260036025796708, 0.3053132469699955664 ) ) ;
#10947 =( GEOMETRIC_REPRESENTATION_CONTEXT ( 3 ) GLOBAL_UNCERTAINTY_ASSIGNED_CONTEXT ( ( #9260 ) ) GLOBAL_UNIT_ASSIGNED_CONTEXT ( ( #345, #4101, #1076 ) ) REPRESENTATION_CONTEXT ( 'NONE', 'WORKASPACE' ) );
#10948 = CARTESIAN_POINT ( 'NONE',  ( 2.500000000000000000, 0.4453057801077996425, 0.3775764221548525423 ) ) ;
#10949 = PRESENTATION_STYLE_ASSIGNMENT (( #3275 ) ) ;
#10950 =( LENGTH_UNIT ( ) NAMED_UNIT ( * ) SI_UNIT ( .MILLI., .METRE. ) );
#10951 = SURFACE_STYLE_USAGE ( .BOTH. , #4192 ) ;
#10952 = FACE_OUTER_BOUND ( 'NONE', #825, .T. ) ;
#10953 = EDGE_LOOP ( 'NONE', ( #9258, #6873, #10063, #11404 ) ) ;
#10954 = FILL_AREA_STYLE_COLOUR ( '', #984 ) ;
#10955 = ORIENTED_EDGE ( 'NONE', *, *, #9565, .F. ) ;
#10956 = EDGE_CURVE ( 'NONE', #5073, #5530, #3943, .T. ) ;
#10957 = VECTOR ( 'NONE', #10349, 1000.000000000000000 ) ;
#10958 = CARTESIAN_POINT ( 'NONE',  ( 2.500000000000000000, 0.8705667678826980449, 0.2289950159133588570 ) ) ;
#10959 = PRESENTATION_LAYER_ASSIGNMENT (  '', '', ( #3824 ) ) ;
#10960 = ORIENTED_EDGE ( 'NONE', *, *, #6301, .T. ) ;
#10961 = SURFACE_SIDE_STYLE ('',( #11868 ) ) ;
#10962 = PLANE ( 'NONE',  #6868 ) ;
#10963 = FACE_OUTER_BOUND ( 'NONE', #11692, .T. ) ;
#10964 = LINE ( 'NONE', #7271, #1191 ) ;
#10965 = CARTESIAN_POINT ( 'NONE',  ( 2.500000000000000000, 0.5149695605013602240, 0.1824138612613750154 ) ) ;
#10966 = APPLICATION_CONTEXT ( 'automotive_design' ) ;
#10967 = DIRECTION ( 'NONE',  ( -1.000000000000000000, -0.000000000000000000, -0.000000000000000000 ) ) ;
#10968 =( NAMED_UNIT ( * ) SI_UNIT ( $, .STERADIAN. ) SOLID_ANGLE_UNIT ( ) );
#10969 = ORIENTED_EDGE ( 'NONE', *, *, #1745, .T. ) ;
#10970 = MECHANICAL_DESIGN_GEOMETRIC_PRESENTATION_REPRESENTATION (  '', ( #2459 ), #5606 ) ;
#10971 = CARTESIAN_POINT ( 'NONE',  ( 2.500000000000000000, -0.8091015611271364927, 0.2311816578447544734 ) ) ;
#10972 = CARTESIAN_POINT ( 'NONE',  ( 2.501000000000000334, -0.6789627019854547196, 0.7358311196984924640 ) ) ;
#10974 =( NAMED_UNIT ( * ) SI_UNIT ( $, .STERADIAN. ) SOLID_ANGLE_UNIT ( ) );
#10973 =( NAMED_UNIT ( * ) SI_UNIT ( $, .STERADIAN. ) SOLID_ANGLE_UNIT ( ) );
#10975 = EDGE_CURVE ( 'NONE', #4417, #4657, #8389, .T. ) ;
#10976 = ORIENTED_EDGE ( 'NONE', *, *, #4894, .F. ) ;
#10977 = DIRECTION ( 'NONE',  ( -0.000000000000000000, 1.000000000000000000, 3.198603716350161147E-15 ) ) ;
#10978 = VERTEX_POINT ( 'NONE', #64 ) ;
#10979 = EDGE_LOOP ( 'NONE', ( #6137, #992, #1250, #638 ) ) ;
#10980 = DIRECTION ( 'NONE',  ( 1.000000000000000000, 0.000000000000000000, -0.000000000000000000 ) ) ;
#10981 = VECTOR ( 'NONE', #9223, 1000.000000000000000 ) ;
#10982 = CARTESIAN_POINT ( 'NONE',  ( 2.501000000000000334, 0.8291844028119207399, 0.7222561714134376754 ) ) ;
#10983 =( NAMED_UNIT ( * ) SI_UNIT ( $, .STERADIAN. ) SOLID_ANGLE_UNIT ( ) );
#10984 = CARTESIAN_POINT ( 'NONE',  ( 2.501000000000000334, 0.7715818142484478503, 0.4323716643446917640 ) ) ;
#10985 = B_SPLINE_SURFACE_WITH_KNOTS ( 'NONE', 3, 1, ( 
 ( #2950, #9649 ),
 ( #2217, #312 ),
 ( #3995, #10772 ),
 ( #5972, #2289 ) ),
 .UNSPECIFIED., .F., .F., .F.,
 ( 4, 4 ),
 ( 2, 2 ),
 ( 3.000000000000000000, 4.000000000000000000 ),
 ( 0.000000000000000000, 1.000000000000000000 ),
 .UNSPECIFIED. ) ;
#10986 = EDGE_CURVE ( 'NONE', #9060, #4398, #12211, .T. ) ;
#10987 = CARTESIAN_POINT ( 'NONE',  ( 2.501000000000000334, 0.7368019119484687796, 0.5516318973461914466 ) ) ;
#10988 = EDGE_LOOP ( 'NONE', ( #3891, #11517, #9304, #9718 ) ) ;
#10989 = SURFACE_STYLE_USAGE ( .BOTH. , #7184 ) ;
#10990 = DIRECTION ( 'NONE',  ( -1.000000000000000000, -0.000000000000000000, -0.000000000000000000 ) ) ;
#10991 = CARTESIAN_POINT ( 'NONE',  ( 2.500000000000000000, 0.5215200353736221262, 0.5516318973461905584 ) ) ;
#10992 = ORIENTED_EDGE ( 'NONE', *, *, #4187, .F. ) ;
#10993 = SURFACE_STYLE_FILL_AREA ( #7189 ) ;
#10994 = SURFACE_SIDE_STYLE ('',( #9883 ) ) ;
#10995 = DIRECTION ( 'NONE',  ( -1.000000000000000000, -0.000000000000000000, -0.000000000000000000 ) ) ;
#10996 =( LENGTH_UNIT ( ) NAMED_UNIT ( * ) SI_UNIT ( .MILLI., .METRE. ) );
#10997 = SURFACE_SIDE_STYLE ('',( #10013 ) ) ;
#10999 = ORIENTED_EDGE ( 'NONE', *, *, #2399, .T. ) ;
#10998 = CARTESIAN_POINT ( 'NONE',  ( 2.501000000000000334, -0.1526234049923927139, 0.4292818560854309573 ) ) ;
#11000 =( LENGTH_UNIT ( ) NAMED_UNIT ( * ) SI_UNIT ( .MILLI., .METRE. ) );
#11001 = SURFACE_STYLE_USAGE ( .BOTH. , #11956 ) ;
#11002 = MECHANICAL_DESIGN_GEOMETRIC_PRESENTATION_REPRESENTATION (  '', ( #4061 ), #5444 ) ;
#11003 =( LENGTH_UNIT ( ) NAMED_UNIT ( * ) SI_UNIT ( .MILLI., .METRE. ) );
#11004 = DIRECTION ( 'NONE',  ( -0.000000000000000000, -0.000000000000000000, -1.000000000000000000 ) ) ;
#11005 = CARTESIAN_POINT ( 'NONE',  ( 2.500000000000000000, 1.116625478778722869, 0.3076007143860648441 ) ) ;
#11006 = EDGE_CURVE ( 'NONE', #1518, #1497, #7409, .T. ) ;
#11007 = LINE ( 'NONE', #3269, #10738 ) ;
#11008 = ADVANCED_FACE ( 'NONE', ( #2712 ), #6449, .F. ) ;
#11009 = CARTESIAN_POINT ( 'NONE',  ( 2.500000000000000000, -0.3565075739794707488, 0.2297356375770986947 ) ) ;
#11010 =( NAMED_UNIT ( * ) PLANE_ANGLE_UNIT ( ) SI_UNIT ( $, .RADIAN. ) );
#11011 = SURFACE_STYLE_USAGE ( .BOTH. , #9098 ) ;
#11012 = CARTESIAN_POINT ( 'NONE',  ( 2.501000000000000334, 0.7762087369763365219, 0.2521816174471462335 ) ) ;
#11013 = VERTEX_POINT ( 'NONE', #1052 ) ;
#11014 = CARTESIAN_POINT ( 'NONE',  ( 2.500000000000000000, 0.7715818142484478503, 0.4089771112278829390 ) ) ;
#11015 = UNCERTAINTY_MEASURE_WITH_UNIT (LENGTH_MEASURE( 1.000000000000000082E-05 ), #8664, 'distance_accuracy_value', 'NONE');
#11016 = CARTESIAN_POINT ( 'NONE',  ( 2.501000000000000334, -0.6167852646828186902, 0.3078189116926359215 ) ) ;
#11017 = AXIS2_PLACEMENT_3D ( 'NONE', #4516, #10275, #1802 ) ;
#11018 = LINE ( 'NONE', #6091, #5281 ) ;
#11019 = PRESENTATION_STYLE_ASSIGNMENT (( #5539 ) ) ;
#11020 = CARTESIAN_POINT ( 'NONE',  ( 2.500000000000000000, 0.4453057801077998645, 0.3113438428846952988 ) ) ;
#11021 = CARTESIAN_POINT ( 'NONE',  ( 2.501000000000000334, 0.9308727270282786126, 0.2733926789394044432 ) ) ;
#11022 = EDGE_CURVE ( 'NONE', #6122, #3166, #155, .T. ) ;
#11023 = LINE ( 'NONE', #9115, #664 ) ;
#11024 = ORIENTED_EDGE ( 'NONE', *, *, #4073, .F. ) ;
#11026 = FACE_OUTER_BOUND ( 'NONE', #8281, .T. ) ;
#11025 = CARTESIAN_POINT ( 'NONE',  ( 2.501000000000000334, 1.084912862331147920, 0.3949403793569650212 ) ) ;
#11027 = EDGE_LOOP ( 'NONE', ( #8776, #4267, #4080, #7227 ) ) ;
#11028 = CARTESIAN_POINT ( 'NONE',  ( 2.500000000000000000, 0.4428103611087141900, 0.3568852396201582788 ) ) ;
#11029 = CARTESIAN_POINT ( 'NONE',  ( 2.500000000000000000, 0.5111224562105154412, 0.6432345697732937406 ) ) ;
#11030 =( NAMED_UNIT ( * ) PLANE_ANGLE_UNIT ( ) SI_UNIT ( $, .RADIAN. ) );
#11031 = LINE ( 'NONE', #9132, #7469 ) ;
#11032 = EDGE_CURVE ( 'NONE', #10919, #6203, #9553, .T. ) ;
#11033 = CARTESIAN_POINT ( 'NONE',  ( 2.501000000000000334, 1.078778290623552794, 0.3921330329833357942 ) ) ;
#11034 = FILL_AREA_STYLE_COLOUR ( '', #624 ) ;
#11035 = CARTESIAN_POINT ( 'NONE',  ( 2.500000000000000000, 0.8704108041940397111, 0.2521816174471465666 ) ) ;
#11036 = DIRECTION ( 'NONE',  ( -1.000000000000000000, -0.000000000000000000, -0.000000000000000000 ) ) ;
#11037 =( LENGTH_UNIT ( ) NAMED_UNIT ( * ) SI_UNIT ( .MILLI., .METRE. ) );
#11038 = CARTESIAN_POINT ( 'NONE',  ( 2.500000000000000000, 0.8142638767131364919, 0.7550085457775261855 ) ) ;
#11040 = ORIENTED_EDGE ( 'NONE', *, *, #10501, .T. ) ;
#11039 = CARTESIAN_POINT ( 'NONE',  ( 2.501000000000000334, 0.9495363816256953138, 0.4054419343122745434 ) ) ;
#11041 = DIRECTION ( 'NONE',  ( 0.000000000000000000, -0.000000000000000000, -1.000000000000000000 ) ) ;
#11042 = CARTESIAN_POINT ( 'NONE',  ( -2.899999999999999911, 0.000000000000000000, 1.000000000000000000 ) ) ;
#11043 = ORIENTED_EDGE ( 'NONE', *, *, #10747, .F. ) ;
#11044 = CARTESIAN_POINT ( 'NONE',  ( 2.500000000000000000, 0.3285929540011500727, 0.3450319993737844815 ) ) ;
#11045 = SURFACE_STYLE_USAGE ( .BOTH. , #1708 ) ;
#11046 = EDGE_CURVE ( 'NONE', #4454, #9441, #6434, .T. ) ;
#11047 = DIRECTION ( 'NONE',  ( 0.000000000000000000, -1.000000000000000000, 0.000000000000000000 ) ) ;
#11048 = COLOUR_RGB ( '',0.000000000000000000, 0.000000000000000000, 0.000000000000000000 ) ;
#11049 = LINE ( 'NONE', #5395, #2668 ) ;
#11050 = SURFACE_STYLE_USAGE ( .BOTH. , #4607 ) ;
#11051 = ORIENTED_EDGE ( 'NONE', *, *, #42, .T. ) ;
#11052 = AXIS2_PLACEMENT_3D ( 'NONE', #9984, #1482, #11078 ) ;
#11053 = COLOUR_RGB ( '',1.000000000000000000, 1.000000000000000000, 1.000000000000000000 ) ;
#11054 = PRESENTATION_LAYER_ASSIGNMENT (  '', '', ( #4122 ) ) ;
#11055 = CARTESIAN_POINT ( 'NONE',  ( 2.501000000000000334, 0.3540670229509983447, 0.3224692525890843209 ) ) ;
#11056 = CARTESIAN_POINT ( 'NONE',  ( 2.500000000000000000, 0.4703119579951469120, 0.2371051276597024027 ) ) ;
#11057 = STYLED_ITEM ( 'NONE', ( #10949 ), #2672 ) ;
#11058 = CARTESIAN_POINT ( 'NONE',  ( 2.501000000000000334, -0.1974489852165452197, 0.3208328182930623163 ) ) ;
#11059 = DIRECTION ( 'NONE',  ( -0.000000000000000000, -1.000000000000000000, -3.862017820491772721E-15 ) ) ;
#11060 = DIRECTION ( 'NONE',  ( 0.000000000000000000, 0.000000000000000000, 1.000000000000000000 ) ) ;
#11061 = PRESENTATION_LAYER_ASSIGNMENT (  '', '', ( #11268 ) ) ;
#11062 = COLOUR_RGB ( '',0.000000000000000000, 0.000000000000000000, 0.000000000000000000 ) ;
#11063 =( NAMED_UNIT ( * ) SI_UNIT ( $, .STERADIAN. ) SOLID_ANGLE_UNIT ( ) );
#11064 = CARTESIAN_POINT ( 'NONE',  ( 2.501000000000000334, 0.5097187830237068784, 0.1613067755606346354 ) ) ;
#11065 = VECTOR ( 'NONE', #9605, 1000.000000000000000 ) ;
#11066 = STYLED_ITEM ( 'NONE', ( #5718 ), #8271 ) ;
#11067 = ORIENTED_EDGE ( 'NONE', *, *, #9118, .F. ) ;
#11068 = COLOUR_RGB ( '',0.000000000000000000, 0.000000000000000000, 0.000000000000000000 ) ;
#11069 = EDGE_CURVE ( 'NONE', #8830, #8729, #2980, .T. ) ;
#11070 = COLOUR_RGB ( '',0.8509803921568627194, 0.8509803921568627194, 0.8509803921568627194 ) ;
#11071 = CARTESIAN_POINT ( 'NONE',  ( 2.501000000000000334, -0.6731787588190678573, 0.2196136611919111969 ) ) ;
#11073 = FILL_AREA_STYLE_COLOUR ( '', #10524 ) ;
#11072 = FILL_AREA_STYLE ('',( #8105 ) ) ;
#11074 = MECHANICAL_DESIGN_GEOMETRIC_PRESENTATION_REPRESENTATION (  '', ( #11840 ), #5121 ) ;
#11075 = DIRECTION ( 'NONE',  ( -1.000000000000000000, -0.000000000000000000, -0.000000000000000000 ) ) ;
#11076 = VECTOR ( 'NONE', #3312, 1000.000000000000000 ) ;
#11077 = CARTESIAN_POINT ( 'NONE',  ( 2.500000000000000000, 0.5101866740862078808, 0.1833496433863854580 ) ) ;
#11078 = DIRECTION ( 'NONE',  ( 1.000000000000000000, 0.000000000000000000, 0.000000000000000000 ) ) ;
#11079 = LINE ( 'NONE', #7525, #10324 ) ;
#11080 = B_SPLINE_SURFACE_WITH_KNOTS ( 'NONE', 3, 1, ( 
 ( #9462, #10500 ),
 ( #2895, #4989 ),
 ( #8784, #3817 ),
 ( #8583, #4747 ) ),
 .UNSPECIFIED., .F., .F., .F.,
 ( 4, 4 ),
 ( 2, 2 ),
 ( 0.000000000000000000, 1.000000000000000000 ),
 ( 0.000000000000000000, 1.000000000000000000 ),
 .UNSPECIFIED. ) ;
#11081 = CARTESIAN_POINT ( 'NONE',  ( 2.501000000000000334, -0.5271340490744741425, 0.2919131300411534902 ) ) ;
#11082 = CARTESIAN_POINT ( 'NONE',  ( 2.500000000000000000, 0.4383913899645447976, 0.6432345697732935186 ) ) ;
#11083 = LINE ( 'NONE', #7277, #8139 ) ;
#11084 = ORIENTED_EDGE ( 'NONE', *, *, #3239, .F. ) ;
#11086 = CARTESIAN_POINT ( 'NONE',  ( 2.501000000000000334, 0.3285929540011501837, 0.2879492897678874730 ) ) ;
#11085 =( NAMED_UNIT ( * ) PLANE_ANGLE_UNIT ( ) SI_UNIT ( $, .RADIAN. ) );
#11087 = PRESENTATION_LAYER_ASSIGNMENT (  '', '', ( #1393 ) ) ;
#11088 = ORIENTED_EDGE ( 'NONE', *, *, #114, .T. ) ;
#11089 = CARTESIAN_POINT ( 'NONE',  ( 2.500000000000000000, 0.4345962735701576207, 0.3568852396201582788 ) ) ;
#11090 = ADVANCED_FACE ( 'NONE', ( #10658 ), #11894, .F. ) ;
#11091 = EDGE_LOOP ( 'NONE', ( #2366, #4299, #728, #11051 ) ) ;
#11092 = ORIENTED_EDGE ( 'NONE', *, *, #9765, .T. ) ;
#11093 = UNCERTAINTY_MEASURE_WITH_UNIT (LENGTH_MEASURE( 1.000000000000000082E-05 ), #4214, 'distance_accuracy_value', 'NONE');
#11094 = PRESENTATION_STYLE_ASSIGNMENT (( #1170 ) ) ;
#11095 =( GEOMETRIC_REPRESENTATION_CONTEXT ( 3 ) GLOBAL_UNCERTAINTY_ASSIGNED_CONTEXT ( ( #1083 ) ) GLOBAL_UNIT_ASSIGNED_CONTEXT ( ( #497, #3345, #730 ) ) REPRESENTATION_CONTEXT ( 'NONE', 'WORKASPACE' ) );
#11096 = COLOUR_RGB ( '',0.000000000000000000, 0.000000000000000000, 0.000000000000000000 ) ;
#11097 = LINE ( 'NONE', #6355, #1223 ) ;
#11098 = SURFACE_STYLE_USAGE ( .BOTH. , #2545 ) ;
#11099 = CARTESIAN_POINT ( 'NONE',  ( -0.4000000000000000777, 0.2500000000000000000, -3.000000000000000000 ) ) ;
#11100 = FACE_OUTER_BOUND ( 'NONE', #8991, .T. ) ;
#11101 = STYLED_ITEM ( 'NONE', ( #7626 ), #5344 ) ;
#11102 = CARTESIAN_POINT ( 'NONE',  ( 2.501000000000000334, 0.2859628794322134904, 0.5482006962220952184 ) ) ;
#11103 = SURFACE_STYLE_USAGE ( .BOTH. , #511 ) ;
#11104 =( NAMED_UNIT ( * ) SI_UNIT ( $, .STERADIAN. ) SOLID_ANGLE_UNIT ( ) );
#11105 = FILL_AREA_STYLE_COLOUR ( '', #1979 ) ;
#11106 = EDGE_CURVE ( 'NONE', #10107, #3108, #12194, .T. ) ;
#11107 = CIRCLE ( 'NONE', #8138, 2.899999999999999911 ) ;
#11108 = ORIENTED_EDGE ( 'NONE', *, *, #8056, .F. ) ;
#11109 = VECTOR ( 'NONE', #5787, 1000.000000000000000 ) ;
#11110 = FILL_AREA_STYLE_COLOUR ( '', #3569 ) ;
#11111 = CARTESIAN_POINT ( 'NONE',  ( 2.501000000000000334, 0.3887429494601593594, 0.3350503233774336787 ) ) ;
#11112 = AXIS2_PLACEMENT_3D ( 'NONE', #2559, #755, #6307 ) ;
#11113 =( NAMED_UNIT ( * ) PLANE_ANGLE_UNIT ( ) SI_UNIT ( $, .RADIAN. ) );
#11114 = FILL_AREA_STYLE ('',( #7318 ) ) ;
#11116 = ORIENTED_EDGE ( 'NONE', *, *, #5818, .F. ) ;
#11115 = CARTESIAN_POINT ( 'NONE',  ( 2.500000000000000000, -0.2654103932648921305, 0.5420688443579295690 ) ) ;
#11117 = SURFACE_SIDE_STYLE ('',( #10859 ) ) ;
#11118 = AXIS2_PLACEMENT_3D ( 'NONE', #10222, #1854, #1737 ) ;
#11119 = EDGE_CURVE ( 'NONE', #838, #1622, #9428, .T. ) ;
#11120 = FACE_OUTER_BOUND ( 'NONE', #11944, .T. ) ;
#11121 = MECHANICAL_DESIGN_GEOMETRIC_PRESENTATION_REPRESENTATION (  '', ( #8536 ), #450 ) ;
#11122 =( NAMED_UNIT ( * ) PLANE_ANGLE_UNIT ( ) SI_UNIT ( $, .RADIAN. ) );
#11123 = CARTESIAN_POINT ( 'NONE',  ( -0.9000000000000002442, -0.2500000000000000000, -3.000000000000000000 ) ) ;
#11124 = AXIS2_PLACEMENT_3D ( 'NONE', #1037, #10517, #9790 ) ;
#11125 = SURFACE_SIDE_STYLE ('',( #11962 ) ) ;
#11126 = FILL_AREA_STYLE ('',( #7330 ) ) ;
#11127 = PRESENTATION_STYLE_ASSIGNMENT (( #7333 ) ) ;
#11128 = SURFACE_SIDE_STYLE ('',( #7334 ) ) ;
#11129 = CARTESIAN_POINT ( 'NONE',  ( 2.501000000000000334, 0.5215200353736221262, 0.5748184988799742712 ) ) ;
#11130 = B_SPLINE_SURFACE_WITH_KNOTS ( 'NONE', 3, 1, ( 
 ( #2885, #4670 ),
 ( #6615, #3859 ),
 ( #3745, #10430 ),
 ( #4863, #2598 ) ),
 .UNSPECIFIED., .F., .F., .F.,
 ( 4, 4 ),
 ( 2, 2 ),
 ( 2.000000000000000000, 3.000000000000000000 ),
 ( 0.000000000000000000, 1.000000000000000000 ),
 .UNSPECIFIED. ) ;
#11131 = VECTOR ( 'NONE', #7412, 1000.000000000000000 ) ;
#11132 = STYLED_ITEM ( 'NONE', ( #6282 ), #8373 ) ;
#11133 = FACE_OUTER_BOUND ( 'NONE', #4159, .T. ) ;
#11134 = CARTESIAN_POINT ( 'NONE',  ( 2.501000000000000334, -0.6717327661321198518, 0.1328545412775395118 ) ) ;
#11135 = EDGE_CURVE ( 'NONE', #5443, #1046, #8950, .T. ) ;
#11136 = DIRECTION ( 'NONE',  ( 1.000000000000000000, 0.000000000000000000, 0.000000000000000000 ) ) ;
#11137 = VERTEX_POINT ( 'NONE', #4222 ) ;
#11138 = FILL_AREA_STYLE ('',( #1908 ) ) ;
#11139 = CARTESIAN_POINT ( 'NONE',  ( 2.501000000000000334, 0.8716065257978243830, 0.4089771112278833276 ) ) ;
#11140 = VECTOR ( 'NONE', #8216, 1000.000000000000000 ) ;
#11141 = CARTESIAN_POINT ( 'NONE',  ( 0.4000000000000000777, 0.2500000000000000000, -2.407412430484044816E-32 ) ) ;
#11142 = CARTESIAN_POINT ( 'NONE',  ( 2.501000000000000334, -0.2885461659304330850, 0.6432879462976581753 ) ) ;
#11143 = FACE_OUTER_BOUND ( 'NONE', #9873, .T. ) ;
#11144 = ORIENTED_EDGE ( 'NONE', *, *, #10389, .T. ) ;
#11145 = LINE ( 'NONE', #11081, #6545 ) ;
#11146 = CARTESIAN_POINT ( 'NONE',  ( -1.699999999999999067, -0.2500000000000000000, -2.000000000000000000 ) ) ;
#11147 = CARTESIAN_POINT ( 'NONE',  ( 2.500000000000000000, 0.3942016785208403706, 0.3582369249112133391 ) ) ;
#11148 = ORIENTED_EDGE ( 'NONE', *, *, #7127, .F. ) ;
#11149 = FILL_AREA_STYLE ('',( #11875 ) ) ;
#11150 = MECHANICAL_DESIGN_GEOMETRIC_PRESENTATION_REPRESENTATION (  '', ( #3621 ), #8779 ) ;
#11151 = MECHANICAL_DESIGN_GEOMETRIC_PRESENTATION_REPRESENTATION (  '', ( #3824 ), #3256 ) ;
#11152 = SURFACE_STYLE_FILL_AREA ( #3587 ) ;
#11153 =( NAMED_UNIT ( * ) PLANE_ANGLE_UNIT ( ) SI_UNIT ( $, .RADIAN. ) );
#11154 = VERTEX_POINT ( 'NONE', #6280 ) ;
#11155 = PLANE ( 'NONE',  #5931 ) ;
#11156 = ORIENTED_EDGE ( 'NONE', *, *, #91, .F. ) ;
#11157 = CARTESIAN_POINT ( 'NONE',  ( 2.500000000000000000, 0.2900179353060841625, 0.2464629489069816159 ) ) ;
#11158 = B_SPLINE_CURVE_WITH_KNOTS ( 'NONE', 3,
 ( #6148, #6326, #9042, #535 ),
 .UNSPECIFIED., .F., .F.,
 ( 4, 4 ),
 ( 15.00000000000000000, 16.00000000000000000 ),
 .UNSPECIFIED. ) ;
#11159 =( NAMED_UNIT ( * ) SI_UNIT ( $, .STERADIAN. ) SOLID_ANGLE_UNIT ( ) );
#11160 = LINE ( 'NONE', #3884, #4984 ) ;
#11161 =( LENGTH_UNIT ( ) NAMED_UNIT ( * ) SI_UNIT ( .MILLI., .METRE. ) );
#11162 = EDGE_CURVE ( 'NONE', #7996, #6569, #623, .T. ) ;
#11163 = SURFACE_STYLE_FILL_AREA ( #11989 ) ;
#11164 = EDGE_CURVE ( 'NONE', #9410, #8012, #3299, .T. ) ;
#11165 = CARTESIAN_POINT ( 'NONE',  ( 2.500000000000000000, 0.3232382007319779538, 0.7584397469016190829 ) ) ;
#11166 = FILL_AREA_STYLE ('',( #5493 ) ) ;
#11167 = MECHANICAL_DESIGN_GEOMETRIC_PRESENTATION_REPRESENTATION (  '', ( #7572 ), #11736 ) ;
#11169 = SURFACE_STYLE_USAGE ( .BOTH. , #7371 ) ;
#11168 = LINE ( 'NONE', #3833, #9294 ) ;
#11170 = SURFACE_SIDE_STYLE ('',( #10057 ) ) ;
#11172 = ORIENTED_EDGE ( 'NONE', *, *, #4358, .F. ) ;
#11171 =( LENGTH_UNIT ( ) NAMED_UNIT ( * ) SI_UNIT ( .MILLI., .METRE. ) );
#11173 = CARTESIAN_POINT ( 'NONE',  ( 2.500000000000000000, 1.082105515956131025, 0.4063777164358939320 ) ) ;
#11174 = VECTOR ( 'NONE', #12021, 1000.000000000000114 ) ;
#11175 = ORIENTED_EDGE ( 'NONE', *, *, #9259, .F. ) ;
#11176 = SURFACE_STYLE_FILL_AREA ( #34 ) ;
#11177 = EDGE_CURVE ( 'NONE', #10901, #5106, #5128, .T. ) ;
#11178 = DIRECTION ( 'NONE',  ( -1.000000000000000000, -0.000000000000000000, -0.000000000000000000 ) ) ;
#11179 = CARTESIAN_POINT ( 'NONE',  ( 2.501000000000000334, -0.7512620329339118053, 0.6924515045812676961 ) ) ;
#11180 =( LENGTH_UNIT ( ) NAMED_UNIT ( * ) SI_UNIT ( .MILLI., .METRE. ) );
#11181 = SURFACE_SIDE_STYLE ('',( #4312 ) ) ;
#11182 = CARTESIAN_POINT ( 'NONE',  ( 2.501000000000000334, 0.9802092401581361525, 0.3634357144924221239 ) ) ;
#11183 = B_SPLINE_SURFACE_WITH_KNOTS ( 'NONE', 3, 1, ( 
 ( #8974, #2200 ),
 ( #6940, #1327 ),
 ( #5959, #6130 ),
 ( #9824, #4177 ) ),
 .UNSPECIFIED., .F., .F., .F.,
 ( 4, 4 ),
 ( 2, 2 ),
 ( 4.000000000000000000, 5.000000000000000000 ),
 ( 0.000000000000000000, 1.000000000000000000 ),
 .UNSPECIFIED. ) ;
#11184 = LINE ( 'NONE', #714, #10159 ) ;
#11185 =( NAMED_UNIT ( * ) PLANE_ANGLE_UNIT ( ) SI_UNIT ( $, .RADIAN. ) );
#11186 =( NAMED_UNIT ( * ) SI_UNIT ( $, .STERADIAN. ) SOLID_ANGLE_UNIT ( ) );
#11187 = DIRECTION ( 'NONE',  ( 0.000000000000000000, -1.000000000000000000, -3.032704250676643646E-15 ) ) ;
#11188 = ADVANCED_FACE ( 'NONE', ( #452 ), #11882, .T. ) ;
#11189 = CARTESIAN_POINT ( 'NONE',  ( 0.000000000000000000, 0.000000000000000000, 0.000000000000000000 ) ) ;
#11190 = DIRECTION ( 'NONE',  ( 0.000000000000000000, 0.000000000000000000, 1.000000000000000000 ) ) ;
#11191 = CARTESIAN_POINT ( 'NONE',  ( 2.501000000000000334, 0.9197993052196431485, 0.5516318973461920017 ) ) ;
#11192 = B_SPLINE_SURFACE_WITH_KNOTS ( 'NONE', 3, 1, ( 
 ( #1836, #3259 ),
 ( #8072, #9950 ),
 ( #400, #5955 ),
 ( #5212, #293 ) ),
 .UNSPECIFIED., .F., .F., .F.,
 ( 4, 4 ),
 ( 2, 2 ),
 ( 5.000000000000000000, 6.000000000000000000 ),
 ( 0.000000000000000000, 1.000000000000000000 ),
 .UNSPECIFIED. ) ;
#11193 = SURFACE_STYLE_USAGE ( .BOTH. , #12024 ) ;
#11194 = ORIENTED_EDGE ( 'NONE', *, *, #3908, .T. ) ;
#11195 = VECTOR ( 'NONE', #7977, 1000.000000000000000 ) ;
#11196 =( NAMED_UNIT ( * ) SI_UNIT ( $, .STERADIAN. ) SOLID_ANGLE_UNIT ( ) );
#11197 = CARTESIAN_POINT ( 'NONE',  ( 2.501000000000000334, 0.3540670229509980671, 0.3592766828277341729 ) ) ;
#11198 = CARTESIAN_POINT ( 'NONE',  ( 2.501000000000000334, 0.5707005848148212213, 0.2558207701542610790 ) ) ;
#11199 = EDGE_LOOP ( 'NONE', ( #1227, #4069, #9816, #8266 ) ) ;
#11200 = DIRECTION ( 'NONE',  ( -0.000000000000000000, 1.000000000000000000, 2.803077450325792700E-15 ) ) ;
#11201 = CARTESIAN_POINT ( 'NONE',  ( 2.199999999999999734, -0.2500000000000000000, -3.061616997868383018E-17 ) ) ;
#11202 =( NAMED_UNIT ( * ) PLANE_ANGLE_UNIT ( ) SI_UNIT ( $, .RADIAN. ) );
#11203 = PRESENTATION_LAYER_ASSIGNMENT (  '', '', ( #6803 ) ) ;
#11204 = EDGE_CURVE ( 'NONE', #8885, #4720, #6, .T. ) ;
#11205 = LINE ( 'NONE', #7636, #11731 ) ;
#11206 = EDGE_CURVE ( 'NONE', #5271, #12205, #4009, .T. ) ;
#11207 = ORIENTED_EDGE ( 'NONE', *, *, #9285, .T. ) ;
#11208 =( LENGTH_UNIT ( ) NAMED_UNIT ( * ) SI_UNIT ( .MILLI., .METRE. ) );
#11209 = CARTESIAN_POINT ( 'NONE',  ( 2.501000000000000334, 0.5663855894628643250, 0.2650746156086442595 ) ) ;
#11210 = ORIENTED_EDGE ( 'NONE', *, *, #11230, .T. ) ;
#11211 = COLOUR_RGB ( '',0.8509803921568627194, 0.8509803921568627194, 0.8509803921568627194 ) ;
#11212 = UNCERTAINTY_MEASURE_WITH_UNIT (LENGTH_MEASURE( 1.000000000000000082E-05 ), #10996, 'distance_accuracy_value', 'NONE');
#11213 = B_SPLINE_CURVE_WITH_KNOTS ( 'NONE', 3,
 ( #5958, #6804, #2068, #6999 ),
 .UNSPECIFIED., .F., .F.,
 ( 4, 4 ),
 ( 3.000000000000000000, 4.000000000000000000 ),
 .UNSPECIFIED. ) ;
#11214 = UNCERTAINTY_MEASURE_WITH_UNIT (LENGTH_MEASURE( 1.000000000000000082E-05 ), #10309, 'distance_accuracy_value', 'NONE');
#11215 = CARTESIAN_POINT ( 'NONE',  ( 2.501000000000000334, 0.3714309801537973854, 0.7226720745808750124 ) ) ;
#11216 = CARTESIAN_POINT ( 'NONE',  ( 2.501000000000000334, 0.8312119307491994125, 0.7147699144161706597 ) ) ;
#11217 = CARTESIAN_POINT ( 'NONE',  ( 2.500000000000000000, 0.2129718737067689827, 0.2521816174471441796 ) ) ;
#11218 = SURFACE_STYLE_USAGE ( .BOTH. , #7475 ) ;
#11219 = CARTESIAN_POINT ( 'NONE',  ( 2.500000000000000000, -0.6717327661321198518, 0.1328545412775395118 ) ) ;
#11220 = LINE ( 'NONE', #147, #7940 ) ;
#11221 = FACE_OUTER_BOUND ( 'NONE', #2665, .T. ) ;
#11223 = CARTESIAN_POINT ( 'NONE',  ( 2.500000000000000000, -0.3304798159407296154, 0.3179408329191652505 ) ) ;
#11222 = SURFACE_STYLE_USAGE ( .BOTH. , #9423 ) ;
#11224 = DIRECTION ( 'NONE',  ( -1.000000000000000000, -0.000000000000000000, -0.000000000000000000 ) ) ;
#11225 = CARTESIAN_POINT ( 'NONE',  ( 2.500000000000000000, 0.2373541968443407257, 0.2548849880292575754 ) ) ;
#11226 = ORIENTED_EDGE ( 'NONE', *, *, #5881, .F. ) ;
#11227 = DIRECTION ( 'NONE',  ( -1.000000000000000000, -0.000000000000000000, -0.000000000000000000 ) ) ;
#11228 = LINE ( 'NONE', #4772, #6302 ) ;
#11229 = ORIENTED_EDGE ( 'NONE', *, *, #2558, .T. ) ;
#11230 = EDGE_CURVE ( 'NONE', #6207, #11771, #6636, .T. ) ;
#11231 = ORIENTED_EDGE ( 'NONE', *, *, #4376, .T. ) ;
#11232 = SURFACE_STYLE_USAGE ( .BOTH. , #4842 ) ;
#11233 = EDGE_CURVE ( 'NONE', #8872, #8353, #5983, .T. ) ;
#11234 = B_SPLINE_SURFACE_WITH_KNOTS ( 'NONE', 3, 1, ( 
 ( #12207, #1465 ),
 ( #5164, #2400 ),
 ( #420, #9090 ),
 ( #3397, #6195 ) ),
 .UNSPECIFIED., .F., .F., .F.,
 ( 4, 4 ),
 ( 2, 2 ),
 ( 20.00000000000000000, 21.00000000000000000 ),
 ( 0.000000000000000000, 1.000000000000000000 ),
 .UNSPECIFIED. ) ;
#11235 = FILL_AREA_STYLE_COLOUR ( '', #4258 ) ;
#11236 = FILL_AREA_STYLE_COLOUR ( '', #11096 ) ;
#11237 = CARTESIAN_POINT ( 'NONE',  ( 2.500000000000000000, -0.2480585361857175208, 0.2282896724708665670 ) ) ;
#11238 = B_SPLINE_CURVE_WITH_KNOTS ( 'NONE', 3,
 ( #8173, #797, #853, #11928 ),
 .UNSPECIFIED., .F., .F.,
 ( 4, 4 ),
 ( 10.00000000000000000, 11.00000000000000000 ),
 .UNSPECIFIED. ) ;
#11239 = CARTESIAN_POINT ( 'NONE',  ( 2.501000000000000334, 0.4155167158053020282, 0.2463589731154729179 ) ) ;
#11240 = ORIENTED_EDGE ( 'NONE', *, *, #2721, .F. ) ;
#11241 = ORIENTED_EDGE ( 'NONE', *, *, #5082, .T. ) ;
#11242 = ADVANCED_FACE ( 'NONE', ( #8595 ), #3148, .F. ) ;
#11243 = PRESENTATION_STYLE_ASSIGNMENT (( #4855 ) ) ;
#11244 = SURFACE_STYLE_USAGE ( .BOTH. , #5522 ) ;
#11245 = FILL_AREA_STYLE_COLOUR ( '', #10461 ) ;
#11246 =( LENGTH_UNIT ( ) NAMED_UNIT ( * ) SI_UNIT ( .MILLI., .METRE. ) );
#11247 =( NAMED_UNIT ( * ) PLANE_ANGLE_UNIT ( ) SI_UNIT ( $, .RADIAN. ) );
#11248 = ORIENTED_EDGE ( 'NONE', *, *, #7421, .T. ) ;
#11249 =( NAMED_UNIT ( * ) PLANE_ANGLE_UNIT ( ) SI_UNIT ( $, .RADIAN. ) );
#11250 = STYLED_ITEM ( 'NONE', ( #2492 ), #10316 ) ;
#11251 = LINE ( 'NONE', #953, #11109 ) ;
#11252 = ADVANCED_FACE ( 'NONE', ( #8485 ), #9376, .F. ) ;
#11253 = DIRECTION ( 'NONE',  ( -0.000000000000000000, -0.000000000000000000, 1.000000000000000000 ) ) ;
#11254 = VECTOR ( 'NONE', #8648, 1000.000000000000000 ) ;
#11255 = CARTESIAN_POINT ( 'NONE',  ( 2.501000000000000334, 0.4496207754604512052, 0.2834783307272711328 ) ) ;
#11256 = CARTESIAN_POINT ( 'NONE',  ( 2.500000000000000000, 0.2656356121685123362, 0.2573804070283430279 ) ) ;
#11257 = VECTOR ( 'NONE', #10867, 1000.000000000000000 ) ;
#11258 = PRESENTATION_LAYER_ASSIGNMENT (  '', '', ( #2953 ) ) ;
#11259 = CARTESIAN_POINT ( 'NONE',  ( 1.700000000000000178, 0.2500000000000000000, -3.500000000000000000 ) ) ;
#11260 = FILL_AREA_STYLE ('',( #5610 ) ) ;
#11261 = EDGE_LOOP ( 'NONE', ( #11229, #7242, #6530, #1110 ) ) ;
#11262 = CARTESIAN_POINT ( 'NONE',  ( 2.501000000000000334, 0.9303008601735733851, 0.3898455655672723452 ) ) ;
#11263 = DIRECTION ( 'NONE',  ( -1.000000000000000000, 0.000000000000000000, 1.301042606982605321E-16 ) ) ;
#11264 = CARTESIAN_POINT ( 'NONE',  ( 2.500000000000000000, 0.4999450586103734162, 0.3742491968222727561 ) ) ;
#11265 = STYLED_ITEM ( 'NONE', ( #4858 ), #2791 ) ;
#11266 = CARTESIAN_POINT ( 'NONE',  ( 2.501000000000000334, 0.7152789230802809595, 0.7100910037925296514 ) ) ;
#11267 = SURFACE_STYLE_FILL_AREA ( #6406 ) ;
#11268 = STYLED_ITEM ( 'NONE', ( #1755 ), #2413 ) ;
#11269 = SURFACE_STYLE_USAGE ( .BOTH. , #7465 ) ;
#11270 = VECTOR ( 'NONE', #11388, 1000.000000000000000 ) ;
#11271 = FACE_OUTER_BOUND ( 'NONE', #10154, .T. ) ;
#11272 = ADVANCED_FACE ( 'NONE', ( #7491 ), #10335, .F. ) ;
#11273 = ADVANCED_FACE ( 'NONE', ( #4154 ), #5572, .F. ) ;
#11274 =( NAMED_UNIT ( * ) SI_UNIT ( $, .STERADIAN. ) SOLID_ANGLE_UNIT ( ) );
#11275 = STYLED_ITEM ( 'NONE', ( #7607 ), #11272 ) ;
#11276 = VECTOR ( 'NONE', #8392, 1000.000000000000114 ) ;
#11277 = CARTESIAN_POINT ( 'NONE',  ( 2.501000000000000334, 0.8962487884141786543, 0.2521816174471466221 ) ) ;
#11278 = CARTESIAN_POINT ( 'NONE',  ( 2.501000000000000334, 0.3285929540011503502, 0.2289950159133569696 ) ) ;
#11279 = ORIENTED_EDGE ( 'NONE', *, *, #1470, .F. ) ;
#11280 = B_SPLINE_SURFACE_WITH_KNOTS ( 'NONE', 3, 1, ( 
 ( #4285, #1740 ),
 ( #2531, #10096 ),
 ( #1617, #2597 ),
 ( #5359, #1681 ) ),
 .UNSPECIFIED., .F., .F., .F.,
 ( 4, 4 ),
 ( 2, 2 ),
 ( 12.00000000000000000, 13.00000000000000000 ),
 ( 0.000000000000000000, 1.000000000000000000 ),
 .UNSPECIFIED. ) ;
#11281 = CARTESIAN_POINT ( 'NONE',  ( 2.500000000000000000, 0.3376908357689463180, 0.5482006962220954405 ) ) ;
#11283 = ORIENTED_EDGE ( 'NONE', *, *, #7149, .T. ) ;
#11282 = CARTESIAN_POINT ( 'NONE',  ( 2.500000000000000000, 0.6415600868128585876, 0.5748184988799747153 ) ) ;
#11284 = CARTESIAN_POINT ( 'NONE',  ( 2.500000000000000000, -0.9609302105895747292, 0.5796645163087665864 ) ) ;
#11285 = ORIENTED_EDGE ( 'NONE', *, *, #9150, .T. ) ;
#11286 = COLOUR_RGB ( '',0.000000000000000000, 0.000000000000000000, 0.000000000000000000 ) ;
#11288 = ORIENTED_EDGE ( 'NONE', *, *, #56, .F. ) ;
#11287 = PRESENTATION_LAYER_ASSIGNMENT (  '', '', ( #10481 ) ) ;
#11289 = FILL_AREA_STYLE_COLOUR ( '', #6303 ) ;
#11290 = DIRECTION ( 'NONE',  ( 0.000000000000000000, -1.000000000000000000, -3.528747247336798979E-15 ) ) ;
#11291 = SURFACE_STYLE_USAGE ( .BOTH. , #8427 ) ;
#11292 = STYLED_ITEM ( 'NONE', ( #2877 ), #3568 ) ;
#11293 = UNCERTAINTY_MEASURE_WITH_UNIT (LENGTH_MEASURE( 1.000000000000000082E-05 ), #259, 'distance_accuracy_value', 'NONE');
#11294 = FILL_AREA_STYLE ('',( #12184 ) ) ;
#11295 = SURFACE_SIDE_STYLE ('',( #1298 ) ) ;
#11296 = AXIS2_PLACEMENT_3D ( 'NONE', #7880, #5045, #8850 ) ;
#11297 = EDGE_CURVE ( 'NONE', #8047, #4833, #5103, .T. ) ;
#11299 = VERTEX_POINT ( 'NONE', #2313 ) ;
#11298 = SURFACE_STYLE_FILL_AREA ( #3787 ) ;
#11300 = LINE ( 'NONE', #7739, #7916 ) ;
#11301 = CARTESIAN_POINT ( 'NONE',  ( 2.501000000000000334, 0.9802092401581365966, 0.3017780700543922778 ) ) ;
#11302 = ORIENTED_EDGE ( 'NONE', *, *, #12163, .F. ) ;
#11303 =( LENGTH_UNIT ( ) NAMED_UNIT ( * ) SI_UNIT ( .MILLI., .METRE. ) );
#11304 = PRESENTATION_LAYER_ASSIGNMENT (  '', '', ( #2789 ) ) ;
#11305 = FILL_AREA_STYLE_COLOUR ( '', #2021 ) ;
#11306 = COLOUR_RGB ( '',1.000000000000000000, 1.000000000000000000, 1.000000000000000000 ) ;
#11307 = PLANE ( 'NONE',  #1004 ) ;
#11308 = B_SPLINE_CURVE_WITH_KNOTS ( 'NONE', 3,
 ( #10636, #1343, #9906, #3337 ),
 .UNSPECIFIED., .F., .F.,
 ( 4, 4 ),
 ( 5.000000000000000000, 6.000000000000000000 ),
 .UNSPECIFIED. ) ;
#11309 = CARTESIAN_POINT ( 'NONE',  ( 2.501000000000000334, 0.8142638767131364919, 0.7550085457775261855 ) ) ;
#11310 = CARTESIAN_POINT ( 'NONE',  ( 2.501000000000000334, 0.4866881451771898903, 0.2685058167327331602 ) ) ;
#11311 =( GEOMETRIC_REPRESENTATION_CONTEXT ( 3 ) GLOBAL_UNCERTAINTY_ASSIGNED_CONTEXT ( ( #7744 ) ) GLOBAL_UNIT_ASSIGNED_CONTEXT ( ( #1574, #11948, #7314 ) ) REPRESENTATION_CONTEXT ( 'NONE', 'WORKASPACE' ) );
#11312 = ADVANCED_FACE ( 'NONE', ( #6049 ), #9863, .F. ) ;
#11313 = EDGE_CURVE ( 'NONE', #2928, #8844, #4709, .T. ) ;
#11314 =( NAMED_UNIT ( * ) PLANE_ANGLE_UNIT ( ) SI_UNIT ( $, .RADIAN. ) );
#11315 = ORIENTED_EDGE ( 'NONE', *, *, #3123, .T. ) ;
#11316 = SURFACE_STYLE_FILL_AREA ( #9339 ) ;
#11317 = VECTOR ( 'NONE', #9528, 1000.000000000000000 ) ;
#11318 = ORIENTED_EDGE ( 'NONE', *, *, #9493, .F. ) ;
#11319 = ORIENTED_EDGE ( 'NONE', *, *, #3399, .F. ) ;
#11320 = AXIS2_PLACEMENT_3D ( 'NONE', #7664, #5020, #7730 ) ;
#11321 = PRESENTATION_STYLE_ASSIGNMENT (( #3991 ) ) ;
#11322 = CARTESIAN_POINT ( 'NONE',  ( 2.501000000000000334, 0.1298432282970044815, 0.5748184988799728279 ) ) ;
#11323 =( LENGTH_UNIT ( ) NAMED_UNIT ( * ) SI_UNIT ( .MILLI., .METRE. ) );
#11324 = SURFACE_STYLE_FILL_AREA ( #8342 ) ;
#11325 = VECTOR ( 'NONE', #4390, 1000.000000000000114 ) ;
#11326 = LINE ( 'NONE', #12213, #3823 ) ;
#11327 = CARTESIAN_POINT ( 'NONE',  ( 2.501000000000000334, 0.3885869857728883048, 0.2340898297030533370 ) ) ;
#11328 = SURFACE_STYLE_FILL_AREA ( #8791 ) ;
#11329 = EDGE_CURVE ( 'NONE', #1622, #838, #2033, .T. ) ;
#11330 = DIRECTION ( 'NONE',  ( -1.000000000000000000, 0.000000000000000000, 0.000000000000000000 ) ) ;
#11331 =( NAMED_UNIT ( * ) SI_UNIT ( $, .STERADIAN. ) SOLID_ANGLE_UNIT ( ) );
#11332 = CARTESIAN_POINT ( 'NONE',  ( 2.500000000000000000, 0.7658111578125357255, 0.5516318973461914466 ) ) ;
#11333 = COLOUR_RGB ( '',0.000000000000000000, 0.000000000000000000, 0.000000000000000000 ) ;
#11334 = LINE ( 'NONE', #2845, #2995 ) ;
#11335 = FACE_OUTER_BOUND ( 'NONE', #3392, .T. ) ;
#11336 =( GEOMETRIC_REPRESENTATION_CONTEXT ( 3 ) GLOBAL_UNCERTAINTY_ASSIGNED_CONTEXT ( ( #7019 ) ) GLOBAL_UNIT_ASSIGNED_CONTEXT ( ( #3150, #5002, #9726 ) ) REPRESENTATION_CONTEXT ( 'NONE', 'WORKASPACE' ) );
#11337 = UNCERTAINTY_MEASURE_WITH_UNIT (LENGTH_MEASURE( 1.000000000000000082E-05 ), #11000, 'distance_accuracy_value', 'NONE');
#11338 = CARTESIAN_POINT ( 'NONE',  ( 2.500000000000000000, 0.5215200353736221262, 0.5748184988799742712 ) ) ;
#11339 = CARTESIAN_POINT ( 'NONE',  ( 1.699999999999999956, 0.2500000000000000000, 0.000000000000000000 ) ) ;
#11340 = FACE_OUTER_BOUND ( 'NONE', #10865, .T. ) ;
#11341 = LINE ( 'NONE', #8802, #6482 ) ;
#11342 = CARTESIAN_POINT ( 'NONE',  ( 2.500000000000000000, -0.1237036615811425294, 0.5941243880140490985 ) ) ;
#11343 = ADVANCED_FACE ( 'NONE', ( #4492 ), #4545, .F. ) ;
#11344 = STYLED_ITEM ( 'NONE', ( #8004 ), #8618 ) ;
#11346 = PRESENTATION_STYLE_ASSIGNMENT (( #7542 ) ) ;
#11345 = CARTESIAN_POINT ( 'NONE',  ( 2.500000000000000000, 0.6906886483596816895, 0.6100662922431530077 ) ) ;
#11347 = ORIENTED_EDGE ( 'NONE', *, *, #5404, .T. ) ;
#11348 = CARTESIAN_POINT ( 'NONE',  ( 1.699999999999999956, -0.2500000000000000000, 0.000000000000000000 ) ) ;
#11350 = ORIENTED_EDGE ( 'NONE', *, *, #6642, .F. ) ;
#11349 = CARTESIAN_POINT ( 'NONE',  ( 2.501000000000000334, 0.3365471020609183128, 0.3775764221548520982 ) ) ;
#11351 =( NAMED_UNIT ( * ) PLANE_ANGLE_UNIT ( ) SI_UNIT ( $, .RADIAN. ) );
#11352 = ORIENTED_EDGE ( 'NONE', *, *, #9563, .F. ) ;
#11353 = MECHANICAL_DESIGN_GEOMETRIC_PRESENTATION_REPRESENTATION (  '', ( #8374 ), #7760 ) ;
#11354 = ORIENTED_EDGE ( 'NONE', *, *, #7030, .F. ) ;
#11355 = DIRECTION ( 'NONE',  ( -7.228014483236695816E-17, 0.000000000000000000, -1.000000000000000000 ) ) ;
#11356 = PRESENTATION_LAYER_ASSIGNMENT (  '', '', ( #4229 ) ) ;
#11357 = COLOUR_RGB ( '',0.000000000000000000, 0.000000000000000000, 0.000000000000000000 ) ;
#11358 = SURFACE_SIDE_STYLE ('',( #7553 ) ) ;
#11359 =( LENGTH_UNIT ( ) NAMED_UNIT ( * ) SI_UNIT ( .MILLI., .METRE. ) );
#11360 = CARTESIAN_POINT ( 'NONE',  ( 2.500000000000000000, -0.6037713580830842419, 0.7893326508708256029 ) ) ;
#11361 = SURFACE_STYLE_USAGE ( .BOTH. , #6435 ) ;
#11362 = CARTESIAN_POINT ( 'NONE',  ( 2.500000000000000000, 0.4605382335818141160, 0.2529094479877349588 ) ) ;
#11363 = DIRECTION ( 'NONE',  ( -1.000000000000000000, -0.000000000000000000, -0.000000000000000000 ) ) ;
#11364 = PRESENTATION_LAYER_ASSIGNMENT (  '', '', ( #9006 ) ) ;
#11365 = VERTEX_POINT ( 'NONE', #9947 ) ;
#11366 = UNCERTAINTY_MEASURE_WITH_UNIT (LENGTH_MEASURE( 1.000000000000000082E-05 ), #10570, 'distance_accuracy_value', 'NONE');
#11367 =( LENGTH_UNIT ( ) NAMED_UNIT ( * ) SI_UNIT ( .MILLI., .METRE. ) );
#11368 = FILL_AREA_STYLE_COLOUR ( '', #9684 ) ;
#11369 = DIRECTION ( 'NONE',  ( -1.000000000000000000, 0.000000000000000000, -0.000000000000000000 ) ) ;
#11370 =( GEOMETRIC_REPRESENTATION_CONTEXT ( 3 ) GLOBAL_UNCERTAINTY_ASSIGNED_CONTEXT ( ( #5536 ) ) GLOBAL_UNIT_ASSIGNED_CONTEXT ( ( #8881, #10543, #9812 ) ) REPRESENTATION_CONTEXT ( 'NONE', 'WORKASPACE' ) );
#11371 = FACE_OUTER_BOUND ( 'NONE', #4124, .T. ) ;
#11372 =( LENGTH_UNIT ( ) NAMED_UNIT ( * ) SI_UNIT ( .MILLI., .METRE. ) );
#11373 = PLANE ( 'NONE',  #8823 ) ;
#11374 = CARTESIAN_POINT ( 'NONE',  ( 2.501000000000000334, 0.3885869857728882493, 0.2603957049850003647 ) ) ;
#11375 = CARTESIAN_POINT ( 'NONE',  ( 2.500000000000000000, 0.4428103611087141900, 0.3568852396201582788 ) ) ;
#11376 =( NAMED_UNIT ( * ) SI_UNIT ( $, .STERADIAN. ) SOLID_ANGLE_UNIT ( ) );
#11377 = ORIENTED_EDGE ( 'NONE', *, *, #6094, .F. ) ;
#11378 = CARTESIAN_POINT ( 'NONE',  ( 2.501000000000000334, -0.7035444949165748918, 0.3324007046244421004 ) ) ;
#11379 = ORIENTED_EDGE ( 'NONE', *, *, #7066, .T. ) ;
#11380 = SURFACE_SIDE_STYLE ('',( #2763 ) ) ;
#11381 = ORIENTED_EDGE ( 'NONE', *, *, #4953, .T. ) ;
#11382 = UNCERTAINTY_MEASURE_WITH_UNIT (LENGTH_MEASURE( 1.000000000000000082E-05 ), #11246, 'distance_accuracy_value', 'NONE');
#11383 = EDGE_CURVE ( 'NONE', #2059, #2207, #6932, .T. ) ;
#11384 = CARTESIAN_POINT ( 'NONE',  ( 2.500000000000000000, 0.2659475395430476174, 0.3731054631142349809 ) ) ;
#11385 = EDGE_CURVE ( 'NONE', #3862, #6132, #7941, .T. ) ;
#11386 = DIRECTION ( 'NONE',  ( 0.000000000000000000, 0.000000000000000000, -1.000000000000000000 ) ) ;
#11387 = CARTESIAN_POINT ( 'NONE',  ( 2.501000000000000334, 0.4383913899645445755, 0.7316139926607148070 ) ) ;
#11388 = DIRECTION ( 'NONE',  ( -1.000000000000000000, -0.000000000000000000, -0.000000000000000000 ) ) ;
#11389 = CARTESIAN_POINT ( 'NONE',  ( 2.500000000000000000, 0.4175962316383408646, 0.3479433215389325373 ) ) ;
#11390 = CARTESIAN_POINT ( 'NONE',  ( 0.3999999999999994116, 0.2500000000000000000, -5.000000000000000000 ) ) ;
#11391 = CARTESIAN_POINT ( 'NONE',  ( 2.500000000000000000, 0.6411441836454176979, 0.7316139926607155841 ) ) ;
#11392 = SURFACE_STYLE_USAGE ( .BOTH. , #6568 ) ;
#11393 = COLOUR_RGB ( '',0.000000000000000000, 0.000000000000000000, 0.000000000000000000 ) ;
#11394 = ORIENTED_EDGE ( 'NONE', *, *, #1707, .F. ) ;
#11395 = CARTESIAN_POINT ( 'NONE',  ( 2.501000000000000334, 0.3885869857728882493, 0.2340898297030533093 ) ) ;
#11396 = CARTESIAN_POINT ( 'NONE',  ( 2.501000000000000334, 0.5101866740862078808, 0.1833496433863854580 ) ) ;
#11397 = ORIENTED_EDGE ( 'NONE', *, *, #11434, .T. ) ;
#11398 = B_SPLINE_SURFACE_WITH_KNOTS ( 'NONE', 3, 1, ( 
 ( #4691, #1040 ),
 ( #9603, #1100 ),
 ( #4076, #11619 ),
 ( #3156, #3037 ) ),
 .UNSPECIFIED., .F., .F., .F.,
 ( 4, 4 ),
 ( 2, 2 ),
 ( 10.00000000000000000, 11.00000000000000000 ),
 ( 0.000000000000000000, 1.000000000000000000 ),
 .UNSPECIFIED. ) ;
#11399 = EDGE_LOOP ( 'NONE', ( #5648, #5677, #5926, #1521 ) ) ;
#11400 = EDGE_CURVE ( 'NONE', #4031, #538, #8018, .T. ) ;
#11401 = DIRECTION ( 'NONE',  ( -0.000000000000000000, -0.000000000000000000, 1.000000000000000000 ) ) ;
#11402 = CARTESIAN_POINT ( 'NONE',  ( 2.500000000000000000, -0.9855119931785352172, 0.4582015994973731576 ) ) ;
#11403 = FILL_AREA_STYLE ('',( #2851 ) ) ;
#11404 = ORIENTED_EDGE ( 'NONE', *, *, #8616, .T. ) ;
#11405 = PLANE ( 'NONE',  #3443 ) ;
#11406 = COLOUR_RGB ( '',0.8509803921568627194, 0.8509803921568627194, 0.8509803921568627194 ) ;
#11408 = EDGE_LOOP ( 'NONE', ( #6843, #11857, #6709, #3170 ) ) ;
#11407 = SURFACE_STYLE_FILL_AREA ( #1936 ) ;
#11409 = ORIENTED_EDGE ( 'NONE', *, *, #2941, .F. ) ;
#11410 = EDGE_CURVE ( 'NONE', #5262, #3663, #2327, .T. ) ;
#11411 = PRESENTATION_STYLE_ASSIGNMENT (( #3976 ) ) ;
#11412 = UNCERTAINTY_MEASURE_WITH_UNIT (LENGTH_MEASURE( 1.000000000000000082E-05 ), #4702, 'distance_accuracy_value', 'NONE');
#11413 = LINE ( 'NONE', #7383, #306 ) ;
#11415 = ORIENTED_EDGE ( 'NONE', *, *, #460, .T. ) ;
#11414 = CARTESIAN_POINT ( 'NONE',  ( 2.501000000000000334, -0.2480585361857175208, 0.2282896724708665670 ) ) ;
#11416 = CARTESIAN_POINT ( 'NONE',  ( 2.501000000000000334, 1.082105515956131025, 0.4063777164358939320 ) ) ;
#11417 = VERTEX_POINT ( 'NONE', #10535 ) ;
#11418 = CARTESIAN_POINT ( 'NONE',  ( 2.501000000000000334, -0.8944147573046110633, 0.4610936400299214255 ) ) ;
#11419 = ORIENTED_EDGE ( 'NONE', *, *, #3049, .T. ) ;
#11420 = ADVANCED_FACE ( 'NONE', ( #10661 ), #8814, .F. ) ;
#11421 = ADVANCED_FACE ( 'NONE', ( #5368, #8230 ), #11986, .T. ) ;
#11422 = FACE_OUTER_BOUND ( 'NONE', #11983, .T. ) ;
#11423 = LINE ( 'NONE', #6745, #3230 ) ;
#11424 = SURFACE_SIDE_STYLE ('',( #7569 ) ) ;
#11425 = CARTESIAN_POINT ( 'NONE',  ( 2.500000000000000000, 1.082729370706597916, 0.4063777164358939320 ) ) ;
#11426 = CARTESIAN_POINT ( 'NONE',  ( 2.501000000000000334, -0.3333717461538914240, 0.2282896724708662339 ) ) ;
#11427 = LINE ( 'NONE', #900, #9527 ) ;
#11428 = VERTEX_POINT ( 'NONE', #1656 ) ;
#11429 = FILL_AREA_STYLE_COLOUR ( '', #26 ) ;
#11430 = PRESENTATION_LAYER_ASSIGNMENT (  '', '', ( #6286 ) ) ;
#11431 = VERTEX_POINT ( 'NONE', #586 ) ;
#11432 = DIRECTION ( 'NONE',  ( -0.000000000000000000, -0.3559357243698730300, -0.9345104387417477732 ) ) ;
#11433 = ADVANCED_FACE ( 'NONE', ( #717 ), #2518, .F. ) ;
#11434 = EDGE_CURVE ( 'NONE', #9273, #8046, #12054, .T. ) ;
#11435 = FILL_AREA_STYLE ('',( #1030 ) ) ;
#11436 = CARTESIAN_POINT ( 'NONE',  ( 2.500000000000000000, 0.1298432282970051754, 0.3438882656657537007 ) ) ;
#11437 = FILL_AREA_STYLE ('',( #681 ) ) ;
#11438 = FILL_AREA_STYLE_COLOUR ( '', #6521 ) ;
#11439 = ORIENTED_EDGE ( 'NONE', *, *, #5225, .T. ) ;
#11440 = AXIS2_PLACEMENT_3D ( 'NONE', #11813, #626, #7231 ) ;
#11441 = MECHANICAL_DESIGN_GEOMETRIC_PRESENTATION_REPRESENTATION (  '', ( #8270 ), #412 ) ;
#11442 = CARTESIAN_POINT ( 'NONE',  ( 2.501000000000000334, 0.2083449509788870557, 0.4089771112278809961 ) ) ;
#11443 = SURFACE_STYLE_USAGE ( .BOTH. , #8540 ) ;
#11444 = FILL_AREA_STYLE_COLOUR ( '', #4204 ) ;
#11445 = SURFACE_SIDE_STYLE ('',( #10394 ) ) ;
#11446 = AXIS2_PLACEMENT_3D ( 'NONE', #8598, #4826, #2969 ) ;
#11447 = FILL_AREA_STYLE_COLOUR ( '', #2235 ) ;
#11448 = MECHANICAL_DESIGN_GEOMETRIC_PRESENTATION_REPRESENTATION (  '', ( #1374 ), #1578 ) ;
#11449 = COLOUR_RGB ( '',0.000000000000000000, 0.000000000000000000, 0.000000000000000000 ) ;
#11451 =( NAMED_UNIT ( * ) PLANE_ANGLE_UNIT ( ) SI_UNIT ( $, .RADIAN. ) );
#11450 = CARTESIAN_POINT ( 'NONE',  ( 2.500000000000000000, 0.2533664687553985884, 0.6073629216610356707 ) ) ;
#11452 = VERTEX_POINT ( 'NONE', #5441 ) ;
#11453 = AXIS2_PLACEMENT_3D ( 'NONE', #10045, #10099, #504 ) ;
#11454 =( NAMED_UNIT ( * ) SI_UNIT ( $, .STERADIAN. ) SOLID_ANGLE_UNIT ( ) );
#11455 = COLOUR_RGB ( '',0.000000000000000000, 0.000000000000000000, 0.000000000000000000 ) ;
#11456 = EDGE_CURVE ( 'NONE', #6892, #491, #8082, .T. ) ;
#11457 = ORIENTED_EDGE ( 'NONE', *, *, #2924, .T. ) ;
#11458 = ORIENTED_EDGE ( 'NONE', *, *, #5466, .T. ) ;
#11459 = CARTESIAN_POINT ( 'NONE',  ( 2.501000000000000334, 0.2498312918404796690, 0.2370011518681925111 ) ) ;
#11460 = SURFACE_SIDE_STYLE ('',( #4224 ) ) ;
#11461 = COLOUR_RGB ( '',1.000000000000000000, 1.000000000000000000, 1.000000000000000000 ) ;
#11462 = SURFACE_STYLE_FILL_AREA ( #7662 ) ;
#11463 = CARTESIAN_POINT ( 'NONE',  ( 2.500000000000000000, 0.3565624419500829090, 0.5761701841710316074 ) ) ;
#11464 = VECTOR ( 'NONE', #1474, 1000.000000000000000 ) ;
#11465 = VERTEX_POINT ( 'NONE', #7426 ) ;
#11466 =( GEOMETRIC_REPRESENTATION_CONTEXT ( 3 ) GLOBAL_UNCERTAINTY_ASSIGNED_CONTEXT ( ( #3217 ) ) GLOBAL_UNIT_ASSIGNED_CONTEXT ( ( #6721, #5826, #1253 ) ) REPRESENTATION_CONTEXT ( 'NONE', 'WORKASPACE' ) );
#11467 = CARTESIAN_POINT ( 'NONE',  ( 2.500000000000000000, -0.6037713580830842419, 0.7893326508708256029 ) ) ;
#11468 = SURFACE_SIDE_STYLE ('',( #11529 ) ) ;
#11470 =( LENGTH_UNIT ( ) NAMED_UNIT ( * ) SI_UNIT ( .MILLI., .METRE. ) );
#11469 = SURFACE_SIDE_STYLE ('',( #6726 ) ) ;
#11471 = EDGE_CURVE ( 'NONE', #2172, #7859, #12169, .T. ) ;
#11473 = ORIENTED_EDGE ( 'NONE', *, *, #8792, .T. ) ;
#11472 = CARTESIAN_POINT ( 'NONE',  ( 2.501000000000000334, 0.3540670229509985112, 0.2289950159133570251 ) ) ;
#11474 = CARTESIAN_POINT ( 'NONE',  ( 2.500000000000000000, 0.3885869857728883048, 0.2603957049850004202 ) ) ;
#11475 = COLOUR_RGB ( '',0.000000000000000000, 0.000000000000000000, 0.000000000000000000 ) ;
#11476 = MECHANICAL_DESIGN_GEOMETRIC_PRESENTATION_REPRESENTATION (  '', ( #2393 ), #8500 ) ;
#11477 = EDGE_LOOP ( 'NONE', ( #3216, #3893, #4822, #1082 ) ) ;
#11478 = UNCERTAINTY_MEASURE_WITH_UNIT (LENGTH_MEASURE( 1.000000000000000082E-05 ), #1787, 'distance_accuracy_value', 'NONE');
#11479 = DIRECTION ( 'NONE',  ( 0.000000000000000000, -1.000000000000000000, -7.343273320721139662E-15 ) ) ;
#11480 = B_SPLINE_CURVE_WITH_KNOTS ( 'NONE', 3,
 ( #6365, #7244, #11890, #3541 ),
 .UNSPECIFIED., .F., .F.,
 ( 4, 4 ),
 ( 1.000000000000000000, 2.000000000000000000 ),
 .UNSPECIFIED. ) ;
#11481 = SURFACE_STYLE_FILL_AREA ( #5709 ) ;
#11482 = FILL_AREA_STYLE ('',( #1123 ) ) ;
#11483 = CARTESIAN_POINT ( 'NONE',  ( 2.501000000000000334, 0.6744164369684609861, 0.7460666276976862799 ) ) ;
#11484 = FACE_OUTER_BOUND ( 'NONE', #8482, .T. ) ;
#11485 = CARTESIAN_POINT ( 'NONE',  ( 2.500000000000000000, 0.4691162363913611855, 0.3754969063218119296 ) ) ;
#11486 = CARTESIAN_POINT ( 'NONE',  ( 2.501000000000000334, 0.6393765951883095822, 0.3742491968222732002 ) ) ;
#11487 = ADVANCED_FACE ( 'NONE', ( #7479 ), #4529, .T. ) ;
#11488 = SURFACE_SIDE_STYLE ('',( #1666 ) ) ;
#11489 = CARTESIAN_POINT ( 'NONE',  ( 2.501000000000000334, -0.5271340490744740315, 0.2774532583344879177 ) ) ;
#11490 = ORIENTED_EDGE ( 'NONE', *, *, #9650, .F. ) ;
#11491 = ORIENTED_EDGE ( 'NONE', *, *, #10986, .T. ) ;
#11492 = STYLED_ITEM ( 'NONE', ( #198 ), #9414 ) ;
#11493 = UNCERTAINTY_MEASURE_WITH_UNIT (LENGTH_MEASURE( 1.000000000000000082E-05 ), #3456, 'distance_accuracy_value', 'NONE');
#11494 = SURFACE_SIDE_STYLE ('',( #2210 ) ) ;
#11495 = FILL_AREA_STYLE_COLOUR ( '', #9157 ) ;
#11496 = CARTESIAN_POINT ( 'NONE',  ( 2.500000000000000000, 0.5701807058572511133, 0.2531173995707618474 ) ) ;
#11497 = SURFACE_STYLE_USAGE ( .BOTH. , #3921 ) ;
#11498 = FACE_OUTER_BOUND ( 'NONE', #2634, .T. ) ;
#11499 = CARTESIAN_POINT ( 'NONE',  ( 2.501000000000000334, 0.7853586066392009846, 0.6072589458695240028 ) ) ;
#11500 =( LENGTH_UNIT ( ) NAMED_UNIT ( * ) SI_UNIT ( .MILLI., .METRE. ) );
#11501 = CARTESIAN_POINT ( 'NONE',  ( 2.500000000000000000, -0.3391557169002979433, 0.7821027150181854015 ) ) ;
#11502 = ORIENTED_EDGE ( 'NONE', *, *, #5543, .F. ) ;
#11503 = FILL_AREA_STYLE_COLOUR ( '', #410 ) ;
#11504 = EDGE_CURVE ( 'NONE', #447, #10901, #11168, .T. ) ;
#11505 =( GEOMETRIC_REPRESENTATION_CONTEXT ( 3 ) GLOBAL_UNCERTAINTY_ASSIGNED_CONTEXT ( ( #1254 ) ) GLOBAL_UNIT_ASSIGNED_CONTEXT ( ( #2349, #8444, #354 ) ) REPRESENTATION_CONTEXT ( 'NONE', 'WORKASPACE' ) );
#11506 = FILL_AREA_STYLE ('',( #1921 ) ) ;
#11507 = B_SPLINE_CURVE_WITH_KNOTS ( 'NONE', 3,
 ( #3507, #6550, #10369, #8252 ),
 .UNSPECIFIED., .F., .F.,
 ( 4, 4 ),
 ( 6.000000000000000000, 7.000000000000000000 ),
 .UNSPECIFIED. ) ;
#11508 = UNCERTAINTY_MEASURE_WITH_UNIT (LENGTH_MEASURE( 1.000000000000000082E-05 ), #5026, 'distance_accuracy_value', 'NONE');
#11509 =( LENGTH_UNIT ( ) NAMED_UNIT ( * ) SI_UNIT ( .MILLI., .METRE. ) );
#11510 = CARTESIAN_POINT ( 'NONE',  ( 2.500000000000000000, 0.4594464877695391691, 0.2294109190794103026 ) ) ;
#11511 = CARTESIAN_POINT ( 'NONE',  ( 2.501000000000000334, 0.1298432282970055640, 0.2521816174471440131 ) ) ;
#11512 = ORIENTED_EDGE ( 'NONE', *, *, #10220, .F. ) ;
#11513 =( GEOMETRIC_REPRESENTATION_CONTEXT ( 3 ) GLOBAL_UNCERTAINTY_ASSIGNED_CONTEXT ( ( #9559 ) ) GLOBAL_UNIT_ASSIGNED_CONTEXT ( ( #5694, #97, #3896 ) ) REPRESENTATION_CONTEXT ( 'NONE', 'WORKASPACE' ) );
#11514 = PRESENTATION_LAYER_ASSIGNMENT (  '', '', ( #1020 ) ) ;
#11515 = CARTESIAN_POINT ( 'NONE',  ( 2.500000000000000000, 0.2693267527713898990, 0.2255638147892595202 ) ) ;
#11516 = CARTESIAN_POINT ( 'NONE',  ( 2.501000000000000334, 0.4205595416992428115, 0.3238209378815272710 ) ) ;
#11517 = ORIENTED_EDGE ( 'NONE', *, *, #4807, .F. ) ;
#11518 = UNCERTAINTY_MEASURE_WITH_UNIT (LENGTH_MEASURE( 1.000000000000000082E-05 ), #4380, 'distance_accuracy_value', 'NONE');
#11519 = PRESENTATION_LAYER_ASSIGNMENT (  '', '', ( #8763 ) ) ;
#11521 = ORIENTED_EDGE ( 'NONE', *, *, #406, .T. ) ;
#11520 = DIRECTION ( 'NONE',  ( -1.000000000000000000, -0.000000000000000000, -0.000000000000000000 ) ) ;
#11522 = CARTESIAN_POINT ( 'NONE',  ( 2.500000000000000000, 0.3189232053793272237, 0.5715952493389055977 ) ) ;
#11523 =( NAMED_UNIT ( * ) SI_UNIT ( $, .STERADIAN. ) SOLID_ANGLE_UNIT ( ) );
#11524 = CARTESIAN_POINT ( 'NONE',  ( 2.500000000000000000, 0.3285929540011502947, 0.3213255188824415409 ) ) ;
#11525 = ADVANCED_FACE ( 'NONE', ( #7597 ), #987, .F. ) ;
#11526 = ADVANCED_FACE ( 'NONE', ( #8545 ), #5563, .T. ) ;
#11527 = VERTEX_POINT ( 'NONE', #11622 ) ;
#11528 = UNCERTAINTY_MEASURE_WITH_UNIT (LENGTH_MEASURE( 1.000000000000000082E-05 ), #1524, 'distance_accuracy_value', 'NONE');
#11529 = SURFACE_STYLE_FILL_AREA ( #8619 ) ;
#11531 = ORIENTED_EDGE ( 'NONE', *, *, #1215, .T. ) ;
#11530 = SURFACE_STYLE_USAGE ( .BOTH. , #2058 ) ;
#11532 = CARTESIAN_POINT ( 'NONE',  ( 2.500000000000000000, 0.5051958360880290932, 0.1626584608516912223 ) ) ;
#11533 = MECHANICAL_DESIGN_GEOMETRIC_PRESENTATION_REPRESENTATION (  '', ( #4617 ), #2842 ) ;
#11534 = CARTESIAN_POINT ( 'NONE',  ( 2.501000000000000334, 0.4205595416992428115, 0.3238209378815272710 ) ) ;
#11535 = MECHANICAL_DESIGN_GEOMETRIC_PRESENTATION_REPRESENTATION (  '', ( #9981 ), #9378 ) ;
#11536 = ORIENTED_EDGE ( 'NONE', *, *, #9541, .T. ) ;
#11537 = VERTEX_POINT ( 'NONE', #1231 ) ;
#11538 = CARTESIAN_POINT ( 'NONE',  ( 2.500000000000000000, 0.2900179353060841625, 0.2464629489069816159 ) ) ;
#11539 = EDGE_CURVE ( 'NONE', #10199, #1127, #1044, .T. ) ;
#11540 = DIRECTION ( 'NONE',  ( -0.000000000000000000, 0.9369753459439787990, 0.3493954794973186950 ) ) ;
#11541 = SURFACE_SIDE_STYLE ('',( #5890 ) ) ;
#11542 = SURFACE_STYLE_USAGE ( .BOTH. , #5152 ) ;
#11543 =( NAMED_UNIT ( * ) PLANE_ANGLE_UNIT ( ) SI_UNIT ( $, .RADIAN. ) );
#11544 =( NAMED_UNIT ( * ) SI_UNIT ( $, .STERADIAN. ) SOLID_ANGLE_UNIT ( ) );
#11546 = SURFACE_STYLE_USAGE ( .BOTH. , #1330 ) ;
#11545 = CARTESIAN_POINT ( 'NONE',  ( 2.199999999999999734, 0.2500000000000000000, -3.061616997868383018E-17 ) ) ;
#11547 = FACE_OUTER_BOUND ( 'NONE', #7915, .T. ) ;
#11548 = ORIENTED_EDGE ( 'NONE', *, *, #2578, .F. ) ;
#11549 = DIRECTION ( 'NONE',  ( -1.000000000000000000, -0.000000000000000000, -0.000000000000000000 ) ) ;
#11550 = CARTESIAN_POINT ( 'NONE',  ( 2.500000000000000000, 0.2373541968443407257, 0.2548849880292575754 ) ) ;
#11551 = CARTESIAN_POINT ( 'NONE',  ( 2.501000000000000334, 0.4866881451771898903, 0.2685058167327331602 ) ) ;
#11552 = EDGE_CURVE ( 'NONE', #8705, #5106, #10650, .T. ) ;
#11553 =( NAMED_UNIT ( * ) SI_UNIT ( $, .STERADIAN. ) SOLID_ANGLE_UNIT ( ) );
#11554 = PLANE ( 'NONE',  #8365 ) ;
#11555 = CARTESIAN_POINT ( 'NONE',  ( 2.500000000000000000, 0.4453057801077998645, 0.3113438428846952988 ) ) ;
#11556 = CARTESIAN_POINT ( 'NONE',  ( 2.501000000000000334, -0.5271340490744741425, 0.2919131300411534347 ) ) ;
#11557 = LINE ( 'NONE', #6692, #3548 ) ;
#11558 = FILL_AREA_STYLE_COLOUR ( '', #5405 ) ;
#11559 = VERTEX_POINT ( 'NONE', #3886 ) ;
#11560 = VECTOR ( 'NONE', #7040, 1000.000000000000000 ) ;
#11561 = CARTESIAN_POINT ( 'NONE',  ( 2.500000000000000000, 0.4383913899645452417, 0.5748184988799739381 ) ) ;
#11562 =( NAMED_UNIT ( * ) PLANE_ANGLE_UNIT ( ) SI_UNIT ( $, .RADIAN. ) );
#11563 = DIRECTION ( 'NONE',  ( -1.000000000000000000, -0.000000000000000000, -0.000000000000000000 ) ) ;
#11564 = EDGE_LOOP ( 'NONE', ( #337, #3266, #8810, #10836, #4220, #1940, #7980, #5997 ) ) ;
#11565 = VERTEX_POINT ( 'NONE', #10724 ) ;
#11566 = CARTESIAN_POINT ( 'NONE',  ( 2.500000000000000000, 0.1035893409101107526, 0.7550085457775238540 ) ) ;
#11567 = EDGE_CURVE ( 'NONE', #6585, #8873, #5065, .T. ) ;
#11568 = MECHANICAL_DESIGN_GEOMETRIC_PRESENTATION_REPRESENTATION (  '', ( #10214 ), #2490 ) ;
#11569 = CARTESIAN_POINT ( 'NONE',  ( 2.501000000000000334, -0.3333717461538914240, 0.2282896724708662339 ) ) ;
#11570 = DIRECTION ( 'NONE',  ( -1.000000000000000000, -0.000000000000000000, -0.000000000000000000 ) ) ;
#11572 =( LENGTH_UNIT ( ) NAMED_UNIT ( * ) SI_UNIT ( .MILLI., .METRE. ) );
#11571 = PLANE ( 'NONE',  #11453 ) ;
#11573 = VERTEX_POINT ( 'NONE', #9796 ) ;
#11574 = ORIENTED_EDGE ( 'NONE', *, *, #8257, .T. ) ;
#11575 = PRESENTATION_LAYER_ASSIGNMENT (  '', '', ( #4061 ) ) ;
#11576 = ORIENTED_EDGE ( 'NONE', *, *, #670, .F. ) ;
#11577 = FILL_AREA_STYLE_COLOUR ( '', #5120 ) ;
#11578 = EDGE_LOOP ( 'NONE', ( #3405, #8228, #2957, #5111, #213, #1937, #1347, #10796, #7059, #7788, #10437, #5820 ) ) ;
#11579 = CARTESIAN_POINT ( 'NONE',  ( 2.500000000000000000, 0.4050671487464481135, 0.3660351092830227970 ) ) ;
#11580 = PRESENTATION_STYLE_ASSIGNMENT (( #7923 ) ) ;
#11581 = LINE ( 'NONE', #8876, #8907 ) ;
#11582 = FILL_AREA_STYLE_COLOUR ( '', #7141 ) ;
#11583 = EDGE_LOOP ( 'NONE', ( #10929, #4351, #4364, #11758 ) ) ;
#11584 = B_SPLINE_SURFACE_WITH_KNOTS ( 'NONE', 3, 1, ( 
 ( #9338, #8445 ),
 ( #3743, #5892 ),
 ( #10564, #9575 ),
 ( #1194, #2880 ) ),
 .UNSPECIFIED., .F., .F., .F.,
 ( 4, 4 ),
 ( 2, 2 ),
 ( 1.000000000000000000, 2.000000000000000000 ),
 ( 0.000000000000000000, 1.000000000000000000 ),
 .UNSPECIFIED. ) ;
#11585 = CARTESIAN_POINT ( 'NONE',  ( 2.501000000000000334, 0.5111224562105154412, 0.6665251470985906757 ) ) ;
#11586 = CARTESIAN_POINT ( 'NONE',  ( 2.500000000000000000, 0.9802092401581361525, 0.3332827349189388944 ) ) ;
#11587 = CARTESIAN_POINT ( 'NONE',  ( 2.500000000000000000, 0.5168931126464334502, 0.7550085457775251863 ) ) ;
#11588 = SURFACE_STYLE_USAGE ( .BOTH. , #5140 ) ;
#11589 =( NAMED_UNIT ( * ) SI_UNIT ( $, .STERADIAN. ) SOLID_ANGLE_UNIT ( ) );
#11590 =( LENGTH_UNIT ( ) NAMED_UNIT ( * ) SI_UNIT ( .MILLI., .METRE. ) );
#11591 = EDGE_CURVE ( 'NONE', #1762, #2977, #8733, .T. ) ;
#11592 = CARTESIAN_POINT ( 'NONE',  ( 2.501000000000000334, 0.2129718737067689827, 0.2289950159133565255 ) ) ;
#11593 = EDGE_CURVE ( 'NONE', #4767, #8946, #10749, .T. ) ;
#11594 = AXIS2_PLACEMENT_3D ( 'NONE', #4414, #4470, #7222 ) ;
#11595 = CARTESIAN_POINT ( 'NONE',  ( 2.501000000000000334, 0.9154323219705446935, 0.4026345879372592029 ) ) ;
#11596 = DIRECTION ( 'NONE',  ( -1.000000000000000000, -0.000000000000000000, -0.000000000000000000 ) ) ;
#11597 =( LENGTH_UNIT ( ) NAMED_UNIT ( * ) SI_UNIT ( .MILLI., .METRE. ) );
#11598 = B_SPLINE_CURVE_WITH_KNOTS ( 'NONE', 3,
 ( #10009, #10931, #2442, #3377 ),
 .UNSPECIFIED., .F., .F.,
 ( 4, 4 ),
 ( 11.00000000000000000, 12.00000000000000000 ),
 .UNSPECIFIED. ) ;
#11599 = PLANE ( 'NONE',  #11648 ) ;
#11600 = B_SPLINE_CURVE_WITH_KNOTS ( 'NONE', 3,
 ( #5687, #5752, #10295, #1816 ),
 .UNSPECIFIED., .F., .F.,
 ( 4, 4 ),
 ( 5.000000000000000000, 6.000000000000000000 ),
 .UNSPECIFIED. ) ;
#11601 = EDGE_CURVE ( 'NONE', #7628, #2604, #9547, .T. ) ;
#11602 = ORIENTED_EDGE ( 'NONE', *, *, #4273, .F. ) ;
#11603 = ORIENTED_EDGE ( 'NONE', *, *, #7868, .F. ) ;
#11604 = ORIENTED_EDGE ( 'NONE', *, *, #8056, .T. ) ;
#11605 = CARTESIAN_POINT ( 'NONE',  ( 2.500000000000000000, 0.2855469762654683774, 0.3152949229677414755 ) ) ;
#11606 = DIRECTION ( 'NONE',  ( -0.000000000000000000, 0.000000000000000000, 1.000000000000000000 ) ) ;
#11607 = CARTESIAN_POINT ( 'NONE',  ( 2.501000000000000334, 0.2129718737067689827, 0.2289950159133565255 ) ) ;
#11608 = DIRECTION ( 'NONE',  ( -0.000000000000000000, 3.198603716350161147E-15, -1.000000000000000000 ) ) ;
#11609 = ORIENTED_EDGE ( 'NONE', *, *, #4574, .T. ) ;
#11610 = CARTESIAN_POINT ( 'NONE',  ( 2.501000000000000334, 0.4453057801077996425, 0.3775764221548525423 ) ) ;
#11611 = CARTESIAN_POINT ( 'NONE',  ( 2.501000000000000334, 1.116625478778722869, 0.3076007143860648441 ) ) ;
#11612 = CARTESIAN_POINT ( 'NONE',  ( 2.501000000000000334, 0.3232382007319779538, 0.7584397469016190829 ) ) ;
#11613 = VERTEX_POINT ( 'NONE', #10595 ) ;
#11614 = EDGE_CURVE ( 'NONE', #8629, #3542, #11687, .T. ) ;
#11615 = UNCERTAINTY_MEASURE_WITH_UNIT (LENGTH_MEASURE( 1.000000000000000082E-05 ), #834, 'distance_accuracy_value', 'NONE');
#11616 = VERTEX_POINT ( 'NONE', #8601 ) ;
#11617 = CARTESIAN_POINT ( 'NONE',  ( 2.500000000000000000, 0.2498312918404796690, 0.2370011518681925111 ) ) ;
#11618 = FILL_AREA_STYLE_COLOUR ( '', #4810 ) ;
#11619 = CARTESIAN_POINT ( 'NONE',  ( 2.500000000000000000, 0.2467120180916193561, 0.6267024189046717098 ) ) ;
#11620 = CARTESIAN_POINT ( 'NONE',  ( 2.501000000000000334, 0.5399757383887070494, 0.1891722877180509188 ) ) ;
#11621 = CARTESIAN_POINT ( 'NONE',  ( 2.500000000000000000, -0.2495045012926461192, 0.7025734120177948849 ) ) ;
#11623 = SURFACE_SIDE_STYLE ('',( #6165 ) ) ;
#11622 = CARTESIAN_POINT ( 'NONE',  ( 2.500000000000000000, 0.4121375025776601864, 0.5516318973461902253 ) ) ;
#11624 = EDGE_CURVE ( 'NONE', #3554, #2454, #5695, .T. ) ;
#11626 = EDGE_LOOP ( 'NONE', ( #6379, #5055, #4674, #11240, #9328, #3544, #3968 ) ) ;
#11625 =( LENGTH_UNIT ( ) NAMED_UNIT ( * ) SI_UNIT ( .MILLI., .METRE. ) );
#11627 = EDGE_CURVE ( 'NONE', #1007, #1567, #2101, .T. ) ;
#11628 = CARTESIAN_POINT ( 'NONE',  ( 2.500000000000000000, 0.5717403427327214516, 0.2597718502359203652 ) ) ;
#11629 = PRESENTATION_LAYER_ASSIGNMENT (  '', '', ( #559 ) ) ;
#11630 =( GEOMETRIC_REPRESENTATION_CONTEXT ( 3 ) GLOBAL_UNCERTAINTY_ASSIGNED_CONTEXT ( ( #5941 ) ) GLOBAL_UNIT_ASSIGNED_CONTEXT ( ( #275, #4156, #9938 ) ) REPRESENTATION_CONTEXT ( 'NONE', 'WORKASPACE' ) );
#11631 = ORIENTED_EDGE ( 'NONE', *, *, #3310, .F. ) ;
#11632 = VERTEX_POINT ( 'NONE', #4015 ) ;
#11633 = CARTESIAN_POINT ( 'NONE',  ( 2.501000000000000334, 0.4050671487464481135, 0.3660351092830227970 ) ) ;
#11634 = CARTESIAN_POINT ( 'NONE',  ( 2.501000000000000334, 0.2129718737067689827, 0.2521816174471442906 ) ) ;
#11635 = PRESENTATION_LAYER_ASSIGNMENT (  '', '', ( #10660 ) ) ;
#11636 = CARTESIAN_POINT ( 'NONE',  ( 2.500000000000000000, 0.6979149658781653720, 0.6551917858111756532 ) ) ;
#11637 = ORIENTED_EDGE ( 'NONE', *, *, #4761, .T. ) ;
#11638 = VECTOR ( 'NONE', #4498, 1000.000000000000000 ) ;
#11639 = MECHANICAL_DESIGN_GEOMETRIC_PRESENTATION_REPRESENTATION (  '', ( #7070 ), #8480 ) ;
#11640 = UNCERTAINTY_MEASURE_WITH_UNIT (LENGTH_MEASURE( 1.000000000000000082E-05 ), #4319, 'distance_accuracy_value', 'NONE');
#11641 = CARTESIAN_POINT ( 'NONE',  ( 2.501000000000000334, 0.6761840254269584349, 0.5960295603722350899 ) ) ;
#11642 = SURFACE_SIDE_STYLE ('',( #7853 ) ) ;
#11644 = ORIENTED_EDGE ( 'NONE', *, *, #2971, .T. ) ;
#11643 = SURFACE_STYLE_FILL_AREA ( #7042 ) ;
#11645 = LINE ( 'NONE', #11592, #7295 ) ;
#11646 = ORIENTED_EDGE ( 'NONE', *, *, #12116, .F. ) ;
#11647 = COLOUR_RGB ( '',0.000000000000000000, 0.000000000000000000, 0.000000000000000000 ) ;
#11648 = AXIS2_PLACEMENT_3D ( 'NONE', #11545, #3124, #2127 ) ;
#11650 = EDGE_LOOP ( 'NONE', ( #11646, #7785, #5430, #381 ) ) ;
#11649 = COLOUR_RGB ( '',0.000000000000000000, 0.000000000000000000, 0.000000000000000000 ) ;
#11651 = PRESENTATION_LAYER_ASSIGNMENT (  '', '', ( #12033 ) ) ;
#11652 = AXIS2_PLACEMENT_3D ( 'NONE', #10597, #5067, #4888 ) ;
#11653 = CARTESIAN_POINT ( 'NONE',  ( 2.500000000000000000, 0.4168684010963653042, 0.3270441874212105526 ) ) ;
#11654 = SURFACE_STYLE_FILL_AREA ( #10614 ) ;
#11655 =( NAMED_UNIT ( * ) PLANE_ANGLE_UNIT ( ) SI_UNIT ( $, .RADIAN. ) );
#11656 = PRESENTATION_STYLE_ASSIGNMENT (( #5035 ) ) ;
#11657 =( GEOMETRIC_REPRESENTATION_CONTEXT ( 3 ) GLOBAL_UNCERTAINTY_ASSIGNED_CONTEXT ( ( #9643 ) ) GLOBAL_UNIT_ASSIGNED_CONTEXT ( ( #9859, #1364, #8948 ) ) REPRESENTATION_CONTEXT ( 'NONE', 'WORKASPACE' ) );
#11658 = FACE_OUTER_BOUND ( 'NONE', #176, .T. ) ;
#11659 =( NAMED_UNIT ( * ) PLANE_ANGLE_UNIT ( ) SI_UNIT ( $, .RADIAN. ) );
#11660 = MECHANICAL_DESIGN_GEOMETRIC_PRESENTATION_REPRESENTATION (  '', ( #6110 ), #12043 ) ;
#11661 = VECTOR ( 'NONE', #4616, 1000.000000000000000 ) ;
#11662 = PLANE ( 'NONE',  #7851 ) ;
#11663 = ORIENTED_EDGE ( 'NONE', *, *, #10247, .F. ) ;
#11664 = ORIENTED_EDGE ( 'NONE', *, *, #9259, .T. ) ;
#11665 = ORIENTED_EDGE ( 'NONE', *, *, #2283, .F. ) ;
#11666 = VECTOR ( 'NONE', #7048, 1000.000000000000000 ) ;
#11667 =( GEOMETRIC_REPRESENTATION_CONTEXT ( 3 ) GLOBAL_UNCERTAINTY_ASSIGNED_CONTEXT ( ( #8655 ) ) GLOBAL_UNIT_ASSIGNED_CONTEXT ( ( #1195, #471, #5217 ) ) REPRESENTATION_CONTEXT ( 'NONE', 'WORKASPACE' ) );
#11668 = DIRECTION ( 'NONE',  ( -1.000000000000000000, -0.000000000000000000, -0.000000000000000000 ) ) ;
#11669 = ADVANCED_FACE ( 'NONE', ( #7784 ), #11571, .F. ) ;
#11670 = CARTESIAN_POINT ( 'NONE',  ( 2.501000000000000334, 0.8146277919848246007, 0.2289950159133586349 ) ) ;
#11671 = EDGE_CURVE ( 'NONE', #6074, #9389, #9927, .T. ) ;
#11672 = SPHERICAL_SURFACE ( 'NONE', #3041, 2.500000000000000000 ) ;
#11673 = DIRECTION ( 'NONE',  ( 0.000000000000000000, -0.9398440417738187502, -0.3416038306902494104 ) ) ;
#11674 =( NAMED_UNIT ( * ) PLANE_ANGLE_UNIT ( ) SI_UNIT ( $, .RADIAN. ) );
#11675 = LINE ( 'NONE', #1209, #1268 ) ;
#11676 = SURFACE_SIDE_STYLE ('',( #11328 ) ) ;
#11677 = ORIENTED_EDGE ( 'NONE', *, *, #261, .F. ) ;
#11678 = PLANE ( 'NONE',  #3415 ) ;
#11679 = VECTOR ( 'NONE', #6264, 1000.000000000000341 ) ;
#11680 = PRESENTATION_LAYER_ASSIGNMENT (  '', '', ( #8322 ) ) ;
#11681 = ORIENTED_EDGE ( 'NONE', *, *, #1080, .T. ) ;
#11682 = ORIENTED_EDGE ( 'NONE', *, *, #11410, .F. ) ;
#11683 = DIRECTION ( 'NONE',  ( -1.000000000000000000, -0.000000000000000000, -0.000000000000000000 ) ) ;
#11684 = ADVANCED_FACE ( 'NONE', ( #8219 ), #2822, .T. ) ;
#11685 = VECTOR ( 'NONE', #3918, 1000.000000000000000 ) ;
#11686 = CARTESIAN_POINT ( 'NONE',  ( 2.501000000000000334, 0.8962487884141786543, 0.2521816174471466221 ) ) ;
#11688 =( NAMED_UNIT ( * ) PLANE_ANGLE_UNIT ( ) SI_UNIT ( $, .RADIAN. ) );
#11687 = LINE ( 'NONE', #5812, #11065 ) ;
#11689 = STYLED_ITEM ( 'NONE', ( #1137 ), #5201 ) ;
#11690 = EDGE_LOOP ( 'NONE', ( #925, #641, #10250, #3055 ) ) ;
#11691 = DIRECTION ( 'NONE',  ( -1.000000000000000000, -0.000000000000000000, -0.000000000000000000 ) ) ;
#11692 = EDGE_LOOP ( 'NONE', ( #11210, #2119, #2715, #8175 ) ) ;
#11693 = MECHANICAL_DESIGN_GEOMETRIC_PRESENTATION_REPRESENTATION (  '', ( #5963 ), #8343 ) ;
#11694 =( GEOMETRIC_REPRESENTATION_CONTEXT ( 3 ) GLOBAL_UNCERTAINTY_ASSIGNED_CONTEXT ( ( #2536 ) ) GLOBAL_UNIT_ASSIGNED_CONTEXT ( ( #11161, #10116, #11987 ) ) REPRESENTATION_CONTEXT ( 'NONE', 'WORKASPACE' ) );
#11695 = CARTESIAN_POINT ( 'NONE',  ( 2.500000000000000000, 0.6393765951883095822, 0.3742491968222732002 ) ) ;
#11696 = VERTEX_POINT ( 'NONE', #1618 ) ;
#11697 =( NAMED_UNIT ( * ) PLANE_ANGLE_UNIT ( ) SI_UNIT ( $, .RADIAN. ) );
#11698 = VECTOR ( 'NONE', #10590, 1000.000000000000000 ) ;
#11699 = SURFACE_SIDE_STYLE ('',( #1307 ) ) ;
#11701 = EDGE_CURVE ( 'NONE', #5459, #3840, #8055, .T. ) ;
#11700 = VERTEX_POINT ( 'NONE', #3474 ) ;
#11702 = LINE ( 'NONE', #6055, #5346 ) ;
#11703 = COLOUR_RGB ( '',0.000000000000000000, 0.000000000000000000, 0.000000000000000000 ) ;
#11704 = STYLED_ITEM ( 'NONE', ( #4823 ), #8394 ) ;
#11705 = CARTESIAN_POINT ( 'NONE',  ( 2.500000000000000000, 0.9495363816256957579, 0.2574843828198626894 ) ) ;
#11706 =( NAMED_UNIT ( * ) PLANE_ANGLE_UNIT ( ) SI_UNIT ( $, .RADIAN. ) );
#11708 = ORIENTED_EDGE ( 'NONE', *, *, #2540, .F. ) ;
#11707 = SURFACE_STYLE_FILL_AREA ( #5024 ) ;
#11709 = CARTESIAN_POINT ( 'NONE',  ( 2.501000000000000334, -0.6731787588190680793, 0.3324007046244421559 ) ) ;
#11710 = DIRECTION ( 'NONE',  ( -0.000000000000000000, 1.000000000000000000, 3.469208023143580518E-15 ) ) ;
#11711 = FILL_AREA_STYLE_COLOUR ( '', #10480 ) ;
#11712 = VERTEX_POINT ( 'NONE', #11877 ) ;
#11713 = VECTOR ( 'NONE', #7250, 1000.000000000000000 ) ;
#11714 = ORIENTED_EDGE ( 'NONE', *, *, #6317, .T. ) ;
#11715 = EDGE_CURVE ( 'NONE', #8058, #7855, #2476, .T. ) ;
#11716 = UNCERTAINTY_MEASURE_WITH_UNIT (LENGTH_MEASURE( 1.000000000000000082E-05 ), #6273, 'distance_accuracy_value', 'NONE');
#11717 = CARTESIAN_POINT ( 'NONE',  ( -2.200000000000000178, -0.2500000000000000000, 0.000000000000000000 ) ) ;
#11718 = PLANE ( 'NONE',  #7142 ) ;
#11719 = VECTOR ( 'NONE', #4682, 1000.000000000000000 ) ;
#11720 = DIRECTION ( 'NONE',  ( -0.000000000000000000, -1.000000000000000000, -0.000000000000000000 ) ) ;
#11721 = CARTESIAN_POINT ( 'NONE',  ( 2.501000000000000334, 0.5734559432940758983, 0.2070561238791161218 ) ) ;
#11722 =( NAMED_UNIT ( * ) PLANE_ANGLE_UNIT ( ) SI_UNIT ( $, .RADIAN. ) );
#11724 = CARTESIAN_POINT ( 'NONE',  ( 2.500000000000000000, 0.4691162363913611855, 0.3754969063218119296 ) ) ;
#11723 = PRESENTATION_STYLE_ASSIGNMENT (( #8025 ) ) ;
#11725 = PRESENTATION_STYLE_ASSIGNMENT (( #9830 ) ) ;
#11726 = VERTEX_POINT ( 'NONE', #7164 ) ;
#11727 = ORIENTED_EDGE ( 'NONE', *, *, #1920, .T. ) ;
#11728 = COLOUR_RGB ( '',0.000000000000000000, 0.000000000000000000, 0.000000000000000000 ) ;
#11729 = B_SPLINE_CURVE_WITH_KNOTS ( 'NONE', 3,
 ( #10023, #5409, #1529, #3566 ),
 .UNSPECIFIED., .F., .F.,
 ( 4, 4 ),
 ( 2.000000000000000000, 3.000000000000000000 ),
 .UNSPECIFIED. ) ;
#11730 =( NAMED_UNIT ( * ) SI_UNIT ( $, .STERADIAN. ) SOLID_ANGLE_UNIT ( ) );
#11731 = VECTOR ( 'NONE', #789, 1000.000000000000000 ) ;
#11732 =( GEOMETRIC_REPRESENTATION_CONTEXT ( 3 ) GLOBAL_UNCERTAINTY_ASSIGNED_CONTEXT ( ( #9402 ) ) GLOBAL_UNIT_ASSIGNED_CONTEXT ( ( #11572, #4016, #6834 ) ) REPRESENTATION_CONTEXT ( 'NONE', 'WORKASPACE' ) );
#11733 = CARTESIAN_POINT ( 'NONE',  ( 2.501000000000000334, 0.9308727270282786126, 0.2733926789394044432 ) ) ;
#11734 = FACE_OUTER_BOUND ( 'NONE', #7208, .T. ) ;
#11735 = CARTESIAN_POINT ( 'NONE',  ( 2.500000000000000000, 0.3714309801537977740, 0.5852160780437705156 ) ) ;
#11736 =( GEOMETRIC_REPRESENTATION_CONTEXT ( 3 ) GLOBAL_UNCERTAINTY_ASSIGNED_CONTEXT ( ( #3646 ) ) GLOBAL_UNIT_ASSIGNED_CONTEXT ( ( #11500, #7891, #1341 ) ) REPRESENTATION_CONTEXT ( 'NONE', 'WORKASPACE' ) );
#11737 = DIRECTION ( 'NONE',  ( -1.000000000000000000, -0.000000000000000000, -0.000000000000000000 ) ) ;
#11738 = ORIENTED_EDGE ( 'NONE', *, *, #5433, .T. ) ;
#11739 = DIRECTION ( 'NONE',  ( 0.000000000000000000, -1.000000000000000000, -3.717008596225309524E-15 ) ) ;
#11740 = CARTESIAN_POINT ( 'NONE',  ( 2.501000000000000334, 0.5457463948239242857, 0.2028970922130428900 ) ) ;
#11741 = ORIENTED_EDGE ( 'NONE', *, *, #2740, .T. ) ;
#11742 = CARTESIAN_POINT ( 'NONE',  ( 2.500000000000000000, 0.4539877587088579358, 0.2798391780201487378 ) ) ;
#11743 = DIRECTION ( 'NONE',  ( 0.000000000000000000, -0.9910683662997864518, -0.1333547648937686569 ) ) ;
#11744 = UNCERTAINTY_MEASURE_WITH_UNIT (LENGTH_MEASURE( 1.000000000000000082E-05 ), #8020, 'distance_accuracy_value', 'NONE');
#11745 = EDGE_CURVE ( 'NONE', #5450, #6950, #1544, .T. ) ;
#11746 = VERTEX_POINT ( 'NONE', #4468 ) ;
#11747 = ADVANCED_FACE ( 'NONE', ( #6272 ), #11130, .F. ) ;
#11748 = ORIENTED_EDGE ( 'NONE', *, *, #9609, .F. ) ;
#11749 = LINE ( 'NONE', #10087, #6460 ) ;
#11750 = VECTOR ( 'NONE', #7670, 1000.000000000000114 ) ;
#11751 =( NAMED_UNIT ( * ) SI_UNIT ( $, .STERADIAN. ) SOLID_ANGLE_UNIT ( ) );
#11752 = SURFACE_STYLE_FILL_AREA ( #145 ) ;
#11753 = EDGE_LOOP ( 'NONE', ( #11677, #10348, #2913, #8659, #2008, #6494, #3730, #8298, #10881, #11490, #1006, #1021, #6452, #12131, #1603, #736, #11302, #1771, #6518, #8467, #2453 ) ) ;
#11755 = CARTESIAN_POINT ( 'NONE',  ( 2.500000000000000000, -0.2697483437450227117, 0.5420688443579295690 ) ) ;
#11754 = FILL_AREA_STYLE_COLOUR ( '', #5704 ) ;
#11756 = B_SPLINE_CURVE_WITH_KNOTS ( 'NONE', 3,
 ( #2265, #9625, #7802, #5078 ),
 .UNSPECIFIED., .F., .F.,
 ( 4, 4 ),
 ( 1.000000000000000000, 2.000000000000000000 ),
 .UNSPECIFIED. ) ;
#11757 = DIRECTION ( 'NONE',  ( 0.000000000000000000, -0.000000000000000000, -1.000000000000000000 ) ) ;
#11758 = ORIENTED_EDGE ( 'NONE', *, *, #2525, .T. ) ;
#11759 = ADVANCED_FACE ( 'NONE', ( #1081 ), #5846, .F. ) ;
#11760 = ORIENTED_EDGE ( 'NONE', *, *, #1132, .F. ) ;
#11761 = LINE ( 'NONE', #3302, #2150 ) ;
#11762 = SURFACE_STYLE_USAGE ( .BOTH. , #5196 ) ;
#11763 = SURFACE_SIDE_STYLE ('',( #4482 ) ) ;
#11764 = FILL_AREA_STYLE ('',( #6926 ) ) ;
#11765 = VECTOR ( 'NONE', #11808, 1000.000000000000000 ) ;
#11766 = CARTESIAN_POINT ( 'NONE',  ( 2.500000000000000000, 0.3189232053793272237, 0.5715952493389055977 ) ) ;
#11767 = EDGE_LOOP ( 'NONE', ( #6151, #1067, #8635, #6340 ) ) ;
#11768 =( NAMED_UNIT ( * ) PLANE_ANGLE_UNIT ( ) SI_UNIT ( $, .RADIAN. ) );
#11769 = CARTESIAN_POINT ( 'NONE',  ( 2.500000000000000000, -0.9855119931785352172, 0.4582015994973731576 ) ) ;
#11770 = EDGE_CURVE ( 'NONE', #10376, #2732, #3648, .T. ) ;
#11771 = VERTEX_POINT ( 'NONE', #7627 ) ;
#11772 = ORIENTED_EDGE ( 'NONE', *, *, #3532, .T. ) ;
#11773 = FILL_AREA_STYLE ('',( #703 ) ) ;
#11774 = LINE ( 'NONE', #10687, #7719 ) ;
#11775 =( LENGTH_UNIT ( ) NAMED_UNIT ( * ) SI_UNIT ( .MILLI., .METRE. ) );
#11776 = SURFACE_STYLE_FILL_AREA ( #9705 ) ;
#11777 = CARTESIAN_POINT ( 'NONE',  ( 2.501000000000000334, 0.7715818142484478503, 0.4323716643446917640 ) ) ;
#11779 = VERTEX_POINT ( 'NONE', #11426 ) ;
#11778 = DIRECTION ( 'NONE',  ( 0.000000000000000000, -3.726750577286288466E-15, 1.000000000000000000 ) ) ;
#11780 = CIRCLE ( 'NONE', #9255, 2.500000000000000000 ) ;
#11781 = EDGE_CURVE ( 'NONE', #12176, #7346, #2824, .T. ) ;
#11782 = ORIENTED_EDGE ( 'NONE', *, *, #7436, .T. ) ;
#11783 = ADVANCED_FACE ( 'NONE', ( #9453 ), #3009, .F. ) ;
#11784 = ORIENTED_EDGE ( 'NONE', *, *, #1866, .T. ) ;
#11785 = B_SPLINE_CURVE_WITH_KNOTS ( 'NONE', 3,
 ( #9524, #3130, #5668, #7697 ),
 .UNSPECIFIED., .F., .F.,
 ( 4, 4 ),
 ( 1.000000000000000000, 2.000000000000000000 ),
 .UNSPECIFIED. ) ;
#11786 = CARTESIAN_POINT ( 'NONE',  ( 2.501000000000000334, 0.2631921810651727256, 0.2699614778153062167 ) ) ;
#11787 =( NAMED_UNIT ( * ) SI_UNIT ( $, .STERADIAN. ) SOLID_ANGLE_UNIT ( ) );
#11788 = CARTESIAN_POINT ( 'NONE',  ( 2.500000000000000000, -0.1526234049923924918, 0.3699963765752876110 ) ) ;
#11789 = CARTESIAN_POINT ( 'NONE',  ( 2.500000000000000000, 0.7715818142484478503, 0.4323716643446918195 ) ) ;
#11790 = FILL_AREA_STYLE ('',( #486 ) ) ;
#11791 = PLANE ( 'NONE',  #8785 ) ;
#11792 = EDGE_LOOP ( 'NONE', ( #9290, #3477, #8962, #7138 ) ) ;
#11793 = CARTESIAN_POINT ( 'NONE',  ( 2.501000000000000334, 0.2631921810651727256, 0.2629950997769900933 ) ) ;
#11794 = ORIENTED_EDGE ( 'NONE', *, *, #4495, .T. ) ;
#11795 = SURFACE_STYLE_USAGE ( .BOTH. , #8044 ) ;
#11796 = ORIENTED_EDGE ( 'NONE', *, *, #9738, .T. ) ;
#11797 = EDGE_LOOP ( 'NONE', ( #2117, #6984, #3044, #2904 ) ) ;
#11798 =( NAMED_UNIT ( * ) PLANE_ANGLE_UNIT ( ) SI_UNIT ( $, .RADIAN. ) );
#11799 = SURFACE_STYLE_USAGE ( .BOTH. , #10961 ) ;
#11800 = CARTESIAN_POINT ( 'NONE',  ( 2.501000000000000334, 0.9308727270282786126, 0.2733926789394044432 ) ) ;
#11801 = CARTESIAN_POINT ( 'NONE',  ( 2.500000000000000000, 0.4050671487464481135, 0.3660351092830227970 ) ) ;
#11802 = LINE ( 'NONE', #6334, #5334 ) ;
#11803 = DIRECTION ( 'NONE',  ( -1.000000000000000000, -0.000000000000000000, -0.000000000000000000 ) ) ;
#11804 = CARTESIAN_POINT ( 'NONE',  ( -2.200000000000001066, 0.2500000000000000000, -2.000000000000000000 ) ) ;
#11805 = ORIENTED_EDGE ( 'NONE', *, *, #8674, .T. ) ;
#11806 = EDGE_CURVE ( 'NONE', #5093, #5385, #2776, .T. ) ;
#11807 = SURFACE_SIDE_STYLE ('',( #3229 ) ) ;
#11808 = DIRECTION ( 'NONE',  ( -1.000000000000000000, -0.000000000000000000, -0.000000000000000000 ) ) ;
#11809 =( NAMED_UNIT ( * ) PLANE_ANGLE_UNIT ( ) SI_UNIT ( $, .RADIAN. ) );
#11810 = ORIENTED_EDGE ( 'NONE', *, *, #11781, .T. ) ;
#11811 = ORIENTED_EDGE ( 'NONE', *, *, #10905, .T. ) ;
#11812 = EDGE_LOOP ( 'NONE', ( #1831, #3712, #12073, #8594, #1892, #11354, #4549 ) ) ;
#11813 = CARTESIAN_POINT ( 'NONE',  ( 2.501000000000000334, 0.3714309801537978295, 0.5852160780437705156 ) ) ;
#11814 = CARTESIAN_POINT ( 'NONE',  ( 2.501000000000000334, -0.7498160402476569120, 0.6056923570868752993 ) ) ;
#11815 = CARTESIAN_POINT ( 'NONE',  ( 2.500000000000000000, 0.6668262041796806372, 0.4323716643446913199 ) ) ;
#11816 = DIRECTION ( 'NONE',  ( 0.000000000000000000, 0.9209172030172785295, -0.3897582650654539682 ) ) ;
#11817 = EDGE_CURVE ( 'NONE', #10138, #5242, #1461, .T. ) ;
#11818 = CARTESIAN_POINT ( 'NONE',  ( 2.500000000000000000, 0.4688562969125726343, 0.3533500627045519926 ) ) ;
#11819 = ADVANCED_FACE ( 'NONE', ( #301 ), #11599, .F. ) ;
#11820 = STYLED_ITEM ( 'NONE', ( #9852 ), #10343 ) ;
#11821 =( NAMED_UNIT ( * ) SI_UNIT ( $, .STERADIAN. ) SOLID_ANGLE_UNIT ( ) );
#11823 = ORIENTED_EDGE ( 'NONE', *, *, #751, .F. ) ;
#11822 = CARTESIAN_POINT ( 'NONE',  ( 2.500000000000000000, 1.469693845669906240, 1.000000000000000000 ) ) ;
#11824 = DIRECTION ( 'NONE',  ( -1.000000000000000000, -0.000000000000000000, -0.000000000000000000 ) ) ;
#11825 = CARTESIAN_POINT ( 'NONE',  ( 2.500000000000000000, -0.6731787588190680793, 0.3324007046244421559 ) ) ;
#11826 = ORIENTED_EDGE ( 'NONE', *, *, #4314, .F. ) ;
#11827 =( GEOMETRIC_REPRESENTATION_CONTEXT ( 3 ) GLOBAL_UNCERTAINTY_ASSIGNED_CONTEXT ( ( #5484 ) ) GLOBAL_UNIT_ASSIGNED_CONTEXT ( ( #6639, #10447, #6525 ) ) REPRESENTATION_CONTEXT ( 'NONE', 'WORKASPACE' ) );
#11828 = ORIENTED_EDGE ( 'NONE', *, *, #4894, .T. ) ;
#11829 = SURFACE_STYLE_FILL_AREA ( #8070 ) ;
#11830 =( GEOMETRIC_REPRESENTATION_CONTEXT ( 3 ) GLOBAL_UNCERTAINTY_ASSIGNED_CONTEXT ( ( #11528 ) ) GLOBAL_UNIT_ASSIGNED_CONTEXT ( ( #1524, #6248, #10766 ) ) REPRESENTATION_CONTEXT ( 'NONE', 'WORKASPACE' ) );
#11831 = FILL_AREA_STYLE ('',( #1510 ) ) ;
#11832 = EDGE_CURVE ( 'NONE', #3590, #5815, #9827, .T. ) ;
#11833 = CARTESIAN_POINT ( 'NONE',  ( 2.501000000000000334, -0.06441815449166982122, 0.5174870514261157295 ) ) ;
#11834 = SURFACE_STYLE_USAGE ( .BOTH. , #8023 ) ;
#11835 = CARTESIAN_POINT ( 'NONE',  ( 2.501000000000000334, -0.4794164834778135154, 0.7228172406794669547 ) ) ;
#11837 = VERTEX_POINT ( 'NONE', #5961 ) ;
#11836 = PRESENTATION_STYLE_ASSIGNMENT (( #5261 ) ) ;
#11838 = EDGE_LOOP ( 'NONE', ( #8196, #3129, #578, #9860 ) ) ;
#11839 = VECTOR ( 'NONE', #7456, 1000.000000000000000 ) ;
#11840 = STYLED_ITEM ( 'NONE', ( #7474 ), #6838 ) ;
#11841 = VERTEX_POINT ( 'NONE', #5159 ) ;
#11842 = PRESENTATION_LAYER_ASSIGNMENT (  '', '', ( #1387 ) ) ;
#11843 = ORIENTED_EDGE ( 'NONE', *, *, #2040, .F. ) ;
#11844 = ORIENTED_EDGE ( 'NONE', *, *, #5900, .F. ) ;
#11845 = SURFACE_STYLE_USAGE ( .BOTH. , #4317 ) ;
#11846 = DIRECTION ( 'NONE',  ( 0.000000000000000000, 0.000000000000000000, 1.000000000000000000 ) ) ;
#11847 = VECTOR ( 'NONE', #1184, 1000.000000000000000 ) ;
#11848 = STYLED_ITEM ( 'NONE', ( #10241 ), #11252 ) ;
#11849 = CARTESIAN_POINT ( 'NONE',  ( 2.501000000000000334, 0.1035893409101114049, 0.5516318973461891151 ) ) ;
#11850 = CARTESIAN_POINT ( 'NONE',  ( 2.500000000000000000, 0.2699506075211635103, 0.2883651929339415276 ) ) ;
#11851 = EDGE_CURVE ( 'NONE', #5459, #1333, #10908, .T. ) ;
#11852 = DIRECTION ( 'NONE',  ( -1.000000000000000000, -0.000000000000000000, -0.000000000000000000 ) ) ;
#11853 = COLOUR_RGB ( '',0.000000000000000000, 0.000000000000000000, 0.000000000000000000 ) ;
#11854 = FILL_AREA_STYLE ('',( #6252 ) ) ;
#11855 = PRESENTATION_LAYER_ASSIGNMENT (  '', '', ( #8503 ) ) ;
#11856 = CARTESIAN_POINT ( 'NONE',  ( 2.501000000000000334, 0.2631921810651727256, 0.2699614778153062167 ) ) ;
#11857 = ORIENTED_EDGE ( 'NONE', *, *, #2685, .F. ) ;
#11858 = DIRECTION ( 'NONE',  ( -0.000000000000000000, -0.3559357243643118118, 0.9345104387438658566 ) ) ;
#11859 = LINE ( 'NONE', #7143, #7882 ) ;
#11860 = ORIENTED_EDGE ( 'NONE', *, *, #9918, .F. ) ;
#11861 =( NAMED_UNIT ( * ) SI_UNIT ( $, .STERADIAN. ) SOLID_ANGLE_UNIT ( ) );
#11862 = UNCERTAINTY_MEASURE_WITH_UNIT (LENGTH_MEASURE( 1.000000000000000082E-05 ), #7136, 'distance_accuracy_value', 'NONE');
#11863 = SURFACE_STYLE_FILL_AREA ( #6205 ) ;
#11864 = MECHANICAL_DESIGN_GEOMETRIC_PRESENTATION_REPRESENTATION (  '', ( #7909 ), #8122 ) ;
#11865 = ORIENTED_EDGE ( 'NONE', *, *, #4409, .T. ) ;
#11866 = COLOUR_RGB ( '',1.000000000000000000, 1.000000000000000000, 1.000000000000000000 ) ;
#11867 = FACE_OUTER_BOUND ( 'NONE', #9171, .T. ) ;
#11868 = SURFACE_STYLE_FILL_AREA ( #7151 ) ;
#11869 = CARTESIAN_POINT ( 'NONE',  ( 2.500000000000000000, 0.5284344255175712490, 0.3742491968222728671 ) ) ;
#11870 = ADVANCED_FACE ( 'NONE', ( #4105, #7869 ), #11662, .T. ) ;
#11871 = CARTESIAN_POINT ( 'NONE',  ( 2.500000000000000000, 0.2834154725373658756, 0.2255638147892595757 ) ) ;
#11872 = CARTESIAN_POINT ( 'NONE',  ( 2.500000000000000000, 0.3887429494601591373, 0.3479433215389324263 ) ) ;
#11873 = ORIENTED_EDGE ( 'NONE', *, *, #10220, .T. ) ;
#11874 = VECTOR ( 'NONE', #11363, 1000.000000000000000 ) ;
#11875 = FILL_AREA_STYLE_COLOUR ( '', #11211 ) ;
#11876 = CARTESIAN_POINT ( 'NONE',  ( 2.500000000000000000, -0.7512620329339118053, 0.6924515045812676961 ) ) ;
#11877 = CARTESIAN_POINT ( 'NONE',  ( 2.501000000000000334, 0.2834154725373658756, 0.2255638147892595757 ) ) ;
#11878 =( NAMED_UNIT ( * ) PLANE_ANGLE_UNIT ( ) SI_UNIT ( $, .RADIAN. ) );
#11879 = AXIS2_PLACEMENT_3D ( 'NONE', #6453, #2658, #7279 ) ;
#11880 = ORIENTED_EDGE ( 'NONE', *, *, #1273, .T. ) ;
#11881 = VERTEX_POINT ( 'NONE', #1769 ) ;
#11882 = PLANE ( 'NONE',  #782 ) ;
#11883 = ORIENTED_EDGE ( 'NONE', *, *, #9048, .F. ) ;
#11884 = LINE ( 'NONE', #6413, #7860 ) ;
#11885 = LINE ( 'NONE', #10114, #9091 ) ;
#11886 = DIRECTION ( 'NONE',  ( -1.000000000000000000, -0.000000000000000000, -0.000000000000000000 ) ) ;
#11887 = STYLED_ITEM ( 'NONE', ( #3011 ), #4786 ) ;
#11888 = VECTOR ( 'NONE', #1766, 1000.000000000000000 ) ;
#11889 = VERTEX_POINT ( 'NONE', #577 ) ;
#11890 = CARTESIAN_POINT ( 'NONE',  ( 2.500000000000000000, 0.2631921810651727256, 0.2778636379800109024 ) ) ;
#11891 = ORIENTED_EDGE ( 'NONE', *, *, #1290, .F. ) ;
#11892 = ADVANCED_FACE ( 'NONE', ( #2568 ), #7354, .F. ) ;
#11893 = ADVANCED_FACE ( 'NONE', ( #4548 ), #5464, .F. ) ;
#11894 = B_SPLINE_SURFACE_WITH_KNOTS ( 'NONE', 3, 1, ( 
 ( #3954, #11522 ),
 ( #3045, #6790 ),
 ( #1169, #3168 ),
 ( #2249, #8745 ) ),
 .UNSPECIFIED., .F., .F., .F.,
 ( 4, 4 ),
 ( 2, 2 ),
 ( 11.00000000000000000, 12.00000000000000000 ),
 ( 0.000000000000000000, 1.000000000000000000 ),
 .UNSPECIFIED. ) ;
#11895 = PLANE ( 'NONE',  #11320 ) ;
#11896 = DIRECTION ( 'NONE',  ( -1.000000000000000000, 0.000000000000000000, 0.000000000000000000 ) ) ;
#11897 = STYLED_ITEM ( 'NONE', ( #8476 ), #3047 ) ;
#11898 = FILL_AREA_STYLE ('',( #8194 ) ) ;
#11899 = FILL_AREA_STYLE ('',( #9277 ) ) ;
#11900 = ORIENTED_EDGE ( 'NONE', *, *, #2319, .F. ) ;
#11901 = PRESENTATION_LAYER_ASSIGNMENT (  '', '', ( #6184 ) ) ;
#11902 = DIRECTION ( 'NONE',  ( -0.000000000000000000, -1.000000000000000000, -3.862017820300888103E-15 ) ) ;
#11903 = STYLED_ITEM ( 'NONE', ( #2983 ), #8535 ) ;
#11904 = EDGE_CURVE ( 'NONE', #149, #9454, #5769, .T. ) ;
#11905 = SURFACE_STYLE_USAGE ( .BOTH. , #4386 ) ;
#11906 = SURFACE_STYLE_USAGE ( .BOTH. , #1399 ) ;
#11907 = CARTESIAN_POINT ( 'NONE',  ( 2.501000000000000334, 0.3714309801537980515, 0.5600539364684635757 ) ) ;
#11908 = STYLED_ITEM ( 'NONE', ( #2678 ), #4391 ) ;
#11909 = LINE ( 'NONE', #423, #4611 ) ;
#11910 = CARTESIAN_POINT ( 'NONE',  ( 2.501000000000000334, 0.4781621302634043169, 0.2925242246000139823 ) ) ;
#11911 = VECTOR ( 'NONE', #7087, 1000.000000000000000 ) ;
#11912 = ORIENTED_EDGE ( 'NONE', *, *, #6719, .T. ) ;
#11913 =( LENGTH_UNIT ( ) NAMED_UNIT ( * ) SI_UNIT ( .MILLI., .METRE. ) );
#11914 = ORIENTED_EDGE ( 'NONE', *, *, #10247, .T. ) ;
#11915 = CARTESIAN_POINT ( 'NONE',  ( 2.500000000000000000, -0.3304798159407296154, 0.3179408329191652505 ) ) ;
#11916 = CARTESIAN_POINT ( 'NONE',  ( 2.500000000000000000, -0.7498160402476569120, 0.6056923570868752993 ) ) ;
#11917 = ORIENTED_EDGE ( 'NONE', *, *, #9594, .F. ) ;
#11918 = ADVANCED_FACE ( 'NONE', ( #8494 ), #4803, .F. ) ;
#11919 = VECTOR ( 'NONE', #3024, 1000.000000000000227 ) ;
#11920 = DIRECTION ( 'NONE',  ( -1.000000000000000000, -0.000000000000000000, -0.000000000000000000 ) ) ;
#11921 = SURFACE_STYLE_FILL_AREA ( #605 ) ;
#11922 = MECHANICAL_DESIGN_GEOMETRIC_PRESENTATION_REPRESENTATION (  '', ( #9341 ), #12112 ) ;
#11923 = DIRECTION ( 'NONE',  ( 0.000000000000000000, 0.000000000000000000, -1.000000000000000000 ) ) ;
#11924 = CARTESIAN_POINT ( 'NONE',  ( 2.501000000000000334, 0.4594464877695391691, 0.2294109190794103026 ) ) ;
#11925 = ORIENTED_EDGE ( 'NONE', *, *, #9278, .T. ) ;
#11926 = COLOUR_RGB ( '',0.000000000000000000, 0.000000000000000000, 0.000000000000000000 ) ;
#11927 = CARTESIAN_POINT ( 'NONE',  ( 2.501000000000000334, 0.8726462837143440510, 0.4323716643446920971 ) ) ;
#11928 = CARTESIAN_POINT ( 'NONE',  ( 2.501000000000000334, 0.2467120180916191341, 0.6510327541464869805 ) ) ;
#11929 = EDGE_LOOP ( 'NONE', ( #8977, #7655, #6368, #12010 ) ) ;
#11930 = CARTESIAN_POINT ( 'NONE',  ( 2.501000000000000334, 0.5717403427327214516, 0.2597718502359203652 ) ) ;
#11931 = EDGE_CURVE ( 'NONE', #11771, #4865, #1064, .T. ) ;
#11932 = DIRECTION ( 'NONE',  ( 1.224646799147353207E-16, 1.000000000000000000, -0.000000000000000000 ) ) ;
#11933 = ADVANCED_FACE ( 'NONE', ( #9385 ), #3729, .T. ) ;
#11934 = DIRECTION ( 'NONE',  ( -1.000000000000000000, 0.000000000000000000, -0.000000000000000000 ) ) ;
#11935 = UNCERTAINTY_MEASURE_WITH_UNIT (LENGTH_MEASURE( 1.000000000000000082E-05 ), #5621, 'distance_accuracy_value', 'NONE');
#11936 = STYLED_ITEM ( 'NONE', ( #8140 ), #996 ) ;
#11937 = B_SPLINE_CURVE_WITH_KNOTS ( 'NONE', 3,
 ( #9926, #7091, #9991, #1488 ),
 .UNSPECIFIED., .F., .F.,
 ( 4, 4 ),
 ( 28.00000000000000000, 29.00000000000000000 ),
 .UNSPECIFIED. ) ;
#11938 = CARTESIAN_POINT ( 'NONE',  ( 2.500000000000000000, 0.3279171113556229034, 0.2514537869051606811 ) ) ;
#11939 = B_SPLINE_SURFACE_WITH_KNOTS ( 'NONE', 3, 1, ( 
 ( #772, #4665 ),
 ( #10371, #8325 ),
 ( #4563, #3740 ),
 ( #9515, #4726 ) ),
 .UNSPECIFIED., .F., .F., .F.,
 ( 4, 4 ),
 ( 2, 2 ),
 ( 17.00000000000000000, 18.00000000000000000 ),
 ( 0.000000000000000000, 1.000000000000000000 ),
 .UNSPECIFIED. ) ;
#11940 = CARTESIAN_POINT ( 'NONE',  ( 2.501000000000000334, 0.3151280889849391031, 0.5482006962220953294 ) ) ;
#11942 = EDGE_LOOP ( 'NONE', ( #1927, #7403, #11708, #5348 ) ) ;
#11941 = DIRECTION ( 'NONE',  ( 0.000000000000000000, -1.000000000000000000, 0.000000000000000000 ) ) ;
#11943 = CARTESIAN_POINT ( 'NONE',  ( 2.501000000000000334, 0.5051958360880290932, 0.1626584608516912223 ) ) ;
#11944 = EDGE_LOOP ( 'NONE', ( #5125, #6102, #8912, #743 ) ) ;
#11945 = CARTESIAN_POINT ( 'NONE',  ( 2.500000000000000000, 0.3176754958797889938, 0.2583161891533536925 ) ) ;
#11946 = LINE ( 'NONE', #2447, #6040 ) ;
#11947 = PRESENTATION_LAYER_ASSIGNMENT (  '', '', ( #5636 ) ) ;
#11948 =( NAMED_UNIT ( * ) PLANE_ANGLE_UNIT ( ) SI_UNIT ( $, .RADIAN. ) );
#11949 = LINE ( 'NONE', #8308, #11888 ) ;
#11950 = CARTESIAN_POINT ( 'NONE',  ( 2.501000000000000334, 0.5599390903821090948, 0.5516318973461907804 ) ) ;
#11951 = EDGE_CURVE ( 'NONE', #2470, #11632, #5882, .T. ) ;
#11952 = CARTESIAN_POINT ( 'NONE',  ( 2.501000000000000334, 0.5168931126464334502, 0.7316139926607150290 ) ) ;
#11953 = EDGE_CURVE ( 'NONE', #11537, #1049, #7800, .T. ) ;
#11955 = EDGE_LOOP ( 'NONE', ( #8120, #11826, #2648, #5298 ) ) ;
#11954 = SURFACE_STYLE_FILL_AREA ( #6246 ) ;
#11956 = SURFACE_SIDE_STYLE ('',( #828 ) ) ;
#11957 = COLOUR_RGB ( '',0.000000000000000000, 0.000000000000000000, 0.000000000000000000 ) ;
#11958 = FILL_AREA_STYLE ('',( #7392 ) ) ;
#11959 =( NAMED_UNIT ( * ) SI_UNIT ( $, .STERADIAN. ) SOLID_ANGLE_UNIT ( ) );
#11960 =( LENGTH_UNIT ( ) NAMED_UNIT ( * ) SI_UNIT ( .MILLI., .METRE. ) );
#11961 = LINE ( 'NONE', #4321, #4007 ) ;
#11962 = SURFACE_STYLE_FILL_AREA ( #9901 ) ;
#11963 = DIRECTION ( 'NONE',  ( -1.000000000000000000, -0.000000000000000000, -0.000000000000000000 ) ) ;
#11964 =( NAMED_UNIT ( * ) SI_UNIT ( $, .STERADIAN. ) SOLID_ANGLE_UNIT ( ) );
#11965 = VECTOR ( 'NONE', #2034, 1000.000000000000000 ) ;
#11966 = EDGE_CURVE ( 'NONE', #1643, #5876, #4838, .T. ) ;
#11967 = ORIENTED_EDGE ( 'NONE', *, *, #4603, .T. ) ;
#11968 = UNCERTAINTY_MEASURE_WITH_UNIT (LENGTH_MEASURE( 1.000000000000000082E-05 ), #7294, 'distance_accuracy_value', 'NONE');
#11969 = CARTESIAN_POINT ( 'NONE',  ( 2.501000000000000334, 0.9699676246816076874, 0.3874541223596961736 ) ) ;
#11970 = ORIENTED_EDGE ( 'NONE', *, *, #9285, .F. ) ;
#11971 = UNCERTAINTY_MEASURE_WITH_UNIT (LENGTH_MEASURE( 1.000000000000000082E-05 ), #5588, 'distance_accuracy_value', 'NONE');
#11972 = ORIENTED_EDGE ( 'NONE', *, *, #9050, .F. ) ;
#11973 = CARTESIAN_POINT ( 'NONE',  ( 2.501000000000000334, 0.7255205385554218678, 0.6559196163531543222 ) ) ;
#11974 = LINE ( 'NONE', #1480, #11679 ) ;
#11975 = CARTESIAN_POINT ( 'NONE',  ( 2.500000000000000000, 0.4594464877695391691, 0.2294109190794103026 ) ) ;
#11976 = CARTESIAN_POINT ( 'NONE',  ( 2.501000000000000334, 0.4227430333237924831, 0.3514784984545376578 ) ) ;
#11977 = EDGE_LOOP ( 'NONE', ( #3107, #8420, #4332, #3788 ) ) ;
#11978 = EDGE_CURVE ( 'NONE', #8223, #5129, #1259, .T. ) ;
#11980 = SURFACE_STYLE_USAGE ( .BOTH. , #9192 ) ;
#11979 =( NAMED_UNIT ( * ) PLANE_ANGLE_UNIT ( ) SI_UNIT ( $, .RADIAN. ) );
#11981 = FACE_OUTER_BOUND ( 'NONE', #8133, .T. ) ;
#11982 = ORIENTED_EDGE ( 'NONE', *, *, #10433, .T. ) ;
#11983 = EDGE_LOOP ( 'NONE', ( #9945, #10816, #12202, #6220 ) ) ;
#11984 = ORIENTED_EDGE ( 'NONE', *, *, #1354, .T. ) ;
#11985 = LINE ( 'NONE', #1865, #9359 ) ;
#11986 = PLANE ( 'NONE',  #8092 ) ;
#11987 =( NAMED_UNIT ( * ) SI_UNIT ( $, .STERADIAN. ) SOLID_ANGLE_UNIT ( ) );
#11988 = LINE ( 'NONE', #4641, #5335 ) ;
#11989 = FILL_AREA_STYLE ('',( #3930 ) ) ;
#11990 = ADVANCED_FACE ( 'NONE', ( #4234 ), #2917, .F. ) ;
#11991 = SURFACE_STYLE_USAGE ( .BOTH. , #5628 ) ;
#11992 = EDGE_CURVE ( 'NONE', #5468, #5093, #5253, .T. ) ;
#11993 = DIRECTION ( 'NONE',  ( -1.000000000000000000, -0.000000000000000000, -0.000000000000000000 ) ) ;
#11994 =( NAMED_UNIT ( * ) PLANE_ANGLE_UNIT ( ) SI_UNIT ( $, .RADIAN. ) );
#11995 = FILL_AREA_STYLE_COLOUR ( '', #4131 ) ;
#11996 = FACE_OUTER_BOUND ( 'NONE', #847, .T. ) ;
#11997 = B_SPLINE_CURVE_WITH_KNOTS ( 'NONE', 3,
 ( #808, #11501, #5561, #748 ),
 .UNSPECIFIED., .F., .F.,
 ( 4, 4 ),
 ( 1.000000000000000000, 2.000000000000000000 ),
 .UNSPECIFIED. ) ;
#11998 = CARTESIAN_POINT ( 'NONE',  ( 2.501000000000000334, 0.4539877587088579358, 0.2798391780201487378 ) ) ;
#11999 = EDGE_LOOP ( 'NONE', ( #489, #9104, #8404, #4331 ) ) ;
#12000 = FACE_OUTER_BOUND ( 'NONE', #7173, .T. ) ;
#12001 = VECTOR ( 'NONE', #1891, 1000.000000000000000 ) ;
#12002 = PRESENTATION_STYLE_ASSIGNMENT (( #6311 ) ) ;
#12003 = ADVANCED_FACE ( 'NONE', ( #4090 ), #1380, .F. ) ;
#12004 = PLANE ( 'NONE',  #9998 ) ;
#12005 = DIRECTION ( 'NONE',  ( 0.000000000000000000, 0.3559357243643118673, -0.9345104387438658566 ) ) ;
#12006 = CARTESIAN_POINT ( 'NONE',  ( 2.500000000000000000, -0.7498160402476569120, 0.6056923570868752993 ) ) ;
#12008 = ORIENTED_EDGE ( 'NONE', *, *, #8695, .F. ) ;
#12007 =( NAMED_UNIT ( * ) PLANE_ANGLE_UNIT ( ) SI_UNIT ( $, .RADIAN. ) );
#12009 = STYLED_ITEM ( 'NONE', ( #8163 ), #10484 ) ;
#12010 = ORIENTED_EDGE ( 'NONE', *, *, #5110, .T. ) ;
#12011 = MECHANICAL_DESIGN_GEOMETRIC_PRESENTATION_REPRESENTATION (  '', ( #4122 ), #10870 ) ;
#12012 = LINE ( 'NONE', #8319, #11661 ) ;
#12013 = CARTESIAN_POINT ( 'NONE',  ( 2.500000000000000000, 0.4812294161165083795, 0.2446953604498728063 ) ) ;
#12014 = VECTOR ( 'NONE', #7825, 1000.000000000000000 ) ;
#12015 = CARTESIAN_POINT ( 'NONE',  ( 2.501000000000000334, 0.1298432282970049256, 0.4089771112278807186 ) ) ;
#12016 = B_SPLINE_CURVE_WITH_KNOTS ( 'NONE', 3,
 ( #2650, #10217, #1847, #5470 ),
 .UNSPECIFIED., .F., .F.,
 ( 4, 4 ),
 ( 8.000000000000000000, 9.000000000000000000 ),
 .UNSPECIFIED. ) ;
#12017 =( NAMED_UNIT ( * ) SI_UNIT ( $, .STERADIAN. ) SOLID_ANGLE_UNIT ( ) );
#12018 = FACE_OUTER_BOUND ( 'NONE', #10681, .T. ) ;
#12019 = STYLED_ITEM ( 'NONE', ( #12140 ), #2281 ) ;
#12020 = FILL_AREA_STYLE ('',( #10146 ) ) ;
#12021 = DIRECTION ( 'NONE',  ( 0.000000000000000000, -0.9910683662997864518, -0.1333547648937686569 ) ) ;
#12022 = VECTOR ( 'NONE', #4218, 1000.000000000000000 ) ;
#12023 = MECHANICAL_DESIGN_GEOMETRIC_PRESENTATION_REPRESENTATION (  '', ( #11066 ), #9893 ) ;
#12024 = SURFACE_SIDE_STYLE ('',( #3407 ) ) ;
#12025 = PRESENTATION_STYLE_ASSIGNMENT (( #1786 ) ) ;
#12026 = CARTESIAN_POINT ( 'NONE',  ( 2.501000000000000334, 0.3540670229509983447, 0.3224692525890843209 ) ) ;
#12027 = ORIENTED_EDGE ( 'NONE', *, *, #12048, .T. ) ;
#12028 = ORIENTED_EDGE ( 'NONE', *, *, #8737, .F. ) ;
#12029 = VECTOR ( 'NONE', #1625, 1000.000000000000000 ) ;
#12030 = ADVANCED_FACE ( 'NONE', ( #10006 ), #4534, .F. ) ;
#12031 = CARTESIAN_POINT ( 'NONE',  ( 2.500000000000000000, -0.6167852646828186902, 0.2760071829081734984 ) ) ;
#12032 = EDGE_CURVE ( 'NONE', #6163, #351, #7168, .T. ) ;
#12033 = STYLED_ITEM ( 'NONE', ( #6955 ), #7749 ) ;
#12034 =( GEOMETRIC_REPRESENTATION_CONTEXT ( 3 ) GLOBAL_UNCERTAINTY_ASSIGNED_CONTEXT ( ( #9422 ) ) GLOBAL_UNIT_ASSIGNED_CONTEXT ( ( #4966, #8884, #285 ) ) REPRESENTATION_CONTEXT ( 'NONE', 'WORKASPACE' ) );
#12035 = SURFACE_STYLE_FILL_AREA ( #1853 ) ;
#12036 = SURFACE_STYLE_USAGE ( .BOTH. , #3815 ) ;
#12037 = LINE ( 'NONE', #7085, #8892 ) ;
#12038 = CARTESIAN_POINT ( 'NONE',  ( 2.500000000000000000, 0.2467120180916191341, 0.6510327541464869805 ) ) ;
#12039 = PRESENTATION_STYLE_ASSIGNMENT (( #8167 ) ) ;
#12040 = ORIENTED_EDGE ( 'NONE', *, *, #9563, .T. ) ;
#12041 = CARTESIAN_POINT ( 'NONE',  ( 2.500000000000000000, 0.3015592481772202960, 0.3775764221548519872 ) ) ;
#12042 = STYLED_ITEM ( 'NONE', ( #3080 ), #1998 ) ;
#12043 =( GEOMETRIC_REPRESENTATION_CONTEXT ( 3 ) GLOBAL_UNCERTAINTY_ASSIGNED_CONTEXT ( ( #11015 ) ) GLOBAL_UNIT_ASSIGNED_CONTEXT ( ( #8664, #7652, #2099 ) ) REPRESENTATION_CONTEXT ( 'NONE', 'WORKASPACE' ) );
#12044 = STYLED_ITEM ( 'NONE', ( #3701 ), #8125 ) ;
#12045 = CARTESIAN_POINT ( 'NONE',  ( 2.500000000000000000, -0.9247805347721449465, 0.3005890310000325361 ) ) ;
#12046 = ORIENTED_EDGE ( 'NONE', *, *, #7194, .F. ) ;
#12047 = VERTEX_POINT ( 'NONE', #1700 ) ;
#12048 = EDGE_CURVE ( 'NONE', #11565, #1844, #3431, .T. ) ;
#12049 = UNCERTAINTY_MEASURE_WITH_UNIT (LENGTH_MEASURE( 1.000000000000000082E-05 ), #8184, 'distance_accuracy_value', 'NONE');
#12050 = PRESENTATION_LAYER_ASSIGNMENT (  '', '', ( #5142 ) ) ;
#12051 = CARTESIAN_POINT ( 'NONE',  ( 2.501000000000000334, -0.1164737257285018007, 0.2933590951473956654 ) ) ;
#12052 = CARTESIAN_POINT ( 'NONE',  ( 2.500000000000000000, 1.145478760956904374, 0.2289950159133597729 ) ) ;
#12053 = CARTESIAN_POINT ( 'NONE',  ( 2.500000000000000000, 1.469693845669906240, 1.000000000000000000 ) ) ;
#12055 = FILL_AREA_STYLE ('',( #5442 ) ) ;
#12054 = LINE ( 'NONE', #5684, #5497 ) ;
#12056 =( GEOMETRIC_REPRESENTATION_CONTEXT ( 3 ) GLOBAL_UNCERTAINTY_ASSIGNED_CONTEXT ( ( #6599 ) ) GLOBAL_UNIT_ASSIGNED_CONTEXT ( ( #5086, #7948, #1516 ) ) REPRESENTATION_CONTEXT ( 'NONE', 'WORKASPACE' ) );
#12057 = CARTESIAN_POINT ( 'NONE',  ( 2.501000000000000334, -0.3753053961641880654, 0.2976969904674864886 ) ) ;
#12058 = ORIENTED_EDGE ( 'NONE', *, *, #8817, .F. ) ;
#12059 = CARTESIAN_POINT ( 'NONE',  ( 2.501000000000000334, 0.4605382335818141160, 0.2716250904822932744 ) ) ;
#12060 = COLOUR_RGB ( '',0.000000000000000000, 0.000000000000000000, 0.000000000000000000 ) ;
#12061 = EDGE_LOOP ( 'NONE', ( #11681, #11772, #4316, #9965 ) ) ;
#12062 = ORIENTED_EDGE ( 'NONE', *, *, #8616, .F. ) ;
#12063 = EDGE_CURVE ( 'NONE', #2075, #9410, #1442, .T. ) ;
#12064 = MECHANICAL_DESIGN_GEOMETRIC_PRESENTATION_REPRESENTATION (  '', ( #10499 ), #3780 ) ;
#12065 =( NAMED_UNIT ( * ) PLANE_ANGLE_UNIT ( ) SI_UNIT ( $, .RADIAN. ) );
#12066 = DIRECTION ( 'NONE',  ( 0.000000000000000000, 3.104947329618985886E-15, -1.000000000000000000 ) ) ;
#12067 = SURFACE_STYLE_USAGE ( .BOTH. , #6375 ) ;
#12068 = B_SPLINE_CURVE_WITH_KNOTS ( 'NONE', 3,
 ( #9282, #8321, #7395, #2696 ),
 .UNSPECIFIED., .F., .F.,
 ( 4, 4 ),
 ( 22.00000000000000000, 23.00000000000000000 ),
 .UNSPECIFIED. ) ;
#12070 = VERTEX_POINT ( 'NONE', #2552 ) ;
#12069 = SURFACE_STYLE_USAGE ( .BOTH. , #8314 ) ;
#12071 = STYLED_ITEM ( 'NONE', ( #9147 ), #5257 ) ;
#12072 = CARTESIAN_POINT ( 'NONE',  ( 2.501000000000000334, 0.9495363816256953138, 0.4054419343122745434 ) ) ;
#12073 = ORIENTED_EDGE ( 'NONE', *, *, #6005, .F. ) ;
#12074 = DIRECTION ( 'NONE',  ( -1.000000000000000000, -0.000000000000000000, -0.000000000000000000 ) ) ;
#12075 = MECHANICAL_DESIGN_GEOMETRIC_PRESENTATION_REPRESENTATION (  '', ( #5711 ), #11694 ) ;
#12076 = ADVANCED_FACE ( 'NONE', ( #11996 ), #563, .F. ) ;
#12077 = CARTESIAN_POINT ( 'NONE',  ( 2.501000000000000334, 0.9495363816256953138, 0.4054419343122745434 ) ) ;
#12078 =( LENGTH_UNIT ( ) NAMED_UNIT ( * ) SI_UNIT ( .MILLI., .METRE. ) );
#12079 = B_SPLINE_CURVE_WITH_KNOTS ( 'NONE', 3,
 ( #4179, #9761, #4820, #9436 ),
 .UNSPECIFIED., .F., .F.,
 ( 4, 4 ),
 ( 10.00000000000000000, 11.00000000000000000 ),
 .UNSPECIFIED. ) ;
#12080 = CARTESIAN_POINT ( 'NONE',  ( 2.501000000000000334, 0.2467120180916191341, 0.6766107988878468094 ) ) ;
#12081 = LINE ( 'NONE', #3795, #2457 ) ;
#12082 = AXIS2_PLACEMENT_3D ( 'NONE', #8725, #7979, #2350 ) ;
#12083 = CARTESIAN_POINT ( 'NONE',  ( 2.500000000000000000, 0.8291844028119207399, 0.7222561714134376754 ) ) ;
#12084 = CARTESIAN_POINT ( 'NONE',  ( 2.500000000000000000, -0.3695214254184770453, 0.4755535117352027719 ) ) ;
#12085 = PRESENTATION_LAYER_ASSIGNMENT (  '', '', ( #7355 ) ) ;
#12086 = MECHANICAL_DESIGN_GEOMETRIC_PRESENTATION_REPRESENTATION (  '', ( #2243 ), #4424 ) ;
#12087 = ORIENTED_EDGE ( 'NONE', *, *, #6486, .F. ) ;
#12088 = CARTESIAN_POINT ( 'NONE',  ( 1.530808498934191571E-16, 0.000000000000000000, 8.699999999999999289 ) ) ;
#12089 = CARTESIAN_POINT ( 'NONE',  ( 0.000000000000000000, 0.000000000000000000, 0.000000000000000000 ) ) ;
#12090 = PRESENTATION_LAYER_ASSIGNMENT (  '', '', ( #10534 ) ) ;
#12091 = SURFACE_SIDE_STYLE ('',( #11921 ) ) ;
#12092 = COLOUR_RGB ( '',0.000000000000000000, 0.000000000000000000, 0.000000000000000000 ) ;
#12093 = CARTESIAN_POINT ( 'NONE',  ( 2.501000000000000334, 1.145478760956904374, 0.2289950159133597729 ) ) ;
#12094 = VERTEX_POINT ( 'NONE', #10058 ) ;
#12095 =( NAMED_UNIT ( * ) PLANE_ANGLE_UNIT ( ) SI_UNIT ( $, .RADIAN. ) );
#12096 = PRESENTATION_STYLE_ASSIGNMENT (( #11980 ) ) ;
#12097 = EDGE_CURVE ( 'NONE', #8058, #4268, #7241, .T. ) ;
#12098 = EDGE_CURVE ( 'NONE', #8028, #3779, #991, .T. ) ;
#12099 = VECTOR ( 'NONE', #1973, 1000.000000000000000 ) ;
#12100 =( NAMED_UNIT ( * ) SI_UNIT ( $, .STERADIAN. ) SOLID_ANGLE_UNIT ( ) );
#12101 = ORIENTED_EDGE ( 'NONE', *, *, #2089, .F. ) ;
#12102 = FACE_OUTER_BOUND ( 'NONE', #7490, .T. ) ;
#12103 = COLOUR_RGB ( '',0.000000000000000000, 0.000000000000000000, 0.000000000000000000 ) ;
#12104 = SURFACE_STYLE_USAGE ( .BOTH. , #689 ) ;
#12105 = SURFACE_STYLE_FILL_AREA ( #9309 ) ;
#12106 = COLOUR_RGB ( '',0.000000000000000000, 0.000000000000000000, 0.000000000000000000 ) ;
#12107 = DIRECTION ( 'NONE',  ( -1.000000000000000000, -0.000000000000000000, -0.000000000000000000 ) ) ;
#12108 =( GEOMETRIC_REPRESENTATION_CONTEXT ( 3 ) GLOBAL_UNCERTAINTY_ASSIGNED_CONTEXT ( ( #8523 ) ) GLOBAL_UNIT_ASSIGNED_CONTEXT ( ( #10235, #8289, #3026 ) ) REPRESENTATION_CONTEXT ( 'NONE', 'WORKASPACE' ) );
#12109 = SURFACE_STYLE_FILL_AREA ( #1750 ) ;
#12110 = CARTESIAN_POINT ( 'NONE',  ( 2.501000000000000334, 0.2515468924018349761, 0.3393133308336281351 ) ) ;
#12111 = FACE_OUTER_BOUND ( 'NONE', #2312, .T. ) ;
#12112 =( GEOMETRIC_REPRESENTATION_CONTEXT ( 3 ) GLOBAL_UNCERTAINTY_ASSIGNED_CONTEXT ( ( #914 ) ) GLOBAL_UNIT_ASSIGNED_CONTEXT ( ( #1087, #6763, #5855 ) ) REPRESENTATION_CONTEXT ( 'NONE', 'WORKASPACE' ) );
#12113 =( NAMED_UNIT ( * ) SI_UNIT ( $, .STERADIAN. ) SOLID_ANGLE_UNIT ( ) );
#12114 = CARTESIAN_POINT ( 'NONE',  ( 2.501000000000000334, -0.8091015611271364927, 0.2311816578447544734 ) ) ;
#12115 = FILL_AREA_STYLE_COLOUR ( '', #10746 ) ;
#12116 = EDGE_CURVE ( 'NONE', #5242, #6892, #3775, .T. ) ;
#12118 = ORIENTED_EDGE ( 'NONE', *, *, #10854, .F. ) ;
#12117 = PRESENTATION_STYLE_ASSIGNMENT (( #12174 ) ) ;
#12119 = CARTESIAN_POINT ( 'NONE',  ( 2.501000000000000334, 0.5861929777696958110, 0.7316139926607153621 ) ) ;
#12120 = ORIENTED_EDGE ( 'NONE', *, *, #11832, .F. ) ;
#12121 = ORIENTED_EDGE ( 'NONE', *, *, #8486, .F. ) ;
#12122 =( NAMED_UNIT ( * ) PLANE_ANGLE_UNIT ( ) SI_UNIT ( $, .RADIAN. ) );
#12123 =( NAMED_UNIT ( * ) PLANE_ANGLE_UNIT ( ) SI_UNIT ( $, .RADIAN. ) );
#12124 = LINE ( 'NONE', #2800, #8764 ) ;
#12125 = STYLED_ITEM ( 'NONE', ( #9940 ), #1234 ) ;
#12126 = CARTESIAN_POINT ( 'NONE',  ( 2.501000000000000334, 0.1298432282970053697, 0.3205976883404567657 ) ) ;
#12127 = EDGE_CURVE ( 'NONE', #3330, #9766, #10350, .T. ) ;
#12129 = EDGE_LOOP ( 'NONE', ( #3419, #11603, #10673, #2519 ) ) ;
#12128 = CARTESIAN_POINT ( 'NONE',  ( 2.501000000000000334, -0.3391557169002979433, 0.7821027150181854015 ) ) ;
#12130 = ORIENTED_EDGE ( 'NONE', *, *, #3932, .F. ) ;
#12131 = ORIENTED_EDGE ( 'NONE', *, *, #12196, .F. ) ;
#12132 = ORIENTED_EDGE ( 'NONE', *, *, #3821, .F. ) ;
#12133 = CARTESIAN_POINT ( 'NONE',  ( 2.501000000000000334, 0.3714309801537973854, 0.7226720745808750124 ) ) ;
#12134 = CARTESIAN_POINT ( 'NONE',  ( 2.500000000000000000, 0.4615260036025796708, 0.3053132469699955664 ) ) ;
#12135 =( NAMED_UNIT ( * ) PLANE_ANGLE_UNIT ( ) SI_UNIT ( $, .RADIAN. ) );
#12136 =( NAMED_UNIT ( * ) PLANE_ANGLE_UNIT ( ) SI_UNIT ( $, .RADIAN. ) );
#12137 = CARTESIAN_POINT ( 'NONE',  ( 2.500000000000000000, 0.2467120180916191341, 0.6766107988878468094 ) ) ;
#12138 = DIRECTION ( 'NONE',  ( 1.000000000000000000, 0.000000000000000000, 0.000000000000000000 ) ) ;
#12139 = ADVANCED_FACE ( 'NONE', ( #1756 ), #10428, .F. ) ;
#12140 = PRESENTATION_STYLE_ASSIGNMENT (( #5659 ) ) ;
#12142 = EDGE_CURVE ( 'NONE', #8997, #3840, #11600, .T. ) ;
#12141 = ORIENTED_EDGE ( 'NONE', *, *, #4093, .F. ) ;
#12143 =( GEOMETRIC_REPRESENTATION_CONTEXT ( 3 ) GLOBAL_UNCERTAINTY_ASSIGNED_CONTEXT ( ( #8626 ) ) GLOBAL_UNIT_ASSIGNED_CONTEXT ( ( #10540, #3959, #11787 ) ) REPRESENTATION_CONTEXT ( 'NONE', 'WORKASPACE' ) );
#12144 = CARTESIAN_POINT ( 'NONE',  ( 2.500000000000000000, 0.5701807058572510023, 0.2531173995707618474 ) ) ;
#12145 = B_SPLINE_CURVE_WITH_KNOTS ( 'NONE', 3,
 ( #10936, #706, #3324, #6129 ),
 .UNSPECIFIED., .F., .F.,
 ( 4, 4 ),
 ( 4.000000000000000000, 5.000000000000000000 ),
 .UNSPECIFIED. ) ;
#12146 = EDGE_LOOP ( 'NONE', ( #4183, #5229, #9199, #10095 ) ) ;
#12147 = PRESENTATION_STYLE_ASSIGNMENT (( #5538 ) ) ;
#12148 = CARTESIAN_POINT ( 'NONE',  ( 2.501000000000000334, 0.8274168143548046306, 0.7290145978701134677 ) ) ;
#12149 = CARTESIAN_POINT ( 'NONE',  ( 2.501000000000000334, -0.4794164834778135154, 0.7228172406794669547 ) ) ;
#12150 = SURFACE_STYLE_USAGE ( .BOTH. , #4213 ) ;
#12151 = CARTESIAN_POINT ( 'NONE',  ( 2.501000000000000334, 0.4505045696896998741, 0.2463589731154730289 ) ) ;
#12152 = FILL_AREA_STYLE_COLOUR ( '', #5957 ) ;
#12153 = ORIENTED_EDGE ( 'NONE', *, *, #10669, .T. ) ;
#12154 = DIRECTION ( 'NONE',  ( -0.000000000000000000, -0.000000000000000000, 1.000000000000000000 ) ) ;
#12155 = LINE ( 'NONE', #10332, #6432 ) ;
#12156 = CARTESIAN_POINT ( 'NONE',  ( 2.501000000000000334, 0.7255205385554218678, 0.6860725959252541584 ) ) ;
#12157 = CARTESIAN_POINT ( 'NONE',  ( 2.500000000000000000, 0.3564584661585737391, 0.5521517763037560034 ) ) ;
#12158 = CARTESIAN_POINT ( 'NONE',  ( 2.501000000000000334, 0.5196484711243036791, 0.1824138612613750154 ) ) ;
#12159 = CARTESIAN_POINT ( 'NONE',  ( 2.500000000000000000, 0.8408816793710157667, 0.4089771112278832166 ) ) ;
#12160 = VERTEX_POINT ( 'NONE', #8604 ) ;
#12161 = UNCERTAINTY_MEASURE_WITH_UNIT (LENGTH_MEASURE( 1.000000000000000082E-05 ), #633, 'distance_accuracy_value', 'NONE');
#12162 = DIRECTION ( 'NONE',  ( -1.000000000000000000, -0.000000000000000000, -0.000000000000000000 ) ) ;
#12163 = EDGE_CURVE ( 'NONE', #7591, #11428, #4531, .T. ) ;
#12164 = CARTESIAN_POINT ( 'NONE',  ( 2.500000000000000000, 1.081117745935373575, 0.4002431447296835310 ) ) ;
#12165 = CARTESIAN_POINT ( 'NONE',  ( 2.500000000000000000, 0.2826876419960827058, 0.2956434983481793788 ) ) ;
#12166 = B_SPLINE_CURVE_WITH_KNOTS ( 'NONE', 3,
 ( #3853, #1947, #5650, #10366 ),
 .UNSPECIFIED., .F., .F.,
 ( 4, 4 ),
 ( 3.000000000000000000, 4.000000000000000000 ),
 .UNSPECIFIED. ) ;
#12167 = FACE_BOUND ( 'NONE', #7278, .T. ) ;
#12168 = CARTESIAN_POINT ( 'NONE',  ( 2.501000000000000334, -0.5922034717510034074, 0.1328545412775398171 ) ) ;
#12170 = CARTESIAN_POINT ( 'NONE',  ( 2.500000000000000000, -0.3753053961641879543, 0.2731152526957092985 ) ) ;
#12169 = LINE ( 'NONE', #9314, #3140 ) ;
#12171 = ORIENTED_EDGE ( 'NONE', *, *, #6430, .T. ) ;
#12172 = B_SPLINE_CURVE_WITH_KNOTS ( 'NONE', 3,
 ( #5122, #2049, #8668, #9798 ),
 .UNSPECIFIED., .F., .F.,
 ( 4, 4 ),
 ( 13.00000000000000000, 14.00000000000000000 ),
 .UNSPECIFIED. ) ;
#12173 = LINE ( 'NONE', #2909, #10957 ) ;
#12174 = SURFACE_STYLE_USAGE ( .BOTH. , #4597 ) ;
#12175 = CARTESIAN_POINT ( 'NONE',  ( 2.501000000000000334, -0.06297218938474381800, 0.3801183253818423147 ) ) ;
#12176 = VERTEX_POINT ( 'NONE', #92 ) ;
#12177 = ORIENTED_EDGE ( 'NONE', *, *, #10231, .F. ) ;
#12178 = CARTESIAN_POINT ( 'NONE',  ( 2.501000000000000334, 1.040047308240521273, 0.2846220644353033014 ) ) ;
#12179 = CARTESIAN_POINT ( 'NONE',  ( 2.500000000000000000, 0.9526036674781059865, 0.3325549043783421754 ) ) ;
#12180 = ADVANCED_FACE ( 'NONE', ( #872 ), #6532, .F. ) ;
#12181 = EDGE_CURVE ( 'NONE', #3284, #4254, #8869, .T. ) ;
#12182 = CARTESIAN_POINT ( 'NONE',  ( 2.500000000000000000, 0.8907900593541902001, 0.5516318973461918906 ) ) ;
#12183 = PRESENTATION_STYLE_ASSIGNMENT (( #6372 ) ) ;
#12184 = FILL_AREA_STYLE_COLOUR ( '', #6811 ) ;
#12185 = DIRECTION ( 'NONE',  ( 0.000000000000000000, -3.198603716350161147E-15, 1.000000000000000000 ) ) ;
#12187 = ORIENTED_EDGE ( 'NONE', *, *, #3239, .T. ) ;
#12186 = CARTESIAN_POINT ( 'NONE',  ( 2.500000000000000000, -0.3391557169002979433, 0.7821027150181854015 ) ) ;
#12188 = SURFACE_SIDE_STYLE ('',( #1181 ) ) ;
#12189 = LINE ( 'NONE', #2381, #4438 ) ;
#12190 =( NAMED_UNIT ( * ) PLANE_ANGLE_UNIT ( ) SI_UNIT ( $, .RADIAN. ) );
#12191 = ORIENTED_EDGE ( 'NONE', *, *, #9664, .T. ) ;
#12192 = STYLED_ITEM ( 'NONE', ( #10070 ), #11893 ) ;
#12193 = CARTESIAN_POINT ( 'NONE',  ( 2.501000000000000334, 0.3714309801537973854, 0.7501216835708589548 ) ) ;
#12194 = B_SPLINE_CURVE_WITH_KNOTS ( 'NONE', 3,
 ( #5996, #376, #6224, #5300 ),
 .UNSPECIFIED., .F., .F.,
 ( 4, 4 ),
 ( 5.000000000000000000, 6.000000000000000000 ),
 .UNSPECIFIED. ) ;
#12195 = DIRECTION ( 'NONE',  ( 0.000000000000000000, 3.862017820491772721E-15, -1.000000000000000000 ) ) ;
#12196 = EDGE_CURVE ( 'NONE', #9330, #6132, #12172, .T. ) ;
#12197 =( LENGTH_UNIT ( ) NAMED_UNIT ( * ) SI_UNIT ( .MILLI., .METRE. ) );
#12198 =( NAMED_UNIT ( * ) PLANE_ANGLE_UNIT ( ) SI_UNIT ( $, .RADIAN. ) );
#12199 = PRESENTATION_STYLE_ASSIGNMENT (( #1901 ) ) ;
#12200 = FILL_AREA_STYLE_COLOUR ( '', #1988 ) ;
#12201 = PRESENTATION_STYLE_ASSIGNMENT (( #9518 ) ) ;
#12202 = ORIENTED_EDGE ( 'NONE', *, *, #644, .F. ) ;
#12203 = FILL_AREA_STYLE ('',( #4673 ) ) ;
#12204 = ORIENTED_EDGE ( 'NONE', *, *, #282, .T. ) ;
#12205 = VERTEX_POINT ( 'NONE', #7656 ) ;
#12206 = UNCERTAINTY_MEASURE_WITH_UNIT (LENGTH_MEASURE( 1.000000000000000082E-05 ), #488, 'distance_accuracy_value', 'NONE');
#12207 = CARTESIAN_POINT ( 'NONE',  ( 2.501000000000000334, -0.6731787312390495881, 0.5840025495275701362 ) ) ;
#12208 = EDGE_CURVE ( 'NONE', #8547, #1567, #10525, .T. ) ;
#12209 = CARTESIAN_POINT ( 'NONE',  ( 2.500000000000000000, 0.3285929540011501837, 0.2879492897678874730 ) ) ;
#12210 = PRESENTATION_LAYER_ASSIGNMENT (  '', '', ( #5294 ) ) ;
#12211 = LINE ( 'NONE', #787, #11270 ) ;
#12212 = COLOUR_RGB ( '',0.000000000000000000, 0.000000000000000000, 0.000000000000000000 ) ;
#12213 = CARTESIAN_POINT ( 'NONE',  ( 2.501000000000000334, 0.5695048632124164456, 0.2531173995707617919 ) ) ;
#12214 = ORIENTED_EDGE ( 'NONE', *, *, #4603, .F. ) ;
ENDSEC;
END-ISO-10303-21;
