#VRML V2.0 utf8
# 3D model generated by kicad-lcsc-manager
# Based on easyeda2kicad.py v1.0.1

Shape{
    appearance Appearance {
        material  Material {
            diffuseColor 1.0 1.0 1.0
            specularColor 0.5019607843137255 0.5019607843137255 0.5019607843137255
            ambientIntensity 1.0
            transparency 0.0
            shininess 0.5
        }
    }
    geometry IndexedFaceSet {
        ccw TRUE
        solid FALSE
        coord DEF co Coordinate {
            point [
                -0.3545 -0.0984 0.0, -0.6695 -0.0984 0.0, -0.3545 0.0984 0.0, -0.6695 0.0984 0.0, -0.8663 -0.0984 0.0, -1.1268 -0.1854 0.0, -0.8663 0.0984 0.0, -1.1419 -0.0 0.0, -0.1171 -1.1357 0.0, -0.3 -1.1017 0.0, -1.1268 0.1854 0.0, -1.0817 0.3659 0.0, -0.475 -1.0383 0.0, -0.6373 -0.9474 0.0, -0.7827 -0.8314 0.0, -0.1577 0.0984 0.0, 0.1573 0.0984 0.0, -0.1577 -0.0984 0.0, 0.1573 -0.0984 0.0, -1.0079 0.5367 0.0, -0.9074 0.6933 0.0, -0.9074 -0.6933 0.0, -1.0079 -0.5367 0.0, -1.0817 -0.3659 0.0, 0.877 -0.7308 0.0, 0.7467 -0.8636 0.0, 0.5965 -0.9734 0.0, 0.4305 -1.0574 0.0, 0.2531 -1.1133 0.0, 0.0689 -1.1396 0.0, 0.3541 0.0984 0.0, 0.6691 0.0984 0.0, 0.3541 -0.0984 0.0, 0.6691 -0.0984 0.0, -0.7827 0.8314 0.0, -0.6373 0.9474 0.0, -0.475 1.0383 0.0, -0.3 1.1017 0.0, 0.9841 -0.5786 0.0, 0.8659 -0.0984 0.0, 0.9841 0.5786 0.0, 0.8659 0.0984 0.0, 0.877 0.7308 0.0, 0.7467 0.8636 0.0, -0.1171 1.1357 0.0, 0.0689 1.1396 0.0, 0.2531 1.1133 0.0, 0.4305 1.0574 0.0, 0.5965 0.9734 0.0, 0.9841 0.008 0.0895, 0.9841 0.008 0.0578, 0.9841 0.0851 0.0578, 0.9841 0.008 0.2165, 0.9841 0.008 0.193, 0.9841 0.0851 0.193, 0.9841 0.1157 0.2972, 0.9841 0.1217 0.2979, 0.9841 0.0899 0.2979, 0.9841 0.1726 0.288, 0.9841 0.1726 0.2624, 0.9841 0.1942 0.2624, 0.9841 0.1775 0.0899, 0.9841 0.1742 0.0895, 0.9841 0.1942 0.0895, 0.9841 0.2729 0.161, 0.9841 0.2729 0.1354, 0.9841 0.2879 0.1354, 0.9841 -0.0614 0.2348, 0.9841 -0.046 0.2217, 0.9841 0.008 0.2979, 0.9841 -0.1245 0.2979, 0.9841 -0.1119 0.2891, 0.9841 -0.0919 0.2656, 0.9841 -0.0812 0.2442, 0.9841 -0.0783 0.2432, 0.9841 -0.2409 0.3066, 0.9841 -0.2145 0.316, 0.9841 -0.4833 0.3937, 0.9841 -0.1893 0.3187, 0.9841 0.0 0.3937, 0.9841 -0.1618 0.3153, 0.9841 -0.1336 0.3043, 0.9841 -0.2553 0.2979, 0.9841 -0.4833 0.2979, 0.9841 -0.2576 0.2965, 0.9841 -0.4833 0.2165, 0.9841 -0.3799 0.2165, 0.9841 -0.3749 0.2278, 0.9841 -0.3612 0.2453, 0.9841 -0.3182 0.2699, 0.9841 -0.2958 0.2726, 0.9841 -0.271 0.2851, 0.9841 -0.2892 0.2723, 0.9841 -0.2827 0.2715, 0.9841 -0.3574 0.2489, 0.9841 -0.3393 0.2617, 0.9841 -0.3185 0.091, 0.9841 -0.326 0.0933, 0.9841 -0.4833 0.0895, 0.9841 -0.3466 0.1034, 0.9841 -0.3641 0.1183, 0.9841 -0.3771 0.1369, 0.9841 -0.3852 0.1581, 0.9841 -0.4833 0.193, 0.9841 -0.388 0.1804, 0.9841 -0.3878 0.1859, 0.9841 -0.3866 0.193, 0.9841 -0.384 0.2073, 0.9841 -0.2932 0.06, 0.9841 -0.3044 0.0684, 0.9841 -0.4833 0.0578, 0.9841 -0.3128 0.0788, 0.9841 -0.3178 0.0895, 0.9841 -0.4833 0.0, 0.9841 -0.2801 0.0544, 0.9841 -0.288 0.0578, 0.9841 -0.2409 0.0578, 0.9841 -0.2507 0.054, 0.9841 0.008 0.0, 0.9841 -0.2645 0.0523, 0.9841 -0.2667 0.0523, 0.9841 -0.2111 0.0895, 0.9841 -0.2112 0.0893, 0.9841 -0.2179 0.0766, 0.9841 -0.2267 0.0668, 0.9841 -0.238 0.0589, 0.9841 -0.0274 0.1881, 0.9841 -0.0248 0.1696, 0.9841 -0.1384 0.1231, 0.9841 -0.1345 0.1246, 0.9841 -0.1278 0.1571, 0.9841 -0.0459 0.1155, 0.9841 -0.0614 0.1024, 0.9841 -0.2218 0.1474, 0.9841 -0.1455 0.1872, 0.9841 -0.2317 0.1564, 0.9841 -0.2438 0.1629, 0.9841 -0.1419 0.1206, 0.9841 -0.0346 0.1312, 0.9841 -0.0604 0.174, 0.9841 -0.063 0.1849, 0.9841 -0.0674 0.193, 0.9841 -0.3507 0.193, 0.9841 -0.0274 0.1492, 0.9841 -0.1301 0.1252, 0.9841 -0.1296 0.1251, 0.9841 -0.1278 0.1248, 0.9841 -0.3474 0.1588, 0.9841 -0.3406 0.1473, 0.9841 -0.3117 0.1414, 0.9841 -0.3304 0.1368, 0.9841 -0.318 0.1292, 0.9841 -0.2906 0.1603, 0.9841 -0.3023 0.1522, 0.9841 -0.3521 0.1815, 0.9841 -0.3515 0.1728, 0.9841 -0.278 0.1651, 0.9841 -0.2645 0.1667, 0.9841 -0.2575 0.1663, 0.9841 -0.1478 0.1075, 0.9841 -0.1476 0.1098, 0.9841 -0.2075 0.1149, 0.9841 -0.1465 0.1141, 0.9841 -0.1443 0.118, 0.9841 -0.0716 0.1389, 0.9841 -0.0654 0.1478, 0.9841 -0.0615 0.1579, 0.9841 -0.0601 0.169, 0.9841 -0.1345 0.0904, 0.9841 -0.1382 0.0919, 0.9841 -0.1419 0.0945, 0.9841 -0.1432 0.0958, 0.9841 -0.1457 0.0994, 0.9841 -0.1472 0.1033, 0.9841 -0.2078 0.1033, 0.9841 -0.2075 0.1092, 0.9841 -0.0787 0.0939, 0.9841 -0.0977 0.0899, 0.9841 -0.1312 0.0899, 0.9841 -0.1267 0.1246, 0.9841 -0.1011 0.1246, 0.9841 -0.0909 0.1266, 0.9841 -0.0808 0.1312, 0.9841 -0.0724 0.1381, 0.9841 -0.109 0.2134, 0.9841 -0.3456 0.208, 0.9841 -0.3504 0.1953, 0.9841 -0.1045 0.2134, 0.9841 -0.0683 0.1947, 0.9841 -0.0749 0.2021, 0.9841 -0.0837 0.2083, 0.9841 -0.0937 0.2121, 0.9841 -0.1213 0.2476, 0.9841 -0.1341 0.2629, 0.9841 -0.265 0.2299, 0.9841 -0.1356 0.2643, 0.9841 -0.1516 0.2754, 0.9841 -0.2563 0.2479, 0.9841 -0.3396 0.2165, 0.9841 -0.2691 0.2322, 0.9841 -0.1097 0.2165, 0.9841 -0.1125 0.2292, 0.9841 -0.2819 0.2368, 0.9841 -0.2952 0.2385, 0.9841 -0.3011 0.2382, 0.9841 -0.2436 0.2632, 0.9841 -0.1695 0.2822, 0.9841 -0.2283 0.2743, 0.9841 -0.1887 0.2846, 0.9841 -0.2097 0.2819, 0.9841 -0.3152 0.2348, 0.9841 -0.3279 0.2281, 0.9841 -0.3377 0.2193, 0.9841 -0.0422 0.2165, 0.9841 -0.0343 0.2055, 0.9841 -0.0293 0.193, 0.9841 0.3056 0.0993, 0.9841 0.3056 0.0902, 0.9841 0.3132 0.0895, 0.9841 0.2879 0.0895, 0.9841 0.3132 0.193, 0.9841 0.3038 0.161, 0.9841 0.3038 0.1702, 0.9841 0.2729 0.0993, 0.9841 0.2879 0.0993, 0.9841 0.2729 0.1262, 0.9841 0.2879 0.1262, 0.9841 0.3015 0.1262, 0.9841 0.3015 0.1354, 0.9841 0.2879 0.161, 0.9841 0.2879 0.0902, 0.9841 0.2625 0.0902, 0.9841 0.2571 0.0895, 0.9841 0.2625 0.1702, 0.9841 0.0977 0.1176, 0.9841 0.099 0.1336, 0.9841 0.0956 0.1148, 0.9841 0.0942 0.1113, 0.9841 0.1394 0.0902, 0.9841 0.1294 0.0902, 0.9841 0.1172 0.0895, 0.9841 0.153 0.1025, 0.9841 0.1394 0.127, 0.9841 0.153 0.0922, 0.9841 0.1056 0.0895, 0.9841 0.1017 0.091, 0.9841 0.0899 0.0895, 0.9841 0.0952 0.0975, 0.9841 0.0939 0.1009, 0.9841 0.1086 0.1474, 0.9841 0.0899 0.193, 0.9841 0.1011 0.1445, 0.9841 0.099 0.1433, 0.9841 0.1212 0.1401, 0.9841 0.1178 0.1405, 0.9841 0.1124 0.1241, 0.9841 0.1294 0.099, 0.9841 0.1291 0.099, 0.9841 0.1267 0.0956, 0.9841 0.1009 0.1203, 0.9841 0.1053 0.1224, 0.9841 0.1059 0.1379, 0.9841 0.1122 0.14, 0.9841 0.1234 0.0925, 0.9841 0.1212 0.091, 0.9841 0.0984 0.0933, 0.9841 0.0973 0.0944, 0.9841 0.0934 0.1055, 0.9841 0.0935 0.1071, 0.9841 0.1571 0.1, 0.9841 0.1576 0.0998, 0.9841 0.1576 0.1211, 0.9841 0.1534 0.1355, 0.9841 0.1546 0.1387, 0.9841 0.1351 0.1422, 0.9841 0.1187 0.1487, 0.9841 0.1251 0.148, 0.9841 0.1292 0.1467, 0.9841 0.1294 0.1265, 0.9841 0.129 0.1309, 0.9841 0.128 0.1345, 0.9841 0.1268 0.1366, 0.9841 0.1387 0.1342, 0.9841 0.1535 0.128, 0.9841 0.1372 0.1389, 0.9841 0.153 0.1319, 0.9841 0.1253 0.1382, 0.9841 0.1235 0.1393, 0.9841 0.1575 0.1211, 0.9841 0.1559 0.1229, 0.9841 0.1546 0.125, 0.9841 0.1576 0.0904, 0.9841 0.1576 0.0895, 0.9841 0.159 0.0899, 0.9841 0.1628 0.0895, 0.9841 0.1889 0.1461, 0.9841 0.1889 0.1364, 0.9841 0.1565 0.1414, 0.9841 0.1576 0.1424, 0.9841 0.1576 0.193, 0.9841 0.1595 0.1441, 0.9841 0.1628 0.1461, 0.9841 0.1911 0.1017, 0.9841 0.1899 0.0985, 0.9841 0.188 0.0959, 0.9841 0.1684 0.148, 0.9841 0.1753 0.1487, 0.9841 0.1942 0.193, 0.9841 0.1824 0.148, 0.9841 0.1883 0.1152, 0.9841 0.1901 0.1124, 0.9841 0.1912 0.1094, 0.9841 0.1916 0.1057, 0.9841 0.1852 0.0933, 0.9841 0.1828 0.0919, 0.9841 0.1743 0.1405, 0.9841 0.1714 0.1403, 0.9841 0.1634 0.1328, 0.9841 0.1687 0.1396, 0.9841 0.1664 0.1384, 0.9841 0.1635 0.1315, 0.9841 0.1639 0.1299, 0.9841 0.1646 0.1286, 0.9841 0.1656 0.1275, 0.9841 0.1691 0.1253, 0.9841 0.1806 0.1398, 0.9841 0.1753 0.1226, 0.9841 0.1863 0.1378, 0.9841 0.1792 0.121, 0.9841 0.1859 0.1173, 0.9841 0.1649 0.137, 0.9841 0.1641 0.1358, 0.9841 0.1636 0.1344, 0.9841 0.1634 0.0977, 0.9841 0.1682 0.1153, 0.9841 0.1623 0.118, 0.9841 0.1695 0.097, 0.9841 0.1699 0.097, 0.9841 0.1748 0.1125, 0.9841 0.1751 0.0976, 0.9841 0.1813 0.1047, 0.9841 0.1812 0.106, 0.9841 0.1777 0.0985, 0.9841 0.1786 0.0991, 0.9841 0.1797 0.1001, 0.9841 0.1806 0.1014, 0.9841 0.1811 0.1028, 0.9841 0.1808 0.1075, 0.9841 0.18 0.1089, 0.9841 0.1787 0.1102, 0.9841 0.3425 0.2391, 0.9841 0.3132 0.2391, 0.9841 0.3507 0.2172, 0.9841 0.3132 0.2165, 0.9841 0.3621 0.2172, 0.9841 0.5786 0.2165, 0.9841 0.5786 0.2979, 0.9841 0.3316 0.2972, 0.9841 0.3132 0.2979, 0.9841 0.3092 0.2391, 0.9841 0.3015 0.2172, 0.9841 0.2879 0.2165, 0.9841 0.2901 0.2172, 0.9841 0.2879 0.2979, 0.9841 0.3132 0.2778, 0.9841 0.3206 0.2972, 0.9841 0.2571 0.2165, 0.9841 0.2561 0.2188, 0.9841 0.2425 0.2172, 0.9841 0.2433 0.2972, 0.9841 0.2571 0.2979, 0.9841 0.2129 0.2979, 0.9841 0.2129 0.2165, 0.9841 0.2204 0.2172, 0.9841 0.2204 0.2972, 0.9841 0.2835 0.2438, 0.9841 0.2795 0.2355, 0.9841 0.2764 0.2839, 0.9841 0.2813 0.2769, 0.9841 0.2736 0.2284, 0.9841 0.2652 0.2224, 0.9841 0.2571 0.2192, 0.9841 0.2736 0.2866, 0.9841 0.2555 0.2959, 0.9841 0.2571 0.2953, 0.9841 0.2652 0.2924, 0.9841 0.2843 0.2693, 0.9841 0.2856 0.2582, 0.9841 0.2854 0.2531, 0.9841 0.1942 0.2979, 0.9841 0.2035 0.2972, 0.9841 0.1942 0.2972, 0.9841 0.1726 0.2263, 0.9841 0.1942 0.2263, 0.9841 0.1726 0.2532, 0.9841 0.1942 0.2532, 0.9841 0.2012 0.2532, 0.9841 0.2053 0.2263, 0.9841 0.2012 0.2624, 0.9841 0.2035 0.288, 0.9841 0.1942 0.288, 0.9841 0.1623 0.2172, 0.9841 0.1576 0.2165, 0.9841 0.1942 0.2165, 0.9841 0.2053 0.2172, 0.9841 0.1942 0.2172, 0.9841 0.1623 0.2972, 0.9841 0.1576 0.2979, 0.9841 0.1359 0.2979, 0.9841 0.1377 0.2978, 0.9841 0.1462 0.2953, 0.9841 0.1462 0.2845, 0.9841 0.1462 0.2304, 0.9841 0.1462 0.2205, 0.9841 0.1449 0.2198, 0.9841 0.1363 0.217, 0.9841 0.1311 0.2165, 0.9841 0.1372 0.2881, 0.9841 0.1274 0.2893, 0.9841 0.1453 0.285, 0.9841 0.1234 0.2891, 0.9841 0.1166 0.2876, 0.9841 0.1104 0.2845, 0.9841 0.0985 0.2673, 0.9841 0.0971 0.2563, 0.9841 0.1256 0.225, 0.9841 0.1055 0.2804, 0.9841 0.105 0.2798, 0.9841 0.1384 0.2269, 0.9841 0.1293 0.2252, 0.9841 0.1011 0.2742, 0.9841 0.0973 0.2525, 0.9841 0.0987 0.2447, 0.9841 0.1014 0.2383, 0.9841 0.105 0.2335, 0.9841 0.1073 0.2312, 0.9841 0.1187 0.2257, 0.9841 0.1128 0.2277, 0.9841 0.092 0.2792, 0.9841 0.0978 0.2868, 0.9841 0.0998 0.2887, 0.9841 0.1073 0.2939, 0.9841 0.0899 0.2375, 0.9841 0.0879 0.2427, 0.9841 0.0851 0.2165, 0.9841 0.0863 0.2557, 0.9841 0.0864 0.2599, 0.9841 0.0851 0.2979, 0.9841 0.0882 0.2703, 0.9841 0.0899 0.2741, 0.9841 0.103 0.2214, 0.9841 0.0966 0.2268, 0.9841 0.0899 0.2165, 0.9841 0.0959 0.2275, 0.9841 0.0911 0.2343, 0.9841 0.1241 0.2158, 0.9841 0.1192 0.2161, 0.9841 0.1171 0.2165, 0.9841 0.1105 0.2178, 0.9841 0.1325 0.1448, 0.9841 0.1685 0.0888, 0.9841 0.1576 0.0578, 0.9841 0.0899 0.0578, 0.9841 0.1058 0.0895, 0.9841 0.1116 0.0888, 0.9841 0.2413 0.1473, 0.9841 0.2517 0.1473, 0.9841 0.2571 0.193, 0.9841 0.2879 0.1702, 0.9841 0.2879 0.193, 0.9841 0.2289 0.0895, 0.9841 0.223 0.1044, 0.9841 0.2242 0.0997, 0.9841 0.2245 0.0997, 0.9841 0.2129 0.193, 0.9841 0.2129 0.1334, 0.9841 0.2257 0.1043, 0.9841 0.2249 0.1016, 0.9841 0.2129 0.0895, 0.9841 0.2129 0.1065, 0.9841 0.1968 0.1473, 0.9841 0.208 0.1473, 0.9841 0.2193 0.0903, 0.9841 0.2189 0.0895, 0.9841 0.2149 0.0799, 0.9841 0.1942 0.0578, 0.9841 0.1989 0.064, 0.9841 0.1989 0.073, 0.9841 0.211 0.0742, 0.9841 0.2129 0.0762, 0.9841 0.2129 0.0763, 0.9841 0.2009 0.0723, 0.9841 0.2046 0.0718, 0.9841 0.2129 0.065, 0.9841 0.2094 0.0637, 0.9841 0.2129 0.0578, 0.9841 0.2054 0.0632, 0.9841 0.2032 0.0633, 0.9841 0.2071 0.0721, 0.9841 0.2093 0.073, 0.9841 0.2258 0.0815, 0.9841 0.2212 0.0727, 0.9841 0.2571 0.0578, 0.9841 0.2176 0.0683, 0.9841 0.2169 0.0676, 0.9841 0.2134 0.0652, 0.9841 -0.5786 0.0578, 0.9841 -0.5786 0.0895, 0.9841 -0.5786 0.193, 0.9841 -0.5786 0.2165, 0.9841 -0.5786 0.2979, 0.9841 -0.5786 0.3937, 0.9841 0.083 0.2263, 0.9841 0.083 0.2172, 0.9841 0.0408 0.2172, 0.9841 0.0511 0.2972, 0.9841 0.0511 0.2263, 0.9841 0.0408 0.2972, 0.9841 0.0851 0.0895, 0.9841 0.0838 0.0902, 0.9841 0.0408 0.0902, 0.9841 0.0838 0.0993, 0.9841 0.082 0.161, 0.9841 0.0511 0.1262, 0.9841 0.0511 0.0993, 0.9841 0.0798 0.1262, 0.9841 0.0798 0.1354, 0.9841 0.0511 0.1354, 0.9841 0.0511 0.161, 0.9841 0.0408 0.1702, 0.9841 0.082 0.1702, 0.9841 0.008 0.3937, 0.9841 0.0851 0.3937, 0.9841 0.0899 0.3937, 0.9841 0.1576 0.3937, 0.9841 0.1273 0.2986, 0.9841 0.1942 0.3937, 0.9841 0.2129 0.3937, 0.9841 0.2571 0.3937, 0.9841 0.2879 0.3937, 0.9841 0.3132 0.3937, 0.9841 0.5786 0.3937, 0.9841 0.3427 0.0902, 0.9841 0.3207 0.0902, 0.9841 0.3207 0.1702, 0.9841 0.5786 0.0895, 0.9841 0.5786 0.193, 0.9841 0.4319 0.1702, 0.9841 0.4624 0.0902, 0.9841 0.451 0.0902, 0.9841 0.4428 0.1121, 0.9841 0.4095 0.1121, 0.9841 0.4018 0.0902, 0.9841 0.3904 0.0902, 0.9841 0.4208 0.1702, 0.9841 0.3798 0.1085, 0.9841 0.3738 0.1014, 0.9841 0.3655 0.0954, 0.9841 0.3563 0.0918, 0.9841 0.3738 0.1596, 0.9841 0.3767 0.1569, 0.9841 0.3816 0.1499, 0.9841 0.3846 0.1422, 0.9841 0.3436 0.1702, 0.9841 0.3558 0.1689, 0.9841 0.3655 0.1653, 0.9841 0.3859 0.1312, 0.9841 0.3857 0.1261, 0.9841 0.3837 0.1167, 0.9841 0.2879 0.0578, 0.9841 0.3132 0.0578, 0.9841 0.5786 0.0578, 0.9841 0.0851 0.0, 0.9841 0.0899 0.0, 0.9841 0.1576 0.0, 0.9841 0.1942 0.0, 0.9841 0.2129 0.0, 0.9841 0.2571 0.0, 0.9841 0.2879 0.0, 0.9841 0.3132 0.0, 0.8929 -0.7113 0.3937, 0.8929 0.7113 0.0, 0.8929 0.7113 0.3937, 0.8929 -0.7113 0.0, 0.784 0.8298 0.0, 0.784 0.8298 0.3937, 0.6595 0.9318 0.0, 0.6595 0.9318 0.3937, 0.5219 1.0153 0.0, 0.5219 1.0153 0.3937, 0.374 1.0787 0.0, 0.374 1.0787 0.3937, 0.2186 1.1206 0.0, 0.2186 1.1206 0.3937, 0.0588 1.1402 0.0, 0.0588 1.1402 0.3937, -0.1021 1.1372 0.0, -0.1021 1.1372 0.3937, -0.261 1.1115 0.0, -0.261 1.1115 0.3937, -0.4147 1.0638 0.0, -0.4147 1.0638 0.3937, -0.5602 0.995 0.0, -0.5602 0.995 0.3937, -0.6945 0.9063 0.0, -0.6945 0.9063 0.3937, -0.8151 0.7997 0.0, -0.8151 0.7997 0.3937, -0.9194 0.6772 0.0, -0.9194 0.6772 0.3937, -1.0055 0.5412 0.0, -1.0055 0.5412 0.3937, -1.0716 0.3944 0.0, -1.0716 0.3944 0.3937, -1.1165 0.2398 0.0, -1.1165 0.2398 0.3937, -1.1391 0.0805 0.0, -1.1391 0.0805 0.3937, -1.1391 -0.0805 0.0, -1.1391 -0.0805 0.3937, -1.1165 -0.2398 0.0, -1.1165 -0.2398 0.3937, -1.0716 -0.3944 0.0, -1.0716 -0.3944 0.3937, -1.0055 -0.5412 0.0, -1.0055 -0.5412 0.3937, -0.9194 -0.6772 0.0, -0.9194 -0.6772 0.3937, -0.8151 -0.7997 0.0, -0.8151 -0.7997 0.3937, -0.6945 -0.9063 0.0, -0.6945 -0.9063 0.3937, -0.5602 -0.995 0.0, -0.5602 -0.995 0.3937, -0.4147 -1.0638 0.0, -0.4147 -1.0638 0.3937, -0.261 -1.1115 0.0, -0.261 -1.1115 0.3937, -0.1021 -1.1372 0.0, -0.1021 -1.1372 0.3937, 0.0588 -1.1402 0.0, 0.0588 -1.1402 0.3937, 0.2186 -1.1206 0.0, 0.2186 -1.1206 0.3937, 0.374 -1.0787 0.0, 0.374 -1.0787 0.3937, 0.5219 -1.0153 0.0, 0.5219 -1.0153 0.3937, 0.6595 -0.9318 0.0, 0.6595 -0.9318 0.3937, 0.784 -0.8298 0.0, 0.784 -0.8298 0.3937, 0.9731 -0.1467 0.3937, 0.9403 -0.2901 0.3937, 0.8866 -0.4271 0.3937, 0.813 -0.5544 0.3937, 0.9731 0.1467 0.3937, 0.9403 0.2901 0.3937, -0.9844 0.0 0.3937, -0.9735 -0.1467 0.3937, -0.9407 -0.2901 0.3937, -0.887 -0.4271 0.3937, -0.8134 -0.5544 0.3937, -0.7217 -0.6695 0.3937, -0.6139 -0.7695 0.3937, -0.4923 -0.8524 0.3937, -0.3598 -0.9162 0.3937, -0.2192 -0.9596 0.3937, -0.0738 -0.9815 0.3937, 0.0734 -0.9815 0.3937, 0.2188 -0.9596 0.3937, 0.3594 -0.9162 0.3937, 0.4919 -0.8524 0.3937, 0.6135 -0.7695 0.3937, 0.7213 -0.6695 0.3937, 0.8866 0.4271 0.3937, 0.813 0.5544 0.3937, 0.7213 0.6695 0.3937, 0.6135 0.7695 0.3937, 0.4919 0.8524 0.3937, 0.3594 0.9162 0.3937, 0.2188 0.9596 0.3937, 0.0734 0.9815 0.3937, -0.0738 0.9815 0.3937, -0.2192 0.9596 0.3937, -0.3598 0.9162 0.3937, -0.4923 0.8524 0.3937, -0.6139 0.7695 0.3937, -0.7217 0.6695 0.3937, -0.8134 0.5544 0.3937, -0.887 0.4271 0.3937, -0.9407 0.2901 0.3937, -0.9735 0.1467 0.3937, -0.973 -0.1466 2.4409, -0.9831 -0.0524 2.4409, -0.9719 -0.1566 2.4409, -0.9498 -0.259 2.4409, -0.9169 -0.3584 2.4409, -0.9396 -0.2897 2.4409, -0.813 -0.5541 2.4409, -0.8204 -0.5441 2.4409, -0.8736 -0.4538 2.4409, -0.8859 -0.4266 2.4409, -0.7579 -0.6282 2.4409, -0.7207 -0.6685 2.4409, -0.6868 -0.7052 2.4409, -0.6136 -0.7692 2.4409, -0.608 -0.7742 2.4409, -0.5223 -0.8344 2.4409, -0.4306 -0.8851 2.4409, -0.4917 -0.8513 2.4409, -0.2191 -0.9589 2.4409, -0.2338 -0.9561 2.4409, -0.3341 -0.9259 2.4409, -0.3594 -0.9152 2.4409, -0.1308 -0.9755 2.4409, -0.0736 -0.9801 2.4409, -0.0264 -0.9839 2.4409, 0.0733 -0.9812 2.4409, 0.0783 -0.9811 2.4409, 0.1822 -0.9672 2.4409, 0.2839 -0.9423 2.4409, 0.2185 -0.9583 2.4409, 0.4915 -0.8517 2.4409, 0.4767 -0.861 2.4409, 0.3825 -0.9068 2.4409, 0.359 -0.9153 2.4409, 0.5655 -0.8054 2.4409, 0.6126 -0.7684 2.4409, 0.6479 -0.7407 2.4409, 0.7212 -0.6694 2.4409, 0.723 -0.6676 2.4409, 0.7899 -0.587 2.4409, 0.8478 -0.4997 2.4409, 0.8119 -0.5537 2.4409, 0.9395 -0.2899 2.4409, 0.9342 -0.3091 2.4409, 0.8961 -0.4067 2.4409, 0.8857 -0.4266 2.4409, 0.9618 -0.2081 2.4409, 0.9717 -0.1465 2.4409, 0.9785 -0.1046 2.4409, 0.9841 0.0 2.4409, 0.9785 0.1046 2.4409, 0.9717 0.1465 2.4409, 0.9618 0.2081 2.4409, 0.9395 0.2899 2.4409, 0.9342 0.3091 2.4409, 0.8961 0.4067 2.4409, 0.8478 0.4997 2.4409, 0.8857 0.4266 2.4409, 0.723 0.6676 2.4409, 0.7899 0.587 2.4409, 0.8119 0.5537 2.4409, 0.7212 0.6694 2.4409, 0.6479 0.7407 2.4409, 0.6126 0.7684 2.4409, 0.5655 0.8054 2.4409, 0.4915 0.8517 2.4409, 0.4767 0.861 2.4409, 0.3825 0.9068 2.4409, 0.2839 0.9423 2.4409, 0.359 0.9153 2.4409, 0.0783 0.9811 2.4409, 0.1822 0.9672 2.4409, 0.2185 0.9583 2.4409, 0.0733 0.9812 2.4409, -0.0264 0.9839 2.4409, -0.0736 0.9801 2.4409, -0.1308 0.9755 2.4409, -0.2191 0.9589 2.4409, -0.2338 0.9561 2.4409, -0.3341 0.9259 2.4409, -0.4306 0.8851 2.4409, -0.3594 0.9152 2.4409, -0.608 0.7742 2.4409, -0.5223 0.8344 2.4409, -0.4917 0.8513 2.4409, -0.6136 0.7692 2.4409, -0.6868 0.7052 2.4409, -0.7207 0.6685 2.4409, -0.7579 0.6282 2.4409, -0.813 0.5541 2.4409, -0.8204 0.5441 2.4409, -0.8736 0.4538 2.4409, -0.9498 0.259 2.4409, -0.9396 0.2897 2.4409, -0.9169 0.3584 2.4409, -0.8859 0.4266 2.4409, -0.9844 0.0 2.4409, -0.9831 0.0524 2.4409, -0.973 0.1466 2.4409, -0.9719 0.1566 2.4409, 0.9565 0.2069 2.5438, 0.9291 0.3074 2.5438, 0.8431 0.4969 2.5438, 0.7855 0.5838 2.5438, 0.6444 0.7367 2.5438, 0.5624 0.801 2.5438, 0.4741 0.8563 2.5438, 0.2824 0.9372 2.5438, 0.1812 0.9619 2.5438, -0.0263 0.9785 2.5438, -0.1301 0.9702 2.5438, -0.2325 0.9509 2.5438, -0.4283 0.8803 2.5438, -0.5194 0.8298 2.5438, -0.6831 0.7013 2.5438, -0.7538 0.6248 2.5438, -0.8159 0.5411 2.5438, -0.9118 0.3565 2.5438, -0.9446 0.2575 2.5438, -0.9777 0.0521 2.5438, -0.9777 -0.0521 2.5438, -0.9666 -0.1557 2.5438, -0.9118 -0.3565 2.5438, -0.8688 -0.4513 2.5438, -0.7538 -0.6248 2.5438, -0.6831 -0.7013 2.5438, -0.6047 -0.7699 2.5438, -0.4283 -0.8803 2.5438, -0.3323 -0.9208 2.5438, -0.1301 -0.9702 2.5438, -0.0263 -0.9785 2.5438, 0.0779 -0.9757 2.5438, 0.2824 -0.9372 2.5438, 0.3804 -0.9018 2.5438, 0.5624 -0.801 2.5438, 0.6444 -0.7367 2.5438, 0.719 -0.664 2.5438, 0.8431 -0.4969 2.5438, 0.8912 -0.4045 2.5438, 0.9565 -0.2069 2.5438, 0.9731 -0.104 2.5438, 0.099 -0.179 3.4037, 0.0497 -0.09 3.4198, 0.0398 -0.0948 3.4198, -0.0002 0.0 3.4252, 0.0589 -0.0842 3.4198, 0.1174 -0.1675 3.4037, 0.1746 -0.2489 3.377, 0.0676 -0.0774 3.4198, 0.1346 -0.154 3.4037, 0.2001 -0.2289 3.377, 0.2634 -0.3013 3.3401, 0.0754 -0.0698 3.4198, 0.1502 -0.1388 3.4037, 0.2233 -0.2063 3.377, 0.294 -0.2715 3.3401, 0.3614 -0.3338 3.2933, 0.0824 -0.0614 3.4198, 0.1641 -0.122 3.4037, 0.2439 -0.1814 3.377, 0.3212 -0.2387 3.3401, 0.3948 -0.2935 3.2933, 0.4642 -0.345 3.2372, 0.0884 -0.0522 3.4198, 0.1761 -0.1039 3.4037, 0.2618 -0.1544 3.377, 0.3447 -0.2032 3.3401, 0.4238 -0.2498 3.2933, 0.4982 -0.2937 3.2372, 0.5672 -0.3343 3.1724, 0.0935 -0.0425 3.4198, 0.1862 -0.0846 3.4037, 0.2768 -0.1257 3.377, 0.3644 -0.1654 3.3401, 0.4479 -0.2034 3.2933, 0.5266 -0.2391 3.2372, 0.5995 -0.2721 3.1724, 0.6659 -0.3022 3.0995, 0.0975 -0.0323 3.4198, 0.1941 -0.0643 3.4037, 0.2886 -0.0955 3.377, 0.3799 -0.1257 3.3401, 0.467 -0.1546 3.2933, 0.5491 -0.1817 3.2372, 0.6251 -0.2068 3.1724, 0.6942 -0.2297 3.0995, 0.7558 -0.2501 3.0195, 0.1004 -0.0217 3.4198, 0.1998 -0.0433 3.4037, 0.2971 -0.0643 3.377, 0.3911 -0.0846 3.3401, 0.4808 -0.104 3.2933, 0.5653 -0.1223 3.2372, 0.6435 -0.1392 3.1724, 0.7147 -0.1546 3.0995, 0.7781 -0.1683 3.0195, 0.8329 -0.1802 2.9331, 0.1021 -0.0109 3.4198, 0.2033 -0.0218 3.4037, 0.3022 -0.0323 3.377, 0.3979 -0.0426 3.3401, 0.4891 -0.0523 3.2933, 0.5751 -0.0615 3.2372, 0.6547 -0.07 3.1724, 0.7271 -0.0777 3.0995, 0.7916 -0.0846 3.0195, 0.8474 -0.0906 2.9331, 0.8939 -0.0956 2.8413, 0.1027 0.0 3.4198, 0.2044 0.0 3.4037, 0.304 0.0 3.377, 0.4001 0.0 3.3401, 0.4919 0.0 3.2933, 0.5783 0.0 3.2372, 0.6584 0.0 3.1724, 0.7312 0.0 3.0995, 0.7961 0.0 3.0195, 0.8522 0.0 2.9331, 0.899 0.0 2.8413, 0.9359 0.0 2.7451, 0.9787 0.0 2.5438, 0.9571 -0.1023 2.6456, 0.9625 0.0 2.6456, 0.9306 -0.0995 2.7451, 0.9408 -0.2035 2.6456, 0.9147 -0.1979 2.7451, 0.8786 -0.1901 2.8413, 0.9291 -0.3074 2.5438, 0.9138 -0.3024 2.6456, 0.8885 -0.294 2.7451, 0.8535 -0.2824 2.8413, 0.8091 -0.2677 2.9331, 0.8765 -0.3978 2.6456, 0.8522 -0.3868 2.7451, 0.8186 -0.3715 2.8413, 0.776 -0.3522 2.9331, 0.7249 -0.329 3.0195, 0.8293 -0.4888 2.6456, 0.8063 -0.4752 2.7451, 0.7745 -0.4565 2.8413, 0.7342 -0.4327 2.9331, 0.6858 -0.4042 3.0195, 0.63 -0.3713 3.0995, 0.7855 -0.5838 2.5438, 0.7726 -0.5741 2.6456, 0.7512 -0.5582 2.7451, 0.7216 -0.5362 2.8413, 0.684 -0.5083 2.9331, 0.639 -0.4749 3.0195, 0.5869 -0.4362 3.0995, 0.5285 -0.3928 3.1724, 0.7072 -0.653 2.6456, 0.6876 -0.635 2.7451, 0.6605 -0.6099 2.8413, 0.6261 -0.5782 2.9331, 0.5849 -0.5401 3.0195, 0.5372 -0.4961 3.0995, 0.4837 -0.4467 3.1724, 0.4249 -0.3924 3.2372, 0.6338 -0.7245 2.6456, 0.6162 -0.7045 2.7451, 0.5919 -0.6767 2.8413, 0.5611 -0.6415 2.9331, 0.5242 -0.5993 3.0195, 0.4815 -0.5505 3.0995, 0.4335 -0.4956 3.1724, 0.3808 -0.4354 3.2372, 0.3239 -0.3704 3.2933, 0.5532 -0.7878 2.6456, 0.5378 -0.766 2.7451, 0.5166 -0.7358 2.8413, 0.4897 -0.6975 2.9331, 0.4575 -0.6516 3.0195, 0.4202 -0.5985 3.0995, 0.3784 -0.5389 3.1724, 0.3323 -0.4734 3.2372, 0.2827 -0.4027 3.2933, 0.2299 -0.3276 3.3401, 0.4741 -0.8563 2.5438, 0.4663 -0.8422 2.6456, 0.4534 -0.8188 2.7451, 0.4355 -0.7866 2.8413, 0.4128 -0.7456 2.9331, 0.3856 -0.6966 3.0195, 0.3542 -0.6398 3.0995, 0.3189 -0.5761 3.1724, 0.2801 -0.5061 3.2372, 0.2383 -0.4305 3.2933, 0.1938 -0.3502 3.3401, 0.1472 -0.2661 3.377, 0.3741 -0.887 2.6456, 0.3638 -0.8624 2.7451, 0.3494 -0.8284 2.8413, 0.3312 -0.7853 2.9331, 0.3094 -0.7336 3.0195, 0.2842 -0.6739 3.0995, 0.2559 -0.6068 3.1724, 0.2247 -0.533 3.2372, 0.1912 -0.4534 3.2933, 0.1555 -0.3688 3.3401, 0.1181 -0.2802 3.377, 0.0794 -0.1885 3.4037, 0.2777 -0.9218 2.6456, 0.27 -0.8962 2.7451, 0.2594 -0.8609 2.8413, 0.2459 -0.8161 2.9331, 0.2297 -0.7624 3.0195, 0.211 -0.7003 3.0995, 0.1899 -0.6306 3.1724, 0.1668 -0.5539 3.2372, 0.1419 -0.4712 3.2933, 0.1154 -0.3833 3.3401, 0.0876 -0.2912 3.377, 0.0589 -0.1959 3.4037, 0.0295 -0.0985 3.4198, 0.1812 -0.9619 2.5438, 0.1782 -0.9461 2.6456, 0.1732 -0.9199 2.7451, 0.1664 -0.8836 2.8413, 0.1577 -0.8376 2.9331, 0.1473 -0.7825 3.0195, 0.1353 -0.7188 3.0995, 0.1218 -0.6472 3.1724, 0.107 -0.5685 3.2372, 0.091 -0.4836 3.2933, 0.074 -0.3934 3.3401, 0.0562 -0.2989 3.377, 0.0377 -0.2011 3.4037, 0.0189 -0.1011 3.4198, 0.0766 -0.9597 2.6456, 0.0745 -0.9331 2.7451, 0.0715 -0.8963 2.8413, 0.0678 -0.8497 2.9331, 0.0633 -0.7937 3.0195, 0.0582 -0.7291 3.0995, 0.0523 -0.6565 3.1724, 0.046 -0.5767 3.2372, 0.0391 -0.4906 3.2933, 0.0317 -0.3991 3.3401, 0.0241 -0.3032 3.377, 0.0161 -0.204 3.4037, 0.008 -0.1026 3.4198, -0.0258 -0.9624 2.6456, -0.0251 -0.9357 2.7451, -0.0241 -0.8988 2.8413, -0.0229 -0.8521 2.9331, -0.0214 -0.796 3.0195, -0.0197 -0.7312 3.0995, -0.0177 -0.6584 3.1724, -0.0156 -0.5783 3.2372, -0.0133 -0.492 3.2933, -0.0109 -0.4002 3.3401, -0.0083 -0.304 3.377, -0.0056 -0.2046 3.4037, -0.0029 -0.1028 3.4198, -0.128 -0.9542 2.6456, -0.1244 -0.9278 2.7451, -0.1195 -0.8912 2.8413, -0.1133 -0.8448 2.9331, -0.1059 -0.7892 3.0195, -0.0973 -0.725 3.0995, -0.0876 -0.6528 3.1724, -0.077 -0.5734 3.2372, -0.0655 -0.4878 3.2933, -0.0533 -0.3968 3.3401, -0.0406 -0.3015 3.377, -0.0274 -0.2028 3.4037, -0.0139 -0.102 3.4198, -0.2325 -0.9509 2.5438, -0.2287 -0.9352 2.6456, -0.2224 -0.9093 2.7451, -0.2136 -0.8735 2.8413, -0.2025 -0.828 2.9331, -0.1892 -0.7735 3.0195, -0.1738 -0.7105 3.0995, -0.1565 -0.6398 3.1724, -0.1375 -0.562 3.2372, -0.117 -0.4781 3.2933, -0.0952 -0.3889 3.3401, -0.0724 -0.2955 3.377, -0.0488 -0.1988 3.4037, -0.0246 -0.0999 3.4198, -0.3268 -0.9057 2.6456, -0.3178 -0.8806 2.7451, -0.3052 -0.8458 2.8413, -0.2894 -0.8018 2.9331, -0.2703 -0.7491 3.0195, -0.2483 -0.6881 3.0995, -0.2236 -0.6195 3.1724, -0.1965 -0.5442 3.2372, -0.1671 -0.4629 3.2933, -0.136 -0.3766 3.3401, -0.1034 -0.2861 3.377, -0.0696 -0.1925 3.4037, -0.0351 -0.0968 3.4198, -0.4212 -0.8658 2.6456, -0.4096 -0.8418 2.7451, -0.3934 -0.8086 2.8413, -0.373 -0.7666 2.9331, -0.3484 -0.7161 3.0195, -0.3201 -0.6578 3.0995, -0.2882 -0.5923 3.1724, -0.2532 -0.5203 3.2372, -0.2154 -0.4426 3.2933, -0.1753 -0.36 3.3401, -0.1332 -0.2735 3.377, -0.0897 -0.184 3.4037, -0.0452 -0.0925 3.4198, -0.5194 -0.8298 2.5438, -0.5109 -0.8162 2.6456, -0.4967 -0.7935 2.7451, -0.4771 -0.7622 2.8413, -0.4523 -0.7226 2.9331, -0.4226 -0.675 3.0195, -0.3882 -0.6201 3.0995, -0.3495 -0.5583 3.1724, -0.3071 -0.4904 3.2372, -0.2612 -0.4172 3.2933, -0.2125 -0.3394 3.3401, -0.1615 -0.2578 3.377, -0.1087 -0.1735 3.4037, -0.0548 -0.0872 3.4198, -0.5947 -0.7572 2.6456, -0.5782 -0.7363 2.7451, -0.5554 -0.7072 2.8413, -0.5266 -0.6704 2.9331, -0.4919 -0.6263 3.0195, -0.4519 -0.5753 3.0995, -0.4069 -0.518 3.1724, -0.3575 -0.455 3.2372, -0.3041 -0.3871 3.2933, -0.2474 -0.3149 3.3401, -0.188 -0.2392 3.377, -0.1266 -0.161 3.4037, -0.0637 -0.0809 3.4198, -0.6718 -0.6898 2.6456, -0.6532 -0.6707 2.7451, -0.6275 -0.6442 2.8413, -0.5948 -0.6107 2.9331, -0.5557 -0.5705 3.0195, -0.5105 -0.524 3.0995, -0.4597 -0.4719 3.1724, -0.4038 -0.4145 3.2372, -0.3435 -0.3526 3.2933, -0.2795 -0.2868 3.3401, -0.2124 -0.2179 3.377, -0.143 -0.1466 3.4037, -0.072 -0.0737 3.4198, -0.7413 -0.6145 2.6456, -0.7208 -0.5974 2.7451, -0.6924 -0.5739 2.8413, -0.6564 -0.544 2.9331, -0.6132 -0.5082 3.0195, -0.5633 -0.4668 3.0995, -0.5072 -0.4203 3.1724, -0.4456 -0.3692 3.2372, -0.3791 -0.3141 3.2933, -0.3084 -0.2555 3.3401, -0.2343 -0.1941 3.377, -0.1577 -0.1306 3.4037, -0.0794 -0.0657 3.4198, -0.8159 -0.5411 2.5438, -0.8025 -0.5322 2.6456, -0.7802 -0.5175 2.7451, -0.7495 -0.4971 2.8413, -0.7105 -0.4712 2.9331, -0.6637 -0.4402 3.0195, -0.6097 -0.4043 3.0995, -0.549 -0.3641 3.1724, -0.4823 -0.3198 3.2372, -0.4103 -0.272 3.2933, -0.3338 -0.2213 3.3401, -0.2536 -0.1681 3.377, -0.1707 -0.1131 3.4037, -0.0859 -0.0569 3.4198, -0.8545 -0.4439 2.6456, -0.8308 -0.4316 2.7451, -0.7981 -0.4146 2.8413, -0.7566 -0.393 2.9331, -0.7068 -0.3672 3.0195, -0.6492 -0.3373 3.0995, -0.5846 -0.3037 3.1724, -0.5136 -0.2668 3.2372, -0.4369 -0.2269 3.2933, -0.3554 -0.1846 3.3401, -0.2701 -0.1402 3.377, -0.1818 -0.0944 3.4037, -0.0915 -0.0474 3.4198, -0.8968 -0.3506 2.6456, -0.872 -0.3409 2.7451, -0.8376 -0.3274 2.8413, -0.7941 -0.3104 2.9331, -0.7418 -0.29 3.0195, -0.6814 -0.2664 3.0995, -0.6136 -0.2398 3.1724, -0.539 -0.2107 3.2372, -0.4585 -0.1792 3.2933, -0.373 -0.1458 3.3401, -0.2835 -0.1108 3.377, -0.1908 -0.0745 3.4037, -0.096 -0.0375 3.4198, -0.9446 -0.2575 2.5438, -0.929 -0.2533 2.6456, -0.9033 -0.2463 2.7451, -0.8677 -0.2366 2.8413, -0.8226 -0.2243 2.9331, -0.7684 -0.2095 3.0195, -0.7059 -0.1924 3.0995, -0.6356 -0.1733 3.1724, -0.5583 -0.1522 3.2372, -0.475 -0.1295 3.2933, -0.3864 -0.1053 3.3401, -0.2936 -0.08 3.377, -0.1976 -0.0538 3.4037, -0.0995 -0.0271 3.4198, -0.9507 -0.1531 2.6456, -0.9244 -0.1489 2.7451, -0.8879 -0.143 2.8413, -0.8417 -0.1356 2.9331, -0.7863 -0.1267 3.0195, -0.7223 -0.1163 3.0995, -0.6504 -0.1048 3.1724, -0.5714 -0.092 3.2372, -0.4861 -0.0783 3.2933, -0.3954 -0.0637 3.3401, -0.3005 -0.0484 3.377, -0.2022 -0.0326 3.4037, -0.1018 -0.0164 3.4198, -0.9616 -0.0512 2.6456, -0.9349 -0.0498 2.7451, -0.8981 -0.0479 2.8413, -0.8514 -0.0454 2.9331, -0.7953 -0.0424 3.0195, -0.7306 -0.0389 3.0995, -0.6579 -0.0351 3.1724, -0.5779 -0.0308 3.2372, -0.4916 -0.0262 3.2933, -0.4 -0.0213 3.3401, -0.3039 -0.0162 3.377, -0.2045 -0.0109 3.4037, -0.1029 -0.0055 3.4198, -0.9616 0.0512 2.6456, -0.9349 0.0498 2.7451, -0.8981 0.0479 2.8413, -0.8514 0.0454 2.9331, -0.7953 0.0424 3.0195, -0.7306 0.0389 3.0995, -0.6579 0.0351 3.1724, -0.5779 0.0308 3.2372, -0.4916 0.0262 3.2933, -0.4 0.0213 3.3401, -0.3039 0.0162 3.377, -0.2045 0.0109 3.4037, -0.1029 0.0055 3.4198, -0.9666 0.1557 2.5438, -0.9507 0.1531 2.6456, -0.9244 0.1489 2.7451, -0.8879 0.143 2.8413, -0.8417 0.1356 2.9331, -0.7863 0.1267 3.0195, -0.7223 0.1163 3.0995, -0.6504 0.1048 3.1724, -0.5714 0.092 3.2372, -0.4861 0.0783 3.2933, -0.3954 0.0637 3.3401, -0.3005 0.0484 3.377, -0.2022 0.0326 3.4037, -0.1018 0.0164 3.4198, -0.929 0.2533 2.6456, -0.9033 0.2463 2.7451, -0.8677 0.2366 2.8413, -0.8226 0.2243 2.9331, -0.7684 0.2095 3.0195, -0.7059 0.1924 3.0995, -0.6356 0.1733 3.1724, -0.5583 0.1522 3.2372, -0.475 0.1295 3.2933, -0.3864 0.1053 3.3401, -0.2936 0.08 3.377, -0.1976 0.0538 3.4037, -0.0995 0.0271 3.4198, -0.8968 0.3506 2.6456, -0.872 0.3409 2.7451, -0.8376 0.3274 2.8413, -0.7941 0.3104 2.9331, -0.7418 0.29 3.0195, -0.6814 0.2664 3.0995, -0.6136 0.2398 3.1724, -0.539 0.2107 3.2372, -0.4585 0.1792 3.2933, -0.373 0.1458 3.3401, -0.2835 0.1108 3.377, -0.1908 0.0745 3.4037, -0.096 0.0375 3.4198, -0.8688 0.4513 2.5438, -0.8545 0.4439 2.6456, -0.8308 0.4316 2.7451, -0.7981 0.4146 2.8413, -0.7566 0.393 2.9331, -0.7068 0.3672 3.0195, -0.6492 0.3373 3.0995, -0.5846 0.3037 3.1724, -0.5136 0.2668 3.2372, -0.4369 0.2269 3.2933, -0.3554 0.1846 3.3401, -0.2701 0.1402 3.377, -0.1818 0.0944 3.4037, -0.0915 0.0474 3.4198, -0.8025 0.5322 2.6456, -0.7802 0.5175 2.7451, -0.7495 0.4971 2.8413, -0.7105 0.4712 2.9331, -0.6637 0.4402 3.0195, -0.6097 0.4043 3.0995, -0.549 0.3641 3.1724, -0.4823 0.3198 3.2372, -0.4103 0.272 3.2933, -0.3338 0.2213 3.3401, -0.2536 0.1681 3.377, -0.1707 0.1131 3.4037, -0.0859 0.0569 3.4198, -0.7413 0.6145 2.6456, -0.7208 0.5974 2.7451, -0.6924 0.5739 2.8413, -0.6564 0.544 2.9331, -0.6132 0.5082 3.0195, -0.5633 0.4668 3.0995, -0.5072 0.4203 3.1724, -0.4456 0.3692 3.2372, -0.3791 0.3141 3.2933, -0.3084 0.2555 3.3401, -0.2343 0.1941 3.377, -0.1577 0.1306 3.4037, -0.0794 0.0657 3.4198, -0.6718 0.6898 2.6456, -0.6532 0.6707 2.7451, -0.6275 0.6442 2.8413, -0.5948 0.6107 2.9331, -0.5557 0.5705 3.0195, -0.5105 0.524 3.0995, -0.4597 0.4719 3.1724, -0.4038 0.4145 3.2372, -0.3435 0.3526 3.2933, -0.2795 0.2868 3.3401, -0.2124 0.2179 3.377, -0.143 0.1466 3.4037, -0.072 0.0737 3.4198, -0.6047 0.7699 2.5438, -0.5947 0.7572 2.6456, -0.5782 0.7363 2.7451, -0.5554 0.7072 2.8413, -0.5266 0.6704 2.9331, -0.4919 0.6263 3.0195, -0.4519 0.5753 3.0995, -0.4069 0.518 3.1724, -0.3575 0.455 3.2372, -0.3041 0.3871 3.2933, -0.2474 0.3149 3.3401, -0.188 0.2392 3.377, -0.1266 0.161 3.4037, -0.0637 0.0809 3.4198, -0.5109 0.8162 2.6456, -0.4967 0.7935 2.7451, -0.4771 0.7622 2.8413, -0.4523 0.7226 2.9331, -0.4226 0.675 3.0195, -0.3882 0.6201 3.0995, -0.3495 0.5583 3.1724, -0.3071 0.4904 3.2372, -0.2612 0.4172 3.2933, -0.2125 0.3394 3.3401, -0.1615 0.2578 3.377, -0.1087 0.1735 3.4037, -0.0548 0.0872 3.4198, -0.4212 0.8658 2.6456, -0.4096 0.8418 2.7451, -0.3934 0.8086 2.8413, -0.373 0.7666 2.9331, -0.3484 0.7161 3.0195, -0.3201 0.6578 3.0995, -0.2882 0.5923 3.1724, -0.2532 0.5203 3.2372, -0.2154 0.4426 3.2933, -0.1753 0.36 3.3401, -0.1332 0.2735 3.377, -0.0897 0.184 3.4037, -0.0452 0.0925 3.4198, -0.3323 0.9208 2.5438, -0.3268 0.9057 2.6456, -0.3178 0.8806 2.7451, -0.3052 0.8458 2.8413, -0.2894 0.8018 2.9331, -0.2703 0.7491 3.0195, -0.2483 0.6881 3.0995, -0.2236 0.6195 3.1724, -0.1965 0.5442 3.2372, -0.1671 0.4629 3.2933, -0.136 0.3766 3.3401, -0.1034 0.2861 3.377, -0.0696 0.1925 3.4037, -0.0351 0.0968 3.4198, -0.2287 0.9352 2.6456, -0.2224 0.9093 2.7451, -0.2136 0.8735 2.8413, -0.2025 0.828 2.9331, -0.1892 0.7735 3.0195, -0.1738 0.7105 3.0995, -0.1565 0.6398 3.1724, -0.1375 0.562 3.2372, -0.117 0.4781 3.2933, -0.0952 0.3889 3.3401, -0.0724 0.2955 3.377, -0.0488 0.1988 3.4037, -0.0246 0.0999 3.4198, -0.128 0.9542 2.6456, -0.1244 0.9278 2.7451, -0.1195 0.8912 2.8413, -0.1133 0.8448 2.9331, -0.1059 0.7892 3.0195, -0.0973 0.725 3.0995, -0.0876 0.6528 3.1724, -0.077 0.5734 3.2372, -0.0655 0.4878 3.2933, -0.0533 0.3968 3.3401, -0.0406 0.3015 3.377, -0.0274 0.2028 3.4037, -0.0139 0.102 3.4198, -0.0258 0.9624 2.6456, -0.0251 0.9357 2.7451, -0.0241 0.8988 2.8413, -0.0229 0.8521 2.9331, -0.0214 0.796 3.0195, -0.0197 0.7312 3.0995, -0.0177 0.6584 3.1724, -0.0156 0.5783 3.2372, -0.0133 0.492 3.2933, -0.0109 0.4002 3.3401, -0.0083 0.304 3.377, -0.0056 0.2046 3.4037, -0.0029 0.1028 3.4198, 0.0779 0.9757 2.5438, 0.0766 0.9597 2.6456, 0.0745 0.9331 2.7451, 0.0715 0.8963 2.8413, 0.0678 0.8497 2.9331, 0.0633 0.7937 3.0195, 0.0582 0.7291 3.0995, 0.0523 0.6565 3.1724, 0.046 0.5767 3.2372, 0.0391 0.4906 3.2933, 0.0317 0.3991 3.3401, 0.0241 0.3032 3.377, 0.0161 0.204 3.4037, 0.008 0.1026 3.4198, 0.1782 0.9461 2.6456, 0.1732 0.9199 2.7451, 0.1664 0.8836 2.8413, 0.1577 0.8376 2.9331, 0.1473 0.7825 3.0195, 0.1353 0.7188 3.0995, 0.1218 0.6472 3.1724, 0.107 0.5685 3.2372, 0.091 0.4836 3.2933, 0.074 0.3934 3.3401, 0.0562 0.2989 3.377, 0.0377 0.2011 3.4037, 0.0189 0.1011 3.4198, 0.2777 0.9218 2.6456, 0.27 0.8962 2.7451, 0.2594 0.8609 2.8413, 0.2459 0.8161 2.9331, 0.2297 0.7624 3.0195, 0.211 0.7003 3.0995, 0.1899 0.6306 3.1724, 0.1668 0.5539 3.2372, 0.1419 0.4712 3.2933, 0.1154 0.3833 3.3401, 0.0876 0.2912 3.377, 0.0589 0.1959 3.4037, 0.0295 0.0985 3.4198, 0.3804 0.9018 2.5438, 0.3741 0.887 2.6456, 0.3638 0.8624 2.7451, 0.3494 0.8284 2.8413, 0.3312 0.7853 2.9331, 0.3094 0.7336 3.0195, 0.2842 0.6739 3.0995, 0.2559 0.6068 3.1724, 0.2247 0.533 3.2372, 0.1912 0.4534 3.2933, 0.1555 0.3688 3.3401, 0.1181 0.2802 3.377, 0.0794 0.1885 3.4037, 0.0398 0.0948 3.4198, 0.4663 0.8422 2.6456, 0.4534 0.8188 2.7451, 0.4355 0.7866 2.8413, 0.4128 0.7456 2.9331, 0.3856 0.6966 3.0195, 0.3542 0.6398 3.0995, 0.3189 0.5761 3.1724, 0.2801 0.5061 3.2372, 0.2383 0.4305 3.2933, 0.1938 0.3502 3.3401, 0.1472 0.2661 3.377, 0.099 0.179 3.4037, 0.0497 0.09 3.4198, 0.5532 0.7878 2.6456, 0.5378 0.766 2.7451, 0.5166 0.7358 2.8413, 0.4897 0.6975 2.9331, 0.4575 0.6516 3.0195, 0.4202 0.5985 3.0995, 0.3784 0.5389 3.1724, 0.3323 0.4734 3.2372, 0.2827 0.4027 3.2933, 0.2299 0.3276 3.3401, 0.1746 0.2489 3.377, 0.1174 0.1675 3.4037, 0.0589 0.0842 3.4198, 0.6338 0.7245 2.6456, 0.6162 0.7045 2.7451, 0.5919 0.6767 2.8413, 0.5611 0.6415 2.9331, 0.5242 0.5993 3.0195, 0.4815 0.5505 3.0995, 0.4335 0.4956 3.1724, 0.3808 0.4354 3.2372, 0.3239 0.3704 3.2933, 0.2634 0.3013 3.3401, 0.2001 0.2289 3.377, 0.1346 0.154 3.4037, 0.0676 0.0774 3.4198, 0.719 0.664 2.5438, 0.7072 0.653 2.6456, 0.6876 0.635 2.7451, 0.6605 0.6099 2.8413, 0.6261 0.5782 2.9331, 0.5849 0.5401 3.0195, 0.5372 0.4961 3.0995, 0.4837 0.4467 3.1724, 0.4249 0.3924 3.2372, 0.3614 0.3338 3.2933, 0.294 0.2715 3.3401, 0.2233 0.2063 3.377, 0.1502 0.1388 3.4037, 0.0754 0.0698 3.4198, 0.7726 0.5741 2.6456, 0.7512 0.5582 2.7451, 0.7216 0.5362 2.8413, 0.684 0.5083 2.9331, 0.639 0.4749 3.0195, 0.5869 0.4362 3.0995, 0.5285 0.3928 3.1724, 0.4642 0.345 3.2372, 0.3948 0.2935 3.2933, 0.3212 0.2387 3.3401, 0.2439 0.1814 3.377, 0.1641 0.122 3.4037, 0.0824 0.0614 3.4198, 0.8293 0.4888 2.6456, 0.8063 0.4752 2.7451, 0.7745 0.4565 2.8413, 0.7342 0.4327 2.9331, 0.6858 0.4042 3.0195, 0.63 0.3713 3.0995, 0.5672 0.3343 3.1724, 0.4982 0.2937 3.2372, 0.4238 0.2498 3.2933, 0.3447 0.2032 3.3401, 0.2618 0.1544 3.377, 0.1761 0.1039 3.4037, 0.0884 0.0522 3.4198, 0.8912 0.4045 2.5438, 0.8765 0.3978 2.6456, 0.8522 0.3868 2.7451, 0.8186 0.3715 2.8413, 0.776 0.3522 2.9331, 0.7249 0.329 3.0195, 0.6659 0.3022 3.0995, 0.5995 0.2721 3.1724, 0.5266 0.2391 3.2372, 0.4479 0.2034 3.2933, 0.3644 0.1654 3.3401, 0.2768 0.1257 3.377, 0.1862 0.0846 3.4037, 0.0935 0.0425 3.4198, 0.9138 0.3024 2.6456, 0.8885 0.294 2.7451, 0.8535 0.2824 2.8413, 0.8091 0.2677 2.9331, 0.7558 0.2501 3.0195, 0.6942 0.2297 3.0995, 0.6251 0.2068 3.1724, 0.5491 0.1817 3.2372, 0.467 0.1546 3.2933, 0.3799 0.1257 3.3401, 0.2886 0.0955 3.377, 0.1941 0.0643 3.4037, 0.0975 0.0323 3.4198, 0.9408 0.2035 2.6456, 0.9147 0.1979 2.7451, 0.8786 0.1901 2.8413, 0.8329 0.1802 2.9331, 0.7781 0.1683 3.0195, 0.7147 0.1546 3.0995, 0.6435 0.1392 3.1724, 0.5653 0.1223 3.2372, 0.4808 0.104 3.2933, 0.3911 0.0846 3.3401, 0.2971 0.0643 3.377, 0.1998 0.0433 3.4037, 0.1004 0.0217 3.4198, 0.9731 0.104 2.5438, 0.9571 0.1023 2.6456, 0.9306 0.0995 2.7451, 0.8939 0.0956 2.8413, 0.8474 0.0906 2.9331, 0.7916 0.0846 3.0195, 0.7271 0.0777 3.0995, 0.6547 0.07 3.1724, 0.5751 0.0615 3.2372, 0.4891 0.0523 3.2933, 0.3979 0.0426 3.3401, 0.3022 0.0323 3.377, 0.2033 0.0218 3.4037, 0.1021 0.0109 3.4198
            ]
        }
        coordIndex [
            0,1,2,-1,2,1,3,-1,4,5,6,-1,6,5,7,-1,1,8,9,-1,7,10,6,-1,6,10,11,-1,6,11,3,-1,9,12,1,-1,1,12,13,-1,1,13,14,-1,15,16,17,-1,17,16,18,-1,11,19,3,-1,3,19,20,-1,3,20,2,-1,2,20,15,-1,14,21,1,-1,1,21,22,-1,1,22,4,-1,4,22,23,-1,4,23,5,-1,24,25,18,-1,18,25,26,-1,18,26,17,-1,17,26,27,-1,17,27,0,-1,0,27,28,-1,0,28,1,-1,1,28,29,-1,1,29,8,-1,30,31,32,-1,32,31,33,-1,20,34,15,-1,15,34,35,-1,15,35,16,-1,16,35,36,-1,16,36,30,-1,30,36,37,-1,30,37,31,-1,18,32,24,-1,24,32,33,-1,24,33,38,-1,38,33,39,-1,38,39,40,-1,40,39,41,-1,40,41,42,-1,42,41,31,-1,42,31,43,-1,37,44,31,-1,31,44,45,-1,31,45,46,-1,46,47,31,-1,31,47,48,-1,31,48,43,-1,49,50,51,-1,52,53,54,-1,55,56,57,-1,58,59,60,-1,61,62,63,-1,64,65,66,-1,67,68,69,-1,69,68,52,-1,70,71,69,-1,69,71,72,-1,72,73,69,-1,69,73,74,-1,69,74,67,-1,75,76,77,-1,77,76,78,-1,77,78,79,-1,79,78,80,-1,79,80,81,-1,75,77,82,-1,82,77,83,-1,82,83,84,-1,85,86,83,-1,83,86,87,-1,83,87,88,-1,83,89,84,-1,84,89,90,-1,84,90,91,-1,91,90,92,-1,91,92,93,-1,88,94,83,-1,83,94,95,-1,83,95,89,-1,96,97,98,-1,98,97,99,-1,98,99,100,-1,100,101,98,-1,98,101,102,-1,98,102,103,-1,103,102,104,-1,104,105,103,-1,103,105,106,-1,103,106,85,-1,85,106,107,-1,85,107,86,-1,108,109,110,-1,110,109,111,-1,110,111,98,-1,98,111,112,-1,98,112,96,-1,113,114,110,-1,110,114,115,-1,110,115,108,-1,116,117,118,-1,118,117,119,-1,118,119,113,-1,113,119,120,-1,113,120,114,-1,49,121,50,-1,50,121,122,-1,50,122,123,-1,123,124,50,-1,50,124,125,-1,50,125,116,-1,126,127,53,-1,128,129,130,-1,131,132,49,-1,133,134,135,-1,135,134,136,-1,128,130,137,-1,131,49,138,-1,139,140,134,-1,134,140,141,-1,134,141,142,-1,53,127,49,-1,49,127,143,-1,49,143,138,-1,129,144,130,-1,130,144,145,-1,130,145,146,-1,147,148,149,-1,149,148,150,-1,149,150,151,-1,152,142,153,-1,153,142,154,-1,153,154,149,-1,149,154,155,-1,149,155,147,-1,152,156,142,-1,142,156,157,-1,142,157,134,-1,134,157,158,-1,134,158,136,-1,159,160,161,-1,161,160,162,-1,161,162,130,-1,130,162,163,-1,130,163,137,-1,164,165,130,-1,130,165,166,-1,130,166,134,-1,134,166,167,-1,134,167,139,-1,168,169,121,-1,121,169,170,-1,121,170,171,-1,171,172,121,-1,121,172,173,-1,121,173,174,-1,174,173,159,-1,174,159,175,-1,175,159,161,-1,132,176,49,-1,49,176,177,-1,49,177,121,-1,121,177,178,-1,121,178,168,-1,146,179,130,-1,130,179,180,-1,130,180,181,-1,181,182,130,-1,130,182,183,-1,130,183,164,-1,184,185,186,-1,186,142,184,-1,184,142,141,-1,184,141,187,-1,187,141,188,-1,188,189,187,-1,187,189,190,-1,187,190,191,-1,192,193,194,-1,193,195,194,-1,194,195,196,-1,194,196,197,-1,198,194,199,-1,185,184,198,-1,198,184,200,-1,198,200,194,-1,194,200,201,-1,194,201,192,-1,199,202,198,-1,198,202,203,-1,198,203,204,-1,197,196,205,-1,205,196,206,-1,205,206,207,-1,207,206,208,-1,207,208,209,-1,210,211,204,-1,204,211,212,-1,204,212,198,-1,68,213,52,-1,52,213,214,-1,52,214,53,-1,53,214,215,-1,53,215,126,-1,216,217,218,-1,218,217,219,-1,216,220,221,-1,221,220,222,-1,223,224,225,-1,225,224,226,-1,226,224,227,-1,227,224,216,-1,227,216,228,-1,228,216,221,-1,228,221,66,-1,66,221,229,-1,66,229,64,-1,217,230,219,-1,219,230,231,-1,219,231,232,-1,232,231,233,-1,234,235,236,-1,236,235,237,-1,238,239,240,-1,241,242,243,-1,243,242,238,-1,244,245,246,-1,246,247,248,-1,249,250,251,-1,251,250,252,-1,253,254,255,-1,256,257,239,-1,239,257,258,-1,234,259,235,-1,235,259,260,-1,235,260,261,-1,261,260,255,-1,261,255,262,-1,262,255,254,-1,258,263,239,-1,239,263,264,-1,239,264,240,-1,245,265,246,-1,246,265,266,-1,246,266,247,-1,248,267,246,-1,246,267,268,-1,246,268,250,-1,250,268,237,-1,250,237,252,-1,252,237,235,-1,269,270,271,-1,272,273,274,-1,249,275,250,-1,250,275,276,-1,250,276,277,-1,278,279,255,-1,255,279,280,-1,255,280,281,-1,282,242,283,-1,269,271,241,-1,274,284,272,-1,272,284,282,-1,272,282,285,-1,285,282,283,-1,281,286,255,-1,255,286,287,-1,255,287,253,-1,271,288,241,-1,241,288,289,-1,241,289,242,-1,242,289,290,-1,242,290,283,-1,291,292,293,-1,293,292,294,-1,295,296,63,-1,297,298,299,-1,299,298,300,-1,299,300,301,-1,302,303,63,-1,63,303,304,-1,301,305,299,-1,299,305,306,-1,299,306,307,-1,307,306,308,-1,307,308,295,-1,309,310,296,-1,296,310,311,-1,296,311,63,-1,63,311,312,-1,63,312,302,-1,304,313,63,-1,63,313,314,-1,63,314,61,-1,315,316,317,-1,317,316,318,-1,317,318,319,-1,317,320,315,-1,315,320,321,-1,315,321,322,-1,322,323,315,-1,315,323,324,-1,315,324,325,-1,325,324,326,-1,325,326,327,-1,327,326,328,-1,327,328,296,-1,296,328,329,-1,296,329,309,-1,330,331,319,-1,319,331,332,-1,319,332,317,-1,333,334,270,-1,270,334,335,-1,270,335,271,-1,333,336,334,-1,334,336,337,-1,334,337,338,-1,338,337,339,-1,338,340,341,-1,339,342,338,-1,338,342,343,-1,338,343,344,-1,344,345,338,-1,338,345,346,-1,338,346,340,-1,341,347,338,-1,338,347,348,-1,338,348,349,-1,350,351,352,-1,352,351,353,-1,352,353,354,-1,355,356,357,-1,357,356,358,-1,351,359,353,-1,353,359,360,-1,353,360,361,-1,361,360,362,-1,361,362,363,-1,363,362,364,-1,363,364,358,-1,358,364,365,-1,358,365,357,-1,366,367,368,-1,369,370,371,-1,366,368,372,-1,372,368,373,-1,372,373,371,-1,371,373,374,-1,371,374,369,-1,375,376,361,-1,377,378,363,-1,376,379,361,-1,361,379,380,-1,361,380,366,-1,366,380,381,-1,366,381,367,-1,377,363,382,-1,369,383,370,-1,370,383,384,-1,370,384,363,-1,363,384,385,-1,363,385,382,-1,378,386,363,-1,363,386,387,-1,363,387,361,-1,361,387,388,-1,361,388,375,-1,371,389,390,-1,390,389,391,-1,392,393,394,-1,394,393,395,-1,395,393,396,-1,396,393,397,-1,396,397,398,-1,398,397,399,-1,398,399,60,-1,60,399,400,-1,60,400,58,-1,401,402,403,-1,390,399,371,-1,371,399,397,-1,371,397,372,-1,372,397,404,-1,372,404,403,-1,403,404,405,-1,403,405,401,-1,391,389,406,-1,406,389,407,-1,406,407,401,-1,408,409,407,-1,407,409,410,-1,407,410,411,-1,412,413,402,-1,413,414,402,-1,402,414,415,-1,402,415,416,-1,417,418,412,-1,401,407,402,-1,402,407,411,-1,402,411,412,-1,412,411,419,-1,412,419,417,-1,418,420,412,-1,412,420,421,-1,412,421,422,-1,423,424,425,-1,422,426,412,-1,412,426,427,-1,412,427,428,-1,428,427,429,-1,429,427,425,-1,425,427,430,-1,425,430,423,-1,424,431,425,-1,425,431,432,-1,425,432,433,-1,433,434,425,-1,425,434,435,-1,425,435,436,-1,436,435,437,-1,57,438,439,-1,439,440,57,-1,57,440,441,-1,57,441,55,-1,442,443,444,-1,445,446,447,-1,447,446,448,-1,447,448,57,-1,57,448,449,-1,57,449,438,-1,450,451,452,-1,452,451,453,-1,452,453,454,-1,455,456,250,-1,250,456,457,-1,250,457,452,-1,452,457,458,-1,452,458,450,-1,416,455,299,-1,299,455,250,-1,299,250,297,-1,297,250,277,-1,297,277,273,-1,273,277,459,-1,273,459,274,-1,460,294,461,-1,461,294,292,-1,461,292,462,-1,244,246,463,-1,463,246,462,-1,463,462,464,-1,464,462,240,-1,240,462,292,-1,240,292,238,-1,238,292,291,-1,238,291,243,-1,465,466,467,-1,222,220,468,-1,468,220,469,-1,468,469,233,-1,233,469,467,-1,233,467,232,-1,232,467,466,-1,232,466,470,-1,471,472,473,-1,467,474,465,-1,465,474,475,-1,465,475,476,-1,476,475,471,-1,476,471,477,-1,477,471,473,-1,478,479,63,-1,63,479,480,-1,295,63,307,-1,307,63,480,-1,307,480,474,-1,474,480,481,-1,474,481,475,-1,482,479,483,-1,483,479,478,-1,483,478,484,-1,485,486,487,-1,488,489,478,-1,478,489,490,-1,478,490,484,-1,460,461,62,-1,62,461,485,-1,62,485,63,-1,63,485,487,-1,63,487,478,-1,478,487,491,-1,478,491,492,-1,493,494,495,-1,495,494,496,-1,495,496,485,-1,485,496,497,-1,485,497,486,-1,492,498,478,-1,478,498,499,-1,478,499,488,-1,500,501,502,-1,500,502,470,-1,501,503,502,-1,502,503,504,-1,502,504,495,-1,495,504,505,-1,495,505,493,-1,38,113,506,-1,506,113,110,-1,506,110,507,-1,507,110,98,-1,507,98,508,-1,508,98,103,-1,508,103,509,-1,509,103,85,-1,509,85,510,-1,510,85,83,-1,510,83,511,-1,511,83,77,-1,512,513,444,-1,444,513,514,-1,515,447,69,-1,443,445,444,-1,444,445,447,-1,444,447,512,-1,512,447,515,-1,512,515,516,-1,54,444,52,-1,52,444,514,-1,52,514,69,-1,69,514,517,-1,69,517,515,-1,518,519,520,-1,519,518,521,-1,521,518,54,-1,521,54,522,-1,523,524,525,-1,525,524,521,-1,525,521,526,-1,526,521,522,-1,526,522,527,-1,527,522,528,-1,51,518,49,-1,49,518,520,-1,49,520,53,-1,53,520,529,-1,53,529,54,-1,54,529,530,-1,54,530,522,-1,81,70,79,-1,79,70,69,-1,79,69,531,-1,531,69,447,-1,531,447,532,-1,532,447,57,-1,532,57,533,-1,533,57,56,-1,533,56,534,-1,534,56,535,-1,534,535,408,-1,51,462,518,-1,518,462,246,-1,518,246,54,-1,54,246,250,-1,54,250,444,-1,444,250,452,-1,444,452,442,-1,442,452,454,-1,416,299,402,-1,402,299,307,-1,402,307,403,-1,403,307,474,-1,403,474,372,-1,372,474,467,-1,372,467,366,-1,366,467,469,-1,366,469,361,-1,361,469,220,-1,361,220,353,-1,408,407,534,-1,534,407,389,-1,534,389,536,-1,536,389,371,-1,536,371,537,-1,537,371,370,-1,537,370,538,-1,538,370,363,-1,538,363,539,-1,539,363,358,-1,539,358,540,-1,540,358,356,-1,540,356,541,-1,542,543,218,-1,216,218,220,-1,220,218,543,-1,220,543,544,-1,545,546,547,-1,547,548,545,-1,545,548,549,-1,545,549,218,-1,550,551,549,-1,549,551,552,-1,549,552,218,-1,218,552,553,-1,218,553,542,-1,357,354,355,-1,355,354,353,-1,355,353,546,-1,546,353,220,-1,546,220,547,-1,547,220,554,-1,553,555,556,-1,556,557,553,-1,553,557,558,-1,553,558,542,-1,559,560,554,-1,554,560,561,-1,554,561,562,-1,544,563,220,-1,220,563,564,-1,220,564,554,-1,554,564,565,-1,554,565,559,-1,562,566,554,-1,554,566,567,-1,554,567,553,-1,553,567,568,-1,553,568,555,-1,470,502,232,-1,232,502,569,-1,232,569,219,-1,219,569,570,-1,219,570,218,-1,218,570,571,-1,218,571,545,-1,116,118,50,-1,50,118,572,-1,50,572,51,-1,51,572,573,-1,51,573,462,-1,462,573,574,-1,462,574,461,-1,461,574,575,-1,461,575,485,-1,485,575,576,-1,485,576,495,-1,495,576,577,-1,495,577,502,-1,502,577,578,-1,502,578,569,-1,569,578,579,-1,569,579,570,-1,570,579,40,-1,570,40,571,-1,510,511,580,-1,355,546,581,-1,541,356,582,-1,582,356,355,-1,546,545,581,-1,581,545,571,-1,581,571,40,-1,510,580,509,-1,38,506,583,-1,583,506,507,-1,583,507,508,-1,355,581,582,-1,582,581,584,-1,582,584,585,-1,585,584,586,-1,585,586,587,-1,587,586,588,-1,587,588,589,-1,589,588,590,-1,589,590,591,-1,591,590,592,-1,591,592,593,-1,593,592,594,-1,593,594,595,-1,595,594,596,-1,595,596,597,-1,597,596,598,-1,597,598,599,-1,599,598,600,-1,599,600,601,-1,601,600,602,-1,601,602,603,-1,603,602,604,-1,603,604,605,-1,605,604,606,-1,605,606,607,-1,607,606,608,-1,607,608,609,-1,609,608,610,-1,609,610,611,-1,611,610,612,-1,611,612,613,-1,613,612,614,-1,613,614,615,-1,615,614,616,-1,615,616,617,-1,617,616,618,-1,617,618,619,-1,619,618,620,-1,619,620,621,-1,621,620,622,-1,621,622,623,-1,623,622,624,-1,623,624,625,-1,625,624,626,-1,625,626,627,-1,627,626,628,-1,627,628,629,-1,629,628,630,-1,629,630,631,-1,631,630,632,-1,631,632,633,-1,633,632,634,-1,633,634,635,-1,635,634,636,-1,635,636,637,-1,637,636,638,-1,637,638,639,-1,639,638,640,-1,639,640,641,-1,641,640,642,-1,641,642,643,-1,643,642,644,-1,643,644,645,-1,645,644,646,-1,645,646,647,-1,647,646,648,-1,647,648,649,-1,649,648,650,-1,649,650,651,-1,651,650,583,-1,651,583,580,-1,580,583,508,-1,580,508,509,-1,77,79,652,-1,652,653,77,-1,77,653,654,-1,77,654,511,-1,511,654,655,-1,532,656,531,-1,531,656,79,-1,532,533,656,-1,656,533,534,-1,656,534,657,-1,658,619,659,-1,659,619,621,-1,659,621,660,-1,660,621,623,-1,660,623,661,-1,661,623,625,-1,661,625,662,-1,662,625,627,-1,662,627,663,-1,663,627,629,-1,663,629,664,-1,664,629,631,-1,664,631,665,-1,665,631,633,-1,665,633,666,-1,666,633,635,-1,666,635,667,-1,667,635,637,-1,667,637,668,-1,668,637,639,-1,668,639,669,-1,669,639,641,-1,669,641,670,-1,670,641,643,-1,670,643,671,-1,671,643,645,-1,671,645,672,-1,672,645,647,-1,672,647,673,-1,673,647,649,-1,673,649,674,-1,674,649,651,-1,674,651,655,-1,655,651,580,-1,655,580,511,-1,534,536,657,-1,657,536,537,-1,657,537,538,-1,538,539,657,-1,657,539,540,-1,657,540,675,-1,675,540,541,-1,675,541,676,-1,676,541,582,-1,676,582,677,-1,677,582,585,-1,677,585,678,-1,678,585,587,-1,678,587,679,-1,679,587,589,-1,679,589,680,-1,680,589,591,-1,680,591,681,-1,681,591,593,-1,681,593,682,-1,682,593,595,-1,682,595,683,-1,683,595,597,-1,683,597,684,-1,684,597,599,-1,684,599,685,-1,685,599,601,-1,685,601,686,-1,686,601,603,-1,686,603,687,-1,687,603,605,-1,687,605,688,-1,688,605,607,-1,688,607,689,-1,689,607,609,-1,689,609,690,-1,690,609,611,-1,690,611,691,-1,691,611,613,-1,691,613,692,-1,692,613,615,-1,692,615,658,-1,658,615,617,-1,658,617,619,-1,693,694,659,-1,659,694,658,-1,693,659,695,-1,695,659,660,-1,695,660,696,-1,661,697,660,-1,660,697,698,-1,660,698,696,-1,699,700,662,-1,662,700,701,-1,662,701,661,-1,661,701,702,-1,661,702,697,-1,699,662,703,-1,703,662,663,-1,703,663,704,-1,704,663,705,-1,705,663,664,-1,705,664,706,-1,706,664,707,-1,707,664,665,-1,707,665,708,-1,666,709,665,-1,665,709,710,-1,665,710,708,-1,711,712,667,-1,667,712,713,-1,667,713,666,-1,666,713,714,-1,666,714,709,-1,711,667,715,-1,715,667,668,-1,715,668,716,-1,716,668,717,-1,717,668,669,-1,717,669,718,-1,718,669,719,-1,719,669,670,-1,719,670,720,-1,671,721,670,-1,670,721,722,-1,670,722,720,-1,723,724,672,-1,672,724,725,-1,672,725,671,-1,671,725,726,-1,671,726,721,-1,723,672,727,-1,727,672,673,-1,727,673,728,-1,728,673,729,-1,729,673,674,-1,729,674,730,-1,730,674,731,-1,731,674,655,-1,731,655,732,-1,654,733,655,-1,655,733,734,-1,655,734,732,-1,735,736,653,-1,653,736,737,-1,653,737,654,-1,654,737,738,-1,654,738,733,-1,735,653,739,-1,739,653,652,-1,739,652,740,-1,740,652,741,-1,741,652,79,-1,741,79,742,-1,742,79,743,-1,743,79,656,-1,743,656,744,-1,744,656,745,-1,745,656,657,-1,745,657,746,-1,746,657,747,-1,747,657,675,-1,747,675,748,-1,676,749,675,-1,675,749,750,-1,675,750,748,-1,751,752,676,-1,676,752,753,-1,676,753,749,-1,751,676,754,-1,754,676,677,-1,754,677,755,-1,755,677,678,-1,755,678,756,-1,756,678,757,-1,757,678,679,-1,757,679,758,-1,758,679,759,-1,759,679,680,-1,759,680,760,-1,681,761,680,-1,680,761,762,-1,680,762,760,-1,763,764,681,-1,681,764,765,-1,681,765,761,-1,763,681,766,-1,766,681,682,-1,766,682,767,-1,767,682,683,-1,767,683,768,-1,768,683,769,-1,769,683,684,-1,769,684,770,-1,770,684,771,-1,771,684,685,-1,771,685,772,-1,686,773,685,-1,685,773,774,-1,685,774,772,-1,775,776,686,-1,686,776,777,-1,686,777,773,-1,775,686,778,-1,778,686,687,-1,778,687,779,-1,779,687,688,-1,779,688,780,-1,780,688,781,-1,781,688,689,-1,781,689,782,-1,782,689,783,-1,783,689,690,-1,783,690,784,-1,785,786,691,-1,691,786,787,-1,691,787,690,-1,690,787,788,-1,690,788,784,-1,694,789,658,-1,658,789,790,-1,658,790,692,-1,692,790,791,-1,692,791,691,-1,691,791,792,-1,691,792,785,-1,744,745,793,-1,746,747,794,-1,750,749,795,-1,753,752,796,-1,754,755,797,-1,756,757,798,-1,758,759,799,-1,762,761,800,-1,765,764,801,-1,766,767,802,-1,768,769,803,-1,770,771,804,-1,774,773,805,-1,777,776,806,-1,778,779,807,-1,780,781,808,-1,782,783,809,-1,788,787,810,-1,786,785,811,-1,791,790,812,-1,789,694,813,-1,693,695,814,-1,698,697,815,-1,702,701,816,-1,699,703,817,-1,704,705,818,-1,706,707,819,-1,710,709,820,-1,714,713,821,-1,711,715,822,-1,716,717,823,-1,718,719,824,-1,722,721,825,-1,726,725,826,-1,723,727,827,-1,728,729,828,-1,730,731,829,-1,734,733,830,-1,738,737,831,-1,735,739,832,-1,740,741,833,-1,834,835,836,-1,836,835,837,-1,838,837,835,-1,838,835,839,-1,839,835,834,-1,839,834,840,-1,841,837,838,-1,841,838,842,-1,842,838,839,-1,842,839,843,-1,843,839,840,-1,843,840,844,-1,845,837,841,-1,845,841,846,-1,846,841,842,-1,846,842,847,-1,847,842,843,-1,847,843,848,-1,848,843,844,-1,848,844,849,-1,850,837,845,-1,850,845,851,-1,851,845,846,-1,851,846,852,-1,852,846,847,-1,852,847,853,-1,853,847,848,-1,853,848,854,-1,854,848,849,-1,854,849,855,-1,856,837,850,-1,856,850,857,-1,857,850,851,-1,857,851,858,-1,858,851,852,-1,858,852,859,-1,859,852,853,-1,859,853,860,-1,860,853,854,-1,860,854,861,-1,861,854,855,-1,861,855,862,-1,863,837,856,-1,863,856,864,-1,864,856,857,-1,864,857,865,-1,865,857,858,-1,865,858,866,-1,866,858,859,-1,866,859,867,-1,867,859,860,-1,867,860,868,-1,868,860,861,-1,868,861,869,-1,869,861,862,-1,869,862,870,-1,871,837,863,-1,871,863,872,-1,872,863,864,-1,872,864,873,-1,873,864,865,-1,873,865,874,-1,874,865,866,-1,874,866,875,-1,875,866,867,-1,875,867,876,-1,876,867,868,-1,876,868,877,-1,877,868,869,-1,877,869,878,-1,878,869,870,-1,878,870,879,-1,880,837,871,-1,880,871,881,-1,881,871,872,-1,881,872,882,-1,882,872,873,-1,882,873,883,-1,883,873,874,-1,883,874,884,-1,884,874,875,-1,884,875,885,-1,885,875,876,-1,885,876,886,-1,886,876,877,-1,886,877,887,-1,887,877,878,-1,887,878,888,-1,888,878,879,-1,888,879,889,-1,890,837,880,-1,890,880,891,-1,891,880,881,-1,891,881,892,-1,892,881,882,-1,892,882,893,-1,893,882,883,-1,893,883,894,-1,894,883,884,-1,894,884,895,-1,895,884,885,-1,895,885,896,-1,896,885,886,-1,896,886,897,-1,897,886,887,-1,897,887,898,-1,898,887,888,-1,898,888,899,-1,899,888,889,-1,899,889,900,-1,901,837,890,-1,901,890,902,-1,902,890,891,-1,902,891,903,-1,903,891,892,-1,903,892,904,-1,904,892,893,-1,904,893,905,-1,905,893,894,-1,905,894,906,-1,906,894,895,-1,906,895,907,-1,907,895,896,-1,907,896,908,-1,908,896,897,-1,908,897,909,-1,909,897,898,-1,909,898,910,-1,910,898,899,-1,910,899,911,-1,911,899,900,-1,911,900,912,-1,741,742,833,-1,833,742,913,-1,833,913,914,-1,914,913,915,-1,914,915,916,-1,739,740,832,-1,832,740,833,-1,832,833,917,-1,917,833,914,-1,917,914,918,-1,918,914,916,-1,918,916,919,-1,736,735,920,-1,920,735,832,-1,920,832,921,-1,921,832,917,-1,921,917,922,-1,922,917,918,-1,922,918,923,-1,923,918,919,-1,923,919,924,-1,737,736,831,-1,831,736,920,-1,831,920,925,-1,925,920,921,-1,925,921,926,-1,926,921,922,-1,926,922,927,-1,927,922,923,-1,927,923,928,-1,928,923,924,-1,928,924,929,-1,733,738,830,-1,830,738,831,-1,830,831,930,-1,930,831,925,-1,930,925,931,-1,931,925,926,-1,931,926,932,-1,932,926,927,-1,932,927,933,-1,933,927,928,-1,933,928,934,-1,934,928,929,-1,934,929,935,-1,732,734,936,-1,936,734,830,-1,936,830,937,-1,937,830,930,-1,937,930,938,-1,938,930,931,-1,938,931,939,-1,939,931,932,-1,939,932,940,-1,940,932,933,-1,940,933,941,-1,941,933,934,-1,941,934,942,-1,942,934,935,-1,942,935,943,-1,731,732,829,-1,829,732,936,-1,829,936,944,-1,944,936,937,-1,944,937,945,-1,945,937,938,-1,945,938,946,-1,946,938,939,-1,946,939,947,-1,947,939,940,-1,947,940,948,-1,948,940,941,-1,948,941,949,-1,949,941,942,-1,949,942,950,-1,950,942,943,-1,950,943,951,-1,729,730,828,-1,828,730,829,-1,828,829,952,-1,952,829,944,-1,952,944,953,-1,953,944,945,-1,953,945,954,-1,954,945,946,-1,954,946,955,-1,955,946,947,-1,955,947,956,-1,956,947,948,-1,956,948,957,-1,957,948,949,-1,957,949,958,-1,958,949,950,-1,958,950,959,-1,959,950,951,-1,959,951,960,-1,727,728,827,-1,827,728,828,-1,827,828,961,-1,961,828,952,-1,961,952,962,-1,962,952,953,-1,962,953,963,-1,963,953,954,-1,963,954,964,-1,964,954,955,-1,964,955,965,-1,965,955,956,-1,965,956,966,-1,966,956,957,-1,966,957,967,-1,967,957,958,-1,967,958,968,-1,968,958,959,-1,968,959,969,-1,969,959,960,-1,969,960,970,-1,724,723,971,-1,971,723,827,-1,971,827,972,-1,972,827,961,-1,972,961,973,-1,973,961,962,-1,973,962,974,-1,974,962,963,-1,974,963,975,-1,975,963,964,-1,975,964,976,-1,976,964,965,-1,976,965,977,-1,977,965,966,-1,977,966,978,-1,978,966,967,-1,978,967,979,-1,979,967,968,-1,979,968,980,-1,980,968,969,-1,980,969,981,-1,981,969,970,-1,981,970,982,-1,725,724,826,-1,826,724,971,-1,826,971,983,-1,983,971,972,-1,983,972,984,-1,984,972,973,-1,984,973,985,-1,985,973,974,-1,985,974,986,-1,986,974,975,-1,986,975,987,-1,987,975,976,-1,987,976,988,-1,988,976,977,-1,988,977,989,-1,989,977,978,-1,989,978,990,-1,990,978,979,-1,990,979,991,-1,991,979,980,-1,991,980,992,-1,992,980,981,-1,992,981,993,-1,993,981,982,-1,993,982,994,-1,721,726,825,-1,825,726,826,-1,825,826,995,-1,995,826,983,-1,995,983,996,-1,996,983,984,-1,996,984,997,-1,997,984,985,-1,997,985,998,-1,998,985,986,-1,998,986,999,-1,999,986,987,-1,999,987,1000,-1,1000,987,988,-1,1000,988,1001,-1,1001,988,989,-1,1001,989,1002,-1,1002,989,990,-1,1002,990,1003,-1,1003,990,991,-1,1003,991,1004,-1,1004,991,992,-1,1004,992,1005,-1,1005,992,993,-1,1005,993,1006,-1,1006,993,994,-1,1006,994,1007,-1,720,722,1008,-1,1008,722,825,-1,1008,825,1009,-1,1009,825,995,-1,1009,995,1010,-1,1010,995,996,-1,1010,996,1011,-1,1011,996,997,-1,1011,997,1012,-1,1012,997,998,-1,1012,998,1013,-1,1013,998,999,-1,1013,999,1014,-1,1014,999,1000,-1,1014,1000,1015,-1,1015,1000,1001,-1,1015,1001,1016,-1,1016,1001,1002,-1,1016,1002,1017,-1,1017,1002,1003,-1,1017,1003,1018,-1,1018,1003,1004,-1,1018,1004,1019,-1,1019,1004,1005,-1,1019,1005,1020,-1,1020,1005,1006,-1,1020,1006,1021,-1,1021,1006,1007,-1,719,720,824,-1,824,720,1008,-1,824,1008,1022,-1,1022,1008,1009,-1,1022,1009,1023,-1,1023,1009,1010,-1,1023,1010,1024,-1,1024,1010,1011,-1,1024,1011,1025,-1,1025,1011,1012,-1,1025,1012,1026,-1,1026,1012,1013,-1,1026,1013,1027,-1,1027,1013,1014,-1,1027,1014,1028,-1,1028,1014,1015,-1,1028,1015,1029,-1,1029,1015,1016,-1,1029,1016,1030,-1,1030,1016,1017,-1,1030,1017,1031,-1,1031,1017,1018,-1,1031,1018,1032,-1,1032,1018,1019,-1,1032,1019,1033,-1,1033,1019,1020,-1,1033,1020,1034,-1,1034,1020,1021,-1,1034,1021,837,-1,1007,837,1021,-1,915,912,916,-1,916,912,900,-1,916,900,919,-1,919,900,889,-1,919,889,924,-1,924,889,879,-1,924,879,929,-1,929,879,870,-1,929,870,935,-1,935,870,862,-1,935,862,943,-1,943,862,855,-1,943,855,951,-1,951,855,849,-1,951,849,960,-1,960,849,844,-1,960,844,970,-1,970,844,840,-1,970,840,982,-1,982,840,834,-1,982,834,994,-1,994,834,836,-1,994,836,1007,-1,1007,836,837,-1,717,718,823,-1,823,718,824,-1,823,824,1035,-1,1035,824,1022,-1,1035,1022,1036,-1,1036,1022,1023,-1,1036,1023,1037,-1,1037,1023,1024,-1,1037,1024,1038,-1,1038,1024,1025,-1,1038,1025,1039,-1,1039,1025,1026,-1,1039,1026,1040,-1,1040,1026,1027,-1,1040,1027,1041,-1,1041,1027,1028,-1,1041,1028,1042,-1,1042,1028,1029,-1,1042,1029,1043,-1,1043,1029,1030,-1,1043,1030,1044,-1,1044,1030,1031,-1,1044,1031,1045,-1,1045,1031,1032,-1,1045,1032,1046,-1,1046,1032,1033,-1,1046,1033,1047,-1,1047,1033,1034,-1,1047,1034,837,-1,715,716,822,-1,822,716,823,-1,822,823,1048,-1,1048,823,1035,-1,1048,1035,1049,-1,1049,1035,1036,-1,1049,1036,1050,-1,1050,1036,1037,-1,1050,1037,1051,-1,1051,1037,1038,-1,1051,1038,1052,-1,1052,1038,1039,-1,1052,1039,1053,-1,1053,1039,1040,-1,1053,1040,1054,-1,1054,1040,1041,-1,1054,1041,1055,-1,1055,1041,1042,-1,1055,1042,1056,-1,1056,1042,1043,-1,1056,1043,1057,-1,1057,1043,1044,-1,1057,1044,1058,-1,1058,1044,1045,-1,1058,1045,1059,-1,1059,1045,1046,-1,1059,1046,1060,-1,1060,1046,1047,-1,1060,1047,837,-1,712,711,1061,-1,1061,711,822,-1,1061,822,1062,-1,1062,822,1048,-1,1062,1048,1063,-1,1063,1048,1049,-1,1063,1049,1064,-1,1064,1049,1050,-1,1064,1050,1065,-1,1065,1050,1051,-1,1065,1051,1066,-1,1066,1051,1052,-1,1066,1052,1067,-1,1067,1052,1053,-1,1067,1053,1068,-1,1068,1053,1054,-1,1068,1054,1069,-1,1069,1054,1055,-1,1069,1055,1070,-1,1070,1055,1056,-1,1070,1056,1071,-1,1071,1056,1057,-1,1071,1057,1072,-1,1072,1057,1058,-1,1072,1058,1073,-1,1073,1058,1059,-1,1073,1059,1074,-1,1074,1059,1060,-1,1074,1060,837,-1,713,712,821,-1,821,712,1061,-1,821,1061,1075,-1,1075,1061,1062,-1,1075,1062,1076,-1,1076,1062,1063,-1,1076,1063,1077,-1,1077,1063,1064,-1,1077,1064,1078,-1,1078,1064,1065,-1,1078,1065,1079,-1,1079,1065,1066,-1,1079,1066,1080,-1,1080,1066,1067,-1,1080,1067,1081,-1,1081,1067,1068,-1,1081,1068,1082,-1,1082,1068,1069,-1,1082,1069,1083,-1,1083,1069,1070,-1,1083,1070,1084,-1,1084,1070,1071,-1,1084,1071,1085,-1,1085,1071,1072,-1,1085,1072,1086,-1,1086,1072,1073,-1,1086,1073,1087,-1,1087,1073,1074,-1,1087,1074,837,-1,709,714,820,-1,820,714,821,-1,820,821,1088,-1,1088,821,1075,-1,1088,1075,1089,-1,1089,1075,1076,-1,1089,1076,1090,-1,1090,1076,1077,-1,1090,1077,1091,-1,1091,1077,1078,-1,1091,1078,1092,-1,1092,1078,1079,-1,1092,1079,1093,-1,1093,1079,1080,-1,1093,1080,1094,-1,1094,1080,1081,-1,1094,1081,1095,-1,1095,1081,1082,-1,1095,1082,1096,-1,1096,1082,1083,-1,1096,1083,1097,-1,1097,1083,1084,-1,1097,1084,1098,-1,1098,1084,1085,-1,1098,1085,1099,-1,1099,1085,1086,-1,1099,1086,1100,-1,1100,1086,1087,-1,1100,1087,837,-1,708,710,1101,-1,1101,710,820,-1,1101,820,1102,-1,1102,820,1088,-1,1102,1088,1103,-1,1103,1088,1089,-1,1103,1089,1104,-1,1104,1089,1090,-1,1104,1090,1105,-1,1105,1090,1091,-1,1105,1091,1106,-1,1106,1091,1092,-1,1106,1092,1107,-1,1107,1092,1093,-1,1107,1093,1108,-1,1108,1093,1094,-1,1108,1094,1109,-1,1109,1094,1095,-1,1109,1095,1110,-1,1110,1095,1096,-1,1110,1096,1111,-1,1111,1096,1097,-1,1111,1097,1112,-1,1112,1097,1098,-1,1112,1098,1113,-1,1113,1098,1099,-1,1113,1099,1114,-1,1114,1099,1100,-1,1114,1100,837,-1,707,708,819,-1,819,708,1101,-1,819,1101,1115,-1,1115,1101,1102,-1,1115,1102,1116,-1,1116,1102,1103,-1,1116,1103,1117,-1,1117,1103,1104,-1,1117,1104,1118,-1,1118,1104,1105,-1,1118,1105,1119,-1,1119,1105,1106,-1,1119,1106,1120,-1,1120,1106,1107,-1,1120,1107,1121,-1,1121,1107,1108,-1,1121,1108,1122,-1,1122,1108,1109,-1,1122,1109,1123,-1,1123,1109,1110,-1,1123,1110,1124,-1,1124,1110,1111,-1,1124,1111,1125,-1,1125,1111,1112,-1,1125,1112,1126,-1,1126,1112,1113,-1,1126,1113,1127,-1,1127,1113,1114,-1,1127,1114,837,-1,705,706,818,-1,818,706,819,-1,818,819,1128,-1,1128,819,1115,-1,1128,1115,1129,-1,1129,1115,1116,-1,1129,1116,1130,-1,1130,1116,1117,-1,1130,1117,1131,-1,1131,1117,1118,-1,1131,1118,1132,-1,1132,1118,1119,-1,1132,1119,1133,-1,1133,1119,1120,-1,1133,1120,1134,-1,1134,1120,1121,-1,1134,1121,1135,-1,1135,1121,1122,-1,1135,1122,1136,-1,1136,1122,1123,-1,1136,1123,1137,-1,1137,1123,1124,-1,1137,1124,1138,-1,1138,1124,1125,-1,1138,1125,1139,-1,1139,1125,1126,-1,1139,1126,1140,-1,1140,1126,1127,-1,1140,1127,837,-1,703,704,817,-1,817,704,818,-1,817,818,1141,-1,1141,818,1128,-1,1141,1128,1142,-1,1142,1128,1129,-1,1142,1129,1143,-1,1143,1129,1130,-1,1143,1130,1144,-1,1144,1130,1131,-1,1144,1131,1145,-1,1145,1131,1132,-1,1145,1132,1146,-1,1146,1132,1133,-1,1146,1133,1147,-1,1147,1133,1134,-1,1147,1134,1148,-1,1148,1134,1135,-1,1148,1135,1149,-1,1149,1135,1136,-1,1149,1136,1150,-1,1150,1136,1137,-1,1150,1137,1151,-1,1151,1137,1138,-1,1151,1138,1152,-1,1152,1138,1139,-1,1152,1139,1153,-1,1153,1139,1140,-1,1153,1140,837,-1,700,699,1154,-1,1154,699,817,-1,1154,817,1155,-1,1155,817,1141,-1,1155,1141,1156,-1,1156,1141,1142,-1,1156,1142,1157,-1,1157,1142,1143,-1,1157,1143,1158,-1,1158,1143,1144,-1,1158,1144,1159,-1,1159,1144,1145,-1,1159,1145,1160,-1,1160,1145,1146,-1,1160,1146,1161,-1,1161,1146,1147,-1,1161,1147,1162,-1,1162,1147,1148,-1,1162,1148,1163,-1,1163,1148,1149,-1,1163,1149,1164,-1,1164,1149,1150,-1,1164,1150,1165,-1,1165,1150,1151,-1,1165,1151,1166,-1,1166,1151,1152,-1,1166,1152,1167,-1,1167,1152,1153,-1,1167,1153,837,-1,701,700,816,-1,816,700,1154,-1,816,1154,1168,-1,1168,1154,1155,-1,1168,1155,1169,-1,1169,1155,1156,-1,1169,1156,1170,-1,1170,1156,1157,-1,1170,1157,1171,-1,1171,1157,1158,-1,1171,1158,1172,-1,1172,1158,1159,-1,1172,1159,1173,-1,1173,1159,1160,-1,1173,1160,1174,-1,1174,1160,1161,-1,1174,1161,1175,-1,1175,1161,1162,-1,1175,1162,1176,-1,1176,1162,1163,-1,1176,1163,1177,-1,1177,1163,1164,-1,1177,1164,1178,-1,1178,1164,1165,-1,1178,1165,1179,-1,1179,1165,1166,-1,1179,1166,1180,-1,1180,1166,1167,-1,1180,1167,837,-1,697,702,815,-1,815,702,816,-1,815,816,1181,-1,1181,816,1168,-1,1181,1168,1182,-1,1182,1168,1169,-1,1182,1169,1183,-1,1183,1169,1170,-1,1183,1170,1184,-1,1184,1170,1171,-1,1184,1171,1185,-1,1185,1171,1172,-1,1185,1172,1186,-1,1186,1172,1173,-1,1186,1173,1187,-1,1187,1173,1174,-1,1187,1174,1188,-1,1188,1174,1175,-1,1188,1175,1189,-1,1189,1175,1176,-1,1189,1176,1190,-1,1190,1176,1177,-1,1190,1177,1191,-1,1191,1177,1178,-1,1191,1178,1192,-1,1192,1178,1179,-1,1192,1179,1193,-1,1193,1179,1180,-1,1193,1180,837,-1,696,698,1194,-1,1194,698,815,-1,1194,815,1195,-1,1195,815,1181,-1,1195,1181,1196,-1,1196,1181,1182,-1,1196,1182,1197,-1,1197,1182,1183,-1,1197,1183,1198,-1,1198,1183,1184,-1,1198,1184,1199,-1,1199,1184,1185,-1,1199,1185,1200,-1,1200,1185,1186,-1,1200,1186,1201,-1,1201,1186,1187,-1,1201,1187,1202,-1,1202,1187,1188,-1,1202,1188,1203,-1,1203,1188,1189,-1,1203,1189,1204,-1,1204,1189,1190,-1,1204,1190,1205,-1,1205,1190,1191,-1,1205,1191,1206,-1,1206,1191,1192,-1,1206,1192,1207,-1,1207,1192,1193,-1,1207,1193,837,-1,695,696,814,-1,814,696,1194,-1,814,1194,1208,-1,1208,1194,1195,-1,1208,1195,1209,-1,1209,1195,1196,-1,1209,1196,1210,-1,1210,1196,1197,-1,1210,1197,1211,-1,1211,1197,1198,-1,1211,1198,1212,-1,1212,1198,1199,-1,1212,1199,1213,-1,1213,1199,1200,-1,1213,1200,1214,-1,1214,1200,1201,-1,1214,1201,1215,-1,1215,1201,1202,-1,1215,1202,1216,-1,1216,1202,1203,-1,1216,1203,1217,-1,1217,1203,1204,-1,1217,1204,1218,-1,1218,1204,1205,-1,1218,1205,1219,-1,1219,1205,1206,-1,1219,1206,1220,-1,1220,1206,1207,-1,1220,1207,837,-1,694,693,813,-1,813,693,814,-1,813,814,1221,-1,1221,814,1208,-1,1221,1208,1222,-1,1222,1208,1209,-1,1222,1209,1223,-1,1223,1209,1210,-1,1223,1210,1224,-1,1224,1210,1211,-1,1224,1211,1225,-1,1225,1211,1212,-1,1225,1212,1226,-1,1226,1212,1213,-1,1226,1213,1227,-1,1227,1213,1214,-1,1227,1214,1228,-1,1228,1214,1215,-1,1228,1215,1229,-1,1229,1215,1216,-1,1229,1216,1230,-1,1230,1216,1217,-1,1230,1217,1231,-1,1231,1217,1218,-1,1231,1218,1232,-1,1232,1218,1219,-1,1232,1219,1233,-1,1233,1219,1220,-1,1233,1220,837,-1,790,789,812,-1,812,789,813,-1,812,813,1234,-1,1234,813,1221,-1,1234,1221,1235,-1,1235,1221,1222,-1,1235,1222,1236,-1,1236,1222,1223,-1,1236,1223,1237,-1,1237,1223,1224,-1,1237,1224,1238,-1,1238,1224,1225,-1,1238,1225,1239,-1,1239,1225,1226,-1,1239,1226,1240,-1,1240,1226,1227,-1,1240,1227,1241,-1,1241,1227,1228,-1,1241,1228,1242,-1,1242,1228,1229,-1,1242,1229,1243,-1,1243,1229,1230,-1,1243,1230,1244,-1,1244,1230,1231,-1,1244,1231,1245,-1,1245,1231,1232,-1,1245,1232,1246,-1,1246,1232,1233,-1,1246,1233,837,-1,792,791,1247,-1,1247,791,812,-1,1247,812,1248,-1,1248,812,1234,-1,1248,1234,1249,-1,1249,1234,1235,-1,1249,1235,1250,-1,1250,1235,1236,-1,1250,1236,1251,-1,1251,1236,1237,-1,1251,1237,1252,-1,1252,1237,1238,-1,1252,1238,1253,-1,1253,1238,1239,-1,1253,1239,1254,-1,1254,1239,1240,-1,1254,1240,1255,-1,1255,1240,1241,-1,1255,1241,1256,-1,1256,1241,1242,-1,1256,1242,1257,-1,1257,1242,1243,-1,1257,1243,1258,-1,1258,1243,1244,-1,1258,1244,1259,-1,1259,1244,1245,-1,1259,1245,1260,-1,1260,1245,1246,-1,1260,1246,837,-1,785,792,811,-1,811,792,1247,-1,811,1247,1261,-1,1261,1247,1248,-1,1261,1248,1262,-1,1262,1248,1249,-1,1262,1249,1263,-1,1263,1249,1250,-1,1263,1250,1264,-1,1264,1250,1251,-1,1264,1251,1265,-1,1265,1251,1252,-1,1265,1252,1266,-1,1266,1252,1253,-1,1266,1253,1267,-1,1267,1253,1254,-1,1267,1254,1268,-1,1268,1254,1255,-1,1268,1255,1269,-1,1269,1255,1256,-1,1269,1256,1270,-1,1270,1256,1257,-1,1270,1257,1271,-1,1271,1257,1258,-1,1271,1258,1272,-1,1272,1258,1259,-1,1272,1259,1273,-1,1273,1259,1260,-1,1273,1260,837,-1,787,786,810,-1,810,786,811,-1,810,811,1274,-1,1274,811,1261,-1,1274,1261,1275,-1,1275,1261,1262,-1,1275,1262,1276,-1,1276,1262,1263,-1,1276,1263,1277,-1,1277,1263,1264,-1,1277,1264,1278,-1,1278,1264,1265,-1,1278,1265,1279,-1,1279,1265,1266,-1,1279,1266,1280,-1,1280,1266,1267,-1,1280,1267,1281,-1,1281,1267,1268,-1,1281,1268,1282,-1,1282,1268,1269,-1,1282,1269,1283,-1,1283,1269,1270,-1,1283,1270,1284,-1,1284,1270,1271,-1,1284,1271,1285,-1,1285,1271,1272,-1,1285,1272,1286,-1,1286,1272,1273,-1,1286,1273,837,-1,784,788,1287,-1,1287,788,810,-1,1287,810,1288,-1,1288,810,1274,-1,1288,1274,1289,-1,1289,1274,1275,-1,1289,1275,1290,-1,1290,1275,1276,-1,1290,1276,1291,-1,1291,1276,1277,-1,1291,1277,1292,-1,1292,1277,1278,-1,1292,1278,1293,-1,1293,1278,1279,-1,1293,1279,1294,-1,1294,1279,1280,-1,1294,1280,1295,-1,1295,1280,1281,-1,1295,1281,1296,-1,1296,1281,1282,-1,1296,1282,1297,-1,1297,1282,1283,-1,1297,1283,1298,-1,1298,1283,1284,-1,1298,1284,1299,-1,1299,1284,1285,-1,1299,1285,1300,-1,1300,1285,1286,-1,1300,1286,837,-1,783,784,809,-1,809,784,1287,-1,809,1287,1301,-1,1301,1287,1288,-1,1301,1288,1302,-1,1302,1288,1289,-1,1302,1289,1303,-1,1303,1289,1290,-1,1303,1290,1304,-1,1304,1290,1291,-1,1304,1291,1305,-1,1305,1291,1292,-1,1305,1292,1306,-1,1306,1292,1293,-1,1306,1293,1307,-1,1307,1293,1294,-1,1307,1294,1308,-1,1308,1294,1295,-1,1308,1295,1309,-1,1309,1295,1296,-1,1309,1296,1310,-1,1310,1296,1297,-1,1310,1297,1311,-1,1311,1297,1298,-1,1311,1298,1312,-1,1312,1298,1299,-1,1312,1299,1313,-1,1313,1299,1300,-1,1313,1300,837,-1,781,782,808,-1,808,782,809,-1,808,809,1314,-1,1314,809,1301,-1,1314,1301,1315,-1,1315,1301,1302,-1,1315,1302,1316,-1,1316,1302,1303,-1,1316,1303,1317,-1,1317,1303,1304,-1,1317,1304,1318,-1,1318,1304,1305,-1,1318,1305,1319,-1,1319,1305,1306,-1,1319,1306,1320,-1,1320,1306,1307,-1,1320,1307,1321,-1,1321,1307,1308,-1,1321,1308,1322,-1,1322,1308,1309,-1,1322,1309,1323,-1,1323,1309,1310,-1,1323,1310,1324,-1,1324,1310,1311,-1,1324,1311,1325,-1,1325,1311,1312,-1,1325,1312,1326,-1,1326,1312,1313,-1,1326,1313,837,-1,779,780,807,-1,807,780,808,-1,807,808,1327,-1,1327,808,1314,-1,1327,1314,1328,-1,1328,1314,1315,-1,1328,1315,1329,-1,1329,1315,1316,-1,1329,1316,1330,-1,1330,1316,1317,-1,1330,1317,1331,-1,1331,1317,1318,-1,1331,1318,1332,-1,1332,1318,1319,-1,1332,1319,1333,-1,1333,1319,1320,-1,1333,1320,1334,-1,1334,1320,1321,-1,1334,1321,1335,-1,1335,1321,1322,-1,1335,1322,1336,-1,1336,1322,1323,-1,1336,1323,1337,-1,1337,1323,1324,-1,1337,1324,1338,-1,1338,1324,1325,-1,1338,1325,1339,-1,1339,1325,1326,-1,1339,1326,837,-1,775,778,1340,-1,1340,778,807,-1,1340,807,1341,-1,1341,807,1327,-1,1341,1327,1342,-1,1342,1327,1328,-1,1342,1328,1343,-1,1343,1328,1329,-1,1343,1329,1344,-1,1344,1329,1330,-1,1344,1330,1345,-1,1345,1330,1331,-1,1345,1331,1346,-1,1346,1331,1332,-1,1346,1332,1347,-1,1347,1332,1333,-1,1347,1333,1348,-1,1348,1333,1334,-1,1348,1334,1349,-1,1349,1334,1335,-1,1349,1335,1350,-1,1350,1335,1336,-1,1350,1336,1351,-1,1351,1336,1337,-1,1351,1337,1352,-1,1352,1337,1338,-1,1352,1338,1353,-1,1353,1338,1339,-1,1353,1339,837,-1,776,775,806,-1,806,775,1340,-1,806,1340,1354,-1,1354,1340,1341,-1,1354,1341,1355,-1,1355,1341,1342,-1,1355,1342,1356,-1,1356,1342,1343,-1,1356,1343,1357,-1,1357,1343,1344,-1,1357,1344,1358,-1,1358,1344,1345,-1,1358,1345,1359,-1,1359,1345,1346,-1,1359,1346,1360,-1,1360,1346,1347,-1,1360,1347,1361,-1,1361,1347,1348,-1,1361,1348,1362,-1,1362,1348,1349,-1,1362,1349,1363,-1,1363,1349,1350,-1,1363,1350,1364,-1,1364,1350,1351,-1,1364,1351,1365,-1,1365,1351,1352,-1,1365,1352,1366,-1,1366,1352,1353,-1,1366,1353,837,-1,773,777,805,-1,805,777,806,-1,805,806,1367,-1,1367,806,1354,-1,1367,1354,1368,-1,1368,1354,1355,-1,1368,1355,1369,-1,1369,1355,1356,-1,1369,1356,1370,-1,1370,1356,1357,-1,1370,1357,1371,-1,1371,1357,1358,-1,1371,1358,1372,-1,1372,1358,1359,-1,1372,1359,1373,-1,1373,1359,1360,-1,1373,1360,1374,-1,1374,1360,1361,-1,1374,1361,1375,-1,1375,1361,1362,-1,1375,1362,1376,-1,1376,1362,1363,-1,1376,1363,1377,-1,1377,1363,1364,-1,1377,1364,1378,-1,1378,1364,1365,-1,1378,1365,1379,-1,1379,1365,1366,-1,1379,1366,837,-1,772,774,1380,-1,1380,774,805,-1,1380,805,1381,-1,1381,805,1367,-1,1381,1367,1382,-1,1382,1367,1368,-1,1382,1368,1383,-1,1383,1368,1369,-1,1383,1369,1384,-1,1384,1369,1370,-1,1384,1370,1385,-1,1385,1370,1371,-1,1385,1371,1386,-1,1386,1371,1372,-1,1386,1372,1387,-1,1387,1372,1373,-1,1387,1373,1388,-1,1388,1373,1374,-1,1388,1374,1389,-1,1389,1374,1375,-1,1389,1375,1390,-1,1390,1375,1376,-1,1390,1376,1391,-1,1391,1376,1377,-1,1391,1377,1392,-1,1392,1377,1378,-1,1392,1378,1393,-1,1393,1378,1379,-1,1393,1379,837,-1,771,772,804,-1,804,772,1380,-1,804,1380,1394,-1,1394,1380,1381,-1,1394,1381,1395,-1,1395,1381,1382,-1,1395,1382,1396,-1,1396,1382,1383,-1,1396,1383,1397,-1,1397,1383,1384,-1,1397,1384,1398,-1,1398,1384,1385,-1,1398,1385,1399,-1,1399,1385,1386,-1,1399,1386,1400,-1,1400,1386,1387,-1,1400,1387,1401,-1,1401,1387,1388,-1,1401,1388,1402,-1,1402,1388,1389,-1,1402,1389,1403,-1,1403,1389,1390,-1,1403,1390,1404,-1,1404,1390,1391,-1,1404,1391,1405,-1,1405,1391,1392,-1,1405,1392,1406,-1,1406,1392,1393,-1,1406,1393,837,-1,769,770,803,-1,803,770,804,-1,803,804,1407,-1,1407,804,1394,-1,1407,1394,1408,-1,1408,1394,1395,-1,1408,1395,1409,-1,1409,1395,1396,-1,1409,1396,1410,-1,1410,1396,1397,-1,1410,1397,1411,-1,1411,1397,1398,-1,1411,1398,1412,-1,1412,1398,1399,-1,1412,1399,1413,-1,1413,1399,1400,-1,1413,1400,1414,-1,1414,1400,1401,-1,1414,1401,1415,-1,1415,1401,1402,-1,1415,1402,1416,-1,1416,1402,1403,-1,1416,1403,1417,-1,1417,1403,1404,-1,1417,1404,1418,-1,1418,1404,1405,-1,1418,1405,1419,-1,1419,1405,1406,-1,1419,1406,837,-1,767,768,802,-1,802,768,803,-1,802,803,1420,-1,1420,803,1407,-1,1420,1407,1421,-1,1421,1407,1408,-1,1421,1408,1422,-1,1422,1408,1409,-1,1422,1409,1423,-1,1423,1409,1410,-1,1423,1410,1424,-1,1424,1410,1411,-1,1424,1411,1425,-1,1425,1411,1412,-1,1425,1412,1426,-1,1426,1412,1413,-1,1426,1413,1427,-1,1427,1413,1414,-1,1427,1414,1428,-1,1428,1414,1415,-1,1428,1415,1429,-1,1429,1415,1416,-1,1429,1416,1430,-1,1430,1416,1417,-1,1430,1417,1431,-1,1431,1417,1418,-1,1431,1418,1432,-1,1432,1418,1419,-1,1432,1419,837,-1,763,766,1433,-1,1433,766,802,-1,1433,802,1434,-1,1434,802,1420,-1,1434,1420,1435,-1,1435,1420,1421,-1,1435,1421,1436,-1,1436,1421,1422,-1,1436,1422,1437,-1,1437,1422,1423,-1,1437,1423,1438,-1,1438,1423,1424,-1,1438,1424,1439,-1,1439,1424,1425,-1,1439,1425,1440,-1,1440,1425,1426,-1,1440,1426,1441,-1,1441,1426,1427,-1,1441,1427,1442,-1,1442,1427,1428,-1,1442,1428,1443,-1,1443,1428,1429,-1,1443,1429,1444,-1,1444,1429,1430,-1,1444,1430,1445,-1,1445,1430,1431,-1,1445,1431,1446,-1,1446,1431,1432,-1,1446,1432,837,-1,764,763,801,-1,801,763,1433,-1,801,1433,1447,-1,1447,1433,1434,-1,1447,1434,1448,-1,1448,1434,1435,-1,1448,1435,1449,-1,1449,1435,1436,-1,1449,1436,1450,-1,1450,1436,1437,-1,1450,1437,1451,-1,1451,1437,1438,-1,1451,1438,1452,-1,1452,1438,1439,-1,1452,1439,1453,-1,1453,1439,1440,-1,1453,1440,1454,-1,1454,1440,1441,-1,1454,1441,1455,-1,1455,1441,1442,-1,1455,1442,1456,-1,1456,1442,1443,-1,1456,1443,1457,-1,1457,1443,1444,-1,1457,1444,1458,-1,1458,1444,1445,-1,1458,1445,1459,-1,1459,1445,1446,-1,1459,1446,837,-1,761,765,800,-1,800,765,801,-1,800,801,1460,-1,1460,801,1447,-1,1460,1447,1461,-1,1461,1447,1448,-1,1461,1448,1462,-1,1462,1448,1449,-1,1462,1449,1463,-1,1463,1449,1450,-1,1463,1450,1464,-1,1464,1450,1451,-1,1464,1451,1465,-1,1465,1451,1452,-1,1465,1452,1466,-1,1466,1452,1453,-1,1466,1453,1467,-1,1467,1453,1454,-1,1467,1454,1468,-1,1468,1454,1455,-1,1468,1455,1469,-1,1469,1455,1456,-1,1469,1456,1470,-1,1470,1456,1457,-1,1470,1457,1471,-1,1471,1457,1458,-1,1471,1458,1472,-1,1472,1458,1459,-1,1472,1459,837,-1,760,762,1473,-1,1473,762,800,-1,1473,800,1474,-1,1474,800,1460,-1,1474,1460,1475,-1,1475,1460,1461,-1,1475,1461,1476,-1,1476,1461,1462,-1,1476,1462,1477,-1,1477,1462,1463,-1,1477,1463,1478,-1,1478,1463,1464,-1,1478,1464,1479,-1,1479,1464,1465,-1,1479,1465,1480,-1,1480,1465,1466,-1,1480,1466,1481,-1,1481,1466,1467,-1,1481,1467,1482,-1,1482,1467,1468,-1,1482,1468,1483,-1,1483,1468,1469,-1,1483,1469,1484,-1,1484,1469,1470,-1,1484,1470,1485,-1,1485,1470,1471,-1,1485,1471,1486,-1,1486,1471,1472,-1,1486,1472,837,-1,759,760,799,-1,799,760,1473,-1,799,1473,1487,-1,1487,1473,1474,-1,1487,1474,1488,-1,1488,1474,1475,-1,1488,1475,1489,-1,1489,1475,1476,-1,1489,1476,1490,-1,1490,1476,1477,-1,1490,1477,1491,-1,1491,1477,1478,-1,1491,1478,1492,-1,1492,1478,1479,-1,1492,1479,1493,-1,1493,1479,1480,-1,1493,1480,1494,-1,1494,1480,1481,-1,1494,1481,1495,-1,1495,1481,1482,-1,1495,1482,1496,-1,1496,1482,1483,-1,1496,1483,1497,-1,1497,1483,1484,-1,1497,1484,1498,-1,1498,1484,1485,-1,1498,1485,1499,-1,1499,1485,1486,-1,1499,1486,837,-1,757,758,798,-1,798,758,799,-1,798,799,1500,-1,1500,799,1487,-1,1500,1487,1501,-1,1501,1487,1488,-1,1501,1488,1502,-1,1502,1488,1489,-1,1502,1489,1503,-1,1503,1489,1490,-1,1503,1490,1504,-1,1504,1490,1491,-1,1504,1491,1505,-1,1505,1491,1492,-1,1505,1492,1506,-1,1506,1492,1493,-1,1506,1493,1507,-1,1507,1493,1494,-1,1507,1494,1508,-1,1508,1494,1495,-1,1508,1495,1509,-1,1509,1495,1496,-1,1509,1496,1510,-1,1510,1496,1497,-1,1510,1497,1511,-1,1511,1497,1498,-1,1511,1498,1512,-1,1512,1498,1499,-1,1512,1499,837,-1,755,756,797,-1,797,756,798,-1,797,798,1513,-1,1513,798,1500,-1,1513,1500,1514,-1,1514,1500,1501,-1,1514,1501,1515,-1,1515,1501,1502,-1,1515,1502,1516,-1,1516,1502,1503,-1,1516,1503,1517,-1,1517,1503,1504,-1,1517,1504,1518,-1,1518,1504,1505,-1,1518,1505,1519,-1,1519,1505,1506,-1,1519,1506,1520,-1,1520,1506,1507,-1,1520,1507,1521,-1,1521,1507,1508,-1,1521,1508,1522,-1,1522,1508,1509,-1,1522,1509,1523,-1,1523,1509,1510,-1,1523,1510,1524,-1,1524,1510,1511,-1,1524,1511,1525,-1,1525,1511,1512,-1,1525,1512,837,-1,751,754,1526,-1,1526,754,797,-1,1526,797,1527,-1,1527,797,1513,-1,1527,1513,1528,-1,1528,1513,1514,-1,1528,1514,1529,-1,1529,1514,1515,-1,1529,1515,1530,-1,1530,1515,1516,-1,1530,1516,1531,-1,1531,1516,1517,-1,1531,1517,1532,-1,1532,1517,1518,-1,1532,1518,1533,-1,1533,1518,1519,-1,1533,1519,1534,-1,1534,1519,1520,-1,1534,1520,1535,-1,1535,1520,1521,-1,1535,1521,1536,-1,1536,1521,1522,-1,1536,1522,1537,-1,1537,1522,1523,-1,1537,1523,1538,-1,1538,1523,1524,-1,1538,1524,1539,-1,1539,1524,1525,-1,1539,1525,837,-1,752,751,796,-1,796,751,1526,-1,796,1526,1540,-1,1540,1526,1527,-1,1540,1527,1541,-1,1541,1527,1528,-1,1541,1528,1542,-1,1542,1528,1529,-1,1542,1529,1543,-1,1543,1529,1530,-1,1543,1530,1544,-1,1544,1530,1531,-1,1544,1531,1545,-1,1545,1531,1532,-1,1545,1532,1546,-1,1546,1532,1533,-1,1546,1533,1547,-1,1547,1533,1534,-1,1547,1534,1548,-1,1548,1534,1535,-1,1548,1535,1549,-1,1549,1535,1536,-1,1549,1536,1550,-1,1550,1536,1537,-1,1550,1537,1551,-1,1551,1537,1538,-1,1551,1538,1552,-1,1552,1538,1539,-1,1552,1539,837,-1,749,753,795,-1,795,753,796,-1,795,796,1553,-1,1553,796,1540,-1,1553,1540,1554,-1,1554,1540,1541,-1,1554,1541,1555,-1,1555,1541,1542,-1,1555,1542,1556,-1,1556,1542,1543,-1,1556,1543,1557,-1,1557,1543,1544,-1,1557,1544,1558,-1,1558,1544,1545,-1,1558,1545,1559,-1,1559,1545,1546,-1,1559,1546,1560,-1,1560,1546,1547,-1,1560,1547,1561,-1,1561,1547,1548,-1,1561,1548,1562,-1,1562,1548,1549,-1,1562,1549,1563,-1,1563,1549,1550,-1,1563,1550,1564,-1,1564,1550,1551,-1,1564,1551,1565,-1,1565,1551,1552,-1,1565,1552,837,-1,748,750,1566,-1,1566,750,795,-1,1566,795,1567,-1,1567,795,1553,-1,1567,1553,1568,-1,1568,1553,1554,-1,1568,1554,1569,-1,1569,1554,1555,-1,1569,1555,1570,-1,1570,1555,1556,-1,1570,1556,1571,-1,1571,1556,1557,-1,1571,1557,1572,-1,1572,1557,1558,-1,1572,1558,1573,-1,1573,1558,1559,-1,1573,1559,1574,-1,1574,1559,1560,-1,1574,1560,1575,-1,1575,1560,1561,-1,1575,1561,1576,-1,1576,1561,1562,-1,1576,1562,1577,-1,1577,1562,1563,-1,1577,1563,1578,-1,1578,1563,1564,-1,1578,1564,1579,-1,1579,1564,1565,-1,1579,1565,837,-1,747,748,794,-1,794,748,1566,-1,794,1566,1580,-1,1580,1566,1567,-1,1580,1567,1581,-1,1581,1567,1568,-1,1581,1568,1582,-1,1582,1568,1569,-1,1582,1569,1583,-1,1583,1569,1570,-1,1583,1570,1584,-1,1584,1570,1571,-1,1584,1571,1585,-1,1585,1571,1572,-1,1585,1572,1586,-1,1586,1572,1573,-1,1586,1573,1587,-1,1587,1573,1574,-1,1587,1574,1588,-1,1588,1574,1575,-1,1588,1575,1589,-1,1589,1575,1576,-1,1589,1576,1590,-1,1590,1576,1577,-1,1590,1577,1591,-1,1591,1577,1578,-1,1591,1578,1592,-1,1592,1578,1579,-1,1592,1579,837,-1,745,746,793,-1,793,746,794,-1,793,794,1593,-1,1593,794,1580,-1,1593,1580,1594,-1,1594,1580,1581,-1,1594,1581,1595,-1,1595,1581,1582,-1,1595,1582,1596,-1,1596,1582,1583,-1,1596,1583,1597,-1,1597,1583,1584,-1,1597,1584,1598,-1,1598,1584,1585,-1,1598,1585,1599,-1,1599,1585,1586,-1,1599,1586,1600,-1,1600,1586,1587,-1,1600,1587,1601,-1,1601,1587,1588,-1,1601,1588,1602,-1,1602,1588,1589,-1,1602,1589,1603,-1,1603,1589,1590,-1,1603,1590,1604,-1,1604,1590,1591,-1,1604,1591,1605,-1,1605,1591,1592,-1,1605,1592,837,-1,743,744,1606,-1,1606,744,793,-1,1606,793,1607,-1,1607,793,1593,-1,1607,1593,1608,-1,1608,1593,1594,-1,1608,1594,1609,-1,1609,1594,1595,-1,1609,1595,1610,-1,1610,1595,1596,-1,1610,1596,1611,-1,1611,1596,1597,-1,1611,1597,1612,-1,1612,1597,1598,-1,1612,1598,1613,-1,1613,1598,1599,-1,1613,1599,1614,-1,1614,1599,1600,-1,1614,1600,1615,-1,1615,1600,1601,-1,1615,1601,1616,-1,1616,1601,1602,-1,1616,1602,1617,-1,1617,1602,1603,-1,1617,1603,1618,-1,1618,1603,1604,-1,1618,1604,1619,-1,1619,1604,1605,-1,1619,1605,837,-1,742,743,913,-1,913,743,1606,-1,913,1606,915,-1,915,1606,1607,-1,915,1607,912,-1,912,1607,1608,-1,912,1608,911,-1,911,1608,1609,-1,911,1609,910,-1,910,1609,1610,-1,910,1610,909,-1,909,1610,1611,-1,909,1611,908,-1,908,1611,1612,-1,908,1612,907,-1,907,1612,1613,-1,907,1613,906,-1,906,1613,1614,-1,906,1614,905,-1,905,1614,1615,-1,905,1615,904,-1,904,1615,1616,-1,904,1616,903,-1,903,1616,1617,-1,903,1617,902,-1,902,1617,1618,-1,902,1618,901,-1,901,1618,1619,-1,901,1619,837,-1,
        ]
    }
}
Shape{
    appearance Appearance {
        material  Material {
            diffuseColor 0.0 0.0 0.0
            specularColor 0.0 0.0 0.0
            ambientIntensity 0.0
            transparency 0.0
            shininess 0.5
        }
    }
    geometry IndexedFaceSet {
        ccw TRUE
        solid FALSE
        coord DEF co Coordinate {
            point [
                0.9844 0.083 0.2263, 0.9844 0.083 0.2172, 0.9841 0.083 0.2263, 0.9841 0.083 0.2172, 0.9844 0.0511 0.2263, 0.9841 0.0511 0.2263, 0.9844 0.0511 0.2972, 0.9841 0.0511 0.2972, 0.9844 0.0408 0.2972, 0.9841 0.0408 0.2972, 0.9844 0.0408 0.2172, 0.9841 0.0408 0.2172, 0.9844 0.1363 0.217, 0.9844 0.1241 0.2158, 0.9841 0.1311 0.2165, 0.9841 0.1241 0.2158, 0.9841 0.1363 0.217, 0.9841 0.1449 0.2198, 0.9844 0.1449 0.2198, 0.9841 0.1462 0.2205, 0.9844 0.1462 0.2205, 0.9844 0.1462 0.2304, 0.9841 0.1462 0.2304, 0.9841 0.1384 0.2269, 0.9844 0.1384 0.2269, 0.9841 0.1293 0.2252, 0.9844 0.1293 0.2252, 0.9841 0.1256 0.225, 0.9844 0.1256 0.225, 0.9841 0.1187 0.2257, 0.9844 0.1187 0.2257, 0.9841 0.1128 0.2277, 0.9844 0.1128 0.2277, 0.9841 0.1073 0.2312, 0.9844 0.1073 0.2312, 0.9841 0.105 0.2335, 0.9844 0.105 0.2335, 0.9841 0.1014 0.2383, 0.9844 0.1014 0.2383, 0.9841 0.0987 0.2447, 0.9844 0.0987 0.2447, 0.9841 0.0973 0.2525, 0.9844 0.0973 0.2525, 0.9841 0.0971 0.2563, 0.9844 0.0971 0.2563, 0.9841 0.0985 0.2673, 0.9844 0.0985 0.2673, 0.9841 0.1011 0.2742, 0.9844 0.1011 0.2742, 0.9841 0.105 0.2798, 0.9844 0.105 0.2798, 0.9841 0.1055 0.2804, 0.9844 0.1055 0.2804, 0.9841 0.1104 0.2845, 0.9844 0.1104 0.2845, 0.9841 0.1166 0.2876, 0.9844 0.1166 0.2876, 0.9841 0.1234 0.2891, 0.9844 0.1234 0.2891, 0.9841 0.1274 0.2893, 0.9844 0.1274 0.2893, 0.9841 0.1372 0.2881, 0.9844 0.1372 0.2881, 0.9841 0.1453 0.285, 0.9844 0.1453 0.285, 0.9841 0.1462 0.2845, 0.9844 0.1462 0.2845, 0.9844 0.1462 0.2953, 0.9841 0.1462 0.2953, 0.9841 0.1273 0.2986, 0.9844 0.1273 0.2986, 0.9841 0.1359 0.2979, 0.9844 0.1377 0.2978, 0.9841 0.1377 0.2978, 0.9841 0.1217 0.2979, 0.9844 0.1157 0.2972, 0.9841 0.1157 0.2972, 0.9841 0.1073 0.2939, 0.9844 0.1073 0.2939, 0.9841 0.0998 0.2887, 0.9844 0.0998 0.2887, 0.9841 0.0978 0.2868, 0.9844 0.0978 0.2868, 0.9841 0.092 0.2792, 0.9844 0.092 0.2792, 0.9841 0.0899 0.2741, 0.9844 0.0882 0.2703, 0.9841 0.0882 0.2703, 0.9841 0.0864 0.2599, 0.9844 0.0864 0.2599, 0.9841 0.0863 0.2557, 0.9844 0.0863 0.2557, 0.9841 0.0879 0.2427, 0.9844 0.0879 0.2427, 0.9841 0.0899 0.2375, 0.9844 0.0911 0.2343, 0.9841 0.0911 0.2343, 0.9841 0.0959 0.2275, 0.9844 0.0959 0.2275, 0.9841 0.0966 0.2268, 0.9844 0.0966 0.2268, 0.9844 0.1192 0.2161, 0.9841 0.103 0.2214, 0.9844 0.103 0.2214, 0.9841 0.1105 0.2178, 0.9844 0.1105 0.2178, 0.9841 0.1171 0.2165, 0.9841 0.1192 0.2161, 0.9844 0.2053 0.2263, 0.9844 0.2053 0.2172, 0.9841 0.2053 0.2263, 0.9841 0.2053 0.2172, 0.9841 0.1726 0.2263, 0.9844 0.1726 0.2263, 0.9841 0.1942 0.2263, 0.9844 0.1726 0.2532, 0.9841 0.1726 0.2532, 0.9841 0.2012 0.2532, 0.9844 0.2012 0.2532, 0.9841 0.1942 0.2532, 0.9844 0.2012 0.2624, 0.9841 0.2012 0.2624, 0.9841 0.1726 0.2624, 0.9844 0.1726 0.2624, 0.9841 0.1942 0.2624, 0.9844 0.1726 0.288, 0.9841 0.1726 0.288, 0.9841 0.2035 0.288, 0.9844 0.2035 0.288, 0.9841 0.1942 0.288, 0.9844 0.2035 0.2972, 0.9841 0.2035 0.2972, 0.9841 0.1623 0.2972, 0.9844 0.1623 0.2972, 0.9841 0.1942 0.2972, 0.9844 0.1623 0.2172, 0.9841 0.1623 0.2172, 0.9841 0.1942 0.2172, 0.9844 0.2736 0.2284, 0.9844 0.2653 0.2338, 0.9844 0.2652 0.2224, 0.9844 0.2601 0.2302, 0.9844 0.2561 0.2188, 0.9844 0.2535 0.2276, 0.9844 0.2425 0.2172, 0.9844 0.2424 0.2263, 0.9844 0.2204 0.2172, 0.9844 0.2308 0.2263, 0.9844 0.2204 0.2972, 0.9844 0.2308 0.288, 0.9844 0.2433 0.2972, 0.9844 0.2429 0.288, 0.9844 0.2439 0.288, 0.9844 0.2555 0.2959, 0.9844 0.2541 0.2867, 0.9844 0.2652 0.2924, 0.9844 0.2609 0.284, 0.9844 0.2736 0.2866, 0.9844 0.266 0.2805, 0.9844 0.2764 0.2839, 0.9844 0.2682 0.2783, 0.9844 0.2813 0.2769, 0.9844 0.2713 0.2738, 0.9844 0.2843 0.2693, 0.9844 0.2736 0.268, 0.9844 0.2856 0.2582, 0.9844 0.2748 0.2579, 0.9844 0.2854 0.2531, 0.9844 0.2744 0.2523, 0.9844 0.2835 0.2438, 0.9844 0.2728 0.2451, 0.9844 0.2795 0.2355, 0.9844 0.27 0.2392, 0.9844 0.2662 0.2347, 0.9841 0.2425 0.2172, 0.9841 0.2204 0.2172, 0.9841 0.2736 0.2284, 0.9841 0.2561 0.2188, 0.9841 0.2571 0.2192, 0.9841 0.2652 0.2224, 0.9841 0.2795 0.2355, 0.9841 0.2835 0.2438, 0.9841 0.2854 0.2531, 0.9841 0.2856 0.2582, 0.9841 0.2843 0.2693, 0.9841 0.2813 0.2769, 0.9841 0.2764 0.2839, 0.9841 0.2736 0.2866, 0.9841 0.2433 0.2972, 0.9841 0.2652 0.2924, 0.9841 0.2571 0.2953, 0.9841 0.2555 0.2959, 0.9841 0.2204 0.2972, 0.9841 0.2429 0.288, 0.9841 0.2308 0.288, 0.9841 0.2308 0.2263, 0.9841 0.2424 0.2263, 0.9841 0.2662 0.2347, 0.9841 0.2653 0.2338, 0.9841 0.2601 0.2302, 0.9841 0.2535 0.2276, 0.9841 0.2748 0.2579, 0.9841 0.2744 0.2523, 0.9841 0.2728 0.2451, 0.9841 0.27 0.2392, 0.9841 0.266 0.2805, 0.9841 0.2682 0.2783, 0.9841 0.2713 0.2738, 0.9841 0.2736 0.268, 0.9841 0.2439 0.288, 0.9841 0.2541 0.2867, 0.9841 0.2609 0.284
            ]
        }
        coordIndex [
            0,1,2,-1,2,1,3,-1,4,0,5,-1,5,0,2,-1,6,4,7,-1,7,4,5,-1,8,6,9,-1,9,6,7,-1,10,8,11,-1,11,8,9,-1,1,10,3,-1,3,10,11,-1,6,8,4,-1,4,8,10,-1,4,10,0,-1,0,10,1,-1,12,13,14,-1,14,13,15,-1,14,16,12,-1,12,16,17,-1,12,17,18,-1,18,17,19,-1,18,19,20,-1,21,20,22,-1,22,20,19,-1,21,22,23,-1,21,23,24,-1,24,23,25,-1,24,25,26,-1,26,25,27,-1,26,27,28,-1,28,27,29,-1,28,29,30,-1,30,29,31,-1,30,31,32,-1,32,31,33,-1,32,33,34,-1,34,33,35,-1,34,35,36,-1,36,35,37,-1,36,37,38,-1,38,37,39,-1,38,39,40,-1,40,39,41,-1,40,41,42,-1,42,41,43,-1,42,43,44,-1,44,43,45,-1,44,45,46,-1,46,45,47,-1,46,47,48,-1,48,47,49,-1,48,49,50,-1,50,49,51,-1,50,51,52,-1,52,51,53,-1,52,53,54,-1,54,53,55,-1,54,55,56,-1,56,55,57,-1,56,57,58,-1,58,57,59,-1,58,59,60,-1,60,59,61,-1,60,61,62,-1,62,61,63,-1,62,63,64,-1,64,63,65,-1,64,65,66,-1,67,66,68,-1,68,66,65,-1,69,70,71,-1,71,70,72,-1,71,72,73,-1,73,72,67,-1,73,67,68,-1,70,69,74,-1,70,74,75,-1,74,76,75,-1,75,76,77,-1,75,77,78,-1,78,77,79,-1,78,79,80,-1,80,79,81,-1,80,81,82,-1,82,81,83,-1,82,83,84,-1,84,83,85,-1,84,85,86,-1,85,87,86,-1,86,87,88,-1,86,88,89,-1,89,88,90,-1,89,90,91,-1,91,90,92,-1,91,92,93,-1,93,92,94,-1,93,94,95,-1,94,96,95,-1,95,96,97,-1,95,97,98,-1,98,97,99,-1,98,99,100,-1,15,13,101,-1,100,99,102,-1,100,102,103,-1,103,102,104,-1,103,104,105,-1,105,104,106,-1,105,106,101,-1,101,106,107,-1,101,107,15,-1,54,56,75,-1,46,48,84,-1,84,48,82,-1,75,56,70,-1,91,44,89,-1,89,44,46,-1,89,46,86,-1,86,46,84,-1,56,58,70,-1,70,58,60,-1,70,60,72,-1,72,60,62,-1,72,62,67,-1,67,62,64,-1,67,64,66,-1,20,21,18,-1,18,21,24,-1,18,24,12,-1,12,24,26,-1,12,26,13,-1,13,26,28,-1,13,28,101,-1,101,28,30,-1,101,30,105,-1,105,30,32,-1,105,32,103,-1,103,32,34,-1,103,34,100,-1,100,34,36,-1,100,36,98,-1,98,36,38,-1,98,38,95,-1,95,38,93,-1,93,38,40,-1,93,40,91,-1,91,40,42,-1,91,42,44,-1,48,50,82,-1,82,50,52,-1,82,52,80,-1,80,52,54,-1,80,54,78,-1,78,54,75,-1,108,109,110,-1,110,109,111,-1,112,113,114,-1,114,113,108,-1,114,108,110,-1,115,113,116,-1,116,113,112,-1,117,118,119,-1,119,118,115,-1,119,115,116,-1,120,118,121,-1,121,118,117,-1,122,123,124,-1,124,123,120,-1,124,120,121,-1,125,123,126,-1,126,123,122,-1,127,128,129,-1,129,128,125,-1,129,125,126,-1,130,128,131,-1,131,128,127,-1,132,133,134,-1,134,133,130,-1,134,130,131,-1,135,133,136,-1,136,133,132,-1,111,109,137,-1,137,109,135,-1,137,135,136,-1,135,109,108,-1,108,113,135,-1,135,113,115,-1,135,115,133,-1,128,130,125,-1,125,130,133,-1,125,133,123,-1,123,133,115,-1,123,115,120,-1,120,115,118,-1,138,139,140,-1,140,139,141,-1,140,141,142,-1,142,141,143,-1,142,143,144,-1,144,143,145,-1,144,145,146,-1,146,145,147,-1,146,147,148,-1,148,147,149,-1,148,149,150,-1,149,151,150,-1,150,151,152,-1,150,152,153,-1,153,152,154,-1,153,154,155,-1,155,154,156,-1,155,156,157,-1,157,156,158,-1,157,158,159,-1,159,158,160,-1,159,160,161,-1,161,160,162,-1,161,162,163,-1,163,162,164,-1,163,164,165,-1,165,164,166,-1,165,166,167,-1,167,166,168,-1,167,168,169,-1,169,168,170,-1,169,170,171,-1,171,170,172,-1,171,172,138,-1,138,172,173,-1,138,173,139,-1,144,146,174,-1,174,146,175,-1,176,138,140,-1,144,174,177,-1,144,177,142,-1,142,177,178,-1,142,178,140,-1,140,178,179,-1,140,179,176,-1,138,176,180,-1,138,180,171,-1,171,180,181,-1,171,181,169,-1,169,181,182,-1,169,182,167,-1,167,182,183,-1,167,183,165,-1,165,183,184,-1,165,184,163,-1,163,184,185,-1,163,185,161,-1,161,185,186,-1,161,186,159,-1,159,186,187,-1,159,187,157,-1,188,150,153,-1,157,187,189,-1,157,189,155,-1,155,189,190,-1,155,190,153,-1,153,190,191,-1,153,191,188,-1,148,150,192,-1,192,150,188,-1,146,148,175,-1,175,148,192,-1,151,149,193,-1,193,149,194,-1,149,147,194,-1,194,147,195,-1,147,145,195,-1,195,145,196,-1,173,197,198,-1,173,198,139,-1,139,198,199,-1,139,199,141,-1,141,199,200,-1,141,200,143,-1,143,200,196,-1,143,196,145,-1,166,201,202,-1,166,202,168,-1,168,202,203,-1,168,203,170,-1,170,203,204,-1,170,204,172,-1,172,204,197,-1,172,197,173,-1,158,205,206,-1,158,206,160,-1,160,206,207,-1,160,207,162,-1,162,207,208,-1,162,208,164,-1,164,208,201,-1,164,201,166,-1,151,193,209,-1,151,209,152,-1,152,209,210,-1,152,210,154,-1,154,210,211,-1,154,211,156,-1,156,211,205,-1,156,205,158,-1,
        ]
    }
}
Shape{
    appearance Appearance {
        material  Material {
            diffuseColor 1.0 1.0 1.0
            specularColor 0.5019607843137255 0.5019607843137255 0.5019607843137255
            ambientIntensity 1.0
            transparency 0.0
            shininess 0.5
        }
    }
    geometry IndexedFaceSet {
        ccw TRUE
        solid FALSE
        coord DEF co Coordinate {
            point [
                0.9841 0.2601 0.2302, 0.9841 0.2653 0.2338, 0.9841 0.2439 0.288, 0.9841 0.2308 0.288, 0.9841 0.2308 0.2263, 0.9841 0.2429 0.288, 0.9841 0.2424 0.2263, 0.9841 0.2535 0.2276, 0.9841 0.2662 0.2347, 0.9841 0.27 0.2392, 0.9841 0.2728 0.2451, 0.9841 0.2748 0.2579, 0.9841 0.266 0.2805, 0.9841 0.2609 0.284, 0.9841 0.2736 0.268, 0.9841 0.2713 0.2738, 0.9841 0.2682 0.2783, 0.9841 0.2744 0.2523, 0.9841 0.2541 0.2867
            ]
        }
        coordIndex [
            0,1,2,-1,3,4,5,-1,5,4,6,-1,5,6,2,-1,2,6,7,-1,2,7,0,-1,1,8,2,-1,2,8,9,-1,2,9,10,-1,11,12,13,-1,14,15,11,-1,11,15,16,-1,11,16,12,-1,10,17,2,-1,2,17,11,-1,2,11,18,-1,18,11,13,-1,
        ]
    }
}
Shape{
    appearance Appearance {
        material  Material {
            diffuseColor 0.0 0.0 0.0
            specularColor 0.0 0.0 0.0
            ambientIntensity 0.0
            transparency 0.0
            shininess 0.5
        }
    }
    geometry IndexedFaceSet {
        ccw TRUE
        solid FALSE
        coord DEF co Coordinate {
            point [
                0.9844 0.3125 0.2481, 0.9844 0.3092 0.2391, 0.9844 0.3393 0.2481, 0.9844 0.3425 0.2391, 0.9844 0.3244 0.2814, 0.9844 0.3206 0.2972, 0.9844 0.2901 0.2172, 0.9844 0.3015 0.2172, 0.9844 0.3251 0.2838, 0.9844 0.3258 0.287, 0.9844 0.3316 0.2972, 0.9844 0.326 0.287, 0.9844 0.3266 0.2836, 0.9844 0.3272 0.2814, 0.9844 0.3621 0.2172, 0.9844 0.3507 0.2172, 0.9841 0.3316 0.2972, 0.9841 0.3621 0.2172, 0.9841 0.3206 0.2972, 0.9841 0.2901 0.2172, 0.9841 0.3132 0.2778, 0.9841 0.3015 0.2172, 0.9841 0.3092 0.2391, 0.9841 0.3425 0.2391, 0.9841 0.3132 0.2391, 0.9841 0.3507 0.2172, 0.9841 0.3125 0.2481, 0.9841 0.3393 0.2481, 0.9841 0.3272 0.2814, 0.9841 0.326 0.287, 0.9841 0.3266 0.2836, 0.9841 0.3258 0.287, 0.9841 0.3244 0.2814, 0.9841 0.3251 0.2838
            ]
        }
        coordIndex [
            0,1,2,-1,2,1,3,-1,4,5,0,-1,0,5,6,-1,0,6,1,-1,1,6,7,-1,4,8,5,-1,5,8,9,-1,5,9,10,-1,10,9,11,-1,10,11,12,-1,12,13,10,-1,10,13,2,-1,10,2,14,-1,14,2,3,-1,14,3,15,-1,10,14,16,-1,16,14,17,-1,5,10,18,-1,18,10,16,-1,19,6,20,-1,20,6,5,-1,20,5,18,-1,7,6,21,-1,21,6,19,-1,1,7,22,-1,22,7,21,-1,23,3,24,-1,24,3,1,-1,24,1,22,-1,15,3,25,-1,25,3,23,-1,14,15,17,-1,17,15,25,-1,0,2,26,-1,26,2,27,-1,2,13,27,-1,27,13,28,-1,11,29,30,-1,11,30,12,-1,12,30,28,-1,12,28,13,-1,11,9,29,-1,29,9,31,-1,4,32,33,-1,4,33,8,-1,8,33,31,-1,8,31,9,-1,4,0,32,-1,32,0,26,-1,
        ]
    }
}
Shape{
    appearance Appearance {
        material  Material {
            diffuseColor 1.0 1.0 1.0
            specularColor 0.5019607843137255 0.5019607843137255 0.5019607843137255
            ambientIntensity 1.0
            transparency 0.0
            shininess 0.5
        }
    }
    geometry IndexedFaceSet {
        ccw TRUE
        solid FALSE
        coord DEF co Coordinate {
            point [
                0.9841 0.326 0.287, 0.9841 0.3258 0.287, 0.9841 0.3266 0.2836, 0.9841 0.3251 0.2838, 0.9841 0.3272 0.2814, 0.9841 0.3244 0.2814, 0.9841 0.3393 0.2481, 0.9841 0.3125 0.2481
            ]
        }
        coordIndex [
            0,1,2,-1,2,1,3,-1,2,3,4,-1,4,3,5,-1,4,5,6,-1,6,5,7,-1,
        ]
    }
}
Shape{
    appearance Appearance {
        material  Material {
            diffuseColor 0.0 0.0 0.0
            specularColor 0.0 0.0 0.0
            ambientIntensity 0.0
            transparency 0.0
            shininess 0.5
        }
    }
    geometry IndexedFaceSet {
        ccw TRUE
        solid FALSE
        coord DEF co Coordinate {
            point [
                0.9844 0.0838 0.0993, 0.9844 0.0838 0.0902, 0.9841 0.0838 0.0993, 0.9841 0.0838 0.0902, 0.9844 0.0511 0.0993, 0.9841 0.0511 0.0993, 0.9844 0.0511 0.1262, 0.9841 0.0511 0.1262, 0.9844 0.0798 0.1262, 0.9841 0.0798 0.1262, 0.9844 0.0798 0.1354, 0.9841 0.0798 0.1354, 0.9844 0.0511 0.1354, 0.9841 0.0511 0.1354, 0.9844 0.0511 0.161, 0.9841 0.0511 0.161, 0.9844 0.082 0.161, 0.9841 0.082 0.161, 0.9844 0.082 0.1702, 0.9841 0.082 0.1702, 0.9844 0.0408 0.1702, 0.9841 0.0408 0.1702, 0.9844 0.0408 0.0902, 0.9841 0.0408 0.0902, 0.9844 0.1294 0.099, 0.9844 0.1294 0.0902, 0.9844 0.1394 0.0902, 0.9844 0.1394 0.127, 0.9844 0.1287 0.1082, 0.9844 0.1291 0.099, 0.9844 0.1042 0.1102, 0.9844 0.1051 0.112, 0.9844 0.0977 0.1176, 0.9844 0.1009 0.1203, 0.9844 0.1294 0.1189, 0.9844 0.1294 0.1134, 0.9844 0.1294 0.1127, 0.9844 0.099 0.1433, 0.9844 0.099 0.1336, 0.9844 0.1011 0.1445, 0.9844 0.1059 0.1379, 0.9844 0.1086 0.1474, 0.9844 0.1122 0.14, 0.9844 0.1187 0.1487, 0.9844 0.1178 0.1405, 0.9844 0.1251 0.148, 0.9844 0.1212 0.1401, 0.9844 0.1292 0.1467, 0.9844 0.1235 0.1393, 0.9844 0.1325 0.1448, 0.9844 0.1253 0.1382, 0.9844 0.1351 0.1422, 0.9844 0.1268 0.1366, 0.9844 0.1372 0.1389, 0.9844 0.128 0.1345, 0.9844 0.1387 0.1342, 0.9844 0.129 0.1309, 0.9844 0.1294 0.1265, 0.9844 0.1272 0.1046, 0.9844 0.1251 0.1017, 0.9844 0.1267 0.0956, 0.9844 0.1238 0.1005, 0.9844 0.1234 0.0925, 0.9844 0.121 0.0986, 0.9844 0.1212 0.091, 0.9844 0.1179 0.0975, 0.9844 0.1172 0.0895, 0.9844 0.1142 0.097, 0.9844 0.1116 0.0888, 0.9844 0.1108 0.0974, 0.9844 0.1056 0.0895, 0.9844 0.1085 0.0982, 0.9844 0.1017 0.091, 0.9844 0.1065 0.0996, 0.9844 0.0984 0.0933, 0.9844 0.1057 0.1005, 0.9844 0.116 0.117, 0.9844 0.1124 0.1241, 0.9844 0.1093 0.1154, 0.9844 0.1053 0.1224, 0.9844 0.1072 0.1143, 0.9844 0.1063 0.1135, 0.9844 0.0956 0.1148, 0.9844 0.0942 0.1113, 0.9844 0.1037 0.1079, 0.9844 0.0935 0.1071, 0.9844 0.1036 0.1063, 0.9844 0.0934 0.1055, 0.9844 0.1039 0.104, 0.9844 0.0939 0.1009, 0.9844 0.1045 0.1022, 0.9844 0.0952 0.0975, 0.9844 0.0973 0.0944, 0.9841 0.1187 0.1487, 0.9841 0.1086 0.1474, 0.9841 0.1011 0.1445, 0.9841 0.099 0.1433, 0.9841 0.099 0.1336, 0.9841 0.1059 0.1379, 0.9841 0.1122 0.14, 0.9841 0.1178 0.1405, 0.9841 0.1212 0.1401, 0.9841 0.1235 0.1393, 0.9841 0.1253 0.1382, 0.9841 0.1268 0.1366, 0.9841 0.128 0.1345, 0.9841 0.129 0.1309, 0.9841 0.1294 0.1265, 0.9841 0.1124 0.1241, 0.9841 0.1053 0.1224, 0.9841 0.1009 0.1203, 0.9841 0.0977 0.1176, 0.9841 0.0956 0.1148, 0.9841 0.0942 0.1113, 0.9841 0.0935 0.1071, 0.9841 0.0934 0.1055, 0.9841 0.0939 0.1009, 0.9841 0.0952 0.0975, 0.9841 0.0973 0.0944, 0.9841 0.0984 0.0933, 0.9841 0.1116 0.0888, 0.9841 0.1058 0.0895, 0.9841 0.1056 0.0895, 0.9841 0.1017 0.091, 0.9841 0.1172 0.0895, 0.9841 0.1212 0.091, 0.9841 0.1234 0.0925, 0.9841 0.1267 0.0956, 0.9841 0.1291 0.099, 0.9841 0.1294 0.099, 0.9841 0.1294 0.0902, 0.9841 0.1394 0.0902, 0.9841 0.1394 0.127, 0.9841 0.1387 0.1342, 0.9841 0.1372 0.1389, 0.9841 0.1351 0.1422, 0.9841 0.1325 0.1448, 0.9841 0.1292 0.1467, 0.9841 0.1251 0.148, 0.9841 0.1063 0.1135, 0.9841 0.1072 0.1143, 0.9841 0.1093 0.1154, 0.9841 0.116 0.117, 0.9841 0.1036 0.1063, 0.9841 0.1037 0.1079, 0.9841 0.1042 0.1102, 0.9841 0.1051 0.112, 0.9841 0.1065 0.0996, 0.9841 0.1057 0.1005, 0.9841 0.1045 0.1022, 0.9841 0.1039 0.104, 0.9841 0.1142 0.097, 0.9841 0.1108 0.0974, 0.9841 0.1085 0.0982, 0.9841 0.1251 0.1017, 0.9841 0.1238 0.1005, 0.9841 0.121 0.0986, 0.9841 0.1179 0.0975, 0.9841 0.1294 0.1134, 0.9841 0.1294 0.1127, 0.9841 0.1287 0.1082, 0.9841 0.1272 0.1046, 0.9841 0.1294 0.1189
            ]
        }
        coordIndex [
            0,1,2,-1,2,1,3,-1,4,0,5,-1,5,0,2,-1,6,4,7,-1,7,4,5,-1,8,6,9,-1,9,6,7,-1,10,8,11,-1,11,8,9,-1,12,10,13,-1,13,10,11,-1,14,12,15,-1,15,12,13,-1,16,14,17,-1,17,14,15,-1,18,16,19,-1,19,16,17,-1,20,18,21,-1,21,18,19,-1,22,20,23,-1,23,20,21,-1,1,22,3,-1,3,22,23,-1,1,0,22,-1,22,0,4,-1,8,10,6,-1,6,10,12,-1,16,18,14,-1,14,18,20,-1,14,20,12,-1,12,20,22,-1,12,22,6,-1,6,22,4,-1,24,25,26,-1,26,27,24,-1,24,27,28,-1,24,28,29,-1,30,31,32,-1,32,31,33,-1,34,35,27,-1,27,35,36,-1,27,36,28,-1,37,38,39,-1,39,38,40,-1,39,40,41,-1,41,40,42,-1,41,42,43,-1,43,42,44,-1,43,44,45,-1,45,44,46,-1,45,46,47,-1,47,46,48,-1,47,48,49,-1,49,48,50,-1,49,50,51,-1,51,50,52,-1,51,52,53,-1,53,52,54,-1,53,54,55,-1,55,54,56,-1,55,56,57,-1,28,58,29,-1,29,58,59,-1,29,59,60,-1,60,59,61,-1,60,61,62,-1,62,61,63,-1,62,63,64,-1,64,63,65,-1,64,65,66,-1,66,65,67,-1,66,67,68,-1,68,67,69,-1,68,69,70,-1,70,69,71,-1,70,71,72,-1,72,71,73,-1,72,73,74,-1,74,73,75,-1,27,55,34,-1,34,55,57,-1,34,57,76,-1,76,57,77,-1,76,77,78,-1,78,77,79,-1,78,79,80,-1,80,79,33,-1,80,33,81,-1,81,33,31,-1,32,82,30,-1,30,82,83,-1,30,83,84,-1,84,83,85,-1,84,85,86,-1,86,85,87,-1,86,87,88,-1,88,87,89,-1,88,89,90,-1,90,89,91,-1,90,91,75,-1,75,91,92,-1,75,92,74,-1,43,93,94,-1,43,94,41,-1,41,94,95,-1,41,95,39,-1,39,95,96,-1,39,96,37,-1,38,37,97,-1,97,37,96,-1,38,97,98,-1,38,98,40,-1,40,98,99,-1,40,99,42,-1,42,99,100,-1,42,100,44,-1,44,100,101,-1,44,101,46,-1,46,101,102,-1,46,102,48,-1,48,102,103,-1,48,103,50,-1,50,103,104,-1,50,104,52,-1,52,104,105,-1,52,105,54,-1,54,105,106,-1,54,106,56,-1,56,106,107,-1,56,107,57,-1,77,57,108,-1,108,57,107,-1,77,108,109,-1,77,109,79,-1,79,109,110,-1,79,110,33,-1,33,110,111,-1,33,111,32,-1,32,111,112,-1,32,112,82,-1,82,112,113,-1,82,113,83,-1,83,113,114,-1,83,114,85,-1,85,114,115,-1,85,115,87,-1,87,115,116,-1,87,116,89,-1,89,116,117,-1,89,117,91,-1,91,117,118,-1,91,118,92,-1,92,118,119,-1,92,119,74,-1,120,68,121,-1,121,68,70,-1,121,70,122,-1,122,70,72,-1,122,72,123,-1,123,72,74,-1,123,74,119,-1,68,120,124,-1,68,124,66,-1,66,124,125,-1,66,125,64,-1,64,125,126,-1,64,126,62,-1,62,126,127,-1,62,127,60,-1,60,127,128,-1,60,128,29,-1,24,29,129,-1,129,29,128,-1,25,24,130,-1,130,24,129,-1,26,25,131,-1,131,25,130,-1,27,26,132,-1,132,26,131,-1,27,132,133,-1,27,133,55,-1,55,133,134,-1,55,134,53,-1,53,134,135,-1,53,135,51,-1,51,135,136,-1,51,136,49,-1,49,136,137,-1,49,137,47,-1,47,137,138,-1,47,138,45,-1,45,138,93,-1,45,93,43,-1,81,139,140,-1,81,140,80,-1,80,140,141,-1,80,141,78,-1,78,141,142,-1,78,142,76,-1,86,143,144,-1,86,144,84,-1,84,144,145,-1,84,145,30,-1,30,145,146,-1,30,146,31,-1,31,146,139,-1,31,139,81,-1,73,147,148,-1,73,148,75,-1,75,148,149,-1,75,149,90,-1,90,149,150,-1,90,150,88,-1,88,150,143,-1,88,143,86,-1,67,151,152,-1,67,152,69,-1,69,152,153,-1,69,153,71,-1,71,153,147,-1,71,147,73,-1,59,154,155,-1,59,155,61,-1,61,155,156,-1,61,156,63,-1,63,156,157,-1,63,157,65,-1,65,157,151,-1,65,151,67,-1,35,158,159,-1,35,159,36,-1,36,159,160,-1,36,160,28,-1,28,160,161,-1,28,161,58,-1,58,161,154,-1,58,154,59,-1,35,34,158,-1,158,34,162,-1,34,76,162,-1,162,76,142,-1,
        ]
    }
}
Shape{
    appearance Appearance {
        material  Material {
            diffuseColor 1.0 1.0 1.0
            specularColor 0.5019607843137255 0.5019607843137255 0.5019607843137255
            ambientIntensity 1.0
            transparency 0.0
            shininess 0.5
        }
    }
    geometry IndexedFaceSet {
        ccw TRUE
        solid FALSE
        coord DEF co Coordinate {
            point [
                0.9841 0.1294 0.1127, 0.9841 0.1294 0.1134, 0.9841 0.1063 0.1135, 0.9841 0.1294 0.1189, 0.9841 0.116 0.117, 0.9841 0.1093 0.1154, 0.9841 0.1072 0.1143, 0.9841 0.1287 0.1082, 0.9841 0.1051 0.112, 0.9841 0.1272 0.1046, 0.9841 0.1057 0.1005, 0.9841 0.1065 0.0996, 0.9841 0.1238 0.1005, 0.9841 0.1045 0.1022, 0.9841 0.121 0.0986, 0.9841 0.1179 0.0975, 0.9841 0.1142 0.097, 0.9841 0.1042 0.1102, 0.9841 0.1037 0.1079, 0.9841 0.1251 0.1017, 0.9841 0.1036 0.1063, 0.9841 0.1039 0.104, 0.9841 0.1085 0.0982, 0.9841 0.1108 0.0974
            ]
        }
        coordIndex [
            0,1,2,-1,1,3,4,-1,4,5,1,-1,1,5,6,-1,1,6,2,-1,0,2,7,-1,7,2,8,-1,7,8,9,-1,10,11,12,-1,10,12,13,-1,14,12,15,-1,15,12,16,-1,8,17,9,-1,9,17,18,-1,9,18,19,-1,19,18,20,-1,19,20,12,-1,12,20,21,-1,12,21,13,-1,11,22,12,-1,12,22,23,-1,12,23,16,-1,
        ]
    }
}
Shape{
    appearance Appearance {
        material  Material {
            diffuseColor 0.0 0.0 0.0
            specularColor 0.0 0.0 0.0
            ambientIntensity 0.0
            transparency 0.0
            shininess 0.5
        }
    }
    geometry IndexedFaceSet {
        ccw TRUE
        solid FALSE
        coord DEF co Coordinate {
            point [
                0.9844 0.1695 0.097, 0.9841 0.1695 0.097, 0.9841 0.1634 0.0977, 0.9841 0.1576 0.0998, 0.9844 0.1571 0.1, 0.9844 0.1634 0.0977, 0.9841 0.1571 0.1, 0.9841 0.153 0.1025, 0.9844 0.153 0.1025, 0.9844 0.153 0.0922, 0.9841 0.153 0.0922, 0.9844 0.159 0.0899, 0.9841 0.1576 0.0904, 0.9841 0.1685 0.0888, 0.9844 0.1685 0.0888, 0.9841 0.1628 0.0895, 0.9841 0.159 0.0899, 0.9844 0.1775 0.0899, 0.9841 0.1742 0.0895, 0.9841 0.1775 0.0899, 0.9841 0.1828 0.0919, 0.9844 0.1828 0.0919, 0.9841 0.1852 0.0933, 0.9844 0.1852 0.0933, 0.9841 0.188 0.0959, 0.9844 0.188 0.0959, 0.9841 0.1899 0.0985, 0.9844 0.1899 0.0985, 0.9841 0.1911 0.1017, 0.9844 0.1911 0.1017, 0.9841 0.1916 0.1057, 0.9844 0.1916 0.1057, 0.9841 0.1912 0.1094, 0.9844 0.1912 0.1094, 0.9841 0.1901 0.1124, 0.9844 0.1901 0.1124, 0.9841 0.1883 0.1152, 0.9844 0.1883 0.1152, 0.9841 0.1859 0.1173, 0.9844 0.1859 0.1173, 0.9841 0.1792 0.121, 0.9844 0.1792 0.121, 0.9841 0.1753 0.1226, 0.9844 0.1753 0.1226, 0.9841 0.1691 0.1253, 0.9844 0.1691 0.1253, 0.9841 0.1656 0.1275, 0.9844 0.1656 0.1275, 0.9841 0.1646 0.1286, 0.9844 0.1646 0.1286, 0.9841 0.1639 0.1299, 0.9844 0.1639 0.1299, 0.9841 0.1635 0.1315, 0.9844 0.1635 0.1315, 0.9841 0.1634 0.1328, 0.9844 0.1634 0.1328, 0.9841 0.1636 0.1344, 0.9844 0.1636 0.1344, 0.9841 0.1641 0.1358, 0.9844 0.1641 0.1358, 0.9841 0.1649 0.137, 0.9844 0.1649 0.137, 0.9841 0.1664 0.1384, 0.9844 0.1664 0.1384, 0.9841 0.1687 0.1396, 0.9844 0.1687 0.1396, 0.9841 0.1714 0.1403, 0.9844 0.1714 0.1403, 0.9841 0.1743 0.1405, 0.9844 0.1743 0.1405, 0.9841 0.1806 0.1398, 0.9844 0.1806 0.1398, 0.9841 0.1863 0.1378, 0.9844 0.1863 0.1378, 0.9841 0.1889 0.1364, 0.9844 0.1889 0.1364, 0.9844 0.1889 0.1461, 0.9841 0.1889 0.1461, 0.9841 0.1824 0.148, 0.9844 0.1824 0.148, 0.9841 0.1753 0.1487, 0.9844 0.1753 0.1487, 0.9841 0.1684 0.148, 0.9844 0.1684 0.148, 0.9841 0.1628 0.1461, 0.9844 0.1628 0.1461, 0.9841 0.1595 0.1441, 0.9844 0.1595 0.1441, 0.9844 0.1565 0.1414, 0.9841 0.1576 0.1424, 0.9841 0.1565 0.1414, 0.9841 0.1546 0.1387, 0.9844 0.1546 0.1387, 0.9841 0.1534 0.1355, 0.9844 0.1534 0.1355, 0.9841 0.153 0.1319, 0.9844 0.153 0.1319, 0.9841 0.1535 0.128, 0.9844 0.1535 0.128, 0.9841 0.1546 0.125, 0.9844 0.1546 0.125, 0.9841 0.1559 0.1229, 0.9844 0.1559 0.1229, 0.9841 0.1682 0.1153, 0.9844 0.1682 0.1153, 0.9844 0.1623 0.118, 0.9841 0.1575 0.1211, 0.9844 0.1575 0.1211, 0.9841 0.1576 0.1211, 0.9841 0.1623 0.118, 0.9841 0.1748 0.1125, 0.9844 0.1748 0.1125, 0.9841 0.1787 0.1102, 0.9844 0.1787 0.1102, 0.9841 0.18 0.1089, 0.9844 0.18 0.1089, 0.9841 0.1808 0.1075, 0.9844 0.1808 0.1075, 0.9841 0.1812 0.106, 0.9844 0.1812 0.106, 0.9841 0.1813 0.1047, 0.9844 0.1813 0.1047, 0.9841 0.1811 0.1028, 0.9844 0.1811 0.1028, 0.9841 0.1806 0.1014, 0.9844 0.1806 0.1014, 0.9841 0.1797 0.1001, 0.9844 0.1797 0.1001, 0.9841 0.1786 0.0991, 0.9844 0.1786 0.0991, 0.9841 0.1777 0.0985, 0.9844 0.1777 0.0985, 0.9841 0.1751 0.0976, 0.9844 0.1751 0.0976, 0.9841 0.1699 0.097, 0.9844 0.1699 0.097, 0.9844 0.2413 0.1473, 0.9844 0.2517 0.1473, 0.9841 0.2413 0.1473, 0.9841 0.2517 0.1473, 0.9844 0.2257 0.1043, 0.9841 0.2257 0.1043, 0.9841 0.2249 0.1016, 0.9844 0.2249 0.1016, 0.9841 0.2245 0.0997, 0.9844 0.2245 0.0997, 0.9844 0.2242 0.0997, 0.9841 0.2242 0.0997, 0.9844 0.223 0.1044, 0.9841 0.223 0.1044, 0.9841 0.208 0.1473, 0.9844 0.208 0.1473, 0.9841 0.2129 0.1334, 0.9844 0.1968 0.1473, 0.9841 0.1968 0.1473, 0.9841 0.2193 0.0903, 0.9844 0.2193 0.0903, 0.9841 0.2129 0.1065, 0.9841 0.2149 0.0799, 0.9844 0.2149 0.0799, 0.9841 0.2189 0.0895, 0.9841 0.2129 0.0763, 0.9844 0.2129 0.0762, 0.9841 0.2129 0.0762, 0.9841 0.211 0.0742, 0.9844 0.211 0.0742, 0.9841 0.2093 0.073, 0.9844 0.2093 0.073, 0.9841 0.2071 0.0721, 0.9844 0.2071 0.0721, 0.9841 0.2046 0.0718, 0.9844 0.2046 0.0718, 0.9841 0.2009 0.0723, 0.9844 0.2009 0.0723, 0.9841 0.1989 0.073, 0.9844 0.1989 0.073, 0.9844 0.1989 0.064, 0.9841 0.1989 0.064, 0.9841 0.2032 0.0633, 0.9844 0.2032 0.0633, 0.9841 0.2054 0.0632, 0.9844 0.2054 0.0632, 0.9841 0.2094 0.0637, 0.9841 0.2129 0.065, 0.9844 0.2134 0.0652, 0.9844 0.2094 0.0637, 0.9841 0.2134 0.0652, 0.9841 0.2169 0.0676, 0.9844 0.2169 0.0676, 0.9841 0.2176 0.0683, 0.9844 0.2176 0.0683, 0.9841 0.2212 0.0727, 0.9844 0.2212 0.0727, 0.9841 0.2258 0.0815, 0.9844 0.2258 0.0815, 0.9841 0.2289 0.0895, 0.9844 0.3056 0.0993, 0.9844 0.3056 0.0902, 0.9841 0.3056 0.0993, 0.9841 0.3056 0.0902, 0.9841 0.2729 0.0993, 0.9844 0.2729 0.0993, 0.9841 0.2879 0.0993, 0.9844 0.2729 0.1262, 0.9841 0.2729 0.1262, 0.9841 0.3015 0.1262, 0.9844 0.3015 0.1262, 0.9841 0.2879 0.1262, 0.9844 0.3015 0.1354, 0.9841 0.3015 0.1354, 0.9841 0.2729 0.1354, 0.9844 0.2729 0.1354, 0.9841 0.2879 0.1354, 0.9844 0.2729 0.161, 0.9841 0.2729 0.161, 0.9841 0.3038 0.161, 0.9844 0.3038 0.161, 0.9841 0.2879 0.161, 0.9844 0.3038 0.1702, 0.9841 0.3038 0.1702, 0.9841 0.2625 0.1702, 0.9844 0.2625 0.1702, 0.9841 0.2879 0.1702, 0.9844 0.2625 0.0902, 0.9841 0.2625 0.0902, 0.9841 0.2879 0.0902, 0.9844 0.3738 0.1014, 0.9844 0.3656 0.1068, 0.9844 0.3655 0.0954, 0.9844 0.3604 0.1032, 0.9844 0.3563 0.0918, 0.9844 0.3538 0.1006, 0.9844 0.3427 0.0902, 0.9844 0.3427 0.0993, 0.9844 0.3207 0.0902, 0.9844 0.3311 0.0993, 0.9844 0.3207 0.1702, 0.9844 0.3311 0.161, 0.9844 0.3436 0.1702, 0.9844 0.3432 0.161, 0.9844 0.3442 0.161, 0.9844 0.3558 0.1689, 0.9844 0.3544 0.1597, 0.9844 0.3655 0.1653, 0.9844 0.3611 0.157, 0.9844 0.3738 0.1596, 0.9844 0.3663 0.1535, 0.9844 0.3767 0.1569, 0.9844 0.3685 0.1513, 0.9844 0.3816 0.1499, 0.9844 0.3716 0.1468, 0.9844 0.3846 0.1422, 0.9844 0.3739 0.141, 0.9844 0.3859 0.1312, 0.9844 0.375 0.1309, 0.9844 0.3857 0.1261, 0.9844 0.3747 0.1253, 0.9844 0.3837 0.1167, 0.9844 0.3731 0.1181, 0.9844 0.3798 0.1085, 0.9844 0.3702 0.1122, 0.9844 0.3665 0.1076, 0.9841 0.3427 0.0902, 0.9841 0.3207 0.0902, 0.9841 0.3563 0.0918, 0.9841 0.3655 0.0954, 0.9841 0.3738 0.1014, 0.9841 0.3798 0.1085, 0.9841 0.3837 0.1167, 0.9841 0.3857 0.1261, 0.9841 0.3859 0.1312, 0.9841 0.3846 0.1422, 0.9841 0.3816 0.1499, 0.9841 0.3767 0.1569, 0.9841 0.3738 0.1596, 0.9841 0.3655 0.1653, 0.9841 0.3558 0.1689, 0.9841 0.3436 0.1702, 0.9841 0.3207 0.1702, 0.9841 0.3432 0.161, 0.9841 0.3311 0.161, 0.9841 0.3311 0.0993, 0.9841 0.3427 0.0993, 0.9841 0.3665 0.1076, 0.9841 0.3656 0.1068, 0.9841 0.3604 0.1032, 0.9841 0.3538 0.1006, 0.9841 0.375 0.1309, 0.9841 0.3747 0.1253, 0.9841 0.3731 0.1181, 0.9841 0.3702 0.1122, 0.9841 0.3663 0.1535, 0.9841 0.3685 0.1513, 0.9841 0.3716 0.1468, 0.9841 0.3739 0.141, 0.9841 0.3442 0.161, 0.9841 0.3544 0.1597, 0.9841 0.3611 0.157
            ]
        }
        coordIndex [
            0,1,2,-1,3,4,2,-1,2,4,5,-1,2,5,0,-1,3,6,4,-1,4,6,7,-1,4,7,8,-1,9,8,10,-1,10,8,7,-1,11,9,12,-1,12,9,10,-1,13,14,15,-1,15,14,11,-1,15,11,16,-1,16,11,12,-1,17,14,18,-1,18,14,13,-1,18,19,17,-1,17,19,20,-1,17,20,21,-1,21,20,22,-1,21,22,23,-1,23,22,24,-1,23,24,25,-1,25,24,26,-1,25,26,27,-1,27,26,28,-1,27,28,29,-1,29,28,30,-1,29,30,31,-1,31,30,32,-1,31,32,33,-1,33,32,34,-1,33,34,35,-1,35,34,36,-1,35,36,37,-1,37,36,38,-1,37,38,39,-1,39,38,40,-1,39,40,41,-1,41,40,42,-1,41,42,43,-1,43,42,44,-1,43,44,45,-1,45,44,46,-1,45,46,47,-1,47,46,48,-1,47,48,49,-1,49,48,50,-1,49,50,51,-1,51,50,52,-1,51,52,53,-1,53,52,54,-1,53,54,55,-1,55,54,56,-1,55,56,57,-1,57,56,58,-1,57,58,59,-1,59,58,60,-1,59,60,61,-1,61,60,62,-1,61,62,63,-1,63,62,64,-1,63,64,65,-1,65,64,66,-1,65,66,67,-1,67,66,68,-1,67,68,69,-1,69,68,70,-1,69,70,71,-1,71,70,72,-1,71,72,73,-1,73,72,74,-1,73,74,75,-1,76,75,77,-1,77,75,74,-1,76,77,78,-1,76,78,79,-1,79,78,80,-1,79,80,81,-1,81,80,82,-1,81,82,83,-1,83,82,84,-1,83,84,85,-1,85,84,86,-1,85,86,87,-1,88,87,89,-1,89,87,86,-1,89,90,88,-1,88,90,91,-1,88,91,92,-1,92,91,93,-1,92,93,94,-1,94,93,95,-1,94,95,96,-1,96,95,97,-1,96,97,98,-1,98,97,99,-1,98,99,100,-1,100,99,101,-1,100,101,102,-1,103,104,105,-1,102,101,106,-1,102,106,107,-1,107,106,108,-1,107,108,105,-1,105,108,109,-1,105,109,103,-1,104,103,110,-1,104,110,111,-1,111,110,112,-1,111,112,113,-1,113,112,114,-1,113,114,115,-1,115,114,116,-1,115,116,117,-1,117,116,118,-1,117,118,119,-1,119,118,120,-1,119,120,121,-1,121,120,122,-1,121,122,123,-1,123,122,124,-1,123,124,125,-1,125,124,126,-1,125,126,127,-1,127,126,128,-1,127,128,129,-1,129,128,130,-1,129,130,131,-1,131,130,132,-1,131,132,133,-1,133,132,134,-1,133,134,135,-1,135,134,1,-1,135,1,0,-1,61,63,85,-1,85,63,83,-1,111,43,104,-1,104,43,45,-1,21,23,127,-1,127,23,25,-1,127,25,125,-1,125,25,27,-1,125,27,123,-1,123,27,29,-1,123,29,121,-1,121,29,31,-1,121,31,119,-1,119,31,33,-1,119,33,117,-1,117,33,35,-1,117,35,115,-1,115,35,37,-1,115,37,113,-1,113,37,39,-1,113,39,111,-1,111,39,41,-1,111,41,43,-1,14,0,11,-1,11,0,5,-1,11,5,9,-1,9,5,4,-1,9,4,8,-1,63,65,83,-1,83,65,67,-1,83,67,81,-1,81,67,69,-1,81,69,79,-1,79,69,71,-1,79,71,76,-1,76,71,73,-1,76,73,75,-1,127,129,21,-1,21,129,131,-1,21,131,17,-1,17,131,133,-1,17,133,14,-1,14,133,135,-1,14,135,0,-1,85,87,61,-1,61,87,88,-1,61,88,59,-1,59,88,92,-1,59,92,57,-1,57,92,94,-1,57,94,55,-1,55,94,96,-1,55,96,53,-1,53,96,98,-1,53,98,51,-1,51,98,100,-1,51,100,49,-1,49,100,102,-1,49,102,47,-1,47,102,107,-1,47,107,45,-1,45,107,105,-1,45,105,104,-1,136,137,138,-1,138,137,139,-1,140,136,141,-1,141,136,138,-1,140,141,142,-1,140,142,143,-1,143,142,144,-1,143,144,145,-1,146,145,147,-1,147,145,144,-1,148,146,149,-1,149,146,147,-1,150,151,152,-1,152,151,148,-1,152,148,149,-1,153,151,154,-1,154,151,150,-1,155,156,157,-1,157,156,153,-1,157,153,154,-1,158,159,160,-1,160,159,156,-1,160,156,155,-1,158,161,159,-1,159,161,162,-1,161,163,162,-1,162,163,164,-1,162,164,165,-1,165,164,166,-1,165,166,167,-1,167,166,168,-1,167,168,169,-1,169,168,170,-1,169,170,171,-1,171,170,172,-1,171,172,173,-1,173,172,174,-1,173,174,175,-1,176,175,177,-1,177,175,174,-1,176,177,178,-1,176,178,179,-1,179,178,180,-1,179,180,181,-1,181,180,182,-1,183,184,182,-1,182,184,185,-1,182,185,181,-1,183,186,184,-1,184,186,187,-1,184,187,188,-1,188,187,189,-1,188,189,190,-1,190,189,191,-1,190,191,192,-1,192,191,193,-1,192,193,194,-1,139,137,195,-1,195,137,194,-1,195,194,193,-1,143,145,194,-1,137,136,194,-1,194,136,140,-1,194,140,143,-1,151,153,148,-1,148,153,156,-1,148,156,146,-1,175,176,173,-1,173,176,179,-1,173,179,171,-1,171,179,181,-1,171,181,169,-1,169,181,185,-1,169,185,167,-1,167,185,184,-1,167,184,165,-1,145,146,194,-1,194,146,156,-1,194,156,192,-1,156,159,192,-1,192,159,162,-1,192,162,190,-1,190,162,165,-1,190,165,188,-1,188,165,184,-1,196,197,198,-1,198,197,199,-1,200,201,202,-1,202,201,196,-1,202,196,198,-1,203,201,204,-1,204,201,200,-1,205,206,207,-1,207,206,203,-1,207,203,204,-1,208,206,209,-1,209,206,205,-1,210,211,212,-1,212,211,208,-1,212,208,209,-1,213,211,214,-1,214,211,210,-1,215,216,217,-1,217,216,213,-1,217,213,214,-1,218,216,219,-1,219,216,215,-1,220,221,222,-1,222,221,218,-1,222,218,219,-1,223,221,224,-1,224,221,220,-1,199,197,225,-1,225,197,223,-1,225,223,224,-1,197,196,223,-1,223,196,201,-1,206,208,203,-1,203,208,211,-1,216,218,213,-1,213,218,221,-1,213,221,211,-1,211,221,223,-1,211,223,203,-1,203,223,201,-1,226,227,228,-1,228,227,229,-1,228,229,230,-1,230,229,231,-1,230,231,232,-1,232,231,233,-1,232,233,234,-1,234,233,235,-1,234,235,236,-1,236,235,237,-1,236,237,238,-1,237,239,238,-1,238,239,240,-1,238,240,241,-1,241,240,242,-1,241,242,243,-1,243,242,244,-1,243,244,245,-1,245,244,246,-1,245,246,247,-1,247,246,248,-1,247,248,249,-1,249,248,250,-1,249,250,251,-1,251,250,252,-1,251,252,253,-1,253,252,254,-1,253,254,255,-1,255,254,256,-1,255,256,257,-1,257,256,258,-1,257,258,259,-1,259,258,260,-1,259,260,226,-1,226,260,261,-1,226,261,227,-1,232,234,262,-1,262,234,263,-1,232,262,264,-1,232,264,230,-1,230,264,265,-1,230,265,228,-1,228,265,266,-1,228,266,226,-1,226,266,267,-1,226,267,259,-1,259,267,268,-1,259,268,257,-1,257,268,269,-1,257,269,255,-1,255,269,270,-1,255,270,253,-1,253,270,271,-1,253,271,251,-1,251,271,272,-1,251,272,249,-1,249,272,273,-1,249,273,247,-1,247,273,274,-1,247,274,245,-1,245,274,275,-1,245,275,243,-1,243,275,276,-1,243,276,241,-1,241,276,277,-1,241,277,238,-1,236,238,278,-1,278,238,277,-1,234,236,263,-1,263,236,278,-1,239,237,279,-1,279,237,280,-1,237,235,280,-1,280,235,281,-1,235,233,281,-1,281,233,282,-1,261,283,284,-1,261,284,227,-1,227,284,285,-1,227,285,229,-1,229,285,286,-1,229,286,231,-1,231,286,282,-1,231,282,233,-1,254,287,288,-1,254,288,256,-1,256,288,289,-1,256,289,258,-1,258,289,290,-1,258,290,260,-1,260,290,283,-1,260,283,261,-1,246,291,292,-1,246,292,248,-1,248,292,293,-1,248,293,250,-1,250,293,294,-1,250,294,252,-1,252,294,287,-1,252,287,254,-1,239,279,295,-1,239,295,240,-1,240,295,296,-1,240,296,242,-1,242,296,297,-1,242,297,244,-1,244,297,291,-1,244,291,246,-1,
        ]
    }
}
Shape{
    appearance Appearance {
        material  Material {
            diffuseColor 1.0 1.0 1.0
            specularColor 0.5019607843137255 0.5019607843137255 0.5019607843137255
            ambientIntensity 1.0
            transparency 0.0
            shininess 0.5
        }
    }
    geometry IndexedFaceSet {
        ccw TRUE
        solid FALSE
        coord DEF co Coordinate {
            point [
                0.9841 0.3604 0.1032, 0.9841 0.3656 0.1068, 0.9841 0.3442 0.161, 0.9841 0.3311 0.161, 0.9841 0.3311 0.0993, 0.9841 0.3432 0.161, 0.9841 0.3427 0.0993, 0.9841 0.3538 0.1006, 0.9841 0.3665 0.1076, 0.9841 0.3702 0.1122, 0.9841 0.3731 0.1181, 0.9841 0.375 0.1309, 0.9841 0.3663 0.1535, 0.9841 0.3611 0.157, 0.9841 0.3739 0.141, 0.9841 0.3716 0.1468, 0.9841 0.3685 0.1513, 0.9841 0.3747 0.1253, 0.9841 0.3544 0.1597
            ]
        }
        coordIndex [
            0,1,2,-1,3,4,5,-1,5,4,6,-1,5,6,2,-1,2,6,7,-1,2,7,0,-1,1,8,2,-1,2,8,9,-1,2,9,10,-1,11,12,13,-1,14,15,11,-1,11,15,16,-1,11,16,12,-1,10,17,2,-1,2,17,11,-1,2,11,18,-1,18,11,13,-1,
        ]
    }
}
Shape{
    appearance Appearance {
        material  Material {
            diffuseColor 0.0 0.0 0.0
            specularColor 0.0 0.0 0.0
            ambientIntensity 0.0
            transparency 0.0
            shininess 0.5
        }
    }
    geometry IndexedFaceSet {
        ccw TRUE
        solid FALSE
        coord DEF co Coordinate {
            point [
                0.9844 0.4127 0.1211, 0.9844 0.4095 0.1121, 0.9844 0.4396 0.1211, 0.9844 0.4428 0.1121, 0.9844 0.4247 0.1544, 0.9844 0.4208 0.1702, 0.9844 0.3904 0.0902, 0.9844 0.4018 0.0902, 0.9844 0.4254 0.1568, 0.9844 0.426 0.16, 0.9844 0.4319 0.1702, 0.9844 0.4263 0.16, 0.9844 0.4269 0.1566, 0.9844 0.4275 0.1544, 0.9844 0.4624 0.0902, 0.9844 0.451 0.0902, 0.9841 0.4319 0.1702, 0.9841 0.4624 0.0902, 0.9841 0.4208 0.1702, 0.9841 0.3904 0.0902, 0.9841 0.4018 0.0902, 0.9841 0.4095 0.1121, 0.9841 0.4428 0.1121, 0.9841 0.451 0.0902, 0.9841 0.4127 0.1211, 0.9841 0.4396 0.1211, 0.9841 0.4275 0.1544, 0.9841 0.4263 0.16, 0.9841 0.4269 0.1566, 0.9841 0.426 0.16, 0.9841 0.4247 0.1544, 0.9841 0.4254 0.1568
            ]
        }
        coordIndex [
            0,1,2,-1,2,1,3,-1,4,5,0,-1,0,5,6,-1,0,6,1,-1,1,6,7,-1,4,8,5,-1,5,8,9,-1,5,9,10,-1,10,9,11,-1,10,11,12,-1,12,13,10,-1,10,13,2,-1,10,2,14,-1,14,2,3,-1,14,3,15,-1,10,14,16,-1,16,14,17,-1,5,10,18,-1,18,10,16,-1,6,5,19,-1,19,5,18,-1,7,6,20,-1,20,6,19,-1,1,7,21,-1,21,7,20,-1,3,1,22,-1,22,1,21,-1,15,3,23,-1,23,3,22,-1,14,15,17,-1,17,15,23,-1,0,2,24,-1,24,2,25,-1,2,13,25,-1,25,13,26,-1,11,27,28,-1,11,28,12,-1,12,28,26,-1,12,26,13,-1,11,9,27,-1,27,9,29,-1,4,30,31,-1,4,31,8,-1,8,31,29,-1,8,29,9,-1,4,0,30,-1,30,0,24,-1,
        ]
    }
}
Shape{
    appearance Appearance {
        material  Material {
            diffuseColor 1.0 1.0 1.0
            specularColor 0.5019607843137255 0.5019607843137255 0.5019607843137255
            ambientIntensity 1.0
            transparency 0.0
            shininess 0.5
        }
    }
    geometry IndexedFaceSet {
        ccw TRUE
        solid FALSE
        coord DEF co Coordinate {
            point [
                0.9841 0.4263 0.16, 0.9841 0.426 0.16, 0.9841 0.4269 0.1566, 0.9841 0.4254 0.1568, 0.9841 0.4275 0.1544, 0.9841 0.4247 0.1544, 0.9841 0.4396 0.1211, 0.9841 0.4127 0.1211
            ]
        }
        coordIndex [
            0,1,2,-1,2,1,3,-1,2,3,4,-1,4,3,5,-1,4,5,6,-1,6,5,7,-1,
        ]
    }
}
Shape{
    appearance Appearance {
        material  Material {
            diffuseColor 0.0 0.0 0.0
            specularColor 0.0 0.0 0.0
            ambientIntensity 0.0
            transparency 0.0
            shininess 0.5
        }
    }
    geometry IndexedFaceSet {
        ccw TRUE
        solid FALSE
        coord DEF co Coordinate {
            point [
                0.9844 -0.3128 0.0788, 0.9844 -0.3044 0.0684, 0.9844 -0.318 0.1292, 0.9844 -0.3279 0.2281, 0.9844 -0.3152 0.2348, 0.9844 -0.3182 0.2699, 0.9844 -0.2179 0.0766, 0.9844 -0.2112 0.0893, 0.9844 -0.2078 0.1033, 0.9844 -0.2827 0.2715, 0.9844 -0.265 0.2299, 0.9844 -0.2563 0.2479, 0.9844 -0.3304 0.1368, 0.9844 -0.326 0.0933, 0.9844 -0.3185 0.091, 0.9844 -0.2958 0.2726, 0.9844 -0.1278 0.1571, 0.9844 -0.1455 0.1872, 0.9844 -0.2075 0.1149, 0.9844 -0.2218 0.1474, 0.9844 -0.2075 0.1092, 0.9844 -0.238 0.0589, 0.9844 -0.2267 0.0668, 0.9844 -0.2797 0.0921, 0.9844 -0.2752 0.0889, 0.9844 -0.2932 0.06, 0.9844 -0.2699 0.087, 0.9844 -0.2446 0.1173, 0.9844 -0.2431 0.1121, 0.9844 -0.2429 0.1066, 0.9844 -0.2442 0.1011, 0.9844 -0.2467 0.0961, 0.9844 -0.109 0.2134, 0.9844 -0.1045 0.2134, 0.9844 -0.0812 0.2442, 0.9844 -0.0937 0.2121, 0.9844 -0.0783 0.2432, 0.9844 -0.0837 0.2083, 0.9844 -0.0614 0.2348, 0.9844 -0.046 0.2217, 0.9844 -0.271 0.2851, 0.9844 -0.2436 0.2632, 0.9844 -0.2576 0.2965, 0.9844 -0.2283 0.2743, 0.9844 -0.2409 0.3066, 0.9844 -0.3011 0.2382, 0.9844 -0.2952 0.2385, 0.9844 -0.2892 0.2723, 0.9844 -0.2819 0.2368, 0.9844 -0.2691 0.2322, 0.9844 -0.2871 0.1061, 0.9844 -0.2858 0.1009, 0.9844 -0.2834 0.0962, 0.9844 -0.2801 0.0544, 0.9844 -0.2667 0.0523, 0.9844 -0.265 0.0865, 0.9844 -0.2645 0.0523, 0.9844 -0.2597 0.0871, 0.9844 -0.2507 0.054, 0.9844 -0.2547 0.089, 0.9844 -0.2504 0.092, 0.9844 -0.0459 0.1155, 0.9844 -0.0724 0.1381, 0.9844 -0.0614 0.1024, 0.9844 -0.0808 0.1312, 0.9844 -0.0787 0.0939, 0.9844 -0.0909 0.1266, 0.9844 -0.0977 0.0899, 0.9844 -0.1011 0.1246, 0.9844 -0.1312 0.0899, 0.9844 -0.1267 0.1246, 0.9844 -0.1345 0.0904, 0.9844 -0.0749 0.2021, 0.9844 -0.0683 0.1947, 0.9844 -0.0343 0.2055, 0.9844 -0.063 0.1849, 0.9844 -0.0274 0.1881, 0.9844 -0.0604 0.174, 0.9844 -0.0248 0.1696, 0.9844 -0.0601 0.169, 0.9844 -0.0274 0.1492, 0.9844 -0.0615 0.1579, 0.9844 -0.0346 0.1312, 0.9844 -0.0654 0.1478, 0.9844 -0.0716 0.1389, 0.9844 -0.1119 0.2891, 0.9844 -0.1341 0.2629, 0.9844 -0.0919 0.2656, 0.9844 -0.1213 0.2476, 0.9844 -0.1125 0.2292, 0.9844 -0.3504 0.1953, 0.9844 -0.3878 0.1859, 0.9844 -0.3521 0.1815, 0.9844 -0.388 0.1804, 0.9844 -0.3515 0.1728, 0.9844 -0.3852 0.1581, 0.9844 -0.3474 0.1588, 0.9844 -0.3771 0.1369, 0.9844 -0.3406 0.1473, 0.9844 -0.3641 0.1183, 0.9844 -0.3466 0.1034, 0.9844 -0.287 0.1117, 0.9844 -0.2856 0.1171, 0.9844 -0.3117 0.1414, 0.9844 -0.2828 0.1219, 0.9844 -0.3023 0.1522, 0.9844 -0.2798 0.1252, 0.9844 -0.2906 0.1603, 0.9844 -0.2753 0.1283, 0.9844 -0.278 0.1651, 0.9844 -0.2703 0.1302, 0.9844 -0.2645 0.1667, 0.9844 -0.265 0.1309, 0.9844 -0.2575 0.1663, 0.9844 -0.2611 0.1305, 0.9844 -0.2438 0.1629, 0.9844 -0.2557 0.1288, 0.9844 -0.2317 0.1564, 0.9844 -0.251 0.1259, 0.9844 -0.2472 0.1219, 0.9844 -0.2145 0.316, 0.9844 -0.2097 0.2819, 0.9844 -0.1893 0.3187, 0.9844 -0.1887 0.2846, 0.9844 -0.1618 0.3153, 0.9844 -0.1695 0.2822, 0.9844 -0.1336 0.3043, 0.9844 -0.1516 0.2754, 0.9844 -0.1356 0.2643, 0.9844 -0.3393 0.2617, 0.9844 -0.3574 0.2489, 0.9844 -0.3377 0.2193, 0.9844 -0.3612 0.2453, 0.9844 -0.3456 0.208, 0.9844 -0.3749 0.2278, 0.9844 -0.384 0.2073, 0.9844 -0.1296 0.1251, 0.9844 -0.1432 0.0958, 0.9844 -0.1419 0.0945, 0.9844 -0.1278 0.1248, 0.9844 -0.1382 0.0919, 0.9844 -0.1478 0.1075, 0.9844 -0.1472 0.1033, 0.9844 -0.1457 0.0994, 0.9844 -0.1345 0.1246, 0.9844 -0.1384 0.1231, 0.9844 -0.1476 0.1098, 0.9844 -0.1419 0.1206, 0.9844 -0.1443 0.118, 0.9844 -0.1465 0.1141, 0.9844 -0.1301 0.1252, 0.9841 -0.0248 0.1696, 0.9841 -0.0274 0.1881, 0.9841 -0.0422 0.2165, 0.9841 -0.0293 0.193, 0.9841 -0.0343 0.2055, 0.9841 -0.046 0.2217, 0.9841 -0.0614 0.2348, 0.9841 -0.0783 0.2432, 0.9841 -0.0812 0.2442, 0.9841 -0.0919 0.2656, 0.9841 -0.1119 0.2891, 0.9841 -0.1245 0.2979, 0.9841 -0.1336 0.3043, 0.9841 -0.1618 0.3153, 0.9841 -0.1893 0.3187, 0.9841 -0.2576 0.2965, 0.9841 -0.2553 0.2979, 0.9841 -0.2409 0.3066, 0.9841 -0.2145 0.316, 0.9841 -0.271 0.2851, 0.9841 -0.2827 0.2715, 0.9841 -0.2892 0.2723, 0.9841 -0.2958 0.2726, 0.9841 -0.3182 0.2699, 0.9841 -0.3393 0.2617, 0.9841 -0.3574 0.2489, 0.9841 -0.3612 0.2453, 0.9841 -0.388 0.1804, 0.9841 -0.3749 0.2278, 0.9841 -0.3799 0.2165, 0.9841 -0.384 0.2073, 0.9841 -0.3866 0.193, 0.9841 -0.3878 0.1859, 0.9841 -0.3852 0.1581, 0.9841 -0.3771 0.1369, 0.9841 -0.3641 0.1183, 0.9841 -0.3466 0.1034, 0.9841 -0.326 0.0933, 0.9841 -0.3185 0.091, 0.9841 -0.3178 0.0895, 0.9841 -0.3128 0.0788, 0.9841 -0.3044 0.0684, 0.9841 -0.2932 0.06, 0.9841 -0.288 0.0578, 0.9841 -0.2801 0.0544, 0.9841 -0.2667 0.0523, 0.9841 -0.2645 0.0523, 0.9841 -0.2075 0.1092, 0.9841 -0.2507 0.054, 0.9841 -0.2409 0.0578, 0.9841 -0.238 0.0589, 0.9841 -0.2267 0.0668, 0.9841 -0.2179 0.0766, 0.9841 -0.2112 0.0893, 0.9841 -0.2111 0.0895, 0.9841 -0.2078 0.1033, 0.9841 -0.2075 0.1149, 0.9841 -0.1278 0.1571, 0.9841 -0.1455 0.1872, 0.9841 -0.2218 0.1474, 0.9841 -0.2317 0.1564, 0.9841 -0.2438 0.1629, 0.9841 -0.2575 0.1663, 0.9841 -0.2645 0.1667, 0.9841 -0.278 0.1651, 0.9841 -0.2906 0.1603, 0.9841 -0.3023 0.1522, 0.9841 -0.3117 0.1414, 0.9841 -0.318 0.1292, 0.9841 -0.3304 0.1368, 0.9841 -0.3406 0.1473, 0.9841 -0.3474 0.1588, 0.9841 -0.3515 0.1728, 0.9841 -0.3521 0.1815, 0.9841 -0.3507 0.193, 0.9841 -0.3504 0.1953, 0.9841 -0.3456 0.208, 0.9841 -0.3396 0.2165, 0.9841 -0.3377 0.2193, 0.9841 -0.3279 0.2281, 0.9841 -0.3152 0.2348, 0.9841 -0.3011 0.2382, 0.9841 -0.2952 0.2385, 0.9841 -0.2819 0.2368, 0.9841 -0.2691 0.2322, 0.9841 -0.265 0.2299, 0.9841 -0.2563 0.2479, 0.9841 -0.2436 0.2632, 0.9841 -0.2283 0.2743, 0.9841 -0.2097 0.2819, 0.9841 -0.1887 0.2846, 0.9841 -0.109 0.2134, 0.9841 -0.1097 0.2165, 0.9841 -0.1125 0.2292, 0.9841 -0.1213 0.2476, 0.9841 -0.1341 0.2629, 0.9841 -0.1356 0.2643, 0.9841 -0.1516 0.2754, 0.9841 -0.1695 0.2822, 0.9841 -0.1045 0.2134, 0.9841 -0.0937 0.2121, 0.9841 -0.0837 0.2083, 0.9841 -0.0749 0.2021, 0.9841 -0.0683 0.1947, 0.9841 -0.0674 0.193, 0.9841 -0.063 0.1849, 0.9841 -0.0604 0.174, 0.9841 -0.0601 0.169, 0.9841 -0.0615 0.1579, 0.9841 -0.0654 0.1478, 0.9841 -0.0716 0.1389, 0.9841 -0.0724 0.1381, 0.9841 -0.0808 0.1312, 0.9841 -0.0909 0.1266, 0.9841 -0.1011 0.1246, 0.9841 -0.1267 0.1246, 0.9841 -0.1278 0.1248, 0.9841 -0.1296 0.1251, 0.9841 -0.1301 0.1252, 0.9841 -0.1345 0.1246, 0.9841 -0.1384 0.1231, 0.9841 -0.1419 0.1206, 0.9841 -0.1443 0.118, 0.9841 -0.1465 0.1141, 0.9841 -0.1476 0.1098, 0.9841 -0.1478 0.1075, 0.9841 -0.1472 0.1033, 0.9841 -0.1457 0.0994, 0.9841 -0.1432 0.0958, 0.9841 -0.1419 0.0945, 0.9841 -0.1382 0.0919, 0.9841 -0.1345 0.0904, 0.9841 -0.1312 0.0899, 0.9841 -0.0977 0.0899, 0.9841 -0.0787 0.0939, 0.9841 -0.0614 0.1024, 0.9841 -0.0459 0.1155, 0.9841 -0.0346 0.1312, 0.9841 -0.0274 0.1492, 0.9841 -0.265 0.1309, 0.9841 -0.2611 0.1305, 0.9841 -0.2557 0.1288, 0.9841 -0.251 0.1259, 0.9841 -0.2472 0.1219, 0.9841 -0.2446 0.1173, 0.9841 -0.2431 0.1121, 0.9841 -0.2429 0.1066, 0.9841 -0.2442 0.1011, 0.9841 -0.2467 0.0961, 0.9841 -0.2504 0.092, 0.9841 -0.2547 0.089, 0.9841 -0.2597 0.0871, 0.9841 -0.265 0.0865, 0.9841 -0.2699 0.087, 0.9841 -0.2752 0.0889, 0.9841 -0.2797 0.0921, 0.9841 -0.2834 0.0962, 0.9841 -0.2858 0.1009, 0.9841 -0.2871 0.1061, 0.9841 -0.287 0.1117, 0.9841 -0.2856 0.1171, 0.9841 -0.2828 0.1219, 0.9841 -0.2798 0.1252, 0.9841 -0.2753 0.1283, 0.9841 -0.2703 0.1302
            ]
        }
        coordIndex [
            0,1,2,-1,3,4,5,-1,6,7,8,-1,9,10,11,-1,12,13,2,-1,2,13,14,-1,2,14,0,-1,5,4,15,-1,16,17,18,-1,18,17,19,-1,18,19,20,-1,20,19,21,-1,20,21,8,-1,8,21,22,-1,8,22,6,-1,23,1,24,-1,24,1,25,-1,24,25,26,-1,27,28,19,-1,19,28,29,-1,19,29,21,-1,21,29,30,-1,21,30,31,-1,32,33,34,-1,34,33,35,-1,34,35,36,-1,36,35,37,-1,36,37,38,-1,38,37,39,-1,9,11,40,-1,40,11,41,-1,40,41,42,-1,42,41,43,-1,42,43,44,-1,4,45,15,-1,15,45,46,-1,15,46,47,-1,47,46,48,-1,47,48,9,-1,9,48,49,-1,9,49,10,-1,50,2,51,-1,51,2,1,-1,51,1,52,-1,52,1,23,-1,25,53,26,-1,26,53,54,-1,26,54,55,-1,55,54,56,-1,55,56,57,-1,57,56,58,-1,57,58,59,-1,59,58,21,-1,59,21,60,-1,60,21,31,-1,61,62,63,-1,63,62,64,-1,63,64,65,-1,65,64,66,-1,65,66,67,-1,67,66,68,-1,67,68,69,-1,69,68,70,-1,69,70,71,-1,37,72,39,-1,39,72,73,-1,39,73,74,-1,74,73,75,-1,74,75,76,-1,76,75,77,-1,76,77,78,-1,78,77,79,-1,78,79,80,-1,80,79,81,-1,80,81,82,-1,82,81,83,-1,82,83,61,-1,61,83,84,-1,61,84,62,-1,85,86,87,-1,87,86,88,-1,87,88,34,-1,34,88,89,-1,34,89,32,-1,90,91,92,-1,92,91,93,-1,92,93,94,-1,94,93,95,-1,94,95,96,-1,96,95,97,-1,96,97,98,-1,98,97,99,-1,98,99,12,-1,12,99,100,-1,12,100,13,-1,50,101,2,-1,2,101,102,-1,2,102,103,-1,103,102,104,-1,103,104,105,-1,105,104,106,-1,105,106,107,-1,107,106,108,-1,107,108,109,-1,109,108,110,-1,109,110,111,-1,111,110,112,-1,111,112,113,-1,113,112,114,-1,113,114,115,-1,115,114,116,-1,115,116,117,-1,117,116,118,-1,117,118,19,-1,19,118,119,-1,19,119,27,-1,44,43,120,-1,120,43,121,-1,120,121,122,-1,122,121,123,-1,122,123,124,-1,124,123,125,-1,124,125,126,-1,126,125,127,-1,126,127,85,-1,85,127,128,-1,85,128,86,-1,5,129,3,-1,3,129,130,-1,3,130,131,-1,131,130,132,-1,131,132,133,-1,133,132,134,-1,133,134,90,-1,90,134,135,-1,90,135,91,-1,136,137,138,-1,70,139,71,-1,71,139,136,-1,71,136,140,-1,140,136,138,-1,141,142,136,-1,136,142,143,-1,136,143,137,-1,144,145,146,-1,145,147,146,-1,146,147,148,-1,146,148,149,-1,141,136,146,-1,146,136,150,-1,146,150,144,-1,78,151,152,-1,153,39,74,-1,78,152,76,-1,76,152,154,-1,76,154,74,-1,74,154,155,-1,74,155,153,-1,153,156,39,-1,39,156,157,-1,39,157,38,-1,38,157,158,-1,38,158,36,-1,36,158,159,-1,36,159,34,-1,34,159,160,-1,34,160,87,-1,87,160,161,-1,87,161,85,-1,126,85,162,-1,162,85,161,-1,162,163,126,-1,126,163,164,-1,126,164,124,-1,124,164,165,-1,124,165,122,-1,166,42,167,-1,167,42,44,-1,167,44,168,-1,168,44,120,-1,168,120,169,-1,169,120,122,-1,169,122,165,-1,42,166,170,-1,42,170,40,-1,40,170,171,-1,40,171,9,-1,9,171,172,-1,9,172,47,-1,47,172,173,-1,47,173,15,-1,15,173,174,-1,15,174,5,-1,5,174,175,-1,5,175,129,-1,129,175,176,-1,129,176,130,-1,130,176,177,-1,130,177,132,-1,178,93,91,-1,132,177,179,-1,132,179,134,-1,134,179,180,-1,134,180,135,-1,180,181,135,-1,135,181,182,-1,135,182,91,-1,91,182,183,-1,91,183,178,-1,93,178,184,-1,93,184,95,-1,95,184,185,-1,95,185,97,-1,97,185,186,-1,97,186,99,-1,99,186,187,-1,99,187,100,-1,100,187,188,-1,100,188,13,-1,13,188,189,-1,13,189,14,-1,14,189,190,-1,14,190,0,-1,190,191,0,-1,0,191,192,-1,0,192,1,-1,1,192,193,-1,1,193,25,-1,25,193,194,-1,25,194,53,-1,194,195,53,-1,53,195,196,-1,53,196,54,-1,54,196,197,-1,54,197,56,-1,198,20,8,-1,56,197,199,-1,56,199,58,-1,58,199,200,-1,58,200,21,-1,200,201,21,-1,21,201,202,-1,21,202,22,-1,22,202,203,-1,22,203,6,-1,6,203,204,-1,6,204,7,-1,7,204,205,-1,7,205,8,-1,8,205,206,-1,8,206,198,-1,18,20,207,-1,207,20,198,-1,16,18,208,-1,208,18,207,-1,17,16,209,-1,209,16,208,-1,19,17,210,-1,210,17,209,-1,19,210,211,-1,19,211,117,-1,117,211,212,-1,117,212,115,-1,115,212,213,-1,115,213,113,-1,113,213,214,-1,113,214,111,-1,111,214,215,-1,111,215,109,-1,109,215,216,-1,109,216,107,-1,107,216,217,-1,107,217,105,-1,105,217,218,-1,105,218,103,-1,103,218,219,-1,103,219,2,-1,2,219,220,-1,2,220,12,-1,12,220,221,-1,12,221,98,-1,98,221,222,-1,98,222,96,-1,96,222,223,-1,96,223,94,-1,94,223,224,-1,94,224,92,-1,90,92,225,-1,225,92,224,-1,225,226,90,-1,90,226,227,-1,90,227,133,-1,133,227,228,-1,133,228,131,-1,228,229,131,-1,131,229,230,-1,131,230,3,-1,3,230,231,-1,3,231,4,-1,4,231,232,-1,4,232,45,-1,45,232,233,-1,45,233,46,-1,46,233,234,-1,46,234,48,-1,48,234,235,-1,48,235,49,-1,49,235,236,-1,49,236,10,-1,10,236,237,-1,10,237,11,-1,11,237,238,-1,11,238,41,-1,41,238,239,-1,41,239,43,-1,43,239,240,-1,43,240,121,-1,121,240,241,-1,121,241,123,-1,242,32,243,-1,243,32,89,-1,243,89,244,-1,244,89,88,-1,244,88,245,-1,245,88,86,-1,245,86,246,-1,246,86,128,-1,246,128,247,-1,247,128,127,-1,247,127,248,-1,248,127,125,-1,248,125,249,-1,249,125,123,-1,249,123,241,-1,33,32,250,-1,250,32,242,-1,33,250,251,-1,33,251,35,-1,35,251,252,-1,35,252,37,-1,37,252,253,-1,37,253,72,-1,72,253,254,-1,72,254,73,-1,73,254,255,-1,73,255,75,-1,255,256,75,-1,75,256,257,-1,75,257,77,-1,77,257,258,-1,77,258,79,-1,79,258,259,-1,79,259,81,-1,81,259,260,-1,81,260,83,-1,83,260,261,-1,83,261,84,-1,84,261,262,-1,84,262,62,-1,62,262,263,-1,62,263,64,-1,64,263,264,-1,64,264,66,-1,66,264,265,-1,66,265,68,-1,70,68,266,-1,266,68,265,-1,70,266,267,-1,70,267,139,-1,139,267,268,-1,139,268,136,-1,136,268,269,-1,136,269,150,-1,150,269,270,-1,150,270,144,-1,144,270,271,-1,144,271,145,-1,145,271,272,-1,145,272,147,-1,147,272,273,-1,147,273,148,-1,148,273,274,-1,148,274,149,-1,149,274,275,-1,149,275,146,-1,146,275,276,-1,146,276,141,-1,141,276,277,-1,141,277,142,-1,142,277,278,-1,142,278,143,-1,143,278,279,-1,143,279,137,-1,137,279,280,-1,137,280,138,-1,138,280,281,-1,138,281,140,-1,140,281,282,-1,140,282,71,-1,71,282,283,-1,71,283,69,-1,67,69,284,-1,284,69,283,-1,67,284,285,-1,67,285,65,-1,65,285,286,-1,65,286,63,-1,63,286,287,-1,63,287,61,-1,61,287,288,-1,61,288,82,-1,82,288,289,-1,82,289,80,-1,80,289,151,-1,80,151,78,-1,112,290,291,-1,112,291,114,-1,114,291,292,-1,114,292,116,-1,116,292,293,-1,116,293,118,-1,118,293,294,-1,118,294,119,-1,119,294,295,-1,119,295,27,-1,27,295,296,-1,27,296,28,-1,28,296,297,-1,28,297,29,-1,29,297,298,-1,29,298,30,-1,30,298,299,-1,30,299,31,-1,31,299,300,-1,31,300,60,-1,60,300,301,-1,60,301,59,-1,59,301,302,-1,59,302,57,-1,57,302,303,-1,57,303,55,-1,55,303,304,-1,55,304,26,-1,26,304,305,-1,26,305,24,-1,24,305,306,-1,24,306,23,-1,23,306,307,-1,23,307,52,-1,52,307,308,-1,52,308,51,-1,51,308,309,-1,51,309,50,-1,50,309,310,-1,50,310,101,-1,101,310,311,-1,101,311,102,-1,102,311,312,-1,102,312,104,-1,104,312,313,-1,104,313,106,-1,106,313,314,-1,106,314,108,-1,108,314,315,-1,108,315,110,-1,110,315,290,-1,110,290,112,-1,
        ]
    }
}
Shape{
    appearance Appearance {
        material  Material {
            diffuseColor 1.0 1.0 1.0
            specularColor 0.5019607843137255 0.5019607843137255 0.5019607843137255
            ambientIntensity 1.0
            transparency 0.0
            shininess 0.5
        }
    }
    geometry IndexedFaceSet {
        ccw TRUE
        solid FALSE
        coord DEF co Coordinate {
            point [
                0.9841 -0.2597 0.0871, 0.9841 -0.2611 0.1305, 0.9841 -0.265 0.0865, 0.9841 -0.265 0.1309, 0.9841 -0.2703 0.1302, 0.9841 -0.2753 0.1283, 0.9841 -0.2798 0.1252, 0.9841 -0.2828 0.1219, 0.9841 -0.2504 0.092, 0.9841 -0.2472 0.1219, 0.9841 -0.251 0.1259, 0.9841 -0.2858 0.1009, 0.9841 -0.2834 0.0962, 0.9841 -0.2797 0.0921, 0.9841 -0.2547 0.089, 0.9841 -0.2557 0.1288, 0.9841 -0.2752 0.0889, 0.9841 -0.2699 0.087, 0.9841 -0.2856 0.1171, 0.9841 -0.287 0.1117, 0.9841 -0.2871 0.1061, 0.9841 -0.2442 0.1011, 0.9841 -0.2429 0.1066, 0.9841 -0.2467 0.0961, 0.9841 -0.2431 0.1121, 0.9841 -0.2446 0.1173
            ]
        }
        coordIndex [
            0,1,2,-1,2,1,3,-1,2,3,4,-1,4,5,2,-1,2,5,6,-1,2,6,7,-1,8,9,10,-1,11,12,7,-1,7,12,13,-1,0,14,1,-1,1,14,8,-1,1,8,15,-1,15,8,10,-1,13,16,7,-1,7,16,17,-1,7,17,2,-1,18,19,7,-1,7,19,20,-1,7,20,11,-1,21,22,23,-1,23,22,24,-1,23,24,8,-1,8,24,25,-1,8,25,9,-1,
        ]
    }
}
Shape{
    appearance Appearance {
        material  Material {
            diffuseColor 0.8509803921568627 0.8509803921568627 0.8509803921568627
            specularColor 0.4235294117647059 0.4235294117647059 0.4235294117647059
            ambientIntensity 0.851
            transparency 0.0
            shininess 0.5
        }
    }
    geometry IndexedFaceSet {
        ccw TRUE
        solid FALSE
        coord DEF co Coordinate {
            point [
                -0.8663 0.0984 0.0, -0.8663 0.0984 -0.7874, -0.8663 -0.0984 0.0, -0.8663 -0.0984 -0.7874, -0.6695 0.0984 -0.7874, -0.6695 0.0984 0.0, -0.6695 -0.0984 -0.7874, -0.6695 -0.0984 0.0, -0.3545 0.0984 0.0, -0.3545 0.0984 -1.1811, -0.3545 -0.0984 0.0, -0.3545 -0.0984 -1.1811, -0.1577 0.0984 -1.1811, -0.1577 0.0984 0.0, -0.1577 -0.0984 -1.1811, -0.1577 -0.0984 0.0, 0.1573 0.0984 0.0, 0.1573 0.0984 -1.9685, 0.1573 -0.0984 0.0, 0.1573 -0.0984 -1.9685, 0.3541 0.0984 -1.9685, 0.3541 0.0984 0.0, 0.3541 -0.0984 -1.9685, 0.3541 -0.0984 0.0, 0.6691 0.0984 0.0, 0.6691 0.0984 -1.378, 0.6691 -0.0984 0.0, 0.6691 -0.0984 -1.378, 0.8659 0.0984 -1.378, 0.8659 0.0984 0.0, 0.8659 -0.0984 -1.378, 0.8659 -0.0984 0.0
            ]
        }
        coordIndex [
            0,1,2,-1,2,1,3,-1,4,5,6,-1,6,5,7,-1,1,4,3,-1,3,4,6,-1,5,4,0,-1,0,4,1,-1,6,7,3,-1,3,7,2,-1,8,9,10,-1,10,9,11,-1,12,13,14,-1,14,13,15,-1,9,12,11,-1,11,12,14,-1,13,12,8,-1,8,12,9,-1,14,15,11,-1,11,15,10,-1,16,17,18,-1,18,17,19,-1,20,21,22,-1,22,21,23,-1,17,20,19,-1,19,20,22,-1,21,20,16,-1,16,20,17,-1,22,23,19,-1,19,23,18,-1,24,25,26,-1,26,25,27,-1,28,29,30,-1,30,29,31,-1,25,28,27,-1,27,28,30,-1,29,28,24,-1,24,28,25,-1,30,31,27,-1,27,31,26,-1,
        ]
    }
}